OBJECTID,CASENUMBER,MODULENAME,CASEID,WORKCLASS,APPLICATIONDATE,PROJECTID,PROJECTNAME,GISHISTORYQUEUEID,SPATIALTYPE,SPATIALID,CASETYPE,CASEWORKCLASS,STATUS,DESCRIPTION,ISSUEDATE,EXPIREDATE,MAIN_ADDRESS_LINE1,MAIN_ADDRESS_LINE2,OWNER,BUSINESSPHONE,LASTCHANGEDON,SHAPE.AREA,SHAPE.LEN
408294,2003590001,,,,,,HORIZON TOWN CENTER,,,,,,,DAVID FRANK,,,1411 S BOULDER HWY,,,,,1402538.18142526,5388.93993057933
408329,2003590005,,,,,,WILLOW CREEK OFFICE PARK,,,,,,,YAMAGATA ENTERPRISES INC,,,2900 W HORIZON RIDGE PKWY,,,,,142203.58557480903,1602.6707727955602
408330,2003590006,,,,,,WILLOW CREEK ASSISTED LIVING,,,,,,,HERMAN DONALD S & LAURIE H,,,2910 W HORIZON RIDGE PKWY,,,,,227393.099794964,2166.69981663355
408333,2003590007,,,,,,MONTELAGO RETAIL VILLAGE,,,,,,,INTRAWEST LAKE LAS VEGAS DEV,,,60 COSTA DI LAGO,,,,,1015751.49322682,4453.0170694157005
408351,2001590001,,,,,,FIESTA HENDERSON - RESERVE HOTEL,,,,,,,B&D SIGNS INC,,,777 W LAKE MEAD PKWY,,,,,1897701.43977434,5999.738023527801
408356,AR-97-90,,,,,,UNOCAL/REBEL,,,,,,,UNOCAL/REBEL,,,6451 MOUNTAIN VISTA ST,,,,,13370.851229940301,451.612504890792
408357,AR-98-91,,,,,,PACIFIC ISLANDS,,,,,,,SIGN SYSTEMS INC,,,2151 N GREEN VALLEY PKWY,,,,,891645.6846129821,4094.20282270486
408358,AR-98-93,,,,,,HIGHLAND HILLS BAPTIST CHURCH,,,,,,, ,,,615 COLLEGE DR,,,,,114270.41672598901,2166.6996206886297
408359,AR-98-94,,,,,,MR POOL & MRS PATIO,,,,,,,ANC/LEO MAINWAL,,,1960 W SUNSET RD,,,,,56671.5578885986,1018.41944532438
408360,CMSP2016500618,PlanManagement,C68FAD00-0A2E-471D-AD02-C7CDB8B3D4A9,21ce0a55-74f4-4564-bc2f-28fc972e7bce,1482796800000.0, ,GREEN VALLEY RANCH,A5E2280D-62F6-4042-99AB-9D0C26FD85BE,Parcel,17820310001,CD - Current Planning and Entitlements,Master Sign Plan,Pending,HENDERSON PAVILION AT GREEN VALLEY RANCH,,,200 S GREEN VALLEY PKWY,"HENDERSON, NV 89012", , ,1488412800000.0,1112037.05831431,4543.235086154111
408361,CMSP2016500626,PlanManagement,7433EEF0-410D-4CA6-B748-2F20CB6655E9,21ce0a55-74f4-4564-bc2f-28fc972e7bce,1482969600000.0, ,CHAMPION VILLAGE,92E84449-4322-47D8-B8C1-FAA4FEF294E1,Parcel,17821501016,CD - Current Planning and Entitlements,Master Sign Plan,Approved,Stephanie Apartments,,,1480 PASEO VERDE PKWY,"HENDERSON, NV 89012",Kaempfer Crowell, ,1490227200000.0,305093.876571805,2820.8605551959104
408362,CMSP2017500039,PlanManagement,8F75A0D9-A153-428E-A9C8-7E98556C69D0,21ce0a55-74f4-4564-bc2f-28fc972e7bce,1485216000000.0, ,MIDWAY,91DE03D1-DB1E-4DF9-BBC3-3645DE96F2FE,Parcel,17801410015,CD - Current Planning and Entitlements,Master Sign Plan,Approved,Brads Toys,,,1433 N BOULDER HWY,"HENDERSON, NV 89011",Brads Toys,7025639819,1496102400000.0,9593.85971976129,405.087590770267
408363,CMSP2017500101,PlanManagement,00D1D0CE-C80C-4BF1-B884-5EB7FAEA750A,21ce0a55-74f4-4564-bc2f-28fc972e7bce,1488153600000.0, ,WEST HENDERSON,716153F7-4A33-41B2-9209-FD44EFA7C934,Parcel,19110701017,CD - Current Planning and Entitlements,Master Sign Plan,Pending,Speedee Mart 124,,,3470 VOLUNTEER BLVD,"HENDERSON, NV 89044",Turnbow Sign & Art,4159864211,1495497600000.0,98342.4866409269,1311.77257078428
408369,AR-76-92,,,,,,GREEN VALLEY PLAZA,,,,,,,SIGN SYSTEMS,,,2700 N GREEN VALLEY PKWY,,,,,429621.460644475,2661.1108185693897
408370,AR-77-90,,,,,,JOKERS WILD,,,,,,,DON BELL AND COMPANY,,,920 N BOULDER HWY,,,,,228048.54951589,2106.86911973196
408371,AR-79-92,,,,,,TOMS SUNSET CASINO,,,,,,,DON BELL & CO,,,444 W SUNSET RD,,,,,99526.6324498336,1440.1381971535202
408372,AR-8-92,,,,,,PECOS WINDMILL PLAZA,,,,,,,WARREN KELLOGG,,,2601 WINDMILL PKWY,,,,,522030.54458368407,2940.00727858511
408373,AR-80-92,,,,,,ST ROSE MEDICAL PLAZA,,,,,,,YOUNG ELECTRIC SIGN COMPANY,,,98 E LAKE MEAD DR,,,,,30488.46693909,746.659881236681
408376,SP-10-99,,,,,,WIGWAM PROF CNTR AMEND GREEN VALLEY SOUTH (AR-125-,,,,,,,ROLAND SANSONE,,,2649 & 2625 WIGWAM PKWY,,,,,79730.2568507247,1133.16035497102
408389,AR-1-92,,,,,,SUNSET PLAZA,,,,,,,TRF/NAVILLUS,,,1030 W SUNSET RD,,,,,971100.966638171,5146.89141060601
408390,AR-1-94,,,,,,SUNSET VISTA PROFESSIONAL PARK,,,,,,,YOUNG ELECTRIC SIGN COMPANY,,,4 SUNSET WAY,,,,,241808.103447409,1935.98708427274
408391,AR-10-94,,,,,,ELDORADO CASINO,,,,,,,LARSEN,,,140 WATER ST,,,,,137480.635580341,1601.31897426602
408392,AR-102-93,,,,,,GREEN VALLEY CHEVRON FOOD MART,,,,,,,SERVICE STATION PTNR- ROSS WILLIAMS,,,4190 E SUNSET RD,,,,,42737.952053234,822.9385936532381
408393,AR-105-94,,,,,,SUNSET LANES - RENATAS,,,,,,,GUS TZANETOPOULOS/SIGN SYSTEMS,,,4565 E SUNSET RD,,,,,661073.9375557491,3563.8176883876604
408394,AR-108-92,,,,,,QUAIL BONITA II,,,,,,,CRS ENG,,,601 WHITNEY RANCH DR,,,,,170640.600408853,1891.7465985181502
408395,AR-11-94,,,,,,VICTORY VILLAGE SHOPPING CENTER,,,,,,, ,,,300 E LAKE MEAD PKWY,,,,,1135168.35007942,4622.99417191418
408396,AR-110-94,,,,,,GREEN VALLEY TOWN CENTER,,,,,,,ANC,,,4400 E SUNSET RD,,,,,1355284.82098696,8559.17729340152
408397,AR-113-92,,,,,,ST ROSE DOMINICAN HOSPITAL,,,,,,,YOUNG ELECTRIC SIGN COMPANY,,,102 E LAKE MEAD PKWY,,,,,443654.325712142,3781.73862156501
408398,AR-119-93,,,,,,PTS CASINO,,,,,,,SILVER SPUR,,,46 WATER ST,,,,,5971.44636786116,324.740009737882
408399,AR-120-94,,,,,,MUGSHOTS EATERY AMEND,,,,,,,LARSEN SIGN,,,1120 N BOULDER HWY,,,,,18802.762190386504,566.426628542924
408400,AR-121-94,,,,,,SUNSET VISTA PROFESSIONAL PARK,,,,,,,YOUNG ELECTRIC SIGN COMPANY,,,4 SUNSET WAY,,,,,241808.103447409,1935.98708427274
408405,AR-74-94,,,,,,WESTWOOD VILLAGE,,,,,,,PARDEE,,,1901 N GREEN VALLEY PKWY,,,,,136319.61919792803,1615.63219464212
408411,AR-125-94,,,,,,GREEN VALLEY SOUTH AM/PM CONVENIENCE STORE,,,,,,,GREEN VALLEY INV. ESI,,,"2601 WIGWAM PKWY, 187 N PECOS",,,,,169990.95878017702,1724.54702850421
408412,AR-130-92,,,,,,PARKWAY SPRINGS PLAZA - MCDONALDS,,,,,,,"SIGN SYSTEMS, INC",,,2217 N GREEN VALLEY PKWY,,,,,31939.040576213,744.270408586299
408413,AR-131-94,,,,,,PECOS WINDMILL NORTHWEST COMMERCIAL,,,,,,,WARREN KELLOG,,,201 N PECOS RD,,,,,478464.087857657,3798.4259013210103
408414,AR-96-93,,,,,,GREEN VALLEY TOWN CENTER,,,,,,,ANC,,,4400 E SUNSET RD,,,,,1355284.82098696,8559.17729340152
408415,AR-31-92,,,,,,ST ROSE DOMINICAN HOSPITAL,,,,,,,YOUNG ELECTRIC SIGN COMPANY,,,102 E LAKE MEAD PKWY,,,,,443654.325712142,3781.73862156501
408416,AR-147-94,,,,,,ROADHOUSE CASINO,,,,,,,MCMACKIN,,,2100 N BOULDER HWY,,,,,317778.420808516,3546.9111663657304
408417,AR-173-94,,,,,,PECOS LEGACY CENTER,,,,,,,LARSON SIGN/KENNY SULLIVAN,,,2520 WIGWAM PKWY,,,,,715794.125105875,3472.50396857877
408418,AR-22-92,,,,,,ALL STAR BONDS,,,,,,,JIM JENSEN,,,223 WATER ST,,,,,5888.3187116116005,322.164168330393
408419,AR-35-91,,,,,,GREENWAY ASSOCIATES,,,,,,,"GREENWAY ASSOCIATES, PALO VERDE CENTER PARTNERSHIP",,,900 & 902 S BOULDER HWY,,,,,22525.9986920757,600.455119111244
408420,AR-35-93,,,,,,SUNSET LANES - RENATAS,,,,,,,GUS TZANETOPOULOS/SIGN SYSTEMS,,,4565 E SUNSET RD,,,,,661073.9375557491,3563.8176883876604
408421,AR-38-93,,,,,,PECOS WIGWAM COMMERCIAL,,,,,,,JACKSON ELECTRIC/RS DEV.,,,2531 WIGWAM PKWY,,,,,218232.55423348802,1882.4278795755201
408422,AR-40-92,,,,,,SUNSET PLAZA,,,,,,,TRF/NAVILLUS,,,1030 W SUNSET RD,,,,,971100.966638171,5146.89141060601
408423,AR-41-90,,,,,,ST ROSE DOMINICAN HOSPITAL,,,,,,,POBLOCKI & SONS,,,102 E LAKE MEAD PKWY,,,,,443654.325712142,3781.73862156501
408445,SP-11-99,,,,,,HORIZON/EASTERN CHEVRON,,,,,,,CHET COX,,,10611 S EASTERN AVE,,,,,57399.13753003711,1225.63298831562
408446,SP-12-95,,,,,,POT O GOLD CASINO,,,,,,, ,,,120 MARKET ST,,,,,29209.9728683941,714.5644422074939
408447,SP-12-96,,,,,,GREEN VALLEY TOWN CENTER PHASE II - ANC,,,,,,,MITCHELL MIZE,,,4500 E SUNSET RD,,,,,76520.9567731763,1105.88703459971
408449,SP-12-97,,,,,,ASAP PAWN,,,,,,,ASAP AUTO PAWN,,,1241 N BOULDER HWY,,,,,6867.15158551659,394.314759660885
408450,SP-12-98,,,,,,SPLASH N GO,,,,,,,YOUNG ELECTRIC SIGN COMPANY,,,1100 E LAKE MEAD PKWY,,,,,48886.3326367451,908.979200372918
408458,AR-45-92,,,,,,ARROYO GRANDE SPRINGS SHOPPING CENTER,,,,,,,DUNRITE CONSTRUCTION,,,1650 W WARM SPRINGS RD,,,,,109883.91987922801,1384.00831158989
408459,AR-46-92,,,,,,WHITNEY RANCH CENTER,,,,,,,SCHOELL & PAUL INC,,,601-695 STEPHANIE ST,,,,,1044692.86288758,6079.81814571226
408460,AR-46-94,,,,,,CIVIC CENTER MONUMENT,,,,,,,HARRY CAMPBELL,,,240 WATER ST,,,,,714274.9687882629,3356.07614539156
408461,AR-47-91,,,,,,WHITNEY RANCH CENTER,,,,,,,SCHOELL & PAUL INC,,,601-695 STEPHANIE ST,,,,,1044692.86288758,6079.81814571226
408462,AR-51-91,,,,,,RAINBOW CLUB,,,,,,,RAINBOW CLUB CASINO,,,122 WATER ST,,,,,23825.7315041778,624.07688885717
408463,AR-53-93,,,,,,QUAIL BONITA II,,,,,,,CRS ENG,,,601 WHITNEY RANCH DR,,,,,170640.600408853,1891.7465985181502
408464,AR-54-92,,,,,,QUAIL BONITA,,,,,,,RIBEIRO CORP,,,600 WHITNEY RANCH DR,,,,,224219.136422365,2405.43197852567
408465,AR-56-91,,,,,,SKYLINE CASINO,,,,,,,YOUNG ELECTRIC SIGN COMPANY,,,1741 N BOULDER HWY,,,,,35360.679096208696,861.8180765351851
408466,AR-57-91,,,,,,LAKE MEAD LOUNGE AND CASINO,,,,,,,METRO NEON AND LIGHTING,,,846 E LAKE MEAD PKWY,,,,,137875.39149191702,1556.85688323946
417787,AR-134-92,,,,,,PECOS WINDMILL PLAZA,,,,,,,WARREN KELLOGG,,,2601 WINDMILL PKWY,,,,,522030.54458368407,2940.00727858511
417788,AR-136-92,,,,,,HENDERSON PLAZA,,,,,,,YOUNG ELECTRIC SIGN COMPANY,,,522-642 S BOULDER HWY,,,,,545268.086968043,3416.50970246597
417789,AR-14-91,,,,,,WHITNEY RANCH CENTER,,,,,,,SCHOELL & PAUL INC,,,601-695 STEPHANIE ST,,,,,1044692.86288758,6079.81814571226
417790,AR-29-93,,,,,,TRIPLE J BINGO,,,,,,,TRIPLE J BINGO PALACE,,,725 S RACETRACK RD,,,,,347351.653216404,2555.81694659336
417791,AR-3-94,,,,,,SUNSET PLAZA,,,,,,,TRF/NAVILLUS,,,1030 W SUNSET RD,,,,,971100.966638171,5146.89141060601
417792,AR-30-93,,,,,,CENTURY 12,,,,,,,SYUFY ENTERPRISES,,,851 S BOULDER HWY,,,,,232234.90570401298,2180.77218620084
417793,SP-18-98,,,,,,TURTLE STOP #18,,,,,,,TURTLE STOP,,,1500 HORIZON RIDGE PKWY,,,,,40296.980413419704,814.784873684166
417794,SP-17-97,,,,,,EASTGATE,,,,,,,PH PROPERTIES DEV.,,,1000 W WARM SPRINGS RD,,,,,540688.2068548009,2981.8686796370603
417795,SP-17-98,,,,,,LAKE MEAD REBEL/WENDYS,,,,,,,WENDYS OF LAS VEGAS,,,603 W LAKE MEAD DR,,,,,42418.4797245046,839.3480710226621
417796,SP-23-95,,,,,,SEVEN HILLS,,,,,,,SILVER CANYON PARTNERSHIP,,,1021 SEVEN HILLS DR,,,,,39756.0600562192,943.746170877504
417797,SP-23-96,,,,,,GALLERIA COMMONS,,,,,,,OPUS SOUTHWEST,,,500 N STEPHANIE ST,,,,,988296.0888055341,5700.51135838766
417798,SP-23-97,,,,,,EASTGATE TRACT 5,,,,,,,GC GARCIA,,,1200 W WARM SPRINGS,,,,,561980.349575234,5855.87757164937
417799,SP-23-98,,,,,,HORIZON POINT,,,,,,,WORLD PREMIER,,,HORIZON RIDGE PKWY/EASTERN AVE,,,,,757845.81442023,3754.65618306871
417802,SP-11-98,,,,,,SOUTH VALLEY RANCH APARTMENTS AMENDMENT,,,,,,,AMLAND DEVELOPMENT,,,701 ASPEN PEAK LOOP,,,,,756734.8380775669,3491.20890545912
417803,SP-23-98-A1,,,,,,HORIZON POINT,,,,,,,WORLD PREMIER,,,HORIZON RIDGE PKWY/EASTERN AVE,,,,,757845.81442023,3754.65618306871
417804,SP-23-99,,,,,,AMERICAN LEGION #40,,,,,,,AMERICAN LEGION,,,425 VAN WAGENEN ST,,,,,45612.678910916395,900.3770216671911
417805,SP-24-00,,,,,,HENDERSON COMMERCE CENTER,,,,,,,HARSCH INVESTMENT,,,"470, 480 MIRROR CT 900,950 W W",,,,,1057104.00886072,4666.01319592585
417806,SP-24-94,,,,,,SUNSET STRIP SHOPPING CENTER,,,,,,,BOB MCMACKIN,,,770 W SUNSET RD,,,,,79203.7889723588,1113.7042442226502
417807,AR-65-90,,,,,,PARKWAY SPRINGS PLAZA,,,,,,,FEDERAL SIGNS,,,2265 N GREEN VALLEY PKWY,,,,,624918.532913805,4054.5819670244
417808,AR-65-92,,,,,,AMERICAN WEST HOMES,,,,,,,WESTERN OUTDOOR,,,801 WHITNEY RANCH DR,,,,,3561.02629316928,280.83738333101
417809,AR-66-94,,,,,,SUNSET RIDGE PROFESSIONAL PLAZA,,,,,,,R. MACDONALD,,,2900-2920 N GREEN VALLEY PKWY,,,,,393352.96279849805,2694.08370925117
417810,AR-67-92,,,,,,GREEN VALLEY STATION,,,,,,,DUNRITE CONSTRUCTION,,,1601 W WARM SPRINGS RD,,,,,13546.9431148443,456.536043589117
417811,AR-67-92-A2,,,,,,GREEN VALLEY STATION,,,,,,,DUNRITE CONSTRUCTION,,,1601 W WARM SPRINGS RD,,,,,13546.9431148443,456.536043589117
417812,AR-67-94,,,,,,TOMS SUNSET CASINO,,,,,,,DON BELL & CO,,,444 W SUNSET RD,,,,,99526.6324498336,1440.1381971535202
417813,AR-70-91,,,,,,TOMS SUNSET CASINO,,,,,,,DON BELL & CO,,,444 W SUNSET RD,,,,,99526.6324498336,1440.1381971535202
417814,AR-70-94,,,,,,GREEN VALLEY PROFESSIONAL PLAZA,,,,,,,GNU GROUP,,,2501 N GREEN VALLEY PKWY,,,,,192927.761199341,1886.98628921833
417815,SP-21-97,,,,,,PEBBLE MARKETPLACE,,,,,,,ANC,,,500-1500 N GREEN VALLEY PKWY,,,,,809751.696645237,4483.60344602254
417816,SP-21-98,,,,,,PECOS LEGACY CENTER,,,,,,,LARSON SIGN/KENNY SULLIVAN,,,2520 WIGWAM PKWY,,,,,715794.125105875,3472.50396857877
417817,SP-21-99,,,,,,SEVEN HILLS SELF STORAGE,,,,,,,VISION SIGN CO,,,999 BEASLEY ST,,,,,178585.949308823,1806.84801220306
417818,SP-22-00,,,,,,AUGUSTA PARK,,,,,,,BRION D. GILBERT,,,1481-1489 WARM SPRINGS RD,,,,,302525.574085797,2275.8655089089098
417819,SP-16-00,,,,,,ARROYO GRANDE MEDICAL CENTER,,,,,,,LES DUNN,,,401 N ARROYO GRANDE BLVD,,,,,84763.7227783978,1159.95907742845
417820,SP-16-96,,,,,,YOUR SECURED STORAGE,,,,,,,YOUR SECURED STORAGE,,,1011 STUFFLEBEAM AVE,,,,,108902.946856521,1716.94288811003
417821,SP-16-97,,,,,,MIGHTY MART,,,,,,,MIGHTY MART,,,234 ARROYO GRANDE BLVD,,,,,71836.74851959241,1163.51725999435
417823,AR-58-92,,,,,,ARROYO GRANDE PROFESSIONAL CENTER,,,,,,,ARROYO GRANDE PARTNERSHIP - WALGREENS,,,401 ARROYO GRANDE BLVD,,,,,84763.7227783978,1159.95907742845
417828,SP-16-99,,,,,,GREEN VALLEY COLLISION CENTER,,,,,,,SPORT TRUCKS INC.,,,700 N GIBSON RD,,,,,119687.750609324,1911.5919295201702
417829,SP-17-00,,,,,,COMMUNITY CHURCH,,,,,,,COMMUNITY CHURCH,,,360 E HORIZON DR,,,,,218397.559140238,1982.90214327845
417830,SP-17-95,,,,,,CAMPING WORLD,,,,,,, ,,,1600 S BOULDER HWY,,,,,191179.55332436,1744.10589469937
417831,SP-17-96,,,,,,VALLEY SUNSET CENTER,,,,,,,LAS VEGAS SIGNS,,,704 W SUNSET RD,,,,,217077.55318232402,1897.90298764761
417832,SP-16-95,,,,,,STEPHANIE STREET POWER CENTER,,,,,,,LARSEN SIGN,,,501 N STEPHANIE ST,,,,,1375616.01571593,5135.82049919239
417833,SP-18-00,,,,,,BUDGET CAR AND TRUCK RENTAL,,,,,,,MALCO ENTERPRISES OF NEVADA,,,551 N GIBSON RD,,,,,105366.232258701,1317.21173049728
417834,SP-18-95,,,,,,LEGACY BUSINESS PARK,,,,,,,"GARY COOK, ESI",,,1701 N GREEN VALLEY PKWY,,,,,468582.27182482404,2922.9492791306902
417835,SP-18-96,,,,,,SEVEN HILLS AMENDMENT,,,,,,,SILVER CANYON,,,SEVEN HILLS DR,,,,,5985019.3122077,33979.6563761316
417836,SP-18-96,,,,,,SEVEN HILLS AMENDMENT,,,,,,,SILVER CANYON PARTNERSHIP,,,1021 SEVEN HILLS DR,,,,,5985019.3122077,33979.6563761316
417837,SP-18-97,,,,,,SUNSET VISTA PROFESSIONAL PARK,,,,,,,VISION SIGNS,,,4 SUNSET WAY,,,,,65654.1744288695,1018.0182006486101
417838,AR-80-94,,,,,,TRIPLE J BINGO,,,,,,,LARSEN,,,725 S RACETRACK RD,,,,,347351.653216404,2555.81694659336
417839,AR-81-92,,,,,,BOULDER MARKETPLACE,,,,,,,VESTAR,,,700 S BOULDER HWY,,,,,490328.174510504,2865.77669231858
417840,AR-84-94,,,,,,WINDMILL COMMERCIAL CENTER,,,,,,,SIGN SYSTEMS,,,2555-2591 WINDMILL PKWY,,,,,349207.385823809,2420.6645459711303
417841,AR-86-94,,,,,,ROADHOUSE CASINO,,,,,,,MCMACKIN,,,2100 N BOULDER HWY,,,,,317778.420808516,3546.9111663657304
417842,AR-86-97,,,,,,ROADHOUSE CASINO AMENDMENT,,,,,,,BOB LANG,,,2100 N BOULDER HWY,,,,,317778.420808516,3546.9111663657304
417843,AR-88-92,,,,,,CHILIS RESTAURANT,,,,,,,"PHILLIP ROBBINS, CCIM",,,2751 N GREEN VALLEY PKWY,,,,,59899.9208620003,996.815261541571
417844,AR-93-93,,,,,,PECOS LEGACY CENTER,,,,,,,LARSON SIGN/KENNY SULLIVAN,,,2520 WIGWAM PKWY,,,,,715794.125105875,3472.50396857877
417845,AR-96-91,,,,,,QUAIL BONITA I & II,,,,,,,SAL URIBE/J RIBEIRO,,,600 WHITNEY RANCH DR,,,,,224219.136422365,2405.43197852567
417847,AR-82-93,,,,,,RAINBOW CLUB,,,,,,,RAINBOW CLUB CASINO,,,122 WATER ST,,,,,23825.7315041778,624.07688885717
417848,AR-84-93,,,,,,BLOCKBUSTER VIDEO,,,,,,,CHANDLER SIGNS,,,4301 E SUNSET RD,,,,,15219.890542835099,495.35353356632
417849,SP-19-00,,,,,,BOULDER/BARRET COMMERCIAL,,,,,,,VISION SIGN,,,1537 & 1545 N BOULDER HWY,,,,,61428.5902483968,1144.73178786165
417850,SP-19-95,,,,,,BOULDER MARKETPLACE/ROADRUNNER CASINO,,,,,,,AD ART ELECTRIC SIGN,,,754 S BOULDER HWY,,,,,25668.605809404504,893.983758389766
417851,SP-19-96,,,,,,UNOCAL/CIRCLE K,,,,,,,UNOCAL 76,,,100 S BOULDER HWY,,,,,23717.409406364102,615.258911655696
417852,SP-13-00,,,,,,SUNSET VILLAGE,,,,,,,THOMAS & MACK CO.,,,1680 W SUNSET RD,,,,,341060.659096372,3079.57888792964
417853,SP-15-96,,,,,,MC DONALDS,,,,,,,YOUNG ELECTRIC SIGN COMPANY,,,701 E HORIZON DR,,,,,41758.3675010129,819.8210977495401
417854,SP-19-97,,,,,,GREEN VALLEY CORPORATE CENTER,,,,,,,ANC/YESCO,,,701 N GREEN VALLEY PKWY,,,,,1001294.93489449,5647.9758882305005
417855,SP-19-98,,,,,,TERRIBLE HERBST,,,,,,,VISION SIGNS,,,2601 WIGWAM PKWY,,,,,90260.7361067762,1191.68444157977
417856,SP-19-99,,,,,,HORIZON PROFESSIONAL PARK,,,,,,,RAY HOFFMAN,,,200 E HORIZON DR,,,,,13228.6122950558,457.165239269232
417857,SP-2-00,,,,,,TERRAZZA D ALESSIO,,,,,,,AMERICAN SIGN CO,,,11241-11261 S EASTERN AVE,,,,,92048.54256076731,1231.69638910904
417858,SP-26-94,,,,,,DESERT PARK AT GREEN VALLEY MONUMENT SIGN,,,,,,,SIGNS WEST,,,114 QUIET DESERT LN,,,,,2620.39787083788,292.852841003964
417859,SP-26-95,,,,,,OASIS CLUB,,,,,,,OASIS RESIDENTIAL,,,1851 N GREEN VALLEY PKWY,,,,,687911.480813673,4742.75856164767
417860,SP-26-96,,,,,,CHEYENNE AUTO CENTER,,,,,,,CHEYENNE AUTO CENTER,,,827 S BOULDER HWY,,,,,22204.4501323807,745.78210799803
417861,SP-26-97,,,,,,TIMBERLAKE,,,,,,,AG SPANOS CORPORATION,,,80 S GIBSON RD,,,,,794462.535854751,3575.45082901609
417862,SP-29-94,,,,,,SUNSET RIDGE PROFESSIONAL PLAZA,,,,,,, ,,,2900-2920 N GREEN VALLEY PKWY,,,,,393352.96279849805,2694.08370925117
417863,SP-29-95,,,,,,OASIS GREENS,,,,,,,OASIS RESIDENTIAL,,,2001 RAMROD AVE,,,,,782832.4649461319,4777.42145421832
417864,SP-29-96,,,,,,SUNSET STATION HOTEL AND CASINO,,,,,,,YOUNG ELECTRIC SIGN COMPANY,,,1301 W SUNSET RD,,,,,4090125.12440366,12427.717782773301
417865,SP-29-97,,,,,,NEVADA EYE & EAR,,,,,,,NEVADA EYE & EAR,,,2598 WINDMILL PKWY,,,,,58192.2804934702,957.388855267754
417866,SP-34-99,,,,,,CENTRAL CHRISTIAN CHURCH,,,,,,,CENTRAL CHRISTIAN CHURCH,,,1001 NEW BEGINNINGS DR,,,,,2355127.97015025,9205.19936892393
417867,SP-35-98,,,,,,VENTANA COMMERCIAL (PECOS COMMONS),,,,,,,PECOS COMMONS,,,50-74 N PECOS RD,,,,,276824.339112055,2182.86275363788
417868,SP-35-99,,,,,,JOKERS WILD CASINO,,,,,,,FRED ERIKSEN,,,920 N BOULDER HWY,,,,,324538.1691438,2630.87481908908
417869,SP-36-98,,,,,,MIDDLEGATE PLAZA,,,,,,,DAVID HONMAN,,,628 MIDDLEGATE RD,,,,,39641.9149846244,938.85786629389
417870,SP-36-99,,,,,,BURGER KING - HENDERSON PLAZA,,,,,,,KHIT AND GROUP,,,550 S BOULDER HWY,,,,,429584.422350345,4090.8917796291703
417871,SP-37-98,,,,,,PASEO VERDE PLAZA,,,,,,,AMERICAN NEVADA CORPORATION,,,55-75 S VALLE VERDE DR,,,,,469656.06374928297,3128.2838223654903
417873,SP-38-98,,,,,,SEVEN HILLS AMENDMENT,,,,,,,SILVER CANYON PARTNERSHIP,,,1021 SEVEN HILLS DR,,,,,5985019.3122077,33979.6563761316
417874,SP-38-98,,,,,,SEVEN HILLS AMENDMENT,,,,,,,SILVER CANYON,,,SEVEN HILLS DR,,,,,5985019.3122077,33979.6563761316
417875,SP-11-00,,,,,,MOUNTAIN VISTA BUSINESS PARK,,,,,,,MOUNTAIN VISTA BUISNESS PARK,,,6100 MOUNTAIN VISTA ST,,,,,92131.0419638775,1213.7693824531802
417876,SP-11-95,,,,,,"PEBBLE ""C"" PHASE 1",,,,,,, ,,,901 N GREEN VALLEY PKWY,,,,,154092.512696374,1631.1073646832
417878,SP-11-97,,,,,,STORAGE ONE,,,,,,,VISION SIGNS FOR SUNDANCE PARTNERS,,,733 RACETRACK RD,,,,,281603.559579956,2766.1024830853603
417880,SP-15-00,,,,,,EASTERN MARKETPLACE,,,,,,,EASTERN MARKETPLACE,,,10010-10120 S EASTERN AVE,,,,,579818.058496498,3250.41426942544
417881,SP-15-95,,,,,,GRAND VICTORIAN GAMBLING PARLOR,,,,,,, ,,,333 W SUNSET RD,,,,,107993.76461597501,1360.67688709054
417882,SP-15-97,,,,,,SOUTH VALLEY RANCH APARTMENTS AMENDMENT,,,,,,,AMLAND DEVELOPMENT,,,701 ASPEN PEAK LOOP,,,,,756734.8380775669,3491.20890545912
417883,SP-15-98,,,,,,ADOBE PLAZA/RITOFF,,,,,,,HARRIS RITOFF,,,1351 W WARM SPRINGS RD,,,,,535866.632308813,4726.48085042647
417884,SP-15-99,,,,,,U-HAUL RENTAL,,,,,,,U-HAUL,,,1098 STEPHANIE PL,,,,,103147.39072753,1464.1371952395602
417885,CPLN2017880076,PlanManagement,eaf9b033-6228-48af-b62d-4101b4ca3ba5,21ce0a55-74f4-4564-bc2f-28fc972e7bce,1489017600000.0, , ,a2623213-6098-4987-ba15-334ebfbc6e65,Parcel,16135402013,CD - Current Planning and Entitlements,Master Sign Plan,Approved,Pavililion @ Galleria,,,800 N GIBSON RD,"HENDERSON, NV 89011",YESCO LLC,7028768080,1496188800000.0,97663.3135773191,1425.7840012798902
417887,CPLN2017880276,PlanManagement,abf5ac40-f496-4aa3-9c41-715f8c545c7a,21ce0a55-74f4-4564-bc2f-28fc972e7bce,1491782400000.0, , ,ce5b3750-7dc5-458b-b862-84f8897ac7ba,Parcel,17806512001,CD - Current Planning and Entitlements,Master Sign Plan,Approved,Green Valley Prof. Plaza,,,2551 N GREEN VALLEY PKWY,"HENDERSON, NV 89014","Vision Sign, Inc.",7028957474249,1495670400000.0,11316.546667698201,453.295580439844
417890,CPLN2017880563,PlanManagement,ec9a7f46-94ef-458c-8612-47394338fa1a,21ce0a55-74f4-4564-bc2f-28fc972e7bce,1495411200000.0, , ,a1d81f53-f11a-4829-b75f-59f590bd12b4,Parcel,17814312002,CD - Current Planning and Entitlements,Master Sign Plan,Pending,Spur Apartment Homes,,,985 WIGWAM PKWY,"HENDERSON, NV 89014",LV East Gibson LLC, ,1496620800000.0,576379.3451326679,5241.69241423151
417891,SP-1-00,,,,,,ST. ROSE DOMINICAN SIENA CAMPUS,,,,,,,ST. ROSE DOMINICAN,,,3001 ST ROSE PKWY/10001 S EAST,,,,,1048986.56836075,4287.77023435681
417892,SP-1-98,,,,,,HELIG-MEYERS FURNITURE,,,,,,,THOMPSON,,,498 S BOULDER HWY,,,,,290080.999972118,2430.1663912501
417893,SP-1-99,,,,,,WHITNEY RANCH BUSINESS PARK,,,,,,,VISION SIGNS,,,1080 WHITNEY RANCH DR,,,,,59152.4689604054,1027.11137733787
417894,SP-10-00,,,,,,OFFSHORE MARINE,,,,,,,RICHARD GRUBER,,,1090 E LAKE MEAD PKWY,,,,,52915.55216334551,951.854662485231
417896,SP-10-95,,,,,,SUNRIDGE AT MACDONALD RANCH AMENDMENT,,,,,,,SUNRIDGE DEV CO,,,9410 S EASTERN AVE,,,,,1140560.99639348,8478.83442214991
417897,SP-10-96,,,,,,GOLD RUSH CASINO,,,,,,,YOUNG ELECTRIC SIGN COMPANY,,,1195 W SUNSET RD,,,,,55262.378943535005,970.360831737004
417898,SP-10-97,,,,,,GREEN HORIZON CHEVRON COMMERCIAL CENTER,,,,,,,FISCUS & ASSOCIATES,,,2200 W HORIZON RIDGE PKWY,,,,,81835.6103236327,1157.22987188275
417899,SP-10-98,,,,,,TEXACO EXPRESS LUBE,,,,,,,TV ENTERPRISES,,,906 S BOULDER HWY,,,,,15250.3233300806,507.216748817073
417912,SP-13-96,,,,,,SUNRIDGE AT MACDONALD RANCH,,,,,,,SUNRIDGE DEVELOPMENT CO.,,,9410 S EASTERN AVE,,,,,1140560.99639348,8478.83442214991
417913,SP-13-97,,,,,,EXPRESS LUBE PHASE 2,,,,,,,GREENWAY ASSOCIATES,,,90 N PALO VERDE DR,,,,,16428.384413354703,523.8122107010031
417914,SP-13-98,,,,,,GREEN VALLEY CHEVRON FOOD MART,,,,,,,SERVICE STATION PTNR- ROSS WILLIAMS,,,4190 E SUNSET RD,,,,,42737.952053234,822.9385936532381
417915,SP-14-00,,,,,,ADIAMO APARTMENTS,,,,,,,OVATION DEVELOPMENT,,,1350 W HORIZON RIDGE PKWY,,,,,702033.11920884,3717.95199021629
417916,SP-14-95,,,,,,GREEN VALLEY PROFESSIONAL PLAZA,,,,,,, ,,,2501 N GREEN VALLEY PKWY,,,,,192927.761199341,1886.98628921833
417917,SP-14-96,,,,,,STEPHANIE STREET POWER CENTER,,,,,,,LARSEN SIGN,,,501 N STEPHANIE ST,,,,,1375616.01571593,5135.82049919239
417918,SP-14-97,,,,,,MCDONALDS,,,,,,,MCDONALDS/YESCO,,,312 N BOULDER HWY,,,,,20553.73578054,605.181840457113
417919,SP-14-98,,,,,,VALLEY AUTO MALL,,,,,,,VALLEY AUTO MALL,,,300 AUTO MALL DR,,,,,4538212.61535224,24765.8826412485
417920,SP-25-98,,,,,,ASAP PAWN,,,,,,,ASAP AUTO PAWN,,,1241 N BOULDER HWY,,,,,6867.15158551659,394.314759660885
417921,SP-25-99 (WITHDRAWN),,,,,,CENTRAL CHRISTIAN CHURCH,,,,,,,CENTRAL CHRISTIAN CHURCH,,,1001 NEW BEGINNINGS DR,,,,,2028010.95756734,5556.64317860732
417930,SP-2-95,,,,,,GREEN VALLEY TOWN CENTER,,,,,,,ANC,,,4400 E SUNSET RD,,,,,1829791.21895643,8578.68739808044
417931,SP-2-97,,,,,,VILLA SERENA,,,,,,,SPANOS CORPORATION,,,325 GIBSON RD,,,,,705597.399291883,3671.5982707741
417932,SP-2-98,,,,,,GREEN VALLEY TOWN & COUNTRY CENTER,,,,,,,PAN PACIFIC,,,2801-2891 N GREEN VALLEY PKWY,,,,,499724.035585161,2972.25551189932
417933,SP-2-99,,,,,,SEVEN HILLS AMENDMENT,,,,,,,SILVER CANYON,,,SEVEN HILLS DR,,,,,5985019.3122077,33979.6563761316
417934,SP-2-99,,,,,,SEVEN HILLS AMENDMENT,,,,,,,SILVER CANYON PARTNERSHIP,,,1021 SEVEN HILLS DR,,,,,5985019.3122077,33979.6563761316
417935,SP-27-96,,,,,,SEVEN HILLS AMENDMENT,,,,,,,SILVER CANYON,,,SEVEN HILLS DR,,,,,5985019.3122077,33979.6563761316
417936,SP-20-00,,,,,,LONTANO APARTMENTS,,,,,,,ALL MONUMENT & ON-SITE SIGNAGE,,,950 SEVEN HILLS DR,,,,,723875.1922736791,3854.80711119234
417937,SP-20-95,,,,,,GOLD RUSH CASINO,,,,,,,YOUNG ELECTRIC SIGN COMPANY,,,1195 W SUNSET RD,,,,,55262.378943535005,970.360831737004
417938,SP-20-96,,,,,,GREEN HORIZON CHEVRON COMMERCIAL CENTER,,,,,,,FISCUS & ASSOCIATES,,,2200 W HORIZON RIDGE PKWY,,,,,81835.6103236327,1157.22987188275
417939,SP-20-97,,,,,,PASEO VERDE PLAZA,,,,,,,AMERICAN NEVADA CORPORATION,,,55-75 S VALLE VERDE DR,,,,,469656.06374928297,3128.2838223654903
417940,SP-20-98,,,,,,TERRIBLE HERBST,,,,,,,CHEVRON OIL,,,1101 W SUNSET RD,,,,,42832.77588539501,861.7764200912461
417941,SP-21-00,,,,,,HORIZON RIDGE PROFESSIONAL CENTER,,,,,,,HORIZON RIDGE CENTRE,,,2298 W HORIZON RIDGE PKWY,,,,,80800.0568707576,1127.5296053673999
417942,SP-21-95,,,,,,GALLERIA AT SUNSET,,,,,,,FOREST CITY,,,1300 W SUNSET RD,,,,,4875330.18475434,9969.77363358086
417943,SP-21-96,,,,,,TERRIBLE HERBST,,,,,,,JERRY HERBST,,,2601 WIGWAM PKWY,,,,,63316.938981006,1022.45711391857
417944,SP-26-98,,,,,,BARRE BUSINESS CENTER,,,,,,,DEVELOPMENT ASSOCIATES,,,405 MAX CT,,,,,65595.27599753121,1186.13524813008
417945,SP-26-99,,,,,,WHITNEY RANCH BUSINESS CENTER,,,,,,,VISION SIGNS,,,1010 N STEPHANIE ST,,,,,121506.861062431,1542.71457921152
417947,SP-27-94,,,,,,BRIGHT START CHILDRENS CENTER,,,,,,,JON AND SUE JACKA,,,1551 W WARM SPRINGS RD,,,,,36387.1734880075,810.644634996397
417948,SP-27-95,,,,,,OASIS CLIFFS,,,,,,,OASIS RESIDENTIAL,,,6530 ANNIE OAKLEY DR,,,,,805733.482770929,5663.20344779103
417949,SP-27-96,,,,,,SEVEN HILLS AMENDMENT,,,,,,,SILVER CANYON PARTNERSHIP,,,1021 SEVEN HILLS DR,,,,,5985019.3122077,33979.6563761316
417950,SP-27-97,,,,,,SHANALEE PLAZA,,,,,,,YOUNG ELECTRIC SIGN COMPANY,,,1551 W SUNSET RD,,,,,375427.672156727,2500.15457885564
417951,SP-27-99,,,,,,AAAABCO MINI STORAGE,,,,,,,VISION SIGNS,,,975 W GALLERIA DR,,,,,216945.478142647,1973.1316057138101
418014,2006590028-A3,,,,,,GREEN VALLEY STATION,,,,,,, ,,,1601 W WARM SPRINGS RD,,,,,104923.811210902,1303.96001084624
418226,CPLN2019003974,PlanManagement,f054e1da-5399-45fb-b9f9-556875f424d0,Master Sign Plan,1569940373000.0, ,,223764db-595f-4b7f-a611-ba621c2814d0,Parcel,19110511002,CD - Current Planning and Entitlements,Master Sign Plan,Pending,Bruner Commerce Park,,,1620 EXECUTIVE AIRPORT DR,"HENDERSON, NV 89052","Patricks Signs, Inc.",,1569888000000.0,195197.975727124,1849.23503553573
418230,CPLN2017881953,PlanManagement,ee805e52-8729-4ff0-bf21-1bbe3103cebe,21ce0a55-74f4-4564-bc2f-28fc972e7bce,1513773563000.0, ,,cb6124f3-d20c-4ad0-a427-d7d5fd0812db,Parcel,17735302048,CD - Current Planning and Entitlements,Master Sign Plan,Pending,,,,915 ALPER CENTER DR,"HENDERSON, NV 89052",YESCO LLC,7023487414,1513728000000.0,483707.059197801,2823.8458866792303
418232,CPLN2018000199,PlanManagement,b5fb8630-6e0d-4639-b29e-2464a108b34e,21ce0a55-74f4-4564-bc2f-28fc972e7bce,1517912080000.0, ,,328a8b57-542c-46bd-8a6d-b7b7b847d482,Parcel,17805514011,CD - Current Planning and Entitlements,Master Sign Plan,Pending,2061 W Sunset Road ,,,2061 W SUNSET RD,"HENDERSON, NV 89014",Unique Signs USA,7024290505,1517875200000.0,54374.476394236,934.995376893066
418233,CPLN2018000271,PlanManagement,90621149-ef59-4515-b388-43cff4a657c5,21ce0a55-74f4-4564-bc2f-28fc972e7bce,1519228588000.0, ,,de22227e-ba46-40dd-9c8f-011db43232d9,Parcel,17816715003,CD - Current Planning and Entitlements,Master Sign Plan,Pending,Castile/Revel Monument Sign,,,1525 WIGWAM PKWY,"HENDERSON, NV 89074",WIGWAM PARKWAY SR DEVELOPMENT L L C,,1519171200000.0,1085931.48856155,5305.53643290372
418234,CPLN2018000271,PlanManagement,90621149-ef59-4515-b388-43cff4a657c5,21ce0a55-74f4-4564-bc2f-28fc972e7bce,1519228588000.0, ,,de22227e-ba46-40dd-9c8f-011db43232d9,Parcel,17816715003,CD - Current Planning and Entitlements,Master Sign Plan,Pending,Castile/Revel Monument Sign,,,1525 WIGWAM PKWY,"HENDERSON, NV 89074",WIGWAM PARKWAY SR DEVELOPMENT L L C,,1519171200000.0,313877.456699323,2632.86799294214
418235,CPLN2018000271,PlanManagement,90621149-ef59-4515-b388-43cff4a657c5,21ce0a55-74f4-4564-bc2f-28fc972e7bce,1519228588000.0, ,,17a2086d-df7a-40e4-8b18-b3b4d7745670,Parcel,17816715002,CD - Current Planning and Entitlements,Master Sign Plan,Pending,Castile/Revel Monument Sign,,,1525 WIGWAM PKWY,"HENDERSON, NV 89074",WIGWAM PARKWAY SR DEVELOPMENT L L C,,1519171200000.0,1085931.48856155,5305.53643290372
418300,CPLN2019003323,PlanManagement,d558ac2c-7dd7-4541-97a4-3d8b1646ccd5,Master Sign Plan,1561375203000.0, ,WILDFIRE CASINO -Lake Mead,e1fb2efa-cadd-4cf5-a063-13e08946eea9,Parcel,17908102003,CD - Current Planning and Entitlements,Master Sign Plan,Pending,Wildfire Casino Electronic Message ,,,842 E LAKE MEAD PKWY,"HENDERSON, NV 89015","Vision Sign, Inc.",7028957474249,1561334400000.0,144778.708129467,1593.72078551872
418301,CPLN2019002855,PlanManagement,2d6e3632-7f40-4cb1-a2ea-56f3fd2a33c8,Master Sign Plan,1555940104000.0, ,,292c1365-46f8-4429-88dd-5aedbf826631,Parcel,17813210001,CD - Current Planning and Entitlements,Master Sign Plan,Pending,Colony Industrial (Henderson Freeway Crossing),,,8385 EASTGATE RD,"HENDERSON, NV 89015",COLFIN 2018-5 INDUSTRIAL OWNER L L C,,1555891200000.0,450508.381761188,3171.5673844042103
418302,CPLN2017881142,PlanManagement,910f4631-4ac6-461a-b60f-c3812ab7c3c2,21ce0a55-74f4-4564-bc2f-28fc972e7bce,1503318023000.0, ,,7ecb26e1-bd98-45e8-a6ce-8bcc07632531,Parcel,18902801002,CD - Current Planning and Entitlements,Master Sign Plan,Pending,Railroad Pass Travel Center,,,2800 S BOULDER HWY,"HENDERSON, NV 89002",YESCO LLC,7028768080,1503273600000.0,197458.538171474,1858.14906358617
418303,CPLN2017881142,PlanManagement,910f4631-4ac6-461a-b60f-c3812ab7c3c2,21ce0a55-74f4-4564-bc2f-28fc972e7bce,1503318023000.0, ,,7ecb26e1-bd98-45e8-a6ce-8bcc07632531,Parcel,18902801002,CD - Current Planning and Entitlements,Master Sign Plan,Pending,Railroad Pass Travel Center,,,2800 S BOULDER HWY,"HENDERSON, NV 89002",YESCO LLC,7028768080,1503273600000.0,267425.357404636,2455.4226971139105
418304,CPLN2018001191,PlanManagement,b0f34b35-b144-4c8c-883c-a803c3979eaf,21ce0a55-74f4-4564-bc2f-28fc972e7bce,1531833619000.0, ,,ae8f1810-a338-416a-9fa6-3976bbd71576,Parcel,17814610006,CD - Current Planning and Entitlements,Master Sign Plan,Pending,Henderson Interchange Center LLC,,,860 WIGWAM PKWY,"HENDERSON, NV","JOHN F. MARCHIANO, PROFESSIONAL LAW CORPORATION",7025650473,1531785600000.0,377746.148132901,2911.3014440514703
418289,SP-31-99,,,,,,ARROYO GRANDE APARTMENTS,,,,,,,OLEN DEVELOPMENT,,,225 S STEPHANIE ST,,,,,563258.1427455121,3212.16141046452
418290,SP-32-95,,,,,,PECOS WINDMILL NORTHWEST COMMERCIAL,,,,,,,WARREN KELLOG,,,201 N PECOS RD,,,,,478464.087857657,3798.4259013210103
418291,SP-32-97,,,,,,VALLEY AUTO MALL,,,,,,,VALLEY AUTO MALL,,,300 AUTO MALL DR,,,,,4538212.61535224,24765.8826412485
418292,SP-32-98,,,,,,BUDGET CAR SALES,,,,,,,J&L PROPERTIES,,,899 W SUNSET RD,,,,,105366.232258701,1317.21173049728
418295,CPLN2018000271,PlanManagement,90621149-ef59-4515-b388-43cff4a657c5,21ce0a55-74f4-4564-bc2f-28fc972e7bce,1519228588000.0, ,,17a2086d-df7a-40e4-8b18-b3b4d7745670,Parcel,17816715002,CD - Current Planning and Entitlements,Master Sign Plan,Pending,Castile/Revel Monument Sign,,,1525 WIGWAM PKWY,"HENDERSON, NV 89074",WIGWAM PARKWAY SR DEVELOPMENT L L C,,1519171200000.0,313877.456699323,2632.86799294214
418305,CPLN2017881953,PlanManagement,ee805e52-8729-4ff0-bf21-1bbe3103cebe,21ce0a55-74f4-4564-bc2f-28fc972e7bce,1513773563000.0, ,,557287ff-ba8d-421f-ad54-0308cfa7d0ee,Parcel,17735202022,CD - Current Planning and Entitlements,Master Sign Plan,Pending,,,,915 ALPER CENTER DR,"HENDERSON, NV 89052",YESCO LLC,7023487414,1513728000000.0,483707.059197801,2823.8458866792303
418306,CPLN2017881953,PlanManagement,ee805e52-8729-4ff0-bf21-1bbe3103cebe,21ce0a55-74f4-4564-bc2f-28fc972e7bce,1513773563000.0, ,,cb6124f3-d20c-4ad0-a427-d7d5fd0812db,Parcel,17735302048,CD - Current Planning and Entitlements,Master Sign Plan,Pending,,,,915 ALPER CENTER DR,"HENDERSON, NV 89052",YESCO LLC,7023487414,1513728000000.0,542192.115578106,3339.22874745029
418307,CPLN2018001191,PlanManagement,b0f34b35-b144-4c8c-883c-a803c3979eaf,21ce0a55-74f4-4564-bc2f-28fc972e7bce,1531833619000.0, ,,ae8f1810-a338-416a-9fa6-3976bbd71576,Parcel,17814610006,CD - Current Planning and Entitlements,Master Sign Plan,Pending,Henderson Interchange Center LLC,,,860 WIGWAM PKWY,"HENDERSON, NV","JOHN F. MARCHIANO, PROFESSIONAL LAW CORPORATION",7025650473,1531785600000.0,443120.326801892,2772.6383857904602
418308,CPLN2018001191,PlanManagement,b0f34b35-b144-4c8c-883c-a803c3979eaf,21ce0a55-74f4-4564-bc2f-28fc972e7bce,1531833619000.0, ,,a179ce28-f524-41cc-b3eb-1dd536fcd67f,Parcel,17814610007,CD - Current Planning and Entitlements,Master Sign Plan,Pending,Henderson Interchange Center LLC,,,860 WIGWAM PKWY,"HENDERSON, NV","JOHN F. MARCHIANO, PROFESSIONAL LAW CORPORATION",7025650473,1531785600000.0,377746.148132901,2911.3014440514703
418309,CPLN2018001191,PlanManagement,b0f34b35-b144-4c8c-883c-a803c3979eaf,21ce0a55-74f4-4564-bc2f-28fc972e7bce,1531833619000.0, ,,a179ce28-f524-41cc-b3eb-1dd536fcd67f,Parcel,17814610007,CD - Current Planning and Entitlements,Master Sign Plan,Pending,Henderson Interchange Center LLC,,,860 WIGWAM PKWY,"HENDERSON, NV","JOHN F. MARCHIANO, PROFESSIONAL LAW CORPORATION",7025650473,1531785600000.0,443120.326801892,2772.6383857904602
418310,CPLN2018001320,PlanManagement,330f4cbf-b718-4523-8804-bda39eb0411f,21ce0a55-74f4-4564-bc2f-28fc972e7bce,1534148900000.0, ,,75eb8266-087e-46d2-ba65-00dc383ef2ae,Parcel,17811710006,CD - Current Planning and Entitlements,Master Sign Plan,Pending,Findley Mazda ,,,7760 EASTGATE RD,"HENDERSON, NV 89011",Hartlauer Signs,7028804328,1534118400000.0,155391.521656426,1779.09741104003
418311,CPLN2018001323,PlanManagement,60f9991e-7d85-4982-80ad-583ab26071b6,21ce0a55-74f4-4564-bc2f-28fc972e7bce,1534160630000.0, ,,d01f0e5a-8a28-4a82-9f12-3a87f265f1a4,Parcel,17802202014,CD - Current Planning and Entitlements,Master Sign Plan,Pending,SUNSET STRIP SHOPPING CENTER (SP-24-94),,,712 W SUNSET RD,"HENDERSON, NV 89011",,7026906906,1534118400000.0,79203.7879388661,1113.70432090044
418315,CPLN2019002855,PlanManagement,2d6e3632-7f40-4cb1-a2ea-56f3fd2a33c8,Master Sign Plan,1555940104000.0, ,,6c3e4e90-f54f-48ff-a297-c9166fae92b2,Parcel,17813201015,CD - Current Planning and Entitlements,Master Sign Plan,Pending,Colony Industrial (Henderson Freeway Crossing),,,8385 EASTGATE RD,"HENDERSON, NV 89015",COLFIN 2018-5 INDUSTRIAL OWNER L L C,,1555891200000.0,450508.381761188,3171.5673844042103
418316,CPLN2019002855,PlanManagement,2d6e3632-7f40-4cb1-a2ea-56f3fd2a33c8,Master Sign Plan,1555940104000.0, ,,6c3e4e90-f54f-48ff-a297-c9166fae92b2,Parcel,17813201015,CD - Current Planning and Entitlements,Master Sign Plan,Pending,Colony Industrial (Henderson Freeway Crossing),,,8385 EASTGATE RD,"HENDERSON, NV 89015",COLFIN 2018-5 INDUSTRIAL OWNER L L C,,1555891200000.0,478816.15767260804,2879.6834596309905
418317,CPLN2019002855,PlanManagement,2d6e3632-7f40-4cb1-a2ea-56f3fd2a33c8,Master Sign Plan,1555940104000.0, ,,292c1365-46f8-4429-88dd-5aedbf826631,Parcel,17813210001,CD - Current Planning and Entitlements,Master Sign Plan,Pending,Colony Industrial (Henderson Freeway Crossing),,,8385 EASTGATE RD,"HENDERSON, NV 89015",COLFIN 2018-5 INDUSTRIAL OWNER L L C,,1555891200000.0,478816.15767260804,2879.6834596309905
418319,CPLN2019003990,PlanManagement,bec94ca2-d279-49ce-b1bf-0439374927a4,Master Sign Plan,1570103852000.0, ,,773cf7b4-50fa-4f8a-baaf-da651005e865,Parcel,17801511033,CD - Current Planning and Entitlements,Master Sign Plan,Pending,SunPac Industrrial Park,,,655 E SUNSET RD,"HENDERSON, NV 89011",Towne Storage Sunset LC,,1570060800000.0,180716.62326995799,1856.44899419509
418320,CPLN2019004342,PlanManagement,f4feeaac-a859-46e7-8c22-04b0b7015d83,Master Sign Plan,1574085207000.0, ,,fcc70aa3-e387-4998-aead-77ef85100ef9,Parcel,19103211002,CD - Current Planning and Entitlements,Master Sign Plan,Pending,Matter Park At West Henderson - MSP,,,1387 EXECUTIVE AIRPORT DR,"HENDERSON, NV 89052",Burke Construction Group,702-367-1040,1574035200000.0,769062.8334218339,3621.80718350137
418321,CPLN2020005199,PlanManagement,2a0a4b06-a285-4f4b-b2c0-2b2863e7bac2,Master Sign Plan,1585829456000.0, ,,5f7b7ddc-9c65-4445-9cc5-020898674a06,Parcel,19018117000,CD - Current Planning and Entitlements,Master Sign Plan,Pending,Terra Bella,,,2555 HAMPTON RD,"HENDERSON, NV",Fusion Sign & Design,7029490760,1585785600000.0,687925.962086606,3714.84002844215
418323,CPLN2018001934,PlanManagement,fb403d6e-96a9-441b-bb89-d162d387fedd,Master Sign Plan,1542626907000.0, ,,a508e983-d9cf-49eb-a3fa-27b1851d2981,Parcel,19103410009,CD - Current Planning and Entitlements,Master Sign Plan,Pending,Turano Bakery ,,,490 E BRUNER AVE,"HENDERSON, NV 89052",Allied Electrical Sign,7024570393,1542585600000.0,1408496.53338417,5303.640683310021
418325,CPLN2019003614,PlanManagement,71274805-1fab-4953-840a-ee6745ed8776,Master Sign Plan,1565624997000.0, ,,a4a30acd-d506-431f-8bb8-1f68322ea12e,Parcel,17828119002,CD - Current Planning and Entitlements,Master Sign Plan,Pending,MACDONALD CORP. CENTER,,,1700 W HORIZON RIDGE PKWY,"HENDERSON, NV 89012",,7028734463,1565568000000.0,98270.4677770465,1507.9943310554602
418326,CPLN2020004656,PlanManagement,e7606197-907b-4edd-9b6b-492fda6adfc9,Master Sign Plan,1578486992000.0, ,,1e8e3cc8-023a-4720-937e-c646c7397fb0,Parcel,19110511002,CD - Current Planning and Entitlements,Master Sign Plan,Pending,Bruner Commerce Park ,,,1600 EXECUTIVE AIRPORT DR,"HENDERSON, NV 89052",,7024975285,1578441600000.0,195197.975727124,1849.23503553573
418327,CPLN2020005536,PlanManagement,92cc76ac-55ba-4bd1-ae9a-d7f68e6d076a,Master Sign Plan,1591098019000.0, ,,9664ecd8-8aae-4e0e-87f6-6c941d3d9bba,Parcel,16033301001,CD - Current Planning and Entitlements,Master Sign Plan,Pending,Wells Enterprises Inc,,,1001 OLSEN ST,"HENDERSON, NV 89011",Wells Enterprises Inc.,7125005824,1591056000000.0,795502.61331361,3644.16811419282
418329,CPLN2020006228,PlanManagement,866fe9fb-084b-4e4c-a7bc-40137d4cad6b,Master Sign Plan,1603670400000.0, ,,b160748d-f603-4910-84ef-2b392b862628,Parcel,19103110001,CD - Current Planning and Entitlements,Master Sign Plan,Pending,St Rose & Bermuda Master Sign Plan,,,1217 OSSA ST,"HENDERSON, NV 89052",Ryland Homes / Lennar,7024504907,1601510400000.0,4503.7861619304995,298.65621471587303
418331,CPLN2018001294,PlanManagement,3af713f0-8b7c-4fdd-8006-9cffd923105d,21ce0a55-74f4-4564-bc2f-28fc972e7bce,1533551857000.0, ,,a0c2bcfc-068c-4d90-8825-7f4f740e1169,Parcel,17803101003,CD - Current Planning and Entitlements,Master Sign Plan,Pending,Summark Plaza,,,611 MARKS ST,"HENDERSON, NV 89014",Architectural Design & Signs,7027957001,1533513600000.0,995894.105609785,4294.94346541163
418332,CPLN2019003071,PlanManagement,d66e6594-9244-465c-9566-a7856b95295c,Master Sign Plan,1558024493000.0, ,,8444540f-dc1f-40ea-a9e6-998af2a4930f,Parcel,19110701008,CD - Current Planning and Entitlements,Master Sign Plan,Pending,All Storage of Inspirada,,,3590 VOLUNTEER BLVD,"HENDERSON, NV 89044",Volunteer Self Storage LLC,,1557964800000.0,157955.460623291,1788.9496891069602
418333,SP-31-96,,,,,,GREEN VALLEY CORPORATE CENTER,,,,,,,ANC/YESCO,,,701 N GREEN VALLEY PKWY,,,,,1001294.93489449,5647.9758882305005
418334,SP-31-98,,,,,,EASTGATE PLAZA,,,,,,,THOMAS & MACK,,,400 N STEPHANIE ST,,,,,444199.123634857,2793.4077110716703
418337,CPLN2017880760,PlanManagement,2c3d0fee-0c52-4785-bd2c-b322bd27bd54,21ce0a55-74f4-4564-bc2f-28fc972e7bce,1498488186000.0, ,,5cecb4a0-48db-4459-8df6-f454b2d7163d,Parcel,17811113001,CD - Current Planning and Entitlements,Master Sign Plan,Pending,Henderson Commerce Center II,,,7355 COMMERCIAL WAY,"HENDERSON, NV 89011",NEVADA SIGN,7028956817,1501459200000.0,591896.872221512,3452.6762589272403
418338,CPLN2017880969,PlanManagement,a243db96-d3be-41b9-aa2b-f4b95e73ce8a,21ce0a55-74f4-4564-bc2f-28fc972e7bce,1500907663000.0, ,,7b40e899-e3ba-4d8f-9bb1-869247aef262,Parcel,17918504003,CD - Current Planning and Entitlements,Master Sign Plan,Pending,Clark County Credit Union MSP,,,67 E LAKE MEAD PKWY,"HENDERSON, NV 89015",Patrick Signs,7028734463,1501632000000.0,16363.728459814502,543.131838823148
418339,CPLN2017880969,PlanManagement,a243db96-d3be-41b9-aa2b-f4b95e73ce8a,21ce0a55-74f4-4564-bc2f-28fc972e7bce,1500907663000.0, ,,7b40e899-e3ba-4d8f-9bb1-869247aef262,Parcel,17918504003,CD - Current Planning and Entitlements,Master Sign Plan,Pending,Clark County Credit Union MSP,,,67 E LAKE MEAD PKWY,"HENDERSON, NV 89015",Patrick Signs,7028734463,1501632000000.0,20131.2952980164,636.412489758025
418340,CPLN2017880969,PlanManagement,a243db96-d3be-41b9-aa2b-f4b95e73ce8a,21ce0a55-74f4-4564-bc2f-28fc972e7bce,1500907663000.0, ,,7b40e899-e3ba-4d8f-9bb1-869247aef262,Parcel,17918504003,CD - Current Planning and Entitlements,Master Sign Plan,Pending,Clark County Credit Union MSP,,,67 E LAKE MEAD PKWY,"HENDERSON, NV 89015",Patrick Signs,7028734463,1501632000000.0,5964.24827638758,340.79390176944503
418341,CPLN2017880969,PlanManagement,a243db96-d3be-41b9-aa2b-f4b95e73ce8a,21ce0a55-74f4-4564-bc2f-28fc972e7bce,1500907663000.0, ,,7b40e899-e3ba-4d8f-9bb1-869247aef262,Parcel,17918504003,CD - Current Planning and Entitlements,Master Sign Plan,Pending,Clark County Credit Union MSP,,,67 E LAKE MEAD PKWY,"HENDERSON, NV 89015",Patrick Signs,7028734463,1501632000000.0,6771.86293834774,343.41226094750806
418342,SP-33-97,,,,,,SUNSET PLAZA,,,,,,,TRF/NAVILLUS,,,1030 W SUNSET RD,,,,,971100.966638171,5146.89141060601
418343,SP-33-98,,,,,,STEPHANIE/HORIZON RIDGE 7-11,,,,,,,SOUTHLAND CORPORATION,,,1400 HORIZON RIDGE PKWY,,,,,40406.1207733799,824.2019185113451
418344,SP-33-99,,,,,,PRESTIGE ASSISTED LIVING,,,,,,,HENDERSON VENTURES OF NEVADA,,,1050 E LAKE MEAD DR,,,,,121855.856754968,1410.2297522631302
418346,SP-34-97,,,,,,SUNSET LANES - RENATAS,,,,,,,GUS TZANETOPOULOS/SIGN SYSTEMS,,,4565 E SUNSET RD,,,,,661073.9375557491,3563.8176883876604
418347,SP-34-98,,,,,,NISSON PROFESSIONAL BUILDING,,,,,,,CROSSROADS DEVELOPMENT,,,1525 W WARM SPRINGS RD,,,,,39964.9288853401,837.751368742526
418348,SP-28-94,,,,,,RAILROAD PASS CASINO,,,,,,,LARSEN ELECTRIC,,,2800 S BOULDER HWY,,,,,2505688.86470589,7891.062994768071
418349,CPLN2017880763,PlanManagement,ede0ea1a-372c-408e-9a72-953821adfc5b,21ce0a55-74f4-4564-bc2f-28fc972e7bce,1498488958000.0, ,,105e56bd-9d21-4a4e-86fe-fac0edb50fa8,Parcel,17811212001,CD - Current Planning and Entitlements,Master Sign Plan,Pending,Black Mountain Industrial Center (Pylon Sign),,,7565 COMMERCIAL WAY,"HENDERSON, NV 89011",NEVADA SIGN,7028956817,1501459200000.0,311708.531371114,2237.54972748106
418350,CPLN2017880969,PlanManagement,a243db96-d3be-41b9-aa2b-f4b95e73ce8a,21ce0a55-74f4-4564-bc2f-28fc972e7bce,1500907663000.0, ,,7b40e899-e3ba-4d8f-9bb1-869247aef262,Parcel,17918504003,CD - Current Planning and Entitlements,Master Sign Plan,Pending,Clark County Credit Union MSP,,,67 E LAKE MEAD PKWY,"HENDERSON, NV 89015",Patrick Signs,7028734463,1501632000000.0,5949.8959845627105,323.75768596102904
418351,CPLN2017880969,PlanManagement,a243db96-d3be-41b9-aa2b-f4b95e73ce8a,21ce0a55-74f4-4564-bc2f-28fc972e7bce,1500907663000.0, ,,3844d8bb-650e-4fcb-96b7-37890d194135,Parcel,17918601001,CD - Current Planning and Entitlements,Master Sign Plan,Pending,Clark County Credit Union MSP,,,67 E LAKE MEAD PKWY,"HENDERSON, NV 89015",Patrick Signs,7028734463,1501632000000.0,16363.728459814502,543.131838823148
418352,CPLN2017880969,PlanManagement,a243db96-d3be-41b9-aa2b-f4b95e73ce8a,21ce0a55-74f4-4564-bc2f-28fc972e7bce,1500907663000.0, ,,3844d8bb-650e-4fcb-96b7-37890d194135,Parcel,17918601001,CD - Current Planning and Entitlements,Master Sign Plan,Pending,Clark County Credit Union MSP,,,67 E LAKE MEAD PKWY,"HENDERSON, NV 89015",Patrick Signs,7028734463,1501632000000.0,20131.2952980164,636.412489758025
418353,CPLN2017880969,PlanManagement,a243db96-d3be-41b9-aa2b-f4b95e73ce8a,21ce0a55-74f4-4564-bc2f-28fc972e7bce,1500907663000.0, ,,3844d8bb-650e-4fcb-96b7-37890d194135,Parcel,17918601001,CD - Current Planning and Entitlements,Master Sign Plan,Pending,Clark County Credit Union MSP,,,67 E LAKE MEAD PKWY,"HENDERSON, NV 89015",Patrick Signs,7028734463,1501632000000.0,5964.24827638758,340.79390176944503
418354,CPLN2017880969,PlanManagement,a243db96-d3be-41b9-aa2b-f4b95e73ce8a,21ce0a55-74f4-4564-bc2f-28fc972e7bce,1500907663000.0, ,,3844d8bb-650e-4fcb-96b7-37890d194135,Parcel,17918601001,CD - Current Planning and Entitlements,Master Sign Plan,Pending,Clark County Credit Union MSP,,,67 E LAKE MEAD PKWY,"HENDERSON, NV 89015",Patrick Signs,7028734463,1501632000000.0,6771.86293834774,343.41226094750806
418355,CPLN2017880969,PlanManagement,a243db96-d3be-41b9-aa2b-f4b95e73ce8a,21ce0a55-74f4-4564-bc2f-28fc972e7bce,1500907663000.0, ,,3844d8bb-650e-4fcb-96b7-37890d194135,Parcel,17918601001,CD - Current Planning and Entitlements,Master Sign Plan,Pending,Clark County Credit Union MSP,,,67 E LAKE MEAD PKWY,"HENDERSON, NV 89015",Patrick Signs,7028734463,1501632000000.0,5949.8959845627105,323.75768596102904
418356,CPLN2017880969,PlanManagement,a243db96-d3be-41b9-aa2b-f4b95e73ce8a,21ce0a55-74f4-4564-bc2f-28fc972e7bce,1500907663000.0, ,,772f0589-ec6b-4993-b0b5-547b2338e62d,Parcel,17918610001,CD - Current Planning and Entitlements,Master Sign Plan,Pending,Clark County Credit Union MSP,,,67 E LAKE MEAD PKWY,"HENDERSON, NV 89015",Patrick Signs,7028734463,1501632000000.0,16363.728459814502,543.131838823148
418357,CPLN2017881142,PlanManagement,910f4631-4ac6-461a-b60f-c3812ab7c3c2,21ce0a55-74f4-4564-bc2f-28fc972e7bce,1503318023000.0, ,,8cc96a77-4500-4307-91f8-a9171e705757,Parcel,18902801007,CD - Current Planning and Entitlements,Master Sign Plan,Pending,Railroad Pass Travel Center,,,2800 S BOULDER HWY,"HENDERSON, NV 89002",YESCO LLC,7028768080,1503273600000.0,660133.50969349,4384.1850410344505
418358,CPLN2017881147,PlanManagement,19bb81f0-721d-4354-9aea-99ab6dff8dc8,21ce0a55-74f4-4564-bc2f-28fc972e7bce,1503325279000.0, ,,48bfe509-5999-4390-bf2b-90507bfa7661,Parcel,17822201010,CD - Current Planning and Entitlements,Master Sign Plan,Pending,One 60,,,160 CIELO ABIERTO WAY,"HENDERSON, NV 89012",HORIZON RANGE L L C,,1503273600000.0,313997.303985786,2496.92581883227
418359,CPLN2017881437,PlanManagement,30eda26a-3722-4f51-abbf-e80f1d48de88,21ce0a55-74f4-4564-bc2f-28fc972e7bce,1506350462000.0, ,,a5d19141-57aa-44f4-82ba-4fc87688d002,Parcel,17813610001,CD - Current Planning and Entitlements,Master Sign Plan,Pending,Quicky Express (Lake Mead) ,,,505 W LAKE MEAD PKWY,"HENDERSON, NV 89015",Quicky Express LLC,7024974333,1506297600000.0,14240.4327260568,471.85206843734204
418360,CPLN2017881437,PlanManagement,30eda26a-3722-4f51-abbf-e80f1d48de88,21ce0a55-74f4-4564-bc2f-28fc972e7bce,1506350462000.0, ,,a5d19141-57aa-44f4-82ba-4fc87688d002,Parcel,17813610001,CD - Current Planning and Entitlements,Master Sign Plan,Pending,Quicky Express (Lake Mead) ,,,505 W LAKE MEAD PKWY,"HENDERSON, NV 89015",Quicky Express LLC,7024974333,1506297600000.0,12704.9019025082,451.730990165898
418361,CPLN2017881437,PlanManagement,30eda26a-3722-4f51-abbf-e80f1d48de88,21ce0a55-74f4-4564-bc2f-28fc972e7bce,1506350462000.0, ,,c17a4987-74cf-4cfd-8402-4bfee16d3a70,Parcel,17813610002,CD - Current Planning and Entitlements,Master Sign Plan,Pending,Quicky Express (Lake Mead) ,,,505 W LAKE MEAD PKWY,"HENDERSON, NV 89015",Quicky Express LLC,7024974333,1506297600000.0,12704.9019025082,451.730990165898
418362,CPLN2017881437,PlanManagement,30eda26a-3722-4f51-abbf-e80f1d48de88,21ce0a55-74f4-4564-bc2f-28fc972e7bce,1506350462000.0, ,,c17a4987-74cf-4cfd-8402-4bfee16d3a70,Parcel,17813610002,CD - Current Planning and Entitlements,Master Sign Plan,Pending,Quicky Express (Lake Mead) ,,,505 W LAKE MEAD PKWY,"HENDERSON, NV 89015",Quicky Express LLC,7024974333,1506297600000.0,6211.839391617561,336.108214795154
418363,CPLN2017881437,PlanManagement,30eda26a-3722-4f51-abbf-e80f1d48de88,21ce0a55-74f4-4564-bc2f-28fc972e7bce,1506350462000.0, ,,1a76fce4-e1ae-4a02-b5fc-1bc45b75d495,Parcel,17813610003,CD - Current Planning and Entitlements,Master Sign Plan,Pending,Quicky Express (Lake Mead) ,,,505 W LAKE MEAD PKWY,"HENDERSON, NV 89015",Quicky Express LLC,7024974333,1506297600000.0,14240.4327260568,471.85206843734204
418364,CPLN2017881437,PlanManagement,30eda26a-3722-4f51-abbf-e80f1d48de88,21ce0a55-74f4-4564-bc2f-28fc972e7bce,1506350462000.0, ,,1a76fce4-e1ae-4a02-b5fc-1bc45b75d495,Parcel,17813610003,CD - Current Planning and Entitlements,Master Sign Plan,Pending,Quicky Express (Lake Mead) ,,,505 W LAKE MEAD PKWY,"HENDERSON, NV 89015",Quicky Express LLC,7024974333,1506297600000.0,12704.9019025082,451.730990165898
418365,CPLN2017881437,PlanManagement,30eda26a-3722-4f51-abbf-e80f1d48de88,21ce0a55-74f4-4564-bc2f-28fc972e7bce,1506350462000.0, ,,1a76fce4-e1ae-4a02-b5fc-1bc45b75d495,Parcel,17813610003,CD - Current Planning and Entitlements,Master Sign Plan,Pending,Quicky Express (Lake Mead) ,,,505 W LAKE MEAD PKWY,"HENDERSON, NV 89015",Quicky Express LLC,7024974333,1506297600000.0,6211.839391617561,336.108214795154
418366,CPLN2017881583,PlanManagement,73c11eba-2e3e-47d1-8ce5-a82a3c702cf4,21ce0a55-74f4-4564-bc2f-28fc972e7bce,1508160818000.0,C7295D3A-2007-43F9-880A-A4E988CF0714,BELTWAY PLAZA,94650020-dba1-40a1-9e71-e843acb1c1f3,Parcel,17724313001,CD - Current Planning and Entitlements,Master Sign Plan,Cancelled,BELTWAY PLAZA (EASTERN/SERENE COMMERCIAL,,,9310 S EASTERN AVE 122,"HENDERSON, NV 89123",Yesco LLC,7023487414,1508112000000.0,283581.66033781605,2335.0588104877
418367,CPLN2017881783,PlanManagement,1d3f50ce-9c41-4d0e-865e-7297c2f4f02b,21ce0a55-74f4-4564-bc2f-28fc972e7bce,1511345069000.0, ,GREEN VALLEY NORTH,9646fe2c-c422-4913-87af-249ae33cdb28,Parcel,17807511006,CD - Current Planning and Entitlements,Master Sign Plan,Pending,ARCH PLAZA ,,,2213 N GREEN VALLEY PKWY,"HENDERSON, NV 89014",Arch Holdings,,1511308800000.0,23976.880713998602,703.173864739722
418368,CPLN2017881801,PlanManagement,f4a5bd98-4967-4c4c-9bf8-c10f13960076,21ce0a55-74f4-4564-bc2f-28fc972e7bce,1511788301000.0, ,,238b45cd-1980-4d69-b7fd-3bfff34ec15f,Parcel,16135411002,CD - Current Planning and Entitlements,Master Sign Plan,Pending,River Stone ,,,3101 N BOULDER HWY,"HENDERSON, NV 89011","Architectural Design & Signs, Inc",702-795-7001,1511740800000.0,1211703.89119548,5649.40121835391
418369,CPLN2017881909,PlanManagement,9c090e21-8990-4c6f-a1d1-d671ecbb826d,21ce0a55-74f4-4564-bc2f-28fc972e7bce,1512997383000.0, ,,eac18e43-4459-4c32-8d96-c80b7b016f9f,Parcel,17713510001,CD - Current Planning and Entitlements,Master Sign Plan,Pending,Vons #2511-DriveUp&Go ,,,2667 WINDMILL PKWY,"HENDERSON, NV 89074",YESCO LLC,7023487414,1512950400000.0,412525.54107064503,4706.75579633772
418370,CPLN2017881437,PlanManagement,30eda26a-3722-4f51-abbf-e80f1d48de88,21ce0a55-74f4-4564-bc2f-28fc972e7bce,1506350462000.0, ,,a5d19141-57aa-44f4-82ba-4fc87688d002,Parcel,17813610001,CD - Current Planning and Entitlements,Master Sign Plan,Pending,Quicky Express (Lake Mead) ,,,505 W LAKE MEAD PKWY,"HENDERSON, NV 89015",Quicky Express LLC,7024974333,1506297600000.0,6211.839391617561,336.108214795154
418371,CPLN2017881437,PlanManagement,30eda26a-3722-4f51-abbf-e80f1d48de88,21ce0a55-74f4-4564-bc2f-28fc972e7bce,1506350462000.0, ,,c17a4987-74cf-4cfd-8402-4bfee16d3a70,Parcel,17813610002,CD - Current Planning and Entitlements,Master Sign Plan,Pending,Quicky Express (Lake Mead) ,,,505 W LAKE MEAD PKWY,"HENDERSON, NV 89015",Quicky Express LLC,7024974333,1506297600000.0,14240.4327260568,471.85206843734204
418372,CPLN2017881953,PlanManagement,ee805e52-8729-4ff0-bf21-1bbe3103cebe,21ce0a55-74f4-4564-bc2f-28fc972e7bce,1513773563000.0, ,,557287ff-ba8d-421f-ad54-0308cfa7d0ee,Parcel,17735202022,CD - Current Planning and Entitlements,Master Sign Plan,Pending,,,,915 ALPER CENTER DR,"HENDERSON, NV 89052",YESCO LLC,7023487414,1513728000000.0,542192.115578106,3339.22874745029
418373,CPLN2017881142,PlanManagement,910f4631-4ac6-461a-b60f-c3812ab7c3c2,21ce0a55-74f4-4564-bc2f-28fc972e7bce,1503318023000.0, ,,7ecb26e1-bd98-45e8-a6ce-8bcc07632531,Parcel,18902801002,CD - Current Planning and Entitlements,Master Sign Plan,Pending,Railroad Pass Travel Center,,,2800 S BOULDER HWY,"HENDERSON, NV 89002",YESCO LLC,7028768080,1503273600000.0,660133.50969349,4384.1850410344505
418374,CPLN2017881142,PlanManagement,910f4631-4ac6-461a-b60f-c3812ab7c3c2,21ce0a55-74f4-4564-bc2f-28fc972e7bce,1503318023000.0, ,,28f14a55-2961-4026-baf4-a9f91a6afb06,Parcel,18902801003,CD - Current Planning and Entitlements,Master Sign Plan,Pending,Railroad Pass Travel Center,,,2800 S BOULDER HWY,"HENDERSON, NV 89002",YESCO LLC,7028768080,1503273600000.0,197458.538171474,1858.14906358617
418375,CPLN2017881142,PlanManagement,910f4631-4ac6-461a-b60f-c3812ab7c3c2,21ce0a55-74f4-4564-bc2f-28fc972e7bce,1503318023000.0, ,,28f14a55-2961-4026-baf4-a9f91a6afb06,Parcel,18902801003,CD - Current Planning and Entitlements,Master Sign Plan,Pending,Railroad Pass Travel Center,,,2800 S BOULDER HWY,"HENDERSON, NV 89002",YESCO LLC,7028768080,1503273600000.0,267425.357404636,2455.4226971139105
418376,CPLN2017881142,PlanManagement,910f4631-4ac6-461a-b60f-c3812ab7c3c2,21ce0a55-74f4-4564-bc2f-28fc972e7bce,1503318023000.0, ,,28f14a55-2961-4026-baf4-a9f91a6afb06,Parcel,18902801003,CD - Current Planning and Entitlements,Master Sign Plan,Pending,Railroad Pass Travel Center,,,2800 S BOULDER HWY,"HENDERSON, NV 89002",YESCO LLC,7028768080,1503273600000.0,660133.50969349,4384.1850410344505
418377,CPLN2017881142,PlanManagement,910f4631-4ac6-461a-b60f-c3812ab7c3c2,21ce0a55-74f4-4564-bc2f-28fc972e7bce,1503318023000.0, ,,8cc96a77-4500-4307-91f8-a9171e705757,Parcel,18902801007,CD - Current Planning and Entitlements,Master Sign Plan,Pending,Railroad Pass Travel Center,,,2800 S BOULDER HWY,"HENDERSON, NV 89002",YESCO LLC,7028768080,1503273600000.0,197458.538171474,1858.14906358617
418378,CPLN2017881142,PlanManagement,910f4631-4ac6-461a-b60f-c3812ab7c3c2,21ce0a55-74f4-4564-bc2f-28fc972e7bce,1503318023000.0, ,,8cc96a77-4500-4307-91f8-a9171e705757,Parcel,18902801007,CD - Current Planning and Entitlements,Master Sign Plan,Pending,Railroad Pass Travel Center,,,2800 S BOULDER HWY,"HENDERSON, NV 89002",YESCO LLC,7028768080,1503273600000.0,267425.357404636,2455.4226971139105
418394,CPLN2021009209,PlanManagement,bc6143f1-3bce-4d4c-bd6b-3ede11311fb1,Master Sign Plan,1639396617000.0, ,CLARK COUNTY SCHOOL,c104e706-a93e-484c-98aa-5635a5f6ee65,Parcel,17932201064,CD - Current Planning and Entitlements,Master Sign Plan,Pending,Smalley Elementary School,,,304 E PARADISE HILLS DR,"HENDERSON, NV 89002",Clark County School District Facilities Services,7027995214,1639353600000.0,568814.9398697551,3299.9389259997
418395,CPLN2022009390,PlanManagement,f763bfb8-82b7-4ba3-a67f-2f28c916046d,Master Sign Plan,1642067830000.0, ,,d43a4009-4208-4954-a539-b2ae80dc3a01,Parcel,19103401010,CD - Current Planning and Entitlements,Master Sign Plan,Pending,"South 15 Buildings F, G, and H",,,12030 BERMUDA RD,"HENDERSON, NV 89052",Pamattoni Development,7028027840,1642032000000.0,1781177.34778806,5326.73433158421
418399,CPLN2017880830,PlanManagement,9c667939-945c-4211-9540-c0a79b26502e,21ce0a55-74f4-4564-bc2f-28fc972e7bce,1499326666000.0, ,THE CANYONS,30e7de6a-b305-4e79-bb31-faf782c9c208,Parcel,17832210010,CD - Current Planning and Entitlements,Master Sign Plan,Pending,Blackrock - Canyons at Macdonald Ranch Parcel F/L,,,975 AMARA WAY,"HENDERSON, NV","P N II, Inc",,1501632000000.0,556269.6679994221,4008.54791219648
418400,CPLN2017880830,PlanManagement,9c667939-945c-4211-9540-c0a79b26502e,21ce0a55-74f4-4564-bc2f-28fc972e7bce,1499326666000.0, ,THE CANYONS,5b782301-9b06-455a-9d2a-098b450e43df,Parcel,17832317001,CD - Current Planning and Entitlements,Master Sign Plan,Pending,Blackrock - Canyons at Macdonald Ranch Parcel F/L,,,975 AMARA WAY,"HENDERSON, NV","P N II, Inc",,1501632000000.0,554956.362562235,4315.92679934435
418401,SP-9-98,,,,,,SUNRIDGE VILLAGE PLAZA,,,,,,,SUNRIDGE VILLAGE,,,10850-10980 S EASTERN AVE,,,,,391939.36935586197,2994.92410288072
418403,CPLN2017880830,PlanManagement,9c667939-945c-4211-9540-c0a79b26502e,21ce0a55-74f4-4564-bc2f-28fc972e7bce,1499326666000.0, ,THE CANYONS,5b782301-9b06-455a-9d2a-098b450e43df,Parcel,17832317001,CD - Current Planning and Entitlements,Master Sign Plan,Pending,Blackrock - Canyons at Macdonald Ranch Parcel F/L,,,975 AMARA WAY,"HENDERSON, NV","P N II, Inc",,1501632000000.0,144698.594783834,2358.96609881331
418404,CPLN2017880969,PlanManagement,a243db96-d3be-41b9-aa2b-f4b95e73ce8a,21ce0a55-74f4-4564-bc2f-28fc972e7bce,1500907663000.0, ,,772f0589-ec6b-4993-b0b5-547b2338e62d,Parcel,17918610001,CD - Current Planning and Entitlements,Master Sign Plan,Pending,Clark County Credit Union MSP,,,67 E LAKE MEAD PKWY,"HENDERSON, NV 89015",Patrick Signs,7028734463,1501632000000.0,20131.2952980164,636.412489758025
418405,CPLN2017880969,PlanManagement,a243db96-d3be-41b9-aa2b-f4b95e73ce8a,21ce0a55-74f4-4564-bc2f-28fc972e7bce,1500907663000.0, ,,772f0589-ec6b-4993-b0b5-547b2338e62d,Parcel,17918610001,CD - Current Planning and Entitlements,Master Sign Plan,Pending,Clark County Credit Union MSP,,,67 E LAKE MEAD PKWY,"HENDERSON, NV 89015",Patrick Signs,7028734463,1501632000000.0,5964.24827638758,340.79390176944503
418406,CPLN2017880969,PlanManagement,a243db96-d3be-41b9-aa2b-f4b95e73ce8a,21ce0a55-74f4-4564-bc2f-28fc972e7bce,1500907663000.0, ,,772f0589-ec6b-4993-b0b5-547b2338e62d,Parcel,17918610001,CD - Current Planning and Entitlements,Master Sign Plan,Pending,Clark County Credit Union MSP,,,67 E LAKE MEAD PKWY,"HENDERSON, NV 89015",Patrick Signs,7028734463,1501632000000.0,6771.86293834774,343.41226094750806
418407,CPLN2017880969,PlanManagement,a243db96-d3be-41b9-aa2b-f4b95e73ce8a,21ce0a55-74f4-4564-bc2f-28fc972e7bce,1500907663000.0, ,,772f0589-ec6b-4993-b0b5-547b2338e62d,Parcel,17918610001,CD - Current Planning and Entitlements,Master Sign Plan,Pending,Clark County Credit Union MSP,,,67 E LAKE MEAD PKWY,"HENDERSON, NV 89015",Patrick Signs,7028734463,1501632000000.0,5949.8959845627105,323.75768596102904
418408,CPLN2017880969,PlanManagement,a243db96-d3be-41b9-aa2b-f4b95e73ce8a,21ce0a55-74f4-4564-bc2f-28fc972e7bce,1500907663000.0, ,,62063240-4b08-48b4-875c-3c8480798ed1,Parcel,17918610002,CD - Current Planning and Entitlements,Master Sign Plan,Pending,Clark County Credit Union MSP,,,67 E LAKE MEAD PKWY,"HENDERSON, NV 89015",Patrick Signs,7028734463,1501632000000.0,16363.728459814502,543.131838823148
418409,CPLN2017880969,PlanManagement,a243db96-d3be-41b9-aa2b-f4b95e73ce8a,21ce0a55-74f4-4564-bc2f-28fc972e7bce,1500907663000.0, ,,62063240-4b08-48b4-875c-3c8480798ed1,Parcel,17918610002,CD - Current Planning and Entitlements,Master Sign Plan,Pending,Clark County Credit Union MSP,,,67 E LAKE MEAD PKWY,"HENDERSON, NV 89015",Patrick Signs,7028734463,1501632000000.0,20131.2952980164,636.412489758025
418410,CPLN2017880969,PlanManagement,a243db96-d3be-41b9-aa2b-f4b95e73ce8a,21ce0a55-74f4-4564-bc2f-28fc972e7bce,1500907663000.0, ,,62063240-4b08-48b4-875c-3c8480798ed1,Parcel,17918610002,CD - Current Planning and Entitlements,Master Sign Plan,Pending,Clark County Credit Union MSP,,,67 E LAKE MEAD PKWY,"HENDERSON, NV 89015",Patrick Signs,7028734463,1501632000000.0,5964.24827638758,340.79390176944503
418411,CPLN2017880969,PlanManagement,a243db96-d3be-41b9-aa2b-f4b95e73ce8a,21ce0a55-74f4-4564-bc2f-28fc972e7bce,1500907663000.0, ,,62063240-4b08-48b4-875c-3c8480798ed1,Parcel,17918610002,CD - Current Planning and Entitlements,Master Sign Plan,Pending,Clark County Credit Union MSP,,,67 E LAKE MEAD PKWY,"HENDERSON, NV 89015",Patrick Signs,7028734463,1501632000000.0,6771.86293834774,343.41226094750806
418412,CPLN2017880969,PlanManagement,a243db96-d3be-41b9-aa2b-f4b95e73ce8a,21ce0a55-74f4-4564-bc2f-28fc972e7bce,1500907663000.0, ,,62063240-4b08-48b4-875c-3c8480798ed1,Parcel,17918610002,CD - Current Planning and Entitlements,Master Sign Plan,Pending,Clark County Credit Union MSP,,,67 E LAKE MEAD PKWY,"HENDERSON, NV 89015",Patrick Signs,7028734463,1501632000000.0,5949.8959845627105,323.75768596102904
418413,CPLN2017880969,PlanManagement,a243db96-d3be-41b9-aa2b-f4b95e73ce8a,21ce0a55-74f4-4564-bc2f-28fc972e7bce,1500907663000.0, ,,c25fa3cb-7512-4839-9060-6c26558d7fee,Parcel,17918610003,CD - Current Planning and Entitlements,Master Sign Plan,Pending,Clark County Credit Union MSP,,,67 E LAKE MEAD PKWY,"HENDERSON, NV 89015",Patrick Signs,7028734463,1501632000000.0,16363.728459814502,543.131838823148
418414,CPLN2017880969,PlanManagement,a243db96-d3be-41b9-aa2b-f4b95e73ce8a,21ce0a55-74f4-4564-bc2f-28fc972e7bce,1500907663000.0, ,,c25fa3cb-7512-4839-9060-6c26558d7fee,Parcel,17918610003,CD - Current Planning and Entitlements,Master Sign Plan,Pending,Clark County Credit Union MSP,,,67 E LAKE MEAD PKWY,"HENDERSON, NV 89015",Patrick Signs,7028734463,1501632000000.0,20131.2952980164,636.412489758025
418415,CPLN2017880969,PlanManagement,a243db96-d3be-41b9-aa2b-f4b95e73ce8a,21ce0a55-74f4-4564-bc2f-28fc972e7bce,1500907663000.0, ,,c25fa3cb-7512-4839-9060-6c26558d7fee,Parcel,17918610003,CD - Current Planning and Entitlements,Master Sign Plan,Pending,Clark County Credit Union MSP,,,67 E LAKE MEAD PKWY,"HENDERSON, NV 89015",Patrick Signs,7028734463,1501632000000.0,5964.24827638758,340.79390176944503
418416,CPLN2017880969,PlanManagement,a243db96-d3be-41b9-aa2b-f4b95e73ce8a,21ce0a55-74f4-4564-bc2f-28fc972e7bce,1500907663000.0, ,,c25fa3cb-7512-4839-9060-6c26558d7fee,Parcel,17918610003,CD - Current Planning and Entitlements,Master Sign Plan,Pending,Clark County Credit Union MSP,,,67 E LAKE MEAD PKWY,"HENDERSON, NV 89015",Patrick Signs,7028734463,1501632000000.0,6771.86293834774,343.41226094750806
418417,CPLN2017880969,PlanManagement,a243db96-d3be-41b9-aa2b-f4b95e73ce8a,21ce0a55-74f4-4564-bc2f-28fc972e7bce,1500907663000.0, ,,c25fa3cb-7512-4839-9060-6c26558d7fee,Parcel,17918610003,CD - Current Planning and Entitlements,Master Sign Plan,Pending,Clark County Credit Union MSP,,,67 E LAKE MEAD PKWY,"HENDERSON, NV 89015",Patrick Signs,7028734463,1501632000000.0,5949.8959845627105,323.75768596102904
418418,CPLN2017880830,PlanManagement,9c667939-945c-4211-9540-c0a79b26502e,21ce0a55-74f4-4564-bc2f-28fc972e7bce,1499326666000.0, ,THE CANYONS,30e7de6a-b305-4e79-bb31-faf782c9c208,Parcel,17832210010,CD - Current Planning and Entitlements,Master Sign Plan,Pending,Blackrock - Canyons at Macdonald Ranch Parcel F/L,,,975 AMARA WAY,"HENDERSON, NV","P N II, Inc",,1501632000000.0,554956.362562235,4315.92679934435
418419,CPLN2017880830,PlanManagement,9c667939-945c-4211-9540-c0a79b26502e,21ce0a55-74f4-4564-bc2f-28fc972e7bce,1499326666000.0, ,THE CANYONS,30e7de6a-b305-4e79-bb31-faf782c9c208,Parcel,17832210010,CD - Current Planning and Entitlements,Master Sign Plan,Pending,Blackrock - Canyons at Macdonald Ranch Parcel F/L,,,975 AMARA WAY,"HENDERSON, NV","P N II, Inc",,1501632000000.0,144698.594783834,2358.96609881331
418420,CPLN2017880830,PlanManagement,9c667939-945c-4211-9540-c0a79b26502e,21ce0a55-74f4-4564-bc2f-28fc972e7bce,1499326666000.0, ,THE CANYONS,5b782301-9b06-455a-9d2a-098b450e43df,Parcel,17832317001,CD - Current Planning and Entitlements,Master Sign Plan,Pending,Blackrock - Canyons at Macdonald Ranch Parcel F/L,,,975 AMARA WAY,"HENDERSON, NV","P N II, Inc",,1501632000000.0,556269.6679994221,4008.54791219648
418421,CPLN2017880830,PlanManagement,9c667939-945c-4211-9540-c0a79b26502e,21ce0a55-74f4-4564-bc2f-28fc972e7bce,1499326666000.0, ,THE CANYONS,52294016-1ca0-491d-9986-865860dc3d60,Parcel,17832314001,CD - Current Planning and Entitlements,Master Sign Plan,Pending,Blackrock - Canyons at Macdonald Ranch Parcel F/L,,,975 AMARA WAY,"HENDERSON, NV","P N II, Inc",,1501632000000.0,554956.362562235,4315.92679934435
418422,CPLN2017880830,PlanManagement,9c667939-945c-4211-9540-c0a79b26502e,21ce0a55-74f4-4564-bc2f-28fc972e7bce,1499326666000.0, ,THE CANYONS,52294016-1ca0-491d-9986-865860dc3d60,Parcel,17832314001,CD - Current Planning and Entitlements,Master Sign Plan,Pending,Blackrock - Canyons at Macdonald Ranch Parcel F/L,,,975 AMARA WAY,"HENDERSON, NV","P N II, Inc",,1501632000000.0,144698.594783834,2358.96609881331
418423,CPLN2017880830,PlanManagement,9c667939-945c-4211-9540-c0a79b26502e,21ce0a55-74f4-4564-bc2f-28fc972e7bce,1499326666000.0, ,THE CANYONS,52294016-1ca0-491d-9986-865860dc3d60,Parcel,17832314001,CD - Current Planning and Entitlements,Master Sign Plan,Pending,Blackrock - Canyons at Macdonald Ranch Parcel F/L,,,975 AMARA WAY,"HENDERSON, NV","P N II, Inc",,1501632000000.0,556269.6679994221,4008.54791219648
418424,CPLN2020006228,PlanManagement,866fe9fb-084b-4e4c-a7bc-40137d4cad6b,Master Sign Plan,1603670400000.0, ,,b160748d-f603-4910-84ef-2b392b862628,Parcel,19103110001,CD - Current Planning and Entitlements,Master Sign Plan,Pending,St Rose & Bermuda Master Sign Plan,,,1217 OSSA ST,"HENDERSON, NV 89052",Ryland Homes / Lennar,7024504907,1601510400000.0,4503.7861619304995,298.65621471587303
418426,CPLN2020006228,PlanManagement,866fe9fb-084b-4e4c-a7bc-40137d4cad6b,Master Sign Plan,1603670400000.0, ,,b160748d-f603-4910-84ef-2b392b862628,Parcel,19103110001,CD - Current Planning and Entitlements,Master Sign Plan,Pending,St Rose & Bermuda Master Sign Plan,,,1217 OSSA ST,"HENDERSON, NV 89052",Ryland Homes / Lennar,7024504907,1601510400000.0,4503.7861619304995,298.65621471587303
418428,CPLN2020006228,PlanManagement,866fe9fb-084b-4e4c-a7bc-40137d4cad6b,Master Sign Plan,1603670400000.0, ,,b160748d-f603-4910-84ef-2b392b862628,Parcel,19103110001,CD - Current Planning and Entitlements,Master Sign Plan,Pending,St Rose & Bermuda Master Sign Plan,,,1217 OSSA ST,"HENDERSON, NV 89052",Ryland Homes / Lennar,7024504907,1601510400000.0,4503.7861619304995,298.65621471587303
418430,CPLN2020006228,PlanManagement,866fe9fb-084b-4e4c-a7bc-40137d4cad6b,Master Sign Plan,1603670400000.0, ,,b160748d-f603-4910-84ef-2b392b862628,Parcel,19103110001,CD - Current Planning and Entitlements,Master Sign Plan,Pending,St Rose & Bermuda Master Sign Plan,,,1217 OSSA ST,"HENDERSON, NV 89052",Ryland Homes / Lennar,7024504907,1601510400000.0,4503.7861619304995,298.65621471587303
418431,CPLN2021007459,PlanManagement,99b15763-5cfa-4d3f-acfb-b9fca537bd2b,Master Sign Plan,1617901387000.0, ,,2f0cb339-0502-4d7d-915d-d33805586744,Parcel,19103712001,CD - Current Planning and Entitlements,Master Sign Plan,Pending,Matter Park @ West Henderson Phase II,,,1431 RAIDERS WAY,"HENDERSON, NV",Burke Construction Group Inc,7023671040,1617840000000.0,501049.89841130504,2976.4231251173
418433,CPLN2021007679,PlanManagement,36f57a33-c051-4712-b969-df9dcd9a0d99,Master Sign Plan,1620662957000.0, ,,9cb6889a-dcd8-43db-b3c4-7315044d836c,Parcel,19115511001,CD - Current Planning and Entitlements,Master Sign Plan,Pending,HAAS Automation CNC Manufacturing - Master Sign Plan,,,2055 VIA INSPIRADA,"HENDERSON, NV 89044", PKARCHITECTURE,8188519551,1620604800000.0,7185904.82455441,11171.328748103999
418434,CPLN2021007705,PlanManagement,32e08d0d-96ec-4303-a3ed-112abcc1d864,Master Sign Plan,1621239665000.0, ,,d8b3831b-9f74-413c-ba51-cc277e50693d,Parcel,17805513003,CD - Current Planning and Entitlements,Master Sign Plan,Pending,Pylon Sign at  Valle Verde,,,691 N VALLE VERDE DR,"HENDERSON, NV 89014",M T M INVESTMENTS-SERIES E L L C,,1621209600000.0,77361.219461967,1186.1832034632803
418436,CPLN2020006228,PlanManagement,866fe9fb-084b-4e4c-a7bc-40137d4cad6b,Master Sign Plan,1603670400000.0, ,,b160748d-f603-4910-84ef-2b392b862628,Parcel,19103110001,CD - Current Planning and Entitlements,Master Sign Plan,Pending,St Rose & Bermuda Master Sign Plan,,,1217 OSSA ST,"HENDERSON, NV 89052",Ryland Homes / Lennar,7024504907,1601510400000.0,4503.7861619304995,298.65621471587303
418437,CPLN2021006828,PlanManagement,f6bbbe75-0d5f-4e74-9083-d6c60600c942,Master Sign Plan,1610032070000.0,13818529-CB1D-4B0F-B264-38D845B9CAB7,Downtown Redevelopment Area,d45dcf82-32dd-41cb-8a29-c59585a9a4e4,Parcel,17918710243,CD - Current Planning and Entitlements,Master Sign Plan,Pending,Lifeguard Arena,,,222 S WATER ST,"HENDERSON, NV 89015",CITY OF HENDERSON,,1609977600000.0,141836.517503757,1673.8246711799902
418446,CPLN2019002294,PlanManagement,c09697d9-f92a-4002-9ac2-6a38bb84d621,Master Sign Plan,1548339754000.0, ,,fde48304-63d8-4190-9022-cb1b716807b6,Parcel,17802110012,CD - Current Planning and Entitlements,Master Sign Plan,Pending,Short Line Expess Market,,,985 W GALLERIA DR,"HENDERSON, NV 89011",SHORT LINE EXPRESS MARKET,7025951711,1548288000000.0,55529.247752327596,1049.97906604263
418455,CPLN2021008197,PlanManagement,55d8a577-0f93-4685-b1d0-9c59ba28718a,Master Sign Plan,1626961580000.0, ,,09097db5-089a-4411-a05a-ebd4d53eae01,Parcel,17805503001,CD - Current Planning and Entitlements,Master Sign Plan,Pending,Gateway Plaza ,,,1999 W SUNSET RD,"HENDERSON, NV","City Plaza, LLC",7023384012,1626912000000.0,56657.496560146596,1151.3440058159
418456,CPLN2021008186,PlanManagement,774f2da1-7940-4020-bc89-06c9caf6f713,Master Sign Plan,1626865873000.0, ,SUNPAC INDUSTRIAL PARK,b2286b73-7602-456b-9869-ac7c336ac95b,Parcel,17801511080,CD - Current Planning and Entitlements,Master Sign Plan,Pending,Green Valley Grocery #71,,,685 E SUNSET RD,"HENDERSON, NV 89011",High Impact Sign,7023363336,1626825600000.0,58565.8292570448,1000.8323876248401
418458,CPLN2021009136,PlanManagement,1325e16f-7003-4a5f-bffb-59e41f15a2ae,Master Sign Plan,1638365403000.0, ,,ccb242dd-8aca-4d8b-8035-eec799597fa5,Parcel,17907811003,CD - Current Planning and Entitlements,Master Sign Plan,Pending,Boulder Highway Terrible Herbst MSP,,,306 N BOULDER HWY,"HENDERSON, NV 89015",HERBST DEVELOPMENT L L C,,1638316800000.0,60044.0118080974,1003.52506702585
418460,CPLN2020006228,PlanManagement,866fe9fb-084b-4e4c-a7bc-40137d4cad6b,Master Sign Plan,1603670400000.0, ,,b160748d-f603-4910-84ef-2b392b862628,Parcel,19103110001,CD - Current Planning and Entitlements,Master Sign Plan,Pending,St Rose & Bermuda Master Sign Plan,,,1217 OSSA ST,"HENDERSON, NV 89052",Ryland Homes / Lennar,7024504907,1601510400000.0,4503.7861619304995,298.65621471587303
418470,CPLN2021009108,PlanManagement,57f12cfe-e427-4761-ae3a-483f3a3832bb,Master Sign Plan,1638181833000.0, ,,e6652888-fdbc-4f72-9104-7944e29abe20,Parcel,16132411015,CD - Current Planning and Entitlements,Master Sign Plan,Pending,Alma Apartments MSP,,,2030 OLYMPIC AVE,"HENDERSON, NV 89014","Town Center Development Group, LLC",7759010415,1638144000000.0,503858.695066925,3151.16181029717
418471,CPLN2022009598,PlanManagement,b1850c75-19a8-49b3-bf40-5b4a7f1ac006,Master Sign Plan,1644506978000.0, ,,9b7434b2-e662-40c8-952d-71026c3c6993,Parcel,16132310002,CD - Current Planning and Entitlements,Master Sign Plan,Pending,Sunset Ridge Professional Plaza - The Perry Foundation MSP,,,2920 N GREEN VALLEY PKWY 7,"HENDERSON, NV 89014","Vision Sign, Inc.",7028957474249,1644451200000.0,25905.064187558,709.104703837045
418473,CPLN2022009598,PlanManagement,b1850c75-19a8-49b3-bf40-5b4a7f1ac006,Master Sign Plan,1644506978000.0, ,,9b7434b2-e662-40c8-952d-71026c3c6993,Parcel,16132310002,CD - Current Planning and Entitlements,Master Sign Plan,Approved,Sunset Ridge Professional Plaza - The Perry Foundation MSP,,,2920 N GREEN VALLEY PKWY 700,"HENDERSON, NV 89014","Vision Sign, Inc.",7028957474249,1648080000000.0,25905.064187558,709.104703837045
418474,CPLN2022010127,PlanManagement,ee441525-7b7b-460f-b7f8-7dc47d09a67a,Master Sign Plan,1650285609000.0, ,,450633ac-7ecb-4fc3-a8a9-c6300ed605ac,Parcel,17810401005,CD - Current Planning and Entitlements,Master Sign Plan,Pending,Ventana Canyon Apartments MSP,,,1250 AMERICAN PACIFIC DR,"HENDERSON, NV 89074",Impact Sign & Graphics LLC,7025707777,1650240000000.0,628230.238024062,3210.91486984856
418477,CPLN2020005376,PlanManagement,f82e5604-b4f5-468a-a90f-f6078d28e9ae,Master Sign Plan,1588005033000.0, ,,5026707b-ae1c-4e6d-a629-557d003958bd,Parcel,17815511021,CD - Current Planning and Entitlements,Master Sign Plan,Pending,1005 American Pacific Drive,,,1005 AMERICAN PACIFIC DR,"HENDERSON, NV 89074",High Impact Sign,7023363336,1587945600000.0,64963.300812977104,1165.98834099626
418478,CPLN2020006170,PlanManagement,73873eed-c594-4024-ae97-088bda44e9fb,Master Sign Plan,1600698773000.0, ,,2fe4bc4d-e522-4f30-8367-a07ef67bdc9e,Parcel,17805501010,CD - Current Planning and Entitlements,Master Sign Plan,Pending,WOW Carwash Signage,,,4625 E SUNSET RD,"HENDERSON, NV 89014",Jones Sign Company,9204259848,1600646400000.0,62718.1864074562,1113.53488357843
418479,CPLN2020006175,PlanManagement,c53896ca-989b-4fef-b05b-46bb8fc0832a,Master Sign Plan,1600704396000.0, ,,54e36ace-aa94-4c74-8707-da4b27b75ec8,Parcel,19110701009,CD - Current Planning and Entitlements,Master Sign Plan,Pending,Volunteer Plaza,,,3500 VOLUNTEER BLVD,"HENDERSON, NV 89044",Volunteer Plaza,7028687870,1600646400000.0,165843.86287207602,1824.0700435174301
418481,CPLN2020006176,PlanManagement,0edd3e85-4a91-4015-8139-13ab3cabf684,Master Sign Plan,1600704179000.0, ,,3f7f0d7f-8714-467f-9054-1838a9a733fc,Parcel,19114401002,CD - Current Planning and Entitlements,Master Sign Plan,Pending,Inspirada Marketplace,,,2385 VIA INSPIRADA,"HENDERSON, NV",High Impact Sign,7023363336,1600646400000.0,235592.573792011,2886.2328998319404
418482,CPLN2020006228,PlanManagement,866fe9fb-084b-4e4c-a7bc-40137d4cad6b,Master Sign Plan,1603670400000.0, ,,b160748d-f603-4910-84ef-2b392b862628,Parcel,19103110001,CD - Current Planning and Entitlements,Master Sign Plan,Pending,St Rose & Bermuda Master Sign Plan,,,1217 OSSA ST,"HENDERSON, NV 89052",Ryland Homes / Lennar,7024504907,1601510400000.0,4503.7861619304995,298.65621471587303
418483,CPLN2018001406,PlanManagement,1705c26b-b726-4338-b895-ef48cf81b587,21ce0a55-74f4-4564-bc2f-28fc972e7bce,1535369692000.0, ,,65e5e919-1734-40ec-b73a-ad86facffde9,Parcel,17802701005,CD - Current Planning and Entitlements,Master Sign Plan,Pending,Praxair,,,601 W SUNSET RD,"HENDERSON, NV 89011","Vision Sign, Inc.",7028957474249,1535328000000.0,125936.071753615,1526.2559403551702
418490,CPLN2022009479,PlanManagement,1818867a-0e1f-44df-af77-1bfde980a1a5,Master Sign Plan,1643098693000.0, ,QUAIL BONITA,6b6afdf5-55cf-422c-9d51-ee15b294636d,Parcel,17804614003,CD - Current Planning and Entitlements,Master Sign Plan,Pending,Tommys Express Carwash,,,601 WHITNEY RANCH DR,"HENDERSON, NV 89014",Professional Sign Service LLC,,1643068800000.0,86571.9252866036,1197.20246906295
418491,CPLN2021008750,PlanManagement,39bb4ae2-f8b7-4066-8444-18a3e7007367,Master Sign Plan,1633367880000.0, ,,6b4b99f1-2697-42a3-ad5c-ae2f5c1aef8c,Parcel,17810110018,CD - Current Planning and Entitlements,Master Sign Plan,Pending,Cyan at Green Valley MSP,,,1350 KELSO DUNES AVE,"HENDERSON, NV 89014",Avenue5 Residential,7025685252,1633305600000.0,616074.320386818,3206.33005745433
418492,SP-7-95,,,,,,VALLEY AUTO MALL,,,,,,,VALLEY AUTO MALL,,,300 AUTO MALL DR,,,,,158702.885835285,5769.7580581191105
418493,SP-7-95,,,,,,VALLEY AUTO MALL,,,,,,,VALLEY AUTO MALL,,,300 AUTO MALL DR,,,,,3890753.14418358,15916.975693535402
418494,CPLN2020004962,PlanManagement,faefe808-8ba5-425e-aab2-ec65bd3b9d29,Master Sign Plan,1582549578000.0, ,,34673793-c05d-4f60-a9d6-ec36cbacecdd,Parcel,17724412001,CD - Current Planning and Entitlements,Master Sign Plan,Pending,Storage One,,,3024 HARDIN DR,"HENDERSON, NV 89074","Vision Sign, Inc.",7028957474249,1582502400000.0,28203.423750216803,813.0560403821511
418495,CMSP1998SP0014,PlanManagement,C1F6FDE3-2B90-4654-A8C1-2573D292BCD0,21ce0a55-74f4-4564-bc2f-28fc972e7bce,896313600000.0,,VALLEY AUTOMALL,1331DF11-A9AD-4547-B580-C761A35F585A,Parcel,17811310014,CD - Current Planning and Entitlements,Master Sign Plan,Approved,VALLEY AUTO MALL,,897955200000.0,240 N GIBSON RD,"HENDERSON, NV 89014",,,1521504000000.0,4927446.29380041,17237.2757815352
418496,CPLN2019003367,PlanManagement,3427c7e2-c2d3-4b17-a674-6c6d10b0f4b4,Master Sign Plan,1561641688000.0, ,,d36b4a5b-bc52-4afd-8de4-afa19b988016,Parcel,17818217008,CD - Current Planning and Entitlements,Master Sign Plan,Pending,Master Sign Plan - Amendment,,,2548 WIGWAM PKWY 140,"HENDERSON, NV 89074",The DoJANG,7022057625,1561593600000.0,7458.57076917065,403.659832531846
418497,Z-30-94,,,,,,BLACK MOUNTAIN BUSINESS PARK,,,,,,,BLACK MOUNTAIN BUSINESS PARK,,,380 AUTO MALL DR,,,,,488756.585333373,3200.00894194946
418498,CPLN2019004579,PlanManagement,4bf5ad29-eb19-4b62-a4a1-bff9af905c75,Master Sign Plan,1577709517000.0, ,,8334e458-3732-4615-baf7-7a1eb6ea14e6,Parcel,17735710011,CD - Current Planning and Entitlements,Master Sign Plan,Pending,Aspire @ Sunridge Hts ,,,3161 SUNRIDGE HEIGHTS PKWY,"HENDERSON, NV 89052",Fusion Sign & Design,7029490760,1577664000000.0,502256.560427999,3257.4110332693
418499,CPLN2020005931,PlanManagement,84d397b2-1e67-4327-8703-257645700904,Master Sign Plan,1597048673000.0, ,,b35246fe-bd0c-4259-9015-28f7fb8402ee,Parcel,17725811005,CD - Current Planning and Entitlements,Master Sign Plan,Pending,Jollibee Signage ,,,10485 S EASTERN AVE,"HENDERSON, NV 89052",National Signs ,7026456444,1597017600000.0,519939.999300768,4289.012895601771
418503,CPLN2020006228,PlanManagement,866fe9fb-084b-4e4c-a7bc-40137d4cad6b,Master Sign Plan,1603670400000.0, ,,b160748d-f603-4910-84ef-2b392b862628,Parcel,19103110001,CD - Current Planning and Entitlements,Master Sign Plan,Pending,St Rose & Bermuda Master Sign Plan,,,1217 OSSA ST,"HENDERSON, NV 89052",Ryland Homes / Lennar,7024504907,1601510400000.0,4503.7861619304995,298.65621471587303
418506,CPLN2020006228,PlanManagement,866fe9fb-084b-4e4c-a7bc-40137d4cad6b,Master Sign Plan,1603670400000.0, ,,b160748d-f603-4910-84ef-2b392b862628,Parcel,19103110001,CD - Current Planning and Entitlements,Master Sign Plan,Pending,St Rose & Bermuda Master Sign Plan,,,1217 OSSA ST,"HENDERSON, NV 89052",Ryland Homes / Lennar,7024504907,1601510400000.0,4503.7861619304995,298.65621471587303
418508,CPLN2020006228,PlanManagement,866fe9fb-084b-4e4c-a7bc-40137d4cad6b,Master Sign Plan,1603670400000.0, ,,b160748d-f603-4910-84ef-2b392b862628,Parcel,19103110001,CD - Current Planning and Entitlements,Master Sign Plan,Pending,St Rose & Bermuda Master Sign Plan,,,1217 OSSA ST,"HENDERSON, NV 89052",Ryland Homes / Lennar,7024504907,1601510400000.0,4503.7861619304995,298.65621471587303
418509,CPLN2020006363,PlanManagement,2711ed52-3853-46cc-83b5-808387730eb9,Master Sign Plan,1603704656000.0, ,LAKE LAS VEGAS,7b2c1e66-d0ad-43f0-bd5a-0592fc958953,Parcel,16022620001,CD - Current Planning and Entitlements,Master Sign Plan,Pending,Reflection Bay Estates Park,,,15 REFLECTION BAY DR,"HENDERSON, NV 89011",Ryland Homes / Lennar,7024504907,1603670400000.0,7551.56520758765,371.97501558728203
418514,CPLN2020005504,PlanManagement,8d606740-6478-4d9d-b284-b3b154bebc0e,Master Sign Plan,1590503062000.0, ,,a172e04f-97db-425e-92ad-309c2cff59a8,Parcel,17811110005,CD - Current Planning and Entitlements,Master Sign Plan,Pending,Digital Billboard Picutres ,,,360 N GIBSON RD,"HENDERSON, NV 89014",Brown Brown & Premsrirut,,1590451200000.0,236645.609618104,2078.71693772886
418516,CPLN2019002183,PlanManagement,ce63be76-cff0-41c1-a86d-0d25853192ac,Master Sign Plan,1547047637000.0, ,,c574d974-be9b-4171-8a63-1ef5ca7b44e8,Parcel,19110601011,CD - Current Planning and Entitlements,Master Sign Plan,Pending,Smiths Distribution Warehouse,,,1775 EXECUTIVE AIRPORT DR,"HENDERSON, NV 89044",Hartlauer Signs,7028804328,1546992000000.0,1183664.8667228,4595.59513977056
418519,CPLN2020006228,PlanManagement,866fe9fb-084b-4e4c-a7bc-40137d4cad6b,Master Sign Plan,1603670400000.0, ,,b160748d-f603-4910-84ef-2b392b862628,Parcel,19103110001,CD - Current Planning and Entitlements,Master Sign Plan,Pending,St Rose & Bermuda Master Sign Plan,,,1217 OSSA ST,"HENDERSON, NV 89052",Ryland Homes / Lennar,7024504907,1601510400000.0,4503.7861619304995,298.65621471587303
418521,CPLN2020006228,PlanManagement,866fe9fb-084b-4e4c-a7bc-40137d4cad6b,Master Sign Plan,1603670400000.0, ,,b160748d-f603-4910-84ef-2b392b862628,Parcel,19103110001,CD - Current Planning and Entitlements,Master Sign Plan,Pending,St Rose & Bermuda Master Sign Plan,,,1217 OSSA ST,"HENDERSON, NV 89052",Ryland Homes / Lennar,7024504907,1601510400000.0,4503.7861619304995,298.65621471587303
418522,CPLN2020006228,PlanManagement,866fe9fb-084b-4e4c-a7bc-40137d4cad6b,Master Sign Plan,1603670400000.0, ,,b160748d-f603-4910-84ef-2b392b862628,Parcel,19103110001,CD - Current Planning and Entitlements,Master Sign Plan,Pending,St Rose & Bermuda Master Sign Plan,,,1217 OSSA ST,"HENDERSON, NV 89052",Ryland Homes / Lennar,7024504907,1601510400000.0,4503.7861619304995,298.65621471587303
418524,CPLN2019003712,PlanManagement,dca3d87e-da28-461a-9986-924e0ef5f678,Master Sign Plan,1566479936000.0, ,,b89f313c-ae4b-41f9-a8c3-993a814e76ed,Parcel,19103101020,CD - Current Planning and Entitlements,Master Sign Plan,Pending,Aviator Apartments,,,3660 ST ROSE PKWY,"HENDERSON, NV 89052","Architectural Design & Signs, Inc",7027957001,1566432000000.0,819782.756579766,5405.01577193378
418525,CPLN2020004896,PlanManagement,1762d474-0397-488b-b28a-1726c3fbed43,Master Sign Plan,1581586636000.0, ,,e786dd7e-218d-4053-8eab-0e7b14ed0313,Parcel,17805101004,CD - Current Planning and Entitlements,Master Sign Plan,Pending,Please Delete,,,4563 E SUNSET RD,"HENDERSON, NV 89014",Village Pub Green Valley Holdings LLC,7027338901,1581552000000.0,27768.221274571402,667.062908607022
418526,CPLN2020005004,PlanManagement,36c5f68b-af9d-44ae-a3d1-70f0fe5f952c,Master Sign Plan,1582797560000.0, ,,d330adb8-6663-4da4-b0bd-31e43815a94e,Parcel,19110210004,CD - Current Planning and Entitlements,Master Sign Plan,Pending,,,,12300 BERMUDA RD,"HENDERSON, NV 89044","South 15 Amigo Dev8, LLC",7028027840,1582761600000.0,796811.0918325259,3730.70174051396
418527,CPLN2020005284,PlanManagement,737e8c53-0181-4ffa-ae60-791ae1971453,Master Sign Plan,1586446872000.0, ,,748fb9ab-4763-48fe-b8d3-2c24a0b3542a,Parcel,17818814003,CD - Current Planning and Entitlements,Master Sign Plan,Pending,PEBBLE MARKETPLACE - Bank of America Sign ,,,1100 N GREEN VALLEY PKWY,"HENDERSON, NV 89074",High Impact Signs& Design ,7027367446,1586390400000.0,44542.6139472763,941.0327851230281
418528,CPLN2020006228,PlanManagement,866fe9fb-084b-4e4c-a7bc-40137d4cad6b,Master Sign Plan,1603670400000.0, ,,b160748d-f603-4910-84ef-2b392b862628,Parcel,19103110001,CD - Current Planning and Entitlements,Master Sign Plan,Pending,St Rose & Bermuda Master Sign Plan,,,1217 OSSA ST,"HENDERSON, NV 89052",Ryland Homes / Lennar,7024504907,1601510400000.0,4503.7861619304995,298.65621471587303
418534,CPLN2020006228,PlanManagement,866fe9fb-084b-4e4c-a7bc-40137d4cad6b,Master Sign Plan,1603670400000.0, ,,b160748d-f603-4910-84ef-2b392b862628,Parcel,19103110001,CD - Current Planning and Entitlements,Master Sign Plan,Pending,St Rose & Bermuda Master Sign Plan,,,1217 OSSA ST,"HENDERSON, NV 89052",Ryland Homes / Lennar,7024504907,1601510400000.0,4503.7861619304995,298.65621471587303
418536,CPLN2021007302,PlanManagement,eb4738b5-5c8a-4972-8a8c-1828b4f961c2,Master Sign Plan,1616428646000.0, ,,d6b47741-afcd-4e88-b265-830aaab95bf9,Parcel,17816815008,CD - Current Planning and Entitlements,Master Sign Plan,Pending,Aspire @ Paseo Elevation MSP,,,1490 PASEO VERDE PKWY,"HENDERSON, NV 89012","Fusion Sign & Design, Inc.",7029490760,1616371200000.0,173081.996799215,1775.51234991585
418538,CPLN2021008103,PlanManagement,407c3d24-e90b-4060-ba66-8bb61f3bc635,Master Sign Plan,1625751701000.0, ,,d4b97539-5c0c-4d1b-ba37-5f341b78f7af,Parcel,17815402028,CD - Current Planning and Entitlements,Master Sign Plan,Pending,Hannah Brown Elementary School Signs MSP,,,10 CHAPATA DR,"HENDERSON, NV 89012",CCSD,70279952145419,1625702400000.0,438600.97492337605,2823.03330174559
418542,CPLN2020006228,PlanManagement,866fe9fb-084b-4e4c-a7bc-40137d4cad6b,Master Sign Plan,1603670400000.0, ,,b160748d-f603-4910-84ef-2b392b862628,Parcel,19103110001,CD - Current Planning and Entitlements,Master Sign Plan,Pending,St Rose & Bermuda Master Sign Plan,,,1217 OSSA ST,"HENDERSON, NV 89052",Ryland Homes / Lennar,7024504907,1601510400000.0,4503.7861619304995,298.65621471587303
418544,CPLN2020006228,PlanManagement,866fe9fb-084b-4e4c-a7bc-40137d4cad6b,Master Sign Plan,1603670400000.0, ,,b160748d-f603-4910-84ef-2b392b862628,Parcel,19103110001,CD - Current Planning and Entitlements,Master Sign Plan,Pending,St Rose & Bermuda Master Sign Plan,,,1217 OSSA ST,"HENDERSON, NV 89052",Ryland Homes / Lennar,7024504907,1601510400000.0,4503.7861619304995,298.65621471587303
418545,CPLN2021007162,PlanManagement,49b650ac-2bb2-492e-8686-cd56085ac225,Master Sign Plan,1614784953000.0, ,,346a8bdb-5700-4f9c-acc1-ec071dc767b9,Parcel,17816815007,CD - Current Planning and Entitlements,Master Sign Plan,Pending,Dollar Self-Storage 20 MSP,,,20 S ARROYO GRANDE BLVD,"HENDERSON, NV 89012",High Impact Sign,7023363336,1614729600000.0,160280.257205187,2225.02377027913
418546,CPLN2021007878,PlanManagement,c76ef611-4f2f-413e-ba50-2090e12a49a1,Master Sign Plan,1623236821000.0, ,,0ac78e5e-3036-4120-b5db-b0db279d84e8,Parcel,19110710004,CD - Current Planning and Entitlements,Master Sign Plan,Pending,Speedee Mart at Volunteer Via Inspirada,,,3465 VOLUNTEER BLVD,"HENDERSON, NV",Turnbow Sign & Art,4159864211,1623196800000.0,70160.4338302754,1096.48126309951
418551,CPLN2020006228,PlanManagement,866fe9fb-084b-4e4c-a7bc-40137d4cad6b,Master Sign Plan,1603670400000.0, ,,b160748d-f603-4910-84ef-2b392b862628,Parcel,19103110001,CD - Current Planning and Entitlements,Master Sign Plan,Pending,St Rose & Bermuda Master Sign Plan,,,1217 OSSA ST,"HENDERSON, NV 89052",Ryland Homes / Lennar,7024504907,1601510400000.0,4503.7861619304995,298.65621471587303
418552,CPLN2020006228,PlanManagement,866fe9fb-084b-4e4c-a7bc-40137d4cad6b,Master Sign Plan,1603670400000.0, ,,b160748d-f603-4910-84ef-2b392b862628,Parcel,19103110001,CD - Current Planning and Entitlements,Master Sign Plan,Pending,St Rose & Bermuda Master Sign Plan,,,1217 OSSA ST,"HENDERSON, NV 89052",Ryland Homes / Lennar,7024504907,1601510400000.0,4503.7861619304995,298.65621471587303
418555,SP-4-98,,,,,,GREEN VALLEY CORPORATE CENTER,,,,,,,ANC/YESCO,,,701 N GREEN VALLEY PKWY,,,,,1001294.93489449,5647.9758882305005
418556,SP-4-99,,,,,,SUNSET RIDGE PROFESSIONAL/VENICE BEACH RESTAURANT,,,,,,,CDS SIGNS,,,2920 N GREEN VALLEY PKWY,,,,,36419.235723648504,809.3775901282901
418557,SP-40-98,,,,,,PARKWAY SPRINGS PLAZA,,,,,,,FEDERAL SIGNS,,,2265 N GREEN VALLEY PKWY,,,,,624918.532913805,4054.5819670244
418558,SP-42-98,,,,,,ARROYO GRANDE SPRINGS SHOPPING CENTER,,,,,,,DUNRITE CONSTRUCTION,,,1650 W WARM SPRINGS RD,,,,,109883.91987922801,1384.00831158989
418559,SP-43-98,,,,,,CITY STOP II,,,,,,,CITY STOP II,,,971 S BOULDER HWY,,,,,42682.754341213,860.888506234817
418560,SP-44-98,,,,,,HORIZON COMMERCIAL 7-11,,,,,,,LORAINNE HARRIS,,,2490 W HORIZON RIDGE PKWY,,,,,81089.10249296551,1130.90682626
418562,SP-5-00,,,,,,SUNSET WINDS,,,,,,,LINDA BASSETT WARRTON PROPERTY MGMT.,,,551 EIGER WY,,,,,322782.36489035597,2883.1110586804302
418563,SP-5-95,,,,,,CROSSROADS AT GREEN VALLEY PKWY,,,,,,, ,,,2312 S GREEN VALLEY PKWY,,,,,673930.675961137,4070.59789907425
418564,SP-5-96,,,,,,PARCEL 14,,,,,,,GARY COOK/COLLINS/ESI,,,1701 N GREEN VALLEY PKWY,,,,,74271.5496575915,1157.94264407647
418565,SP-5-97,,,,,,BOULDER MARKETPLACE/ROADRUNNER CASINO,,,,,,,AD ART ELECTRIC SIGN,,,754 S BOULDER HWY,,,,,25668.605809404504,893.983758389766
418566,SP-5-98,,,,,,BELTWAY PLAZA (EASTERN/SERENE COMMERCIAL CENTER),,,,,,,FIRST AMERICAN EQUITIES,,,9300 S EASTERN AVE,,,,,331954.91109724104,2276.80585881247
418567,SP-5-99,,,,,,FREMONT MEDICAL CENTER,,,,,,,VISION SIGNS,,,595 W LAKE MEAD PKWY,,,,,164263.33247636602,2075.2395530574
418568,SP-6-00,,,,,,LAKE MEAD POINTE,,,,,,,CHEVRON PRODUCTS,,,1395 E LAKE MEAD PKWY,,,,,52019.9277959503,1277.45208738629
418569,SP-6-95,,,,,,GREEN VALLEY CIVIC CENTER,,,,,,, ,,,2601-2651 N GREEN VALLEY PKWY,,,,,388458.068009134,2476.31234208476
418570,SP-6-96,,,,,,TERRIBLE HERBST,,,,,,,JERRY HERBST,,,2601 WIGWAM PKWY,,,,,63316.938981006,1022.45711391857
418571,SP-6-97,,,,,,REBEL 76 SERVICE STATION,,,,,,,REBEL 76,,,601 W LAKE MEAD PKWY,,,,,142274.841571764,1822.4625228423602
418572,SP-6-98,,,,,,ADOBE PLAZA/RITOFF,,,,,,,HARRIS RITOFF,,,1351 W WARM SPRINGS RD,,,,,535866.632308813,4726.48085042647
418574,SP-7-00,,,,,,LAKE POINT MARKET - SAMROSE/PIEKOFF CENTER,,,,,,,SAMROSE/PIEKOFF,,,181 N ARROYO GRANDE BLVD,,,,,93073.2152773223,1655.74082376196
418575,SP-7-96,,,,,,THE RESERVE,,,,,,,YOUNG ELECTRIC SIGN COMPANY,,,777 W LAKE MEAD PKWY,,,,,1897701.11333703,5999.73770633268
418576,SP-7-97,,,,,,WHITNEY RANCH BUSINESS CENTER/WAREHOUSES,,,,,,,WHITNEY RANCH BUSINESS,,,1000 STEPHANIE PL,,,,,120147.107527482,1849.21166005492
418577,SP-7-98,,,,,,GALLERIA CORPORATE CENTER,,,,,,,GALLERIA CORPORATE CENTER,,,WARM SPRINGS RD/STEPHANIE ST,,,,,661079.866838112,3246.0154938510304
418578,SP-7-99,,,,,,TERRIBLE HERBST #212,,,,,,,JOHN MARCHIANO,,,201 N PECOS RD,,,,,48682.7263361634,866.683412860323
418580,SP-8-95,,,,,,WARREN WALKER PRESCHOOL,,,,,,, ,,,2150 WINDMILL PKWY,,,,,164974.678999894,1886.4098516064
418581,SP-8-96,,,,,,SUNSET STATION HOTEL AND CASINO,,,,,,,STATION CASINOS,,,1301 W SUNSET RD,,,,,4090124.34350306,12434.802851498702
418582,SP-8-98,,,,,,CHAMPION VILLAGE PLAZA,,,,,,,CHAMPION VILLAGE,,,75 S GIBSON RD,,,,,224348.491458971,2068.19659369521
418583,SP-8-99,,,,,,RAINBOW CASINO,,,,,,,HEATH SIGNS,,,122 WATER ST,,,,,23825.7315041778,624.07688885717
418584,SP-9-00,,,,,,ROBINDALE CENTRE,,,,,,,ROBINDALE CENTRE,,,"301,305,311, 321 N PECOS RD",,,,,166209.74797769,1704.20100437772
418585,SP-9-95,,,,,,WINDMILL COMMERCIAL CENTER,,,,,,,SIGN SYSTEMS,,,2555-2591 WINDMILL PKWY,,,,,349207.385823809,2420.6645459711303
418586,SP-9-96,,,,,,GREEN VALLEY MEDICAL OFFICE BUILDING,,,,,,,KITTRELL GARLOCK,,,299 N PECOS RD,,,,,20681.6866810353,648.38303087007
418587,SP-9-97,,,,,,WHITNEY RANCH BUSINESS PARK,,,,,,,WHITNEY RANCH BUSINESS PARK,,,5600 E RUSSELL RD,,,,,617894.888438603,3883.4763029187
418588,SP-30-95,,,,,,OASIS SUMMIT,,,,,,,OASIS RESIDENTIAL,,,2675 WINDMILL PKWY,,,,,921963.11402601,4847.68261133603
418589,SP-30-96,,,,,,PEBBLE MARKETPLACE,,,,,,,ANC,,,500-1500 N GREEN VALLEY PKWY,,,,,809751.696645237,4483.60344602254
418590,SP-30-97,,,,,,CREATIVE KIDS DAYCARE,,,,,,,CREATIVE KIDS,,,6531 ANNIE OAKLEY DR,,,,,30175.8932389349,709.806464918332
418591,SP-30-98,,,,,,NEVADA STATE BANK,,,,,,,VISION SIGNS,,,1501 W WARM SPRINGS RD,,,,,54289.264951700905,932.675105458183
418642,SP-38-99,,,,,,MACDONALD CORPORATE CENTER,,,,,,,MACDONALD PROPERTIES,,,1700 HORIZON RIDGE PKWY #200,,,,,98270.8827041125,1508.1515205122303
418643,SP-39-98,,,,,,WHITNEY RANCH BUSINESS PARK,,,,,,,WHITNEY RANCH BUSINESS PARK,,,5600 E RUSSELL RD,,,,,617894.888438603,3883.4763029187
418644,SP-29-99,,,,,,P.T. MINING CO.,,,,,,,P.T. GAMING LLC,,,920 S BOULDER HWY,,,,,264256.97876365203,2616.5089237556704
418645,SP-3-00,,,,,,SUNSET SERVICE CENTER,,,,,,,ROBERT FELDMAN-SAM FELDMAN TRUST,,,745 E SUNSET RD,,,,,79918.38718433141,1241.67544476693
418646,SP-3-96,,,,,,THE RESERVE,,,,,,,YOUNG ELECTRIC SIGN COMPANY,,,777 W LAKE MEAD PKWY,,,,,1897701.11333703,5999.73770633268
418647,SP-3-97,,,,,,PLAZA LA PAZ,,,,,,,MILTON BOZANIC,,,4401 E SUNSET RD,,,,,38220.4689314405,934.558300111257
418648,SP-3-98,,,,,,PASEO VERDE PLAZA,,,,,,,AMERICAN NEVADA CORPORATION,,,55-75 S VALLE VERDE DR,,,,,469656.06374928297,3128.2838223654903
418649,SP-3-99,,,,,,TERRIBLE HERBST PECOS/WINDMILL,,,,,,,RFA,,,201 N PECOS RD,,,,,65465.88696540351,1010.1012072740201
418650,SP-30-94,,,,,,PECOS WINDMILL PLAZA,,,,,,,WARREN KELLOGG & ASSOC.,,,2601 WINDMILL PKWY,,,,,522030.54458368407,2940.00727858511
418651,SP-28-96,,,,,,HENDERSON SHOPPING VILLAGE,,,,,,,DEL TACO,,,830 S BOULDER HWY,,,,,331729.34321376804,3195.5401116777703
418652,SP-39-99,,,,,,OPPORTUNITY VILLAGE,,,,,,,OPPORTUNITY VILLAGE,,,451 E LAKE MEAD PKWY,,,,,80346.2130436276,1645.80547542793
418653,SP-4-00,,,,,,GREEN VALLEY STORAGE LAKE MEAD/WARM SPRINGS,,,,,,,GREEN VALLEY STORAGE,,,799 E LAKE MEAD PKWY,,,,,238039.972289781,2976.5141961698
418654,SP-4-95,,,,,,CROSSROADS AT SUNSET,,,,,,, ,,,1401 W SUNSET RD,,,,,609796.920703826,3130.2717837773503
418655,SP-4-96,,,,,,BURGER KING,,,,,,,GLENCO MGMT INC,,,300 E LAKE MEAD PKWY,,,,,565356.9656331659,4044.5631001988804
418656,SP-4-97,,,,,,SUNSET STATION HOTEL AND CASINO,,,,,,,STATION CASINOS,,,1301 W SUNSET RD,,,,,4090126.6474086,12427.7121363653
418592,SP-30-99,,,,,,K-MART,,,,,,,FANCHER DEVELOPMENT,,,732 S RACETRACK RD,,,,,378182.23719767795,2547.01615989758
418593,SP-31-94,,,,,,RENATAS/OUTBACK,,,,,,,GUS TZANETOPOULOS/SIGN SYSTEMS,,,4423 E SUNSET RD,,,,,661094.550329023,3562.5811509489
418594,SP-31-95,,,,,,VALLEY AUTO MALL,,,,,,,VALLEY AUTO MALL,,,300 AUTO MALL DR,,,,,4538212.61535224,24765.8826412485
418595,SP-24-98,,,,,,SUNSET STATION HOTEL AND CASINO,,,,,,,STATION CASINOS,,,1301 W SUNSET RD,,,,,4090124.71583374,12427.721876958201
418596,SP-24-99,,,,,,HORIZON MARKETPLACE,,,,,,,HORIZON PROPERTIES,,,10600 S EASTERN AVE,,,,,595311.229504971,3195.63226103398
418598,SP-25-95,,,,,,FREMONT MEDICAL CENTER,,,,,,,VISION SIGNS,,,595 W LAKE MEAD PKWY,,,,,164263.33247636602,2075.2395530574
418599,SP-24-96,,,,,,AUTO NATION USA,,,,,,,AUTO NATION USA,,,1000 W WARM SPRINGS RD,,,,,540688.2068548009,2981.8686796370603
418601,SP-25-96,,,,,,FAST EDDIES,,,,,,,YOUNG ELECTRIC SIGN COMPANY,,,4665 E SUNSET RD,,,,,43367.9319014298,856.222070065776
418602,SP-25-97,,,,,,ADOBE PLAZA/RITOFF,,,,,,,HARRIS RITOFF,,,1351 W WARM SPRINGS RD,,,,,535866.632308813,4726.48085042647
418603,SP-28-97,,,,,,SOUTH VALLEY RANCH APARTMENTS AMENDMENT,,,,,,,AMLAND DEVELOPMENT,,,701 ASPEN PEAK LOOP,,,,,756734.8380775669,3491.20890545912
418604,SP-28-98,,,,,,HORIZON POINT,,,,,,, ,,,HORIZON RIDGE PKWY/EASTERN AVE,,,,,27056.5828841514,662.970141445521
418605,SP-28-99,,,,,,CASHMAN EQUIPMENT,,,,,,,CASHMAN EQUIPMENT,,,561 PARKSON RD,,,,,72926.9277505404,1087.19527494834
418606,SP-22-95,,,,,,GALLERIA COMMONS,,,,,,,YOUNG ELECTRIC SIGN COMPANY,,,500 N STEPHANIE ST,,,,,1057183.75498738,4159.9312070157
418607,SP-28-95,,,,,,OASIS GLEN,,,,,,,OASIS RESIDENTIAL,,,2501 WIGWAM PKWY,,,,,217847.765434086,2108.84388958013
418608,SP-22-96,,,,,,EASTERN WIGWAM COMMERCIAL CENTER,,,,,,,ANC-MITCH MIZE,,,8400-8480 S EASTERN AVE,,,,,113597.757365909,1460.0881254195601
418609,SP-22-97,,,,,,ROADHOUSE CASINO,,,,,,,MCMACKIN,,,2100 N BOULDER HWY,,,,,317778.420808516,3546.9111663657304
418610,SP-22-98,,,,,,COAST CENTER,,,,,,,VISION SIGNS,,,520 E LAKE MEAD PKWY,,,,,306381.35718896304,2475.50155672264
418612,SP-23-00,,,,,,WALGREENS AT HORIZON RIDGE,,,,,,,EAST WEST INV.,,,1360 W HORIZON RIDGE PKWY,,,,,118892.424508787,1402.8672405320701
418613,CPLN2022010127,PlanManagement,ee441525-7b7b-460f-b7f8-7dc47d09a67a,Master Sign Plan,1650285609000.0, ,,450633ac-7ecb-4fc3-a8a9-c6300ed605ac,Parcel,17810401005,CD - Current Planning and Entitlements,Master Sign Plan,Pending,Ventana Canyon Apartments MSP,,,1250 AMERICAN PACIFIC DR,"HENDERSON, NV 89074",Impact Sign & Graphics LLC,7025707777,1651510271000.0,628230.238024062,3210.91486984856
418615,CPLN2022010129,PlanManagement,12cb14d0-eda2-4a4c-b71f-ae52ecbf2d78,Master Sign Plan,1650292037000.0, ,,d0e2b20e-8aa6-4855-b7b3-c97553faf7e8,Parcel,17810801004,CD - Current Planning and Entitlements,Master Sign Plan,Pending,Remington Canyon Apartments MSP,,,1000 AMERICAN PACIFIC DR,"HENDERSON, NV 89074",Impact Sign & Graphics LLC,7025707777,1651510306000.0,553129.098394998,2963.3711880181504
418617,CPLN2022009598,PlanManagement,b1850c75-19a8-49b3-bf40-5b4a7f1ac006,Master Sign Plan,1644506978000.0, ,,9b7434b2-e662-40c8-952d-71026c3c6993,Parcel,16132310002,CD - Current Planning and Entitlements,Master Sign Plan,Approved,Sunset Ridge Professional Plaza - The Perry Foundation MSP,,,2920 N GREEN VALLEY PKWY 700,"HENDERSON, NV 89014","Vision Sign, Inc.",7028957474249,1648080000000.0,25905.064187558,709.104703837045
418618,CPLN2022010129,PlanManagement,12cb14d0-eda2-4a4c-b71f-ae52ecbf2d78,Master Sign Plan,1650292037000.0, ,,d0e2b20e-8aa6-4855-b7b3-c97553faf7e8,Parcel,17810801004,CD - Current Planning and Entitlements,Master Sign Plan,Pending,Remington Canyon Apartments MSP,,,1000 AMERICAN PACIFIC DR,"HENDERSON, NV 89074",Impact Sign & Graphics LLC,7025707777,1650240000000.0,553129.098394998,2963.3711880181504
418619,CPLN2022009523,PlanManagement,ae48e6b6-0802-41b9-9775-fa078fd5fefb,Master Sign Plan,1643646585000.0, ,HORIZON POINTE,2c0da62a-c508-441e-b541-63dbde143089,Parcel,17725810007,CD - Current Planning and Entitlements,Master Sign Plan,Pending,Horizon Pointe MSP,,,10520 S EASTERN AVE 110,"HENDERSON, NV 89052",IKON GROUP LLC.,7023389367,1648080000000.0,31989.75099791,720.270385546552
418620,CPLN2022010127,PlanManagement,ee441525-7b7b-460f-b7f8-7dc47d09a67a,Master Sign Plan,1650285609000.0, ,,450633ac-7ecb-4fc3-a8a9-c6300ed605ac,Parcel,17810401005,CD - Current Planning and Entitlements,Master Sign Plan,Pending,Ventana Canyon Apartments MSP,,,1250 AMERICAN PACIFIC DR,"HENDERSON, NV 89074",Impact Sign & Graphics LLC,7025707777,1651766354000.0,628230.238024062,3210.91486984856
418622,CPLN2022010129,PlanManagement,12cb14d0-eda2-4a4c-b71f-ae52ecbf2d78,Master Sign Plan,1650292037000.0, ,,d0e2b20e-8aa6-4855-b7b3-c97553faf7e8,Parcel,17810801004,CD - Current Planning and Entitlements,Master Sign Plan,Pending,Remington Canyon Apartments MSP,,,1000 AMERICAN PACIFIC DR,"HENDERSON, NV 89074",Impact Sign & Graphics LLC,7025707777,1651766447000.0,553129.098394998,2963.3711880181504
418628,CPLN2020006228,PlanManagement,866fe9fb-084b-4e4c-a7bc-40137d4cad6b,Master Sign Plan,1603670400000.0, ,,b160748d-f603-4910-84ef-2b392b862628,Parcel,19103110001,CD - Current Planning and Entitlements,Master Sign Plan,Pending,St Rose & Bermuda Master Sign Plan,,,1217 OSSA ST,"HENDERSON, NV 89052",Ryland Homes / Lennar,7024504907,1601510400000.0,4503.7861619304995,298.65621471587303
418629,CPLN2020006228,PlanManagement,866fe9fb-084b-4e4c-a7bc-40137d4cad6b,Master Sign Plan,1603670400000.0, ,,b160748d-f603-4910-84ef-2b392b862628,Parcel,19103110001,CD - Current Planning and Entitlements,Master Sign Plan,Pending,St Rose & Bermuda Master Sign Plan,,,1217 OSSA ST,"HENDERSON, NV 89052",Ryland Homes / Lennar,7024504907,1601510400000.0,4503.7861619304995,298.65621471587303
418631,CPLN2020006228,PlanManagement,866fe9fb-084b-4e4c-a7bc-40137d4cad6b,Master Sign Plan,1603670400000.0, ,,b160748d-f603-4910-84ef-2b392b862628,Parcel,19103110001,CD - Current Planning and Entitlements,Master Sign Plan,Pending,St Rose & Bermuda Master Sign Plan,,,1217 OSSA ST,"HENDERSON, NV 89052",Ryland Homes / Lennar,7024504907,1601510400000.0,4503.7861619304995,298.65621471587303
418633,CPLN2020006228,PlanManagement,866fe9fb-084b-4e4c-a7bc-40137d4cad6b,Master Sign Plan,1603670400000.0, ,,b160748d-f603-4910-84ef-2b392b862628,Parcel,19103110001,CD - Current Planning and Entitlements,Master Sign Plan,Pending,St Rose & Bermuda Master Sign Plan,,,1217 OSSA ST,"HENDERSON, NV 89052",Ryland Homes / Lennar,7024504907,1601510400000.0,4503.7861619304995,298.65621471587303
418634,CPLN2021006836,PlanManagement,20fe2437-62f6-47be-ab1d-a1927402b6f8,Master Sign Plan,1610362325000.0, ,,050a7853-ba87-43ec-90fb-cd97fe641b9d,Parcel,17918701001,CD - Current Planning and Entitlements,Master Sign Plan,Pending,The Pass Casino MSP,,,140 S WATER ST,"HENDERSON, NV 89015","Patricks Signs, Inc.",7028734463,1610323200000.0,137480.620140864,1600.3436836417002
418638,CPLN2021007524,PlanManagement,850e0ffd-ac4f-4318-bc20-5bb266aa1cdb,Master Sign Plan,1618913773000.0, ,,567c67f1-58ef-46a7-a911-46d7226c7337,Parcel,17811110005,CD - Current Planning and Entitlements,Master Sign Plan,Pending,Jaguar Land Rover Henderson MSP,,,360 N GIBSON RD,"HENDERSON, NV 89014","Findlay Management Group, Inc.",7022392725,1618876800000.0,236645.609618104,2078.71693772886
418639,CPLN2021007824,PlanManagement,3820d629-f182-4c25-9f7d-f62191a46bf3,Master Sign Plan,1622553951000.0, ,,a033746f-68f0-4c81-b287-460cae999e8a,Parcel,16132810043,CD - Current Planning and Entitlements,Master Sign Plan,Pending,Sunset Vista Professional Park - Roseman University ,,,4 SUNSET WAY D,"HENDERSON, NV 89014",Roseman University of Health Services ,8016736300,1622505600000.0,45714.14032408,867.4830507428361
418640,CPLN2020006228,PlanManagement,866fe9fb-084b-4e4c-a7bc-40137d4cad6b,Master Sign Plan,1603670400000.0, ,,b160748d-f603-4910-84ef-2b392b862628,Parcel,19103110001,CD - Current Planning and Entitlements,Master Sign Plan,Pending,St Rose & Bermuda Master Sign Plan,,,1217 OSSA ST,"HENDERSON, NV 89052",Ryland Homes / Lennar,7024504907,1601510400000.0,4503.7861619304995,298.65621471587303
