<?xml version="1.0" encoding="UTF-8"?>
<kml xmlns="http://www.opengis.net/kml/2.2">
<Document>
<name>LV_Billboards_DEMO</name>
<Style id="billboard">
  <IconStyle>
    <scale>1.1</scale>
    <Icon>
      <href>http://maps.google.com/mapfiles/kml/shapes/target.png</href>
    </Icon>
  </IconStyle>
</Style>
<Folder><name> </name>
<Placemark>
  <name>0</name>
  <styleUrl>#billboard</styleUrl>
  <description><![CDATA[<b>OBJECTID_BILLBOARD</b>: 4<br/><b>LVBOARDS_</b>: 8<br/><b>LVBOARDS_I</b>: 13<br/><b>SIGN_TYPE</b>:  <br/><b>STREET_NUM</b>: 3901<br/><b>STREET_DIR</b>: N<br/><b>STREET_NAM</b>: Rancho<br/><b>PARCEL</b>: 13812110004<br/><b>PARCELOLD</b>: 13812110004<br/><b>APPLICANT</b>: Clear Channel Outdoor<br/><b>SIGN_AREA</b>: 672<br/><b>SIGN_HEIGH</b>: 40<br/><b>TAG_NUM</b>: 0<br/><b>APPLY_DATE</b>:  <br/><b>NOTES_SUP</b>: U-10-97<br/><b>NOTES_VAR</b>:  <br/><b>NOTES_RQR</b>: RQR-39501; 22126; 4270; U-10-97(1)<br/><b>NOTES</b>:  <br/><b>SIZE_</b>: 14x48<br/><b>FIELD_CHEC</b>: 1<br/><b>FREEWAY</b>: 300<br/><b>APP_FIN</b>:  <br/><b>WARD_BILLBOARD</b>: 6<br/><b>LONGITUDE</b>: -115.22328021217717<br/><b>LATITUDE</b>: 36.228945660462394<br/><b>OBJECTID_1</b>: 586789.0<br/><b>CALC_ACRES</b>: 0.0<br/><b>ASSR_ACRES</b>: 0.0<br/><b>LABEL_CLAS</b>: 703.0<br/><b>PARCELTYPE</b>: 0.0<br/><b>PRCLID</b>: 13812110004<br/><b>PRCLKEY</b>: 703.0<br/><b>PRCLVER</b>: 703.0<br/><b>PCLBOOK</b>: 138<br/><b>PCLSEC</b>: 12<br/><b>PCLPAGE</b>: 1<br/><b>PCLSUBD</b>: 10<br/><b>PCLNO</b>: 004<br/><b>TAXDIST_SP</b>: 200.0<br/><b>FDPHANTOM</b>: 1921-32<br/><b>FIREMAPNO</b>: 1921.0<br/><b>CENTRACT</b>: 3413.0<br/><b>SHAPE_LENG</b>: 25122.3741037<br/><b>PRECINCT</b>: 2009.0<br/><b>COMMISSION</b>: B<br/><b>ASSEMBLY</b>: 3.0<br/><b>SENATE</b>: 3.0<br/><b>CONGRESS</b>: 4.0<br/><b>TAZ</b>: 1137.0<br/><b>PERIMETER</b>: 265026.231717<br/><b>WARD_PARCEL</b>: 5<br/><b>CNTY_IS</b>: 0.0<br/><b>SHADE</b>: 113.0<br/><b>ACRES</b>: 9805.19074535<br/><b>SQ_MILES</b>: 15.32061054<br/><b>ZIP</b>: 89108.0<br/><b>OBJECTID_PARCEL</b>: 213124.0<br/><b>TAXDIST</b>: 200.0<br/><b>OWNER</b>: POOLE-SANFORD L L C<br/><b>ADDRESS1</b>: 3901 N RANCHO DR<br/><b>ADDRESS2</b>: LAS VEGAS NV 89130-3415<br/><b>ADDRESS3</b>:  <br/><b>ADDRESS4</b>:  <br/><b>ADDRESS5</b>:  <br/><b>NAMETAG</b>:  <br/><b>ZIPCODE</b>: 891303415.0<br/><b>COMNAME</b>:  <br/><b>STRNO</b>: 3901.0<br/><b>STRFRAC</b>:  <br/><b>STRDIR</b>: N<br/><b>STRNAME</b>: RANCHO<br/><b>STRTYPE</b>: DR<br/><b>STRCITY</b>: LV<br/><b>STRUNIT</b>:  <br/><b>COMMENT1</b>:  <br/><b>COMMENT2</b>:  <br/><b>FIXD</b>: PM00340089        L1<br/><b>SUBTAG</b>:  <br/><b>LEGAL1</b>: PARCEL MAP FILE 34 PAGE 89<br/><b>LEGAL2</b>: LOT 1<br/><b>LEGAL3</b>: (PLAT BOOK 4-19 LOT 5 PT LOT 6)<br/><b>LEGAL4</b>:  <br/><b>LEGAL5</b>:  <br/><b>LEGAL6</b>:  <br/><b>ASSDYR</b>: 2027.0<br/><b>CONSTYR</b>: 1981.0<br/><b>DOCDATE</b>: 19970918<br/><b>FILLER1</b>:  <br/><b>DOCNO</b>: 1997091801543<br/><b>DOCMULTI</b>:  <br/><b>DOCVEST</b>: NS<br/><b>SALEPRICE</b>: 850000.0<br/><b>SALETYPE</b>: M<br/><b>SALEDATE</b>: 19970901<br/><b>PORTION</b>:  <br/><b>BK1</b>:  <br/><b>BK2</b>:  <br/><b>SECTNO</b>: 12<br/><b>TOWNSHIP</b>: 20<br/><b>RANGE</b>: 60<br/><b>LANDUSE</b>: 345000.0<br/><b>CAPACITY</b>: 1.0<br/><b>LANDCD1</b>:  <br/><b>LANDACRE1</b>: 2.0<br/><b>LANDVAL1</b>: 316963.0<br/><b>LANDCD2</b>:  <br/><b>LANDACRE2</b>: 0.0<br/><b>LANDVAL2</b>: 0.0<br/><b>IMPVAL</b>: 372907.0<br/><b>PRCD1</b>:  <br/><b>PRVAL1</b>: 0.0<br/><b>PRCD2</b>:  <br/><b>PRVAL2</b>: 0.0<br/><b>PRCD3</b>:  <br/><b>PRVAL3</b>: 0.0<br/><b>EXMPCD</b>:  <br/><b>EXMPVAL</b>: 0.0<br/><b>LYACRES</b>: 0.0<br/><b>LYLNDVAL</b>: 288148.0<br/><b>LYIMPVAL</b>: 379568.0<br/><b>LYPPVAL</b>: 0.0<br/><b>LYEXCD</b>:  <br/><b>LYEXVAL</b>: 0.0<br/><b>LY2ACRES</b>: 0.0<br/><b>LY2LNDVAL</b>: 0.0<br/><b>LY2IMPVAL</b>: 0.0<br/><b>LY2PPVAL</b>: 0.0<br/><b>LY2EXCD</b>:  <br/><b>LY2EXVAL</b>: 0.0<br/><b>OWNERNUM</b>: 0.0<br/><b>OWNERDEN</b>: 0.0<br/><b>ETALFLAG</b>: N<br/><b>UPDDATE</b>: 20231117<br/><b>LASTUPDATE</b>: 20231117<br/><b>LOTSQFT</b>: 0.0<br/><b>OLDPARCEL</b>:  <br/><b>INACTPCL</b>: 13812110004<br/><b>INACTREF</b>: 0.0<br/><b>FILLER2</b>:  <br/><b>PCLBOOK3</b>: 138<br/><b>PCL5</b>: 13812<br/><b>PCL6</b>: 138121<br/><b>PCL8</b>: 13812110<br/><b>OLDBOOK</b>: 138<br/><b>OLDPCL</b>: 138121100<br/><b>OLDPAGE</b>: 121<br/><b>OLDLOT</b>: 100<br/><b>OLDFILL</b>: 04<br/><b>ZIPMAIN</b>: 89130.0<br/><b>ZIPLUS4</b>: 3415.0<br/><b>LOCATION</b>: 003901   N RANCHO                DR  L<br/><b>STR</b>: 1220  60<br/><b>ADBOOK</b>: 0034<br/><b>ADPAGE</b>: 0089<br/><b>ADDR_OWN</b>: POOLE-SANFORD L L C             3901 N RANCHO DR                LAS VEGAS NV 89130-3415<br/><b>ADDRESS</b>: 003901   N RANCHO                DR<br/><b>INACTNEWPC</b>:  <br/><b>LUCODE</b>: 345.0<br/><b>SHAPE_LE_1</b>: 1150.00035357<br/><b>Shape__Area</b>: 82500.091796875<br/><b>Shape__Length</b>: 1150.0003535849505]]></description>
  <Point>
    <coordinates>-115.22328021217717,36.228945660462394,0</coordinates>
  </Point>
</Placemark>
<Placemark>
  <name>0</name>
  <styleUrl>#billboard</styleUrl>
  <description><![CDATA[<b>OBJECTID_BILLBOARD</b>: 5<br/><b>LVBOARDS_</b>: 9<br/><b>LVBOARDS_I</b>: 18<br/><b>SIGN_TYPE</b>:  <br/><b>STREET_NUM</b>: 3901<br/><b>STREET_DIR</b>: N<br/><b>STREET_NAM</b>: Rancho<br/><b>PARCEL</b>: 13812110005<br/><b>PARCELOLD</b>: 13812110004<br/><b>APPLICANT</b>: Clear Channel Outdoor<br/><b>SIGN_AREA</b>: 288<br/><b>SIGN_HEIGH</b>: 40<br/><b>TAG_NUM</b>: 0<br/><b>APPLY_DATE</b>:  <br/><b>NOTES_SUP</b>:  <br/><b>NOTES_VAR</b>:  <br/><b>NOTES_RQR</b>:  <br/><b>NOTES</b>:  <br/><b>SIZE_</b>:  <br/><b>FIELD_CHEC</b>: 1<br/><b>FREEWAY</b>: 300<br/><b>APP_FIN</b>:  <br/><b>WARD_BILLBOARD</b>: 6<br/><b>LONGITUDE</b>: -115.22265551396453<br/><b>LATITUDE</b>: 36.22819434414714<br/><b>OBJECTID_1</b>: 557657.0<br/><b>CALC_ACRES</b>: 0.0<br/><b>ASSR_ACRES</b>: 0.0<br/><b>LABEL_CLAS</b>: 703.0<br/><b>PARCELTYPE</b>: 0.0<br/><b>PRCLID</b>: 13812110005<br/><b>PRCLKEY</b>: 703.0<br/><b>PRCLVER</b>: 703.0<br/><b>PCLBOOK</b>: 138<br/><b>PCLSEC</b>: 12<br/><b>PCLPAGE</b>: 1<br/><b>PCLSUBD</b>: 10<br/><b>PCLNO</b>: 005<br/><b>TAXDIST_SP</b>: 200.0<br/><b>FDPHANTOM</b>: 1921-32<br/><b>FIREMAPNO</b>: 1921.0<br/><b>CENTRACT</b>: 3413.0<br/><b>SHAPE_LENG</b>: 25122.3741037<br/><b>PRECINCT</b>: 2009.0<br/><b>COMMISSION</b>: B<br/><b>ASSEMBLY</b>: 3.0<br/><b>SENATE</b>: 3.0<br/><b>CONGRESS</b>: 4.0<br/><b>TAZ</b>: 1137.0<br/><b>PERIMETER</b>: 265026.231717<br/><b>WARD_PARCEL</b>: 5<br/><b>CNTY_IS</b>: 0.0<br/><b>SHADE</b>: 113.0<br/><b>ACRES</b>: 9805.19074535<br/><b>SQ_MILES</b>: 15.32061054<br/><b>ZIP</b>: 89108.0<br/><b>OBJECTID_PARCEL</b>: 213125.0<br/><b>TAXDIST</b>: 200.0<br/><b>OWNER</b>: POOLE-SANFORD L L C<br/><b>ADDRESS1</b>: 3901 N RANCHO DR<br/><b>ADDRESS2</b>: LAS VEGAS NV 89130-3415<br/><b>ADDRESS3</b>:  <br/><b>ADDRESS4</b>:  <br/><b>ADDRESS5</b>:  <br/><b>NAMETAG</b>:  <br/><b>ZIPCODE</b>: 891303415.0<br/><b>COMNAME</b>:  <br/><b>STRNO</b>: 3901.0<br/><b>STRFRAC</b>:  <br/><b>STRDIR</b>: N<br/><b>STRNAME</b>: RANCHO<br/><b>STRTYPE</b>: DR<br/><b>STRCITY</b>: LV<br/><b>STRUNIT</b>:  <br/><b>COMMENT1</b>:  <br/><b>COMMENT2</b>:  <br/><b>FIXD</b>: PM00340089        L2<br/><b>SUBTAG</b>:  <br/><b>LEGAL1</b>: PARCEL MAP FILE 34 PAGE 89<br/><b>LEGAL2</b>: LOT 2<br/><b>LEGAL3</b>: (PLAT BOOK 4-19 PT LOT 6)<br/><b>LEGAL4</b>:  <br/><b>LEGAL5</b>:  <br/><b>LEGAL6</b>:  <br/><b>ASSDYR</b>: 2027.0<br/><b>CONSTYR</b>: 1984.0<br/><b>DOCDATE</b>: 19970918<br/><b>FILLER1</b>:  <br/><b>DOCNO</b>: 1997091801543<br/><b>DOCMULTI</b>:  <br/><b>DOCVEST</b>: NS<br/><b>SALEPRICE</b>: 850000.0<br/><b>SALETYPE</b>: M<br/><b>SALEDATE</b>: 19970901<br/><b>PORTION</b>:  <br/><b>BK1</b>:  <br/><b>BK2</b>:  <br/><b>SECTNO</b>: 12<br/><b>TOWNSHIP</b>: 20<br/><b>RANGE</b>: 60<br/><b>LANDUSE</b>: 730000.0<br/><b>CAPACITY</b>: 1.0<br/><b>LANDCD1</b>:  <br/><b>LANDACRE1</b>: 1.0<br/><b>LANDVAL1</b>: 105656.0<br/><b>LANDCD2</b>:  <br/><b>LANDACRE2</b>: 0.0<br/><b>LANDVAL2</b>: 0.0<br/><b>IMPVAL</b>: 8292.0<br/><b>PRCD1</b>:  <br/><b>PRVAL1</b>: 0.0<br/><b>PRCD2</b>:  <br/><b>PRVAL2</b>: 0.0<br/><b>PRCD3</b>:  <br/><b>PRVAL3</b>: 0.0<br/><b>EXMPCD</b>:  <br/><b>EXMPVAL</b>: 0.0<br/><b>LYACRES</b>: 0.0<br/><b>LYLNDVAL</b>: 96051.0<br/><b>LYIMPVAL</b>: 8442.0<br/><b>LYPPVAL</b>: 0.0<br/><b>LYEXCD</b>:  <br/><b>LYEXVAL</b>: 0.0<br/><b>LY2ACRES</b>: 0.0<br/><b>LY2LNDVAL</b>: 0.0<br/><b>LY2IMPVAL</b>: 0.0<br/><b>LY2PPVAL</b>: 0.0<br/><b>LY2EXCD</b>:  <br/><b>LY2EXVAL</b>: 0.0<br/><b>OWNERNUM</b>: 0.0<br/><b>OWNERDEN</b>: 0.0<br/><b>ETALFLAG</b>: N<br/><b>UPDDATE</b>: 20231117<br/><b>LASTUPDATE</b>: 20231117<br/><b>LOTSQFT</b>: 0.0<br/><b>OLDPARCEL</b>:  <br/><b>INACTPCL</b>: 13812110005<br/><b>INACTREF</b>: 0.0<br/><b>FILLER2</b>:  <br/><b>PCLBOOK3</b>: 138<br/><b>PCL5</b>: 13812<br/><b>PCL6</b>: 138121<br/><b>PCL8</b>: 13812110<br/><b>OLDBOOK</b>: 138<br/><b>OLDPCL</b>: 138121100<br/><b>OLDPAGE</b>: 121<br/><b>OLDLOT</b>: 100<br/><b>OLDFILL</b>: 05<br/><b>ZIPMAIN</b>: 89130.0<br/><b>ZIPLUS4</b>: 3415.0<br/><b>LOCATION</b>: 003901   N RANCHO                DR  L<br/><b>STR</b>: 1220  60<br/><b>ADBOOK</b>: 0034<br/><b>ADPAGE</b>: 0089<br/><b>ADDR_OWN</b>: POOLE-SANFORD L L C             3901 N RANCHO DR                LAS VEGAS NV 89130-3415<br/><b>ADDRESS</b>: 003901   N RANCHO                DR<br/><b>INACTNEWPC</b>:  <br/><b>LUCODE</b>: 730.0<br/><b>SHAPE_LE_1</b>: 749.99973068<br/><b>Shape__Area</b>: 27499.970703125<br/><b>Shape__Length</b>: 749.9997306818807]]></description>
  <Point>
    <coordinates>-115.22265551396453,36.22819434414714,0</coordinates>
  </Point>
</Placemark>
<Placemark>
  <name>1234</name>
  <styleUrl>#billboard</styleUrl>
  <description><![CDATA[<b>OBJECTID_BILLBOARD</b>: 6<br/><b>LVBOARDS_</b>: 10<br/><b>LVBOARDS_I</b>: 16<br/><b>SIGN_TYPE</b>:  <br/><b>STREET_NUM</b>: 3340<br/><b>STREET_DIR</b>: N<br/><b>STREET_NAM</b>: Rancho<br/><b>PARCEL</b>: 13812810004<br/><b>PARCELOLD</b>: 13812810004<br/><b>APPLICANT</b>: Clear Channel Outdoor<br/><b>SIGN_AREA</b>: 672<br/><b>SIGN_HEIGH</b>: 50<br/><b>TAG_NUM</b>: 1234<br/><b>APPLY_DATE</b>:  <br/><b>NOTES_SUP</b>: U-119-95<br/><b>NOTES_VAR</b>:  <br/><b>NOTES_RQR</b>: RQR-32723<br/><b>NOTES</b>:  <br/><b>SIZE_</b>: 14x48<br/><b>FIELD_CHEC</b>: 1<br/><b>FREEWAY</b>: 300<br/><b>APP_FIN</b>:  <br/><b>WARD_BILLBOARD</b>: 6<br/><b>LONGITUDE</b>: -115.21392336346344<br/><b>LATITUDE</b>: 36.21960970314395<br/><b>OBJECTID_1</b>: 545812.0<br/><b>CALC_ACRES</b>: 0.0<br/><b>ASSR_ACRES</b>: 0.0<br/><b>LABEL_CLAS</b>: 703.0<br/><b>PARCELTYPE</b>: 0.0<br/><b>PRCLID</b>: 13812810004<br/><b>PRCLKEY</b>: 703.0<br/><b>PRCLVER</b>: 703.0<br/><b>PCLBOOK</b>: 138<br/><b>PCLSEC</b>: 12<br/><b>PCLPAGE</b>: 8<br/><b>PCLSUBD</b>: 10<br/><b>PCLNO</b>: 004<br/><b>TAXDIST_SP</b>: 200.0<br/><b>FDPHANTOM</b>: 1921-86<br/><b>FIREMAPNO</b>: 1921.0<br/><b>CENTRACT</b>: 3414.0<br/><b>SHAPE_LENG</b>: 26731.4310858<br/><b>PRECINCT</b>: 2037.0<br/><b>COMMISSION</b>: B<br/><b>ASSEMBLY</b>: 7.0<br/><b>SENATE</b>: 4.0<br/><b>CONGRESS</b>: 4.0<br/><b>TAZ</b>: 231.0<br/><b>PERIMETER</b>: 265026.231717<br/><b>WARD_PARCEL</b>: 5<br/><b>CNTY_IS</b>: 0.0<br/><b>SHADE</b>: 113.0<br/><b>ACRES</b>: 9805.19074535<br/><b>SQ_MILES</b>: 15.32061054<br/><b>ZIP</b>: 89130.0<br/><b>OBJECTID_PARCEL</b>: 214377.0<br/><b>TAXDIST</b>: 200.0<br/><b>OWNER</b>: MADDOX DAVID<br/><b>ADDRESS1</b>: 1060 PRIMAVERA LN<br/><b>ADDRESS2</b>: NIPOMO CA 93444<br/><b>ADDRESS3</b>:  <br/><b>ADDRESS4</b>:  <br/><b>ADDRESS5</b>:  <br/><b>NAMETAG</b>:  <br/><b>ZIPCODE</b>: 934440000.0<br/><b>COMNAME</b>:  <br/><b>STRNO</b>: 3340.0<br/><b>STRFRAC</b>:  <br/><b>STRDIR</b>: N<br/><b>STRNAME</b>: RANCHO<br/><b>STRTYPE</b>: DR<br/><b>STRCITY</b>: LV<br/><b>STRUNIT</b>:  <br/><b>COMMENT1</b>:  <br/><b>COMMENT2</b>:  <br/><b>FIXD</b>: PB00030086  B1    L8<br/><b>SUBTAG</b>:  <br/><b>LEGAL1</b>: ELSTNER EST SUB<br/><b>LEGAL2</b>: PLAT BOOK 3 PAGE 86<br/><b>LEGAL3</b>: LOT 8 BLOCK 1<br/><b>LEGAL4</b>: &amp; PT VAC ALLEY<br/><b>LEGAL5</b>:  <br/><b>LEGAL6</b>:  <br/><b>ASSDYR</b>: 2027.0<br/><b>CONSTYR</b>: 1956.0<br/><b>DOCDATE</b>: 20111212<br/><b>FILLER1</b>:  <br/><b>DOCNO</b>: 2011121200894<br/><b>DOCMULTI</b>:  <br/><b>DOCVEST</b>: NS<br/><b>SALEPRICE</b>: 335000.0<br/><b>SALETYPE</b>: M<br/><b>SALEDATE</b>: 20040301<br/><b>PORTION</b>:  <br/><b>BK1</b>:  <br/><b>BK2</b>:  <br/><b>SECTNO</b>: 12<br/><b>TOWNSHIP</b>: 20<br/><b>RANGE</b>: 60<br/><b>LANDUSE</b>: 358000.0<br/><b>CAPACITY</b>: 1.0<br/><b>LANDCD1</b>:  <br/><b>LANDACRE1</b>: 0.0<br/><b>LANDVAL1</b>: 82174.0<br/><b>LANDCD2</b>:  <br/><b>LANDACRE2</b>: 0.0<br/><b>LANDVAL2</b>: 0.0<br/><b>IMPVAL</b>: 11931.0<br/><b>PRCD1</b>:  <br/><b>PRVAL1</b>: 0.0<br/><b>PRCD2</b>:  <br/><b>PRVAL2</b>: 0.0<br/><b>PRCD3</b>:  <br/><b>PRVAL3</b>: 0.0<br/><b>EXMPCD</b>:  <br/><b>EXMPVAL</b>: 0.0<br/><b>LYACRES</b>: 0.0<br/><b>LYLNDVAL</b>: 74704.0<br/><b>LYIMPVAL</b>: 11931.0<br/><b>LYPPVAL</b>: 0.0<br/><b>LYEXCD</b>:  <br/><b>LYEXVAL</b>: 0.0<br/><b>LY2ACRES</b>: 0.0<br/><b>LY2LNDVAL</b>: 0.0<br/><b>LY2IMPVAL</b>: 0.0<br/><b>LY2PPVAL</b>: 0.0<br/><b>LY2EXCD</b>:  <br/><b>LY2EXVAL</b>: 0.0<br/><b>OWNERNUM</b>: 0.0<br/><b>OWNERDEN</b>: 0.0<br/><b>ETALFLAG</b>: N<br/><b>UPDDATE</b>: 20231117<br/><b>LASTUPDATE</b>: 20231117<br/><b>LOTSQFT</b>: 0.0<br/><b>OLDPARCEL</b>:  <br/><b>INACTPCL</b>: 13812810004<br/><b>INACTREF</b>: 0.0<br/><b>FILLER2</b>:  <br/><b>PCLBOOK3</b>: 138<br/><b>PCL5</b>: 13812<br/><b>PCL6</b>: 138128<br/><b>PCL8</b>: 13812810<br/><b>OLDBOOK</b>: 138<br/><b>OLDPCL</b>: 138128100<br/><b>OLDPAGE</b>: 128<br/><b>OLDLOT</b>: 100<br/><b>OLDFILL</b>: 04<br/><b>ZIPMAIN</b>: 93444.0<br/><b>ZIPLUS4</b>: 0.0<br/><b>LOCATION</b>: 003340   N RANCHO                DR  L<br/><b>STR</b>: 1220  60<br/><b>ADBOOK</b>: 0003<br/><b>ADPAGE</b>: 0086<br/><b>ADDR_OWN</b>: MADDOX DAVID                    1060 PRIMAVERA LN               NIPOMO CA 93444<br/><b>ADDRESS</b>: 003340   N RANCHO                DR<br/><b>INACTNEWPC</b>:  <br/><b>LUCODE</b>: 358.0<br/><b>SHAPE_LE_1</b>: 623.2247054<br/><b>Shape__Area</b>: 21334.587890625<br/><b>Shape__Length</b>: 623.2247054064294]]></description>
  <Point>
    <coordinates>-115.21392336346344,36.21960970314395,0</coordinates>
  </Point>
</Placemark>
<Placemark>
  <name>0</name>
  <styleUrl>#billboard</styleUrl>
  <description><![CDATA[<b>OBJECTID_BILLBOARD</b>: 13<br/><b>LVBOARDS_</b>: 17<br/><b>LVBOARDS_I</b>: 7<br/><b>SIGN_TYPE</b>:  <br/><b>STREET_NUM</b>: 0<br/><b>STREET_DIR</b>:  <br/><b>STREET_NAM</b>:  <br/><b>PARCEL</b>: 13918403002<br/><b>PARCELOLD</b>: 13918403001<br/><b>APPLICANT</b>: LAMAR<br/><b>SIGN_AREA</b>: 672<br/><b>SIGN_HEIGH</b>: 40<br/><b>TAG_NUM</b>: 0<br/><b>APPLY_DATE</b>:  <br/><b>NOTES_SUP</b>: U-21-97<br/><b>NOTES_VAR</b>:  <br/><b>NOTES_RQR</b>: RQR-21509; U-21-97(1)<br/><b>NOTES</b>:  <br/><b>SIZE_</b>: 14x48<br/><b>FIELD_CHEC</b>: 1<br/><b>FREEWAY</b>: 300<br/><b>APP_FIN</b>:  <br/><b>WARD_BILLBOARD</b>: 5<br/><b>LONGITUDE</b>: -115.19958238489771<br/><b>LATITUDE</b>: 36.20304985323829<br/><b>OBJECTID_1</b>: 557704.0<br/><b>CALC_ACRES</b>: 0.0<br/><b>ASSR_ACRES</b>: 0.59<br/><b>LABEL_CLAS</b>: 701.0<br/><b>PARCELTYPE</b>: 0.0<br/><b>PRCLID</b>: 13918403002<br/><b>PRCLKEY</b>: 701.0<br/><b>PRCLVER</b>: 701.0<br/><b>PCLBOOK</b>: 139<br/><b>PCLSEC</b>: 18<br/><b>PCLPAGE</b>: 4<br/><b>PCLSUBD</b>: 03<br/><b>PCLNO</b>: 002<br/><b>TAXDIST_SP</b>: 200.0<br/><b>FDPHANTOM</b>: 2122-94<br/><b>FIREMAPNO</b>: 2122.0<br/><b>CENTRACT</b>: 3428.0<br/><b>SHAPE_LENG</b>: 12854.3725801<br/><b>PRECINCT</b>: 4000.0<br/><b>COMMISSION</b>: D<br/><b>ASSEMBLY</b>: 3.0<br/><b>SENATE</b>: 3.0<br/><b>CONGRESS</b>: 4.0<br/><b>TAZ</b>: 353.0<br/><b>PERIMETER</b>: 265026.231717<br/><b>WARD_PARCEL</b>: 5<br/><b>CNTY_IS</b>: 0.0<br/><b>SHADE</b>: 113.0<br/><b>ACRES</b>: 9805.19074535<br/><b>SQ_MILES</b>: 15.32061054<br/><b>ZIP</b>: 89108.0<br/><b>OBJECTID_PARCEL</b>: 297049.0<br/><b>TAXDIST</b>: 200.0<br/><b>OWNER</b>: BEST AMIGOS L L C<br/><b>ADDRESS1</b>: 2905 W WASHINGTON AVE<br/><b>ADDRESS2</b>: LAS VEGAS NV 89107<br/><b>ADDRESS3</b>:  <br/><b>ADDRESS4</b>:  <br/><b>ADDRESS5</b>:  <br/><b>NAMETAG</b>:  <br/><b>ZIPCODE</b>: 891070000.0<br/><b>COMNAME</b>:  <br/><b>STRNO</b>: 2401.0<br/><b>STRFRAC</b>:  <br/><b>STRDIR</b>: N<br/><b>STRNAME</b>: RANCHO<br/><b>STRTYPE</b>: DR<br/><b>STRCITY</b>: LV<br/><b>STRUNIT</b>:  <br/><b>COMMENT1</b>:  <br/><b>COMMENT2</b>:  <br/><b>FIXD</b>: 00000000<br/><b>SUBTAG</b>:  <br/><b>LEGAL1</b>: PT SE4 SW4 SEC 18 20 61<br/><b>LEGAL2</b>:  <br/><b>LEGAL3</b>:  <br/><b>LEGAL4</b>:  <br/><b>LEGAL5</b>:  <br/><b>LEGAL6</b>:  <br/><b>ASSDYR</b>: 2027.0<br/><b>CONSTYR</b>: 1965.0<br/><b>DOCDATE</b>: 20170104<br/><b>FILLER1</b>:  <br/><b>DOCNO</b>: 2017010402059<br/><b>DOCMULTI</b>:  <br/><b>DOCVEST</b>: NS<br/><b>SALEPRICE</b>: 1100000.0<br/><b>SALETYPE</b>: R<br/><b>SALEDATE</b>: 20170101<br/><b>PORTION</b>:  <br/><b>BK1</b>:  <br/><b>BK2</b>:  <br/><b>SECTNO</b>: 18<br/><b>TOWNSHIP</b>: 20<br/><b>RANGE</b>: 61<br/><b>LANDUSE</b>: 370000.0<br/><b>CAPACITY</b>: 1.0<br/><b>LANDCD1</b>:  <br/><b>LANDACRE1</b>: 1.0<br/><b>LANDVAL1</b>: 121433.0<br/><b>LANDCD2</b>:  <br/><b>LANDACRE2</b>: 0.0<br/><b>LANDVAL2</b>: 0.0<br/><b>IMPVAL</b>: 30028.0<br/><b>PRCD1</b>:  <br/><b>PRVAL1</b>: 0.0<br/><b>PRCD2</b>:  <br/><b>PRVAL2</b>: 0.0<br/><b>PRCD3</b>:  <br/><b>PRVAL3</b>: 0.0<br/><b>EXMPCD</b>:  <br/><b>EXMPVAL</b>: 0.0<br/><b>LYACRES</b>: 0.0<br/><b>LYLNDVAL</b>: 110189.0<br/><b>LYIMPVAL</b>: 29634.0<br/><b>LYPPVAL</b>: 0.0<br/><b>LYEXCD</b>:  <br/><b>LYEXVAL</b>: 0.0<br/><b>LY2ACRES</b>: 0.0<br/><b>LY2LNDVAL</b>: 0.0<br/><b>LY2IMPVAL</b>: 0.0<br/><b>LY2PPVAL</b>: 0.0<br/><b>LY2EXCD</b>:  <br/><b>LY2EXVAL</b>: 0.0<br/><b>OWNERNUM</b>: 0.0<br/><b>OWNERDEN</b>: 0.0<br/><b>ETALFLAG</b>: N<br/><b>UPDDATE</b>: 20231117<br/><b>LASTUPDATE</b>: 20231117<br/><b>LOTSQFT</b>: 0.0<br/><b>OLDPARCEL</b>:  <br/><b>INACTPCL</b>: 13918403002<br/><b>INACTREF</b>: 0.0<br/><b>FILLER2</b>:  <br/><b>PCLBOOK3</b>: 139<br/><b>PCL5</b>: 13918<br/><b>PCL6</b>: 139184<br/><b>PCL8</b>: 13918403<br/><b>OLDBOOK</b>: 139<br/><b>OLDPCL</b>: 139184030<br/><b>OLDPAGE</b>: 184<br/><b>OLDLOT</b>: 030<br/><b>OLDFILL</b>: 02<br/><b>ZIPMAIN</b>: 89107.0<br/><b>ZIPLUS4</b>: 0.0<br/><b>LOCATION</b>: 002401   N RANCHO                DR  L<br/><b>STR</b>: 1820  61<br/><b>ADBOOK</b>: 0000<br/><b>ADPAGE</b>: 0000<br/><b>ADDR_OWN</b>: BEST AMIGOS L L C               2905 W WASHINGTON AVE           LAS VEGAS NV 89107<br/><b>ADDRESS</b>: 002401   N RANCHO                DR<br/><b>INACTNEWPC</b>:  <br/><b>LUCODE</b>: 370.0<br/><b>SHAPE_LE_1</b>: 691.44033354<br/><b>Shape__Area</b>: 28933.12890625<br/><b>Shape__Length</b>: 691.4403335373956]]></description>
  <Point>
    <coordinates>-115.19958238489771,36.20304985323829,0</coordinates>
  </Point>
</Placemark>
<Placemark>
  <name>0</name>
  <styleUrl>#billboard</styleUrl>
  <description><![CDATA[<b>OBJECTID_BILLBOARD</b>: 16<br/><b>LVBOARDS_</b>: 22<br/><b>LVBOARDS_I</b>: 8<br/><b>SIGN_TYPE</b>:  <br/><b>STREET_NUM</b>: 1999<br/><b>STREET_DIR</b>: N<br/><b>STREET_NAM</b>: Rancho<br/><b>PARCEL</b>: 13919703005<br/><b>PARCELOLD</b>: 13919703005<br/><b>APPLICANT</b>: Clear Channel Outdoor<br/><b>SIGN_AREA</b>: 672<br/><b>SIGN_HEIGH</b>: 40<br/><b>TAG_NUM</b>: 0<br/><b>APPLY_DATE</b>:  <br/><b>NOTES_SUP</b>: U-36-87<br/><b>NOTES_VAR</b>:  <br/><b>NOTES_RQR</b>: RQR-23936; U-36-87(1),(2)&amp;(3)<br/><b>NOTES</b>:  <br/><b>SIZE_</b>: 14x48<br/><b>FIELD_CHEC</b>: 1<br/><b>FREEWAY</b>: 300<br/><b>APP_FIN</b>:  <br/><b>WARD_BILLBOARD</b>: 5<br/><b>LONGITUDE</b>: -115.19268691633057<br/><b>LATITUDE</b>: 36.19545456050423<br/><b>OBJECTID_1</b>: 831345.0<br/><b>CALC_ACRES</b>: 0.0<br/><b>ASSR_ACRES</b>: 1.54<br/><b>LABEL_CLAS</b>: 701.0<br/><b>PARCELTYPE</b>: 0.0<br/><b>PRCLID</b>: 13919703005<br/><b>PRCLKEY</b>: 701.0<br/><b>PRCLVER</b>: 701.0<br/><b>PCLBOOK</b>: 139<br/><b>PCLSEC</b>: 19<br/><b>PCLPAGE</b>: 7<br/><b>PCLSUBD</b>: 03<br/><b>PCLNO</b>: 005<br/><b>TAXDIST_SP</b>: 200.0<br/><b>FDPHANTOM</b>: 2222-57<br/><b>FIREMAPNO</b>: 2222.0<br/><b>CENTRACT</b>: 3429.0<br/><b>SHAPE_LENG</b>: 17242.9657024<br/><b>PRECINCT</b>: 4529.0<br/><b>COMMISSION</b>: D<br/><b>ASSEMBLY</b>: 6.0<br/><b>SENATE</b>: 4.0<br/><b>CONGRESS</b>: 4.0<br/><b>TAZ</b>: 350.0<br/><b>PERIMETER</b>: 265026.231717<br/><b>WARD_PARCEL</b>: 5<br/><b>CNTY_IS</b>: 0.0<br/><b>SHADE</b>: 113.0<br/><b>ACRES</b>: 9805.19074535<br/><b>SQ_MILES</b>: 15.32061054<br/><b>ZIP</b>: 89106.0<br/><b>OBJECTID_PARCEL</b>: 298899.0<br/><b>TAXDIST</b>: 200.0<br/><b>OWNER</b>: N P RANCHO L L C<br/><b>ADDRESS1</b>: C/O GENERAL COUNSEL<br/><b>ADDRESS2</b>: 1505 SOUTH PAVILION CENTER DR<br/><b>ADDRESS3</b>: LAS VEGAS NV 89135-1403<br/><b>ADDRESS4</b>:  <br/><b>ADDRESS5</b>:  <br/><b>NAMETAG</b>:  <br/><b>ZIPCODE</b>: 891351403.0<br/><b>COMNAME</b>:  <br/><b>STRNO</b>: 1999.0<br/><b>STRFRAC</b>:  <br/><b>STRDIR</b>: N<br/><b>STRNAME</b>: RANCHO<br/><b>STRTYPE</b>: DR<br/><b>STRCITY</b>: LV<br/><b>STRUNIT</b>:  <br/><b>COMMENT1</b>:  <br/><b>COMMENT2</b>:  <br/><b>FIXD</b>: 00000000<br/><b>SUBTAG</b>:  <br/><b>LEGAL1</b>: PT N2 SE4 SEC 19 20 61<br/><b>LEGAL2</b>:  <br/><b>LEGAL3</b>:  <br/><b>LEGAL4</b>:  <br/><b>LEGAL5</b>:  <br/><b>LEGAL6</b>:  <br/><b>ASSDYR</b>: 2027.0<br/><b>CONSTYR</b>: 2004.0<br/><b>DOCDATE</b>: 20110617<br/><b>FILLER1</b>:  <br/><b>DOCNO</b>: 2011061702617<br/><b>DOCMULTI</b>:  <br/><b>DOCVEST</b>: NS<br/><b>SALEPRICE</b>: 2100000.0<br/><b>SALETYPE</b>: M<br/><b>SALEDATE</b>: 20020101<br/><b>PORTION</b>:  <br/><b>BK1</b>:  <br/><b>BK2</b>:  <br/><b>SECTNO</b>: 19<br/><b>TOWNSHIP</b>: 20<br/><b>RANGE</b>: 61<br/><b>LANDUSE</b>: 730000.0<br/><b>CAPACITY</b>: 1.0<br/><b>LANDCD1</b>:  <br/><b>LANDACRE1</b>: 2.0<br/><b>LANDVAL1</b>: 258266.0<br/><b>LANDCD2</b>:  <br/><b>LANDACRE2</b>: 0.0<br/><b>LANDVAL2</b>: 0.0<br/><b>IMPVAL</b>: 43092.0<br/><b>PRCD1</b>:  <br/><b>PRVAL1</b>: 0.0<br/><b>PRCD2</b>:  <br/><b>PRVAL2</b>: 0.0<br/><b>PRCD3</b>:  <br/><b>PRVAL3</b>: 0.0<br/><b>EXMPCD</b>:  <br/><b>EXMPVAL</b>: 0.0<br/><b>LYACRES</b>: 0.0<br/><b>LYLNDVAL</b>: 234787.0<br/><b>LYIMPVAL</b>: 43168.0<br/><b>LYPPVAL</b>: 0.0<br/><b>LYEXCD</b>:  <br/><b>LYEXVAL</b>: 0.0<br/><b>LY2ACRES</b>: 0.0<br/><b>LY2LNDVAL</b>: 0.0<br/><b>LY2IMPVAL</b>: 0.0<br/><b>LY2PPVAL</b>: 0.0<br/><b>LY2EXCD</b>:  <br/><b>LY2EXVAL</b>: 0.0<br/><b>OWNERNUM</b>: 0.0<br/><b>OWNERDEN</b>: 0.0<br/><b>ETALFLAG</b>: N<br/><b>UPDDATE</b>: 20231117<br/><b>LASTUPDATE</b>: 20231117<br/><b>LOTSQFT</b>: 0.0<br/><b>OLDPARCEL</b>:  <br/><b>INACTPCL</b>: 13919703005<br/><b>INACTREF</b>: 0.0<br/><b>FILLER2</b>:  <br/><b>PCLBOOK3</b>: 139<br/><b>PCL5</b>: 13919<br/><b>PCL6</b>: 139197<br/><b>PCL8</b>: 13919703<br/><b>OLDBOOK</b>: 139<br/><b>OLDPCL</b>: 139197030<br/><b>OLDPAGE</b>: 197<br/><b>OLDLOT</b>: 030<br/><b>OLDFILL</b>: 05<br/><b>ZIPMAIN</b>: 89135.0<br/><b>ZIPLUS4</b>: 1403.0<br/><b>LOCATION</b>: 001999   N RANCHO                DR  L<br/><b>STR</b>: 1920  61<br/><b>ADBOOK</b>: 0000<br/><b>ADPAGE</b>: 0000<br/><b>ADDR_OWN</b>: N P RANCHO L L C                C/O GENERAL COUNSEL             1505 SOUTH PAVILION CENTER DR   LAS VEGAS NV 89135-1403<br/><b>ADDRESS</b>: 001999   N RANCHO                DR<br/><b>INACTNEWPC</b>:  <br/><b>LUCODE</b>: 730.0<br/><b>SHAPE_LE_1</b>: 1166.23474453<br/><b>Shape__Area</b>: 66937.23828125<br/><b>Shape__Length</b>: 1166.2114248845696]]></description>
  <Point>
    <coordinates>-115.19268691633057,36.19545456050423,0</coordinates>
  </Point>
</Placemark>
<Placemark>
  <name>1239</name>
  <styleUrl>#billboard</styleUrl>
  <description><![CDATA[<b>OBJECTID_BILLBOARD</b>: 21<br/><b>LVBOARDS_</b>: 29<br/><b>LVBOARDS_I</b>: 8<br/><b>SIGN_TYPE</b>:  <br/><b>STREET_NUM</b>: 816<br/><b>STREET_DIR</b>: N<br/><b>STREET_NAM</b>: Rancho<br/><b>PARCEL</b>: 13929704001<br/><b>PARCELOLD</b>: 13929704001<br/><b>APPLICANT</b>: LAMAR<br/><b>SIGN_AREA</b>: 672<br/><b>SIGN_HEIGH</b>: 40<br/><b>TAG_NUM</b>: 1239<br/><b>APPLY_DATE</b>: 12/6/95<br/><b>NOTES_SUP</b>: U-107-95<br/><b>NOTES_VAR</b>:  <br/><b>NOTES_RQR</b>: RQR-6250; RQR-1738<br/><b>NOTES</b>:  <br/><b>SIZE_</b>: 14x48<br/><b>FIELD_CHEC</b>: 1<br/><b>FREEWAY</b>: 300<br/><b>APP_FIN</b>:  <br/><b>WARD_BILLBOARD</b>: 5<br/><b>LONGITUDE</b>: -115.17701268439204<br/><b>LATITUDE</b>: 36.17925128825309<br/><b>OBJECTID_1</b>: 569842.0<br/><b>CALC_ACRES</b>: 0.0<br/><b>ASSR_ACRES</b>: 0.79<br/><b>LABEL_CLAS</b>: 701.0<br/><b>PARCELTYPE</b>: 0.0<br/><b>PRCLID</b>: 13929704001<br/><b>PRCLKEY</b>: 701.0<br/><b>PRCLVER</b>: 701.0<br/><b>PCLBOOK</b>: 139<br/><b>PCLSEC</b>: 29<br/><b>PCLPAGE</b>: 7<br/><b>PCLSUBD</b>: 04<br/><b>PCLNO</b>: 001<br/><b>TAXDIST_SP</b>: 207.0<br/><b>FDPHANTOM</b>: 2323-66<br/><b>FIREMAPNO</b>: 2323.0<br/><b>CENTRACT</b>: 201.0<br/><b>SHAPE_LENG</b>: 19539.1298865<br/><b>PRECINCT</b>: 4528.0<br/><b>COMMISSION</b>: D<br/><b>ASSEMBLY</b>: 6.0<br/><b>SENATE</b>: 4.0<br/><b>CONGRESS</b>: 4.0<br/><b>TAZ</b>: 411.0<br/><b>PERIMETER</b>: 265026.231717<br/><b>WARD_PARCEL</b>: 5<br/><b>CNTY_IS</b>: 0.0<br/><b>SHADE</b>: 113.0<br/><b>ACRES</b>: 9805.19074535<br/><b>SQ_MILES</b>: 15.32061054<br/><b>ZIP</b>: 89106.0<br/><b>OBJECTID_PARCEL</b>: 315161.0<br/><b>TAXDIST</b>: 207.0<br/><b>OWNER</b>: SELBY JOHN M &amp; PENNY TRUST<br/><b>ADDRESS1</b>: SELBY PENNY TRS<br/><b>ADDRESS2</b>: C/O OREILLY AUTO STORES #2709<br/><b>ADDRESS3</b>: PO BOX 9167<br/><b>ADDRESS4</b>: SPRINGFIELD MO 65801<br/><b>ADDRESS5</b>:  <br/><b>NAMETAG</b>:  <br/><b>ZIPCODE</b>: 658010000.0<br/><b>COMNAME</b>:  <br/><b>STRNO</b>: 816.0<br/><b>STRFRAC</b>:  <br/><b>STRDIR</b>: N<br/><b>STRNAME</b>: RANCHO<br/><b>STRTYPE</b>: DR<br/><b>STRCITY</b>: LV<br/><b>STRUNIT</b>:  <br/><b>COMMENT1</b>:  <br/><b>COMMENT2</b>:  <br/><b>FIXD</b>: PM00580005        L2<br/><b>SUBTAG</b>:  <br/><b>LEGAL1</b>: PARCEL MAP FILE 58 PAGE 5<br/><b>LEGAL2</b>: LOT 2<br/><b>LEGAL3</b>: &amp; VAC RD<br/><b>LEGAL4</b>:  <br/><b>LEGAL5</b>:  <br/><b>LEGAL6</b>:  <br/><b>ASSDYR</b>: 2027.0<br/><b>CONSTYR</b>: 1989.0<br/><b>DOCDATE</b>: 20051103<br/><b>FILLER1</b>:  <br/><b>DOCNO</b>: 2005110302778<br/><b>DOCMULTI</b>:  <br/><b>DOCVEST</b>: NS<br/><b>SALEPRICE</b>: 875000.0<br/><b>SALETYPE</b>: R<br/><b>SALEDATE</b>: 19960101<br/><b>PORTION</b>:  <br/><b>BK1</b>:  <br/><b>BK2</b>:  <br/><b>SECTNO</b>: 29<br/><b>TOWNSHIP</b>: 20<br/><b>RANGE</b>: 61<br/><b>LANDUSE</b>: 370000.0<br/><b>CAPACITY</b>: 1.0<br/><b>LANDCD1</b>:  <br/><b>LANDACRE1</b>: 1.0<br/><b>LANDVAL1</b>: 126464.0<br/><b>LANDCD2</b>:  <br/><b>LANDACRE2</b>: 0.0<br/><b>LANDVAL2</b>: 0.0<br/><b>IMPVAL</b>: 139923.0<br/><b>PRCD1</b>:  <br/><b>PRVAL1</b>: 0.0<br/><b>PRCD2</b>:  <br/><b>PRVAL2</b>: 0.0<br/><b>PRCD3</b>:  <br/><b>PRVAL3</b>: 0.0<br/><b>EXMPCD</b>:  <br/><b>EXMPVAL</b>: 0.0<br/><b>LYACRES</b>: 0.0<br/><b>LYLNDVAL</b>: 114420.0<br/><b>LYIMPVAL</b>: 144586.0<br/><b>LYPPVAL</b>: 0.0<br/><b>LYEXCD</b>:  <br/><b>LYEXVAL</b>: 0.0<br/><b>LY2ACRES</b>: 0.0<br/><b>LY2LNDVAL</b>: 0.0<br/><b>LY2IMPVAL</b>: 0.0<br/><b>LY2PPVAL</b>: 0.0<br/><b>LY2EXCD</b>:  <br/><b>LY2EXVAL</b>: 0.0<br/><b>OWNERNUM</b>: 0.0<br/><b>OWNERDEN</b>: 0.0<br/><b>ETALFLAG</b>: N<br/><b>UPDDATE</b>: 20231117<br/><b>LASTUPDATE</b>: 20231117<br/><b>LOTSQFT</b>: 0.0<br/><b>OLDPARCEL</b>:  <br/><b>INACTPCL</b>: 13929704001<br/><b>INACTREF</b>: 0.0<br/><b>FILLER2</b>:  <br/><b>PCLBOOK3</b>: 139<br/><b>PCL5</b>: 13929<br/><b>PCL6</b>: 139297<br/><b>PCL8</b>: 13929704<br/><b>OLDBOOK</b>: 139<br/><b>OLDPCL</b>: 139297040<br/><b>OLDPAGE</b>: 297<br/><b>OLDLOT</b>: 040<br/><b>OLDFILL</b>: 01<br/><b>ZIPMAIN</b>: 65801.0<br/><b>ZIPLUS4</b>: 0.0<br/><b>LOCATION</b>: 000816   N RANCHO                DR  L<br/><b>STR</b>: 2920  61<br/><b>ADBOOK</b>: 0058<br/><b>ADPAGE</b>: 0005<br/><b>ADDR_OWN</b>: SELBY JOHN M &amp; PENNY TRUST      SELBY PENNY TRS                 C/O OREILLY AUTO STORES #2709   PO BOX 9167                     SPRINGFIELD MO 65801<br/><b>ADDRESS</b>: 000816   N RANCHO                DR<br/><b>INACTNEWPC</b>:  <br/><b>LUCODE</b>: 370.0<br/><b>SHAPE_LE_1</b>: 752.2040169<br/><b>Shape__Area</b>: 34654.369140625<br/><b>Shape__Length</b>: 752.2040168910294]]></description>
  <Point>
    <coordinates>-115.17701268439204,36.17925128825309,0</coordinates>
  </Point>
</Placemark>
<Placemark>
  <name>0</name>
  <styleUrl>#billboard</styleUrl>
  <description><![CDATA[<b>OBJECTID_BILLBOARD</b>: 22<br/><b>LVBOARDS_</b>: 30<br/><b>LVBOARDS_I</b>: 7<br/><b>SIGN_TYPE</b>:  <br/><b>STREET_NUM</b>: 601<br/><b>STREET_DIR</b>: N<br/><b>STREET_NAM</b>: Rancho<br/><b>PARCEL</b>: 13929703003<br/><b>PARCELOLD</b>: 13929703003<br/><b>APPLICANT</b>: Clear Channel Outdoor<br/><b>SIGN_AREA</b>: 672<br/><b>SIGN_HEIGH</b>: 40<br/><b>TAG_NUM</b>: 0<br/><b>APPLY_DATE</b>:  <br/><b>NOTES_SUP</b>: U-34-66<br/><b>NOTES_VAR</b>:  <br/><b>NOTES_RQR</b>:  <br/><b>NOTES</b>:  <br/><b>SIZE_</b>: 14x48<br/><b>FIELD_CHEC</b>: 1<br/><b>FREEWAY</b>: 750<br/><b>APP_FIN</b>:  <br/><b>WARD_BILLBOARD</b>: 5<br/><b>LONGITUDE</b>: -115.17660306996044<br/><b>LATITUDE</b>: 36.17759945565127<br/><b>OBJECTID_1</b>: 524336.0<br/><b>CALC_ACRES</b>: 0.0<br/><b>ASSR_ACRES</b>: 0.35000000000000003<br/><b>LABEL_CLAS</b>: 701.0<br/><b>PARCELTYPE</b>: 0.0<br/><b>PRCLID</b>: 13929703003<br/><b>PRCLKEY</b>: 701.0<br/><b>PRCLVER</b>: 701.0<br/><b>PCLBOOK</b>: 139<br/><b>PCLSEC</b>: 29<br/><b>PCLPAGE</b>: 7<br/><b>PCLSUBD</b>: 03<br/><b>PCLNO</b>: 003<br/><b>TAXDIST_SP</b>: 207.0<br/><b>FDPHANTOM</b>: 2323-76<br/><b>FIREMAPNO</b>: 2323.0<br/><b>CENTRACT</b>: 101.0<br/><b>SHAPE_LENG</b>: 28476.6685097<br/><b>PRECINCT</b>: 4638.0<br/><b>COMMISSION</b>: D<br/><b>ASSEMBLY</b>: 6.0<br/><b>SENATE</b>: 4.0<br/><b>CONGRESS</b>: 4.0<br/><b>TAZ</b>: 410.0<br/><b>PERIMETER</b>: 265026.231717<br/><b>WARD_PARCEL</b>: 5<br/><b>CNTY_IS</b>: 0.0<br/><b>SHADE</b>: 113.0<br/><b>ACRES</b>: 9805.19074535<br/><b>SQ_MILES</b>: 15.32061054<br/><b>ZIP</b>: 89106.0<br/><b>OBJECTID_PARCEL</b>: 315160.0<br/><b>TAXDIST</b>: 207.0<br/><b>OWNER</b>: M L P M L L C<br/><b>ADDRESS1</b>: 9355 E STOCKTON BLVD STE 225<br/><b>ADDRESS2</b>: ELK GROVE CA 95624<br/><b>ADDRESS3</b>:  <br/><b>ADDRESS4</b>:  <br/><b>ADDRESS5</b>:  <br/><b>NAMETAG</b>:  <br/><b>ZIPCODE</b>: 956240000.0<br/><b>COMNAME</b>:  <br/><b>STRNO</b>: 601.0<br/><b>STRFRAC</b>:  <br/><b>STRDIR</b>: N<br/><b>STRNAME</b>: RANCHO<br/><b>STRTYPE</b>: DR<br/><b>STRCITY</b>: LV<br/><b>STRUNIT</b>:  <br/><b>COMMENT1</b>:  <br/><b>COMMENT2</b>:  <br/><b>FIXD</b>: 00000000<br/><b>SUBTAG</b>:  <br/><b>LEGAL1</b>: PT NW4 SE4 SEC 29 20 61<br/><b>LEGAL2</b>:  <br/><b>LEGAL3</b>:  <br/><b>LEGAL4</b>:  <br/><b>LEGAL5</b>:  <br/><b>LEGAL6</b>:  <br/><b>ASSDYR</b>: 2027.0<br/><b>CONSTYR</b>: 1977.0<br/><b>DOCDATE</b>: 20211227<br/><b>FILLER1</b>:  <br/><b>DOCNO</b>: 2021122701857<br/><b>DOCMULTI</b>:  <br/><b>DOCVEST</b>: NS<br/><b>SALEPRICE</b>: 1100000.0<br/><b>SALETYPE</b>: R<br/><b>SALEDATE</b>: 20060701<br/><b>PORTION</b>:  <br/><b>BK1</b>:  <br/><b>BK2</b>:  <br/><b>SECTNO</b>: 29<br/><b>TOWNSHIP</b>: 20<br/><b>RANGE</b>: 61<br/><b>LANDUSE</b>: 360000.0<br/><b>CAPACITY</b>: 1.0<br/><b>LANDCD1</b>:  <br/><b>LANDACRE1</b>: 0.0<br/><b>LANDVAL1</b>: 69369.0<br/><b>LANDCD2</b>:  <br/><b>LANDACRE2</b>: 0.0<br/><b>LANDVAL2</b>: 0.0<br/><b>IMPVAL</b>: 28284.0<br/><b>PRCD1</b>:  <br/><b>PRVAL1</b>: 0.0<br/><b>PRCD2</b>:  <br/><b>PRVAL2</b>: 0.0<br/><b>PRCD3</b>:  <br/><b>PRVAL3</b>: 0.0<br/><b>EXMPCD</b>:  <br/><b>EXMPVAL</b>: 0.0<br/><b>LYACRES</b>: 0.0<br/><b>LYLNDVAL</b>: 64033.0<br/><b>LYIMPVAL</b>: 29954.0<br/><b>LYPPVAL</b>: 0.0<br/><b>LYEXCD</b>:  <br/><b>LYEXVAL</b>: 0.0<br/><b>LY2ACRES</b>: 0.0<br/><b>LY2LNDVAL</b>: 0.0<br/><b>LY2IMPVAL</b>: 0.0<br/><b>LY2PPVAL</b>: 0.0<br/><b>LY2EXCD</b>:  <br/><b>LY2EXVAL</b>: 0.0<br/><b>OWNERNUM</b>: 0.0<br/><b>OWNERDEN</b>: 0.0<br/><b>ETALFLAG</b>: N<br/><b>UPDDATE</b>: 20250826<br/><b>LASTUPDATE</b>: 20250826<br/><b>LOTSQFT</b>: 0.0<br/><b>OLDPARCEL</b>:  <br/><b>INACTPCL</b>: 13929703003<br/><b>INACTREF</b>: 0.0<br/><b>FILLER2</b>:  <br/><b>PCLBOOK3</b>: 139<br/><b>PCL5</b>: 13929<br/><b>PCL6</b>: 139297<br/><b>PCL8</b>: 13929703<br/><b>OLDBOOK</b>: 139<br/><b>OLDPCL</b>: 139297030<br/><b>OLDPAGE</b>: 297<br/><b>OLDLOT</b>: 030<br/><b>OLDFILL</b>: 03<br/><b>ZIPMAIN</b>: 95624.0<br/><b>ZIPLUS4</b>: 0.0<br/><b>LOCATION</b>: 000601   N RANCHO                DR  L<br/><b>STR</b>: 2920  61<br/><b>ADBOOK</b>: 0000<br/><b>ADPAGE</b>: 0000<br/><b>ADDR_OWN</b>: M L P M L L C                   9355 E STOCKTON BLVD STE 225    ELK GROVE CA 95624<br/><b>ADDRESS</b>: 000601   N RANCHO                DR<br/><b>INACTNEWPC</b>:  <br/><b>LUCODE</b>: 360.0<br/><b>SHAPE_LE_1</b>: 508.76817044<br/><b>Shape__Area</b>: 15060.029296875<br/><b>Shape__Length</b>: 508.7681704302214]]></description>
  <Point>
    <coordinates>-115.17660306996044,36.17759945565127,0</coordinates>
  </Point>
</Placemark>
<Placemark>
  <name>0</name>
  <styleUrl>#billboard</styleUrl>
  <description><![CDATA[<b>OBJECTID_BILLBOARD</b>: 23<br/><b>LVBOARDS_</b>: 31<br/><b>LVBOARDS_I</b>: 11<br/><b>SIGN_TYPE</b>:  <br/><b>STREET_NUM</b>: 2401<br/><b>STREET_DIR</b>: W<br/><b>STREET_NAM</b>: Bonanza<br/><b>PARCEL</b>: 13929801004<br/><b>PARCELOLD</b>: 13929801004<br/><b>APPLICANT</b>: LAMAR<br/><b>SIGN_AREA</b>: 672<br/><b>SIGN_HEIGH</b>: 0<br/><b>TAG_NUM</b>: 0<br/><b>APPLY_DATE</b>:  <br/><b>NOTES_SUP</b>:  <br/><b>NOTES_VAR</b>:  <br/><b>NOTES_RQR</b>:  <br/><b>NOTES</b>:  <br/><b>SIZE_</b>: 14x48<br/><b>FIELD_CHEC</b>: 1<br/><b>FREEWAY</b>: 750<br/><b>APP_FIN</b>:  <br/><b>WARD_BILLBOARD</b>: 5<br/><b>LONGITUDE</b>: -115.17302622590556<br/><b>LATITUDE</b>: 36.17608775663644]]></description>
  <Point>
    <coordinates>-115.17302622590556,36.17608775663644,0</coordinates>
  </Point>
</Placemark>
<Placemark>
  <name>0</name>
  <styleUrl>#billboard</styleUrl>
  <description><![CDATA[<b>OBJECTID_BILLBOARD</b>: 24<br/><b>LVBOARDS_</b>: 32<br/><b>LVBOARDS_I</b>: 11<br/><b>SIGN_TYPE</b>:  <br/><b>STREET_NUM</b>: 2220<br/><b>STREET_DIR</b>: W<br/><b>STREET_NAM</b>: Charleston<br/><b>PARCEL</b>: 13932804010<br/><b>PARCELOLD</b>: 13932804010<br/><b>APPLICANT</b>:  <br/><b>SIGN_AREA</b>: 672<br/><b>SIGN_HEIGH</b>: 40<br/><b>TAG_NUM</b>: 0<br/><b>APPLY_DATE</b>: 11-10-83<br/><b>NOTES_SUP</b>:  <br/><b>NOTES_VAR</b>:  <br/><b>NOTES_RQR</b>:  <br/><b>NOTES</b>: DONREY<br/><b>SIZE_</b>: 14x48<br/><b>FIELD_CHEC</b>: 0<br/><b>FREEWAY</b>: 300<br/><b>APP_FIN</b>:  <br/><b>WARD_BILLBOARD</b>: 5<br/><b>LONGITUDE</b>: -115.17256777024807<br/><b>LATITUDE</b>: 36.15940571153706<br/><b>OBJECTID_1</b>: 751003.0<br/><b>CALC_ACRES</b>: 0.32100001<br/><b>ASSR_ACRES</b>: 0.3<br/><b>LABEL_CLAS</b>: 701.0<br/><b>PARCELTYPE</b>: 0.0<br/><b>PRCLID</b>: 13932804010<br/><b>PRCLKEY</b>: 701.0<br/><b>PRCLVER</b>: 701.0<br/><b>PCLBOOK</b>: 139<br/><b>PCLSEC</b>: 32<br/><b>PCLPAGE</b>: 8<br/><b>PCLSUBD</b>: 04<br/><b>PCLNO</b>: 010<br/><b>TAXDIST_SP</b>: 200.0<br/><b>FDPHANTOM</b>: 2423-98<br/><b>FIREMAPNO</b>: 2423.0<br/><b>CENTRACT</b>: 203.0<br/><b>SHAPE_LENG</b>: 19218.7742545<br/><b>PRECINCT</b>: 4027.0<br/><b>COMMISSION</b>: D<br/><b>ASSEMBLY</b>: 10.0<br/><b>SENATE</b>: 3.0<br/><b>CONGRESS</b>: 4.0<br/><b>TAZ</b>: 526.0<br/><b>PERIMETER</b>: 161583.305707<br/><b>WARD_PARCEL</b>: 1<br/><b>CNTY_IS</b>: 0.0<br/><b>SHADE</b>: 83.0<br/><b>ACRES</b>: 11202.3105405<br/><b>SQ_MILES</b>: 17.50361022<br/><b>ZIP</b>: 89102.0<br/><b>OBJECTID_PARCEL</b>: 319007.0<br/><b>TAXDIST</b>: 200.0<br/><b>OWNER</b>: KWIK-CHEK REALTY CO INC<br/><b>ADDRESS1</b>: C/O AV TAX DEPT #2052-17256<br/><b>ADDRESS2</b>: PO BOX 711<br/><b>ADDRESS3</b>: DALLAS TX 75221-0711<br/><b>ADDRESS4</b>:  <br/><b>ADDRESS5</b>:  <br/><b>NAMETAG</b>:  <br/><b>ZIPCODE</b>: 752210711.0<br/><b>COMNAME</b>:  <br/><b>STRNO</b>: 2220.0<br/><b>STRFRAC</b>:  <br/><b>STRDIR</b>: W<br/><b>STRNAME</b>: CHARLESTON<br/><b>STRTYPE</b>: BLVD<br/><b>STRCITY</b>: LV<br/><b>STRUNIT</b>:  <br/><b>COMMENT1</b>: BLDG REBUILT;RD 20191126:3569;.07A RD 2019112<br/><b>COMMENT2</b>: 6:3570<br/><b>FIXD</b>: 00000000<br/><b>SUBTAG</b>:  <br/><b>LEGAL1</b>: PT SE4 SE4 SEC 32 20 61<br/><b>LEGAL2</b>:  <br/><b>LEGAL3</b>:  <br/><b>LEGAL4</b>:  <br/><b>LEGAL5</b>:  <br/><b>LEGAL6</b>:  <br/><b>ASSDYR</b>: 2027.0<br/><b>CONSTYR</b>: 1974.0<br/><b>DOCDATE</b>: 20200116<br/><b>FILLER1</b>:  <br/><b>DOCNO</b>: 2020011653481<br/><b>DOCMULTI</b>:  <br/><b>DOCVEST</b>: NS<br/><b>SALEPRICE</b>: 0.0<br/><b>SALETYPE</b>:  <br/><b>SALEDATE</b>:  <br/><b>PORTION</b>:  <br/><b>BK1</b>:  <br/><b>BK2</b>:  <br/><b>SECTNO</b>: 32<br/><b>TOWNSHIP</b>: 20<br/><b>RANGE</b>: 61<br/><b>LANDUSE</b>: 358000.0<br/><b>CAPACITY</b>: 1.0<br/><b>LANDCD1</b>:  <br/><b>LANDACRE1</b>: 0.0<br/><b>LANDVAL1</b>: 121206.0<br/><b>LANDCD2</b>:  <br/><b>LANDACRE2</b>: 0.0<br/><b>LANDVAL2</b>: 0.0<br/><b>IMPVAL</b>: 41128.0<br/><b>PRCD1</b>:  <br/><b>PRVAL1</b>: 0.0<br/><b>PRCD2</b>:  <br/><b>PRVAL2</b>: 0.0<br/><b>PRCD3</b>:  <br/><b>PRVAL3</b>: 0.0<br/><b>EXMPCD</b>:  <br/><b>EXMPVAL</b>: 0.0<br/><b>LYACRES</b>: 0.0<br/><b>LYLNDVAL</b>: 121206.0<br/><b>LYIMPVAL</b>: 41050.0<br/><b>LYPPVAL</b>: 0.0<br/><b>LYEXCD</b>:  <br/><b>LYEXVAL</b>: 0.0<br/><b>LY2ACRES</b>: 0.0<br/><b>LY2LNDVAL</b>: 0.0<br/><b>LY2IMPVAL</b>: 0.0<br/><b>LY2PPVAL</b>: 0.0<br/><b>LY2EXCD</b>:  <br/><b>LY2EXVAL</b>: 0.0<br/><b>OWNERNUM</b>: 0.0<br/><b>OWNERDEN</b>: 0.0<br/><b>ETALFLAG</b>: N<br/><b>UPDDATE</b>: 20240617<br/><b>LASTUPDATE</b>: 20240617<br/><b>LOTSQFT</b>: 0.0<br/><b>OLDPARCEL</b>:  <br/><b>INACTPCL</b>: 030330042<br/><b>INACTREF</b>: 0.0<br/><b>FILLER2</b>:  <br/><b>PCLBOOK3</b>: 139<br/><b>PCL5</b>: 13932<br/><b>PCL6</b>: 139328<br/><b>PCL8</b>: 13932804<br/><b>OLDBOOK</b>: 139<br/><b>OLDPCL</b>: 139328040<br/><b>OLDPAGE</b>: 328<br/><b>OLDLOT</b>: 040<br/><b>OLDFILL</b>: 10<br/><b>ZIPMAIN</b>: 75221.0<br/><b>ZIPLUS4</b>: 711.0<br/><b>LOCATION</b>: 002220   W CHARLESTON            BLVDL<br/><b>STR</b>: 3220  61<br/><b>ADBOOK</b>: 0000<br/><b>ADPAGE</b>: 0000<br/><b>ADDR_OWN</b>: KWIK-CHEK REALTY CO INC         C/O AV TAX DEPT #2052-17256     PO BOX 711                      DALLAS TX 75221-0711<br/><b>ADDRESS</b>: 002220   W CHARLESTON            BLVD<br/><b>INACTNEWPC</b>:  <br/><b>LUCODE</b>: 358.0<br/><b>SHAPE_LE_1</b>: 467.11770081<br/><b>Shape__Area</b>: 13975.662109375<br/><b>Shape__Length</b>: 467.11770081386027]]></description>
  <Point>
    <coordinates>-115.17256777024807,36.15940571153706,0</coordinates>
  </Point>
</Placemark>
<Placemark>
  <name>0</name>
  <styleUrl>#billboard</styleUrl>
  <description><![CDATA[<b>OBJECTID_BILLBOARD</b>: 28<br/><b>LVBOARDS_</b>: 36<br/><b>LVBOARDS_I</b>: 15<br/><b>SIGN_TYPE</b>:  <br/><b>STREET_NUM</b>: 0<br/><b>STREET_DIR</b>:  <br/><b>STREET_NAM</b>:  <br/><b>PARCEL</b>: 13827501001<br/><b>PARCELOLD</b>: 13827501001<br/><b>APPLICANT</b>: LAMAR<br/><b>SIGN_AREA</b>: 672<br/><b>SIGN_HEIGH</b>: 55<br/><b>TAG_NUM</b>: 0<br/><b>APPLY_DATE</b>:  <br/><b>NOTES_SUP</b>: U-65-92<br/><b>NOTES_VAR</b>:  <br/><b>NOTES_RQR</b>: RQR-34975; RQR-21508; U-65-92(1)&amp;(2)<br/><b>NOTES</b>:  <br/><b>SIZE_</b>: 14x48<br/><b>FIELD_CHEC</b>: 1<br/><b>FREEWAY</b>: 750<br/><b>APP_FIN</b>:  <br/><b>WARD_BILLBOARD</b>: 1<br/><b>LONGITUDE</b>: -115.24502372554277<br/><b>LATITUDE</b>: 36.18829342474012<br/><b>OBJECTID_1</b>: 675058.0<br/><b>CALC_ACRES</b>: 6.66699982<br/><b>ASSR_ACRES</b>: 6.7<br/><b>LABEL_CLAS</b>: 701.0<br/><b>PARCELTYPE</b>: 0.0<br/><b>PRCLID</b>: 13827501001<br/><b>PRCLKEY</b>: 701.0<br/><b>PRCLVER</b>: 701.0<br/><b>PCLBOOK</b>: 138<br/><b>PCLSEC</b>: 27<br/><b>PCLPAGE</b>: 5<br/><b>PCLSUBD</b>: 01<br/><b>PCLNO</b>: 001<br/><b>TAXDIST_SP</b>: 200.0<br/><b>FDPHANTOM</b>: 2318-18<br/><b>FIREMAPNO</b>: 2318.0<br/><b>CENTRACT</b>: 3003.0<br/><b>SHAPE_LENG</b>: 17627.7436748<br/><b>PRECINCT</b>: 3764.0<br/><b>COMMISSION</b>: C<br/><b>ASSEMBLY</b>: 34.0<br/><b>SENATE</b>: 6.0<br/><b>CONGRESS</b>: 3.0<br/><b>TAZ</b>: 375.0<br/><b>PERIMETER</b>: 161583.305707<br/><b>WARD_PARCEL</b>: 1<br/><b>CNTY_IS</b>: 0.0<br/><b>SHADE</b>: 83.0<br/><b>ACRES</b>: 11202.3105405<br/><b>SQ_MILES</b>: 17.50361022<br/><b>ZIP</b>: 89128.0<br/><b>OBJECTID_PARCEL</b>: 249323.0<br/><b>TAXDIST</b>: 200.0<br/><b>OWNER</b>: ROCK SPRINGS 55 APTS L L C<br/><b>ADDRESS1</b>: 6021 S FORT APACHE RD # 100<br/><b>ADDRESS2</b>: LAS VEGAS NV 89148<br/><b>ADDRESS3</b>:  <br/><b>ADDRESS4</b>:  <br/><b>ADDRESS5</b>:  <br/><b>NAMETAG</b>:  <br/><b>ZIPCODE</b>: 891480000.0<br/><b>COMNAME</b>:  <br/><b>STRNO</b>: 1501.0<br/><b>STRFRAC</b>:  <br/><b>STRDIR</b>:  <br/><b>STRNAME</b>: ROCK SPRINGS<br/><b>STRTYPE</b>: DR<br/><b>STRCITY</b>: LV<br/><b>STRUNIT</b>:  <br/><b>COMMENT1</b>:  <br/><b>COMMENT2</b>:  <br/><b>FIXD</b>: 00000000<br/><b>SUBTAG</b>:  <br/><b>LEGAL1</b>: PT HOMESITE PLACER MINING CLAIM<br/><b>LEGAL2</b>: &amp; PT NE4 NE4 SEC 27 20 60<br/><b>LEGAL3</b>:  <br/><b>LEGAL4</b>:  <br/><b>LEGAL5</b>:  <br/><b>LEGAL6</b>:  <br/><b>ASSDYR</b>: 2027.0<br/><b>CONSTYR</b>: 2019.0<br/><b>DOCDATE</b>: 20170706<br/><b>FILLER1</b>:  <br/><b>DOCNO</b>: 2017070601738<br/><b>DOCMULTI</b>:  <br/><b>DOCVEST</b>: NS<br/><b>SALEPRICE</b>: 2700000.0<br/><b>SALETYPE</b>: R<br/><b>SALEDATE</b>: 20151201<br/><b>PORTION</b>:  <br/><b>BK1</b>:  <br/><b>BK2</b>:  <br/><b>SECTNO</b>: 27<br/><b>TOWNSHIP</b>: 20<br/><b>RANGE</b>: 60<br/><b>LANDUSE</b>: 150001.0<br/><b>CAPACITY</b>: 220.0<br/><b>LANDCD1</b>:  <br/><b>LANDACRE1</b>: 7.0<br/><b>LANDVAL1</b>: 2156000.0<br/><b>LANDCD2</b>:  <br/><b>LANDACRE2</b>: 0.0<br/><b>LANDVAL2</b>: 0.0<br/><b>IMPVAL</b>: 10423272.0<br/><b>PRCD1</b>:  <br/><b>PRVAL1</b>: 0.0<br/><b>PRCD2</b>:  <br/><b>PRVAL2</b>: 0.0<br/><b>PRCD3</b>:  <br/><b>PRVAL3</b>: 0.0<br/><b>EXMPCD</b>:  <br/><b>EXMPVAL</b>: 0.0<br/><b>LYACRES</b>: 0.0<br/><b>LYLNDVAL</b>: 2156000.0<br/><b>LYIMPVAL</b>: 10314800.0<br/><b>LYPPVAL</b>: 0.0<br/><b>LYEXCD</b>:  <br/><b>LYEXVAL</b>: 0.0<br/><b>LY2ACRES</b>: 0.0<br/><b>LY2LNDVAL</b>: 0.0<br/><b>LY2IMPVAL</b>: 0.0<br/><b>LY2PPVAL</b>: 0.0<br/><b>LY2EXCD</b>:  <br/><b>LY2EXVAL</b>: 0.0<br/><b>OWNERNUM</b>: 0.0<br/><b>OWNERDEN</b>: 0.0<br/><b>ETALFLAG</b>: N<br/><b>UPDDATE</b>: 20231117<br/><b>LASTUPDATE</b>: 20231117<br/><b>LOTSQFT</b>: 0.0<br/><b>OLDPARCEL</b>:  <br/><b>INACTPCL</b>: 13827501001<br/><b>INACTREF</b>: 0.0<br/><b>FILLER2</b>:  <br/><b>PCLBOOK3</b>: 138<br/><b>PCL5</b>: 13827<br/><b>PCL6</b>: 138275<br/><b>PCL8</b>: 13827501<br/><b>OLDBOOK</b>: 138<br/><b>OLDPCL</b>: 138275010<br/><b>OLDPAGE</b>: 275<br/><b>OLDLOT</b>: 010<br/><b>OLDFILL</b>: 01<br/><b>ZIPMAIN</b>: 89148.0<br/><b>ZIPLUS4</b>: 0.0<br/><b>LOCATION</b>: 001501     ROCK SPRINGS          DR  L<br/><b>STR</b>: 2720  60<br/><b>ADBOOK</b>: 0000<br/><b>ADPAGE</b>: 0000<br/><b>ADDR_OWN</b>: ROCK SPRINGS 55 APTS L L C      6021 S FORT APACHE RD # 100     LAS VEGAS NV 89148<br/><b>ADDRESS</b>: 001501     ROCK SPRINGS          DR<br/><b>INACTNEWPC</b>:  <br/><b>LUCODE</b>: 150.0<br/><b>SHAPE_LE_1</b>: 2171.93730911<br/><b>Shape__Area</b>: 290413.189453125<br/><b>Shape__Length</b>: 2171.937309116583]]></description>
  <Point>
    <coordinates>-115.24502372554277,36.18829342474012,0</coordinates>
  </Point>
</Placemark>
<Placemark>
  <name>1435</name>
  <styleUrl>#billboard</styleUrl>
  <description><![CDATA[<b>OBJECTID_BILLBOARD</b>: 29<br/><b>LVBOARDS_</b>: 37<br/><b>LVBOARDS_I</b>: 16<br/><b>SIGN_TYPE</b>:  <br/><b>STREET_NUM</b>: 1399<br/><b>STREET_DIR</b>:  <br/><b>STREET_NAM</b>: Rainbow<br/><b>PARCEL</b>: 13827502007<br/><b>PARCELOLD</b>: 13827502002<br/><b>APPLICANT</b>:  <br/><b>SIGN_AREA</b>: 672<br/><b>SIGN_HEIGH</b>: 40<br/><b>TAG_NUM</b>: 1435<br/><b>APPLY_DATE</b>: 4/22/96<br/><b>NOTES_SUP</b>: U-138-90<br/><b>NOTES_VAR</b>: V-86-95<br/><b>NOTES_RQR</b>: RQR-25872; V-86-95(1)&amp;(2)<br/><b>NOTES</b>:  <br/><b>SIZE_</b>: 14x48<br/><b>FIELD_CHEC</b>: 1<br/><b>FREEWAY</b>: 750<br/><b>APP_FIN</b>:  <br/><b>WARD_BILLBOARD</b>: 5<br/><b>LONGITUDE</b>: -115.24392657891643<br/><b>LATITUDE</b>: 36.18671933466476<br/><b>OBJECTID_1</b>: 585566.0<br/><b>CALC_ACRES</b>: 0.0<br/><b>ASSR_ACRES</b>: 1.93<br/><b>LABEL_CLAS</b>: 701.0<br/><b>PARCELTYPE</b>: 0.0<br/><b>PRCLID</b>: 13827502007<br/><b>PRCLKEY</b>: 701.0<br/><b>PRCLVER</b>: 701.0<br/><b>PCLBOOK</b>: 138<br/><b>PCLSEC</b>: 27<br/><b>PCLPAGE</b>: 5<br/><b>PCLSUBD</b>: 02<br/><b>PCLNO</b>: 007<br/><b>TAXDIST_SP</b>: 200.0<br/><b>FDPHANTOM</b>: 2318-29<br/><b>FIREMAPNO</b>: 2318.0<br/><b>CENTRACT</b>: 3104.0<br/><b>SHAPE_LENG</b>: 12374.1589895<br/><b>PRECINCT</b>: 2025.0<br/><b>COMMISSION</b>: B<br/><b>ASSEMBLY</b>: 34.0<br/><b>SENATE</b>: 6.0<br/><b>CONGRESS</b>: 4.0<br/><b>TAZ</b>: 376.0<br/><b>PERIMETER</b>: 161583.305707<br/><b>WARD_PARCEL</b>: 1<br/><b>CNTY_IS</b>: 0.0<br/><b>SHADE</b>: 83.0<br/><b>ACRES</b>: 11202.3105405<br/><b>SQ_MILES</b>: 17.50361022<br/><b>ZIP</b>: 89108.0<br/><b>OBJECTID_PARCEL</b>: 249327.0<br/><b>TAXDIST</b>: 200.0<br/><b>OWNER</b>: E S S PRISA L L C<br/><b>ADDRESS1</b>: C/O PARADIGM TAX-ESS #0159<br/><b>ADDRESS2</b>: PO BOX 800729<br/><b>ADDRESS3</b>: DALLAS TX 75380<br/><b>ADDRESS4</b>:  <br/><b>ADDRESS5</b>:  <br/><b>NAMETAG</b>:  <br/><b>ZIPCODE</b>: 753800000.0<br/><b>COMNAME</b>:  <br/><b>STRNO</b>: 1399.0<br/><b>STRFRAC</b>:  <br/><b>STRDIR</b>: N<br/><b>STRNAME</b>: RAINBOW<br/><b>STRTYPE</b>: BLVD<br/><b>STRCITY</b>: LV<br/><b>STRUNIT</b>:  <br/><b>COMMENT1</b>:  <br/><b>COMMENT2</b>:  <br/><b>FIXD</b>: PM00600056        L1<br/><b>SUBTAG</b>:  <br/><b>LEGAL1</b>: PARCEL MAP FILE 60 PAGE 56<br/><b>LEGAL2</b>: LOT 1<br/><b>LEGAL3</b>: &amp; PT NE4 NE4 SEC 27 20 60<br/><b>LEGAL4</b>:  <br/><b>LEGAL5</b>:  <br/><b>LEGAL6</b>:  <br/><b>ASSDYR</b>: 2027.0<br/><b>CONSTYR</b>: 1989.0<br/><b>DOCDATE</b>: 20050726<br/><b>FILLER1</b>:  <br/><b>DOCNO</b>: 2005072605040<br/><b>DOCMULTI</b>:  <br/><b>DOCVEST</b>: NS<br/><b>SALEPRICE</b>: 5659476.0<br/><b>SALETYPE</b>: R<br/><b>SALEDATE</b>: 20050701<br/><b>PORTION</b>:  <br/><b>BK1</b>:  <br/><b>BK2</b>:  <br/><b>SECTNO</b>: 27<br/><b>TOWNSHIP</b>: 20<br/><b>RANGE</b>: 60<br/><b>LANDUSE</b>: 250000.0<br/><b>CAPACITY</b>: 90.0<br/><b>LANDCD1</b>:  <br/><b>LANDACRE1</b>: 2.0<br/><b>LANDVAL1</b>: 411948.0<br/><b>LANDCD2</b>:  <br/><b>LANDACRE2</b>: 0.0<br/><b>LANDVAL2</b>: 0.0<br/><b>IMPVAL</b>: 674553.0<br/><b>PRCD1</b>:  <br/><b>PRVAL1</b>: 0.0<br/><b>PRCD2</b>:  <br/><b>PRVAL2</b>: 0.0<br/><b>PRCD3</b>:  <br/><b>PRVAL3</b>: 0.0<br/><b>EXMPCD</b>:  <br/><b>EXMPVAL</b>: 0.0<br/><b>LYACRES</b>: 0.0<br/><b>LYLNDVAL</b>: 382523.0<br/><b>LYIMPVAL</b>: 687578.0<br/><b>LYPPVAL</b>: 0.0<br/><b>LYEXCD</b>:  <br/><b>LYEXVAL</b>: 0.0<br/><b>LY2ACRES</b>: 0.0<br/><b>LY2LNDVAL</b>: 0.0<br/><b>LY2IMPVAL</b>: 0.0<br/><b>LY2PPVAL</b>: 0.0<br/><b>LY2EXCD</b>:  <br/><b>LY2EXVAL</b>: 0.0<br/><b>OWNERNUM</b>: 0.0<br/><b>OWNERDEN</b>: 0.0<br/><b>ETALFLAG</b>: N<br/><b>UPDDATE</b>: 20231117<br/><b>LASTUPDATE</b>: 20231117<br/><b>LOTSQFT</b>: 0.0<br/><b>OLDPARCEL</b>:  <br/><b>INACTPCL</b>: 13827502006<br/><b>INACTREF</b>: 0.0<br/><b>FILLER2</b>:  <br/><b>PCLBOOK3</b>: 138<br/><b>PCL5</b>: 13827<br/><b>PCL6</b>: 138275<br/><b>PCL8</b>: 13827502<br/><b>OLDBOOK</b>: 138<br/><b>OLDPCL</b>: 138275020<br/><b>OLDPAGE</b>: 275<br/><b>OLDLOT</b>: 020<br/><b>OLDFILL</b>: 07<br/><b>ZIPMAIN</b>: 75380.0<br/><b>ZIPLUS4</b>: 0.0<br/><b>LOCATION</b>: 001399   N RAINBOW               BLVDL<br/><b>STR</b>: 2720  60<br/><b>ADBOOK</b>: 0060<br/><b>ADPAGE</b>: 0056<br/><b>ADDR_OWN</b>: E S S PRISA L L C               C/O PARADIGM TAX-ESS #0159      PO BOX 800729                   DALLAS TX 75380<br/><b>ADDRESS</b>: 001399   N RAINBOW               BLVD<br/><b>INACTNEWPC</b>:  <br/><b>LUCODE</b>: 250.0<br/><b>SHAPE_LE_1</b>: 1310.85051705<br/><b>Shape__Area</b>: 84533.54296875<br/><b>Shape__Length</b>: 1310.8505170613957]]></description>
  <Point>
    <coordinates>-115.24392657891643,36.18671933466476,0</coordinates>
  </Point>
</Placemark>
<Placemark>
  <name>0</name>
  <styleUrl>#billboard</styleUrl>
  <description><![CDATA[<b>OBJECTID_BILLBOARD</b>: 30<br/><b>LVBOARDS_</b>: 38<br/><b>LVBOARDS_I</b>: 6<br/><b>SIGN_TYPE</b>:  <br/><b>STREET_NUM</b>: 192<br/><b>STREET_DIR</b>: N<br/><b>STREET_NAM</b>: Wallace<br/><b>PARCEL</b>: 13826801009<br/><b>PARCELOLD</b>: 13826801009<br/><b>APPLICANT</b>: Clear Channel Outdoor<br/><b>SIGN_AREA</b>: 672<br/><b>SIGN_HEIGH</b>: 65<br/><b>TAG_NUM</b>: 0<br/><b>APPLY_DATE</b>:  <br/><b>NOTES_SUP</b>:  <br/><b>NOTES_VAR</b>:  <br/><b>NOTES_RQR</b>:  <br/><b>NOTES</b>: SDR-35904;L-0343-05, moved US95 widening;L-4725-04<br/><b>SIZE_</b>: 14x48<br/><b>FIELD_CHEC</b>: 1<br/><b>FREEWAY</b>: 750<br/><b>APP_FIN</b>: Finnaled<br/><b>WARD_BILLBOARD</b>: 1<br/><b>LONGITUDE</b>: -115.2262092902601<br/><b>LATITUDE</b>: 36.17465611322832<br/><b>OBJECTID_1</b>: 561712.0<br/><b>CALC_ACRES</b>: 0.0<br/><b>ASSR_ACRES</b>: 0.56<br/><b>LABEL_CLAS</b>: 701.0<br/><b>PARCELTYPE</b>: 0.0<br/><b>PRCLID</b>: 13826801009<br/><b>PRCLKEY</b>: 701.0<br/><b>PRCLVER</b>: 701.0<br/><b>PCLBOOK</b>: 138<br/><b>PCLSEC</b>: 26<br/><b>PCLPAGE</b>: 8<br/><b>PCLSUBD</b>: 01<br/><b>PCLNO</b>: 009<br/><b>TAXDIST_SP</b>: 200.0<br/><b>FDPHANTOM</b>: 2319-99<br/><b>FIREMAPNO</b>: 2319.0<br/><b>CENTRACT</b>: 3102.0<br/><b>SHAPE_LENG</b>: 16779.2464185<br/><b>PRECINCT</b>: 2028.0<br/><b>COMMISSION</b>: B<br/><b>ASSEMBLY</b>: 34.0<br/><b>SENATE</b>: 6.0<br/><b>CONGRESS</b>: 4.0<br/><b>TAZ</b>: 406.0<br/><b>PERIMETER</b>: 161583.305707<br/><b>WARD_PARCEL</b>: 1<br/><b>CNTY_IS</b>: 0.0<br/><b>SHADE</b>: 83.0<br/><b>ACRES</b>: 11202.3105405<br/><b>SQ_MILES</b>: 17.50361022<br/><b>ZIP</b>: 89107.0<br/><b>OBJECTID_PARCEL</b>: 247024.0<br/><b>TAXDIST</b>: 200.0<br/><b>OWNER</b>: STATE OF NEVADA TRANSPORTATION<br/><b>ADDRESS1</b>: C/O RIGHT-OF-WAY DIV<br/><b>ADDRESS2</b>: 1263 S STEWART ST<br/><b>ADDRESS3</b>: CARSON CITY NV 89712<br/><b>ADDRESS4</b>:  <br/><b>ADDRESS5</b>:  <br/><b>NAMETAG</b>:  <br/><b>ZIPCODE</b>: 897120000.0<br/><b>COMNAME</b>:  <br/><b>STRNO</b>: 0.0<br/><b>STRFRAC</b>:  <br/><b>STRDIR</b>:  <br/><b>STRNAME</b>:  <br/><b>STRTYPE</b>:  <br/><b>STRCITY</b>: LV<br/><b>STRUNIT</b>:  <br/><b>COMMENT1</b>:  <br/><b>COMMENT2</b>:  <br/><b>FIXD</b>: PM00820093        L2<br/><b>SUBTAG</b>:  <br/><b>LEGAL1</b>: PARCEL MAP FILE 82 PAGE 93<br/><b>LEGAL2</b>: LOT 2<br/><b>LEGAL3</b>:  <br/><b>LEGAL4</b>:  <br/><b>LEGAL5</b>:  <br/><b>LEGAL6</b>:  <br/><b>ASSDYR</b>: 2027.0<br/><b>CONSTYR</b>: 0.0<br/><b>DOCDATE</b>: 20060418<br/><b>FILLER1</b>:  <br/><b>DOCNO</b>: 2006041801518<br/><b>DOCMULTI</b>:  <br/><b>DOCVEST</b>: NS<br/><b>SALEPRICE</b>: 0.0<br/><b>SALETYPE</b>:  <br/><b>SALEDATE</b>:  <br/><b>PORTION</b>:  <br/><b>BK1</b>:  <br/><b>BK2</b>:  <br/><b>SECTNO</b>: 26<br/><b>TOWNSHIP</b>: 20<br/><b>RANGE</b>: 60<br/><b>LANDUSE</b>: 0.0<br/><b>CAPACITY</b>: 0.0<br/><b>LANDCD1</b>:  <br/><b>LANDACRE1</b>: 1.0<br/><b>LANDVAL1</b>: 0.0<br/><b>LANDCD2</b>:  <br/><b>LANDACRE2</b>: 0.0<br/><b>LANDVAL2</b>: 0.0<br/><b>IMPVAL</b>: 0.0<br/><b>PRCD1</b>:  <br/><b>PRVAL1</b>: 0.0<br/><b>PRCD2</b>:  <br/><b>PRVAL2</b>: 0.0<br/><b>PRCD3</b>:  <br/><b>PRVAL3</b>: 0.0<br/><b>EXMPCD</b>: 55<br/><b>EXMPVAL</b>: 0.0<br/><b>LYACRES</b>: 0.0<br/><b>LYLNDVAL</b>: 0.0<br/><b>LYIMPVAL</b>: 0.0<br/><b>LYPPVAL</b>: 0.0<br/><b>LYEXCD</b>:  <br/><b>LYEXVAL</b>: 0.0<br/><b>LY2ACRES</b>: 0.0<br/><b>LY2LNDVAL</b>: 0.0<br/><b>LY2IMPVAL</b>: 0.0<br/><b>LY2PPVAL</b>: 0.0<br/><b>LY2EXCD</b>:  <br/><b>LY2EXVAL</b>: 0.0<br/><b>OWNERNUM</b>: 0.0<br/><b>OWNERDEN</b>: 0.0<br/><b>ETALFLAG</b>: N<br/><b>UPDDATE</b>: 20231117<br/><b>LASTUPDATE</b>: 20231117<br/><b>LOTSQFT</b>: 0.0<br/><b>OLDPARCEL</b>:  <br/><b>INACTPCL</b>: 13826801007<br/><b>INACTREF</b>: 0.0<br/><b>FILLER2</b>:  <br/><b>PCLBOOK3</b>: 138<br/><b>PCL5</b>: 13826<br/><b>PCL6</b>: 138268<br/><b>PCL8</b>: 13826801<br/><b>OLDBOOK</b>: 138<br/><b>OLDPCL</b>: 138268010<br/><b>OLDPAGE</b>: 268<br/><b>OLDLOT</b>: 010<br/><b>OLDFILL</b>: 09<br/><b>ZIPMAIN</b>: 89712.0<br/><b>ZIPLUS4</b>: 0.0<br/><b>LOCATION</b>: 000000                               L<br/><b>STR</b>: 2620  60<br/><b>ADBOOK</b>: 0082<br/><b>ADPAGE</b>: 0093<br/><b>ADDR_OWN</b>: STATE OF NEVADA TRANSPORTATION  C/O RIGHT-OF-WAY DIV            1263 S STEWART ST               CARSON CITY NV 89712<br/><b>ADDRESS</b>: 000000<br/><b>INACTNEWPC</b>:  <br/><b>LUCODE</b>: 0.0<br/><b>SHAPE_LE_1</b>: 659.08917138<br/><b>Shape__Area</b>: 24403.759765625<br/><b>Shape__Length</b>: 659.08917137854]]></description>
  <Point>
    <coordinates>-115.2262092902601,36.17465611322832,0</coordinates>
  </Point>
</Placemark>
<Placemark>
  <name>0</name>
  <styleUrl>#billboard</styleUrl>
  <description><![CDATA[<b>OBJECTID_BILLBOARD</b>: 35<br/><b>LVBOARDS_</b>: 45<br/><b>LVBOARDS_I</b>: 34<br/><b>SIGN_TYPE</b>:  <br/><b>STREET_NUM</b>: 0<br/><b>STREET_DIR</b>:  <br/><b>STREET_NAM</b>:  <br/><b>PARCEL</b>: 13927401006<br/><b>PARCELOLD</b>: 13927401006<br/><b>APPLICANT</b>: Clear Channel Outdoor<br/><b>SIGN_AREA</b>: 672<br/><b>SIGN_HEIGH</b>: 0<br/><b>TAG_NUM</b>: 0<br/><b>APPLY_DATE</b>:  <br/><b>NOTES_SUP</b>:  <br/><b>NOTES_VAR</b>:  <br/><b>NOTES_RQR</b>:  <br/><b>NOTES</b>:  <br/><b>SIZE_</b>: 14x48<br/><b>FIELD_CHEC</b>: 1<br/><b>FREEWAY</b>: 750<br/><b>APP_FIN</b>:  <br/><b>WARD_BILLBOARD</b>: 5<br/><b>LONGITUDE</b>: -115.14945055958542<br/><b>LATITUDE</b>: 36.17540724559924<br/><b>OBJECTID_1</b>: 593063.0<br/><b>CALC_ACRES</b>: 0.0<br/><b>ASSR_ACRES</b>: 3.23<br/><b>LABEL_CLAS</b>: 701.0<br/><b>PARCELTYPE</b>: 0.0<br/><b>PRCLID</b>: 13927401006<br/><b>PRCLKEY</b>: 701.0<br/><b>PRCLVER</b>: 701.0<br/><b>PCLBOOK</b>: 139<br/><b>PCLSEC</b>: 27<br/><b>PCLPAGE</b>: 4<br/><b>PCLSUBD</b>: 01<br/><b>PCLNO</b>: 006<br/><b>TAXDIST_SP</b>: 203.0<br/><b>FDPHANTOM</b>: 2325-81<br/><b>FIREMAPNO</b>: 2325.0<br/><b>CENTRACT</b>: 301.0<br/><b>SHAPE_LENG</b>: 35552.9137961<br/><b>PRECINCT</b>: 4030.0<br/><b>COMMISSION</b>: D<br/><b>ASSEMBLY</b>: 6.0<br/><b>SENATE</b>: 4.0<br/><b>CONGRESS</b>: 4.0<br/><b>TAZ</b>: 416.0<br/><b>PERIMETER</b>: 265026.231717<br/><b>WARD_PARCEL</b>: 5<br/><b>CNTY_IS</b>: 0.0<br/><b>SHADE</b>: 113.0<br/><b>ACRES</b>: 9805.19074535<br/><b>SQ_MILES</b>: 15.32061054<br/><b>ZIP</b>: 89106.0<br/><b>OBJECTID_PARCEL</b>: 312214.0<br/><b>TAXDIST</b>: 203.0<br/><b>OWNER</b>: NEVADA READY MIX CORPORATION<br/><b>ADDRESS1</b>: 151 CASSIA WAY<br/><b>ADDRESS2</b>: HENDERSON NV 89014-6616<br/><b>ADDRESS3</b>:  <br/><b>ADDRESS4</b>:  <br/><b>ADDRESS5</b>:  <br/><b>NAMETAG</b>:  <br/><b>ZIPCODE</b>: 890146616.0<br/><b>COMNAME</b>:  <br/><b>STRNO</b>: 601.0<br/><b>STRFRAC</b>:  <br/><b>STRDIR</b>: W<br/><b>STRNAME</b>: BONANZA<br/><b>STRTYPE</b>: RD<br/><b>STRCITY</b>: LV<br/><b>STRUNIT</b>:  <br/><b>COMMENT1</b>:  <br/><b>COMMENT2</b>:  <br/><b>FIXD</b>: PM00480025        L2<br/><b>SUBTAG</b>:  <br/><b>LEGAL1</b>: PARCEL MAP FILE 48 PAGE 25<br/><b>LEGAL2</b>: LOT 2<br/><b>LEGAL3</b>:  <br/><b>LEGAL4</b>:  <br/><b>LEGAL5</b>:  <br/><b>LEGAL6</b>:  <br/><b>ASSDYR</b>: 2027.0<br/><b>CONSTYR</b>: 2007.0<br/><b>DOCDATE</b>: 19890803<br/><b>FILLER1</b>:  <br/><b>DOCNO</b>: 1989080300267<br/><b>DOCMULTI</b>:  <br/><b>DOCVEST</b>: NS<br/><b>SALEPRICE</b>: 0.0<br/><b>SALETYPE</b>:  <br/><b>SALEDATE</b>:  <br/><b>PORTION</b>:  <br/><b>BK1</b>:  <br/><b>BK2</b>:  <br/><b>SECTNO</b>: 27<br/><b>TOWNSHIP</b>: 20<br/><b>RANGE</b>: 61<br/><b>LANDUSE</b>: 378000.0<br/><b>CAPACITY</b>: 1.0<br/><b>LANDCD1</b>:  <br/><b>LANDACRE1</b>: 3.0<br/><b>LANDVAL1</b>: 369335.0<br/><b>LANDCD2</b>:  <br/><b>LANDACRE2</b>: 0.0<br/><b>LANDVAL2</b>: 0.0<br/><b>IMPVAL</b>: 682145.0<br/><b>PRCD1</b>:  <br/><b>PRVAL1</b>: 0.0<br/><b>PRCD2</b>:  <br/><b>PRVAL2</b>: 0.0<br/><b>PRCD3</b>:  <br/><b>PRVAL3</b>: 0.0<br/><b>EXMPCD</b>:  <br/><b>EXMPVAL</b>: 0.0<br/><b>LYACRES</b>: 0.0<br/><b>LYLNDVAL</b>: 344713.0<br/><b>LYIMPVAL</b>: 663016.0<br/><b>LYPPVAL</b>: 0.0<br/><b>LYEXCD</b>:  <br/><b>LYEXVAL</b>: 0.0<br/><b>LY2ACRES</b>: 0.0<br/><b>LY2LNDVAL</b>: 0.0<br/><b>LY2IMPVAL</b>: 0.0<br/><b>LY2PPVAL</b>: 0.0<br/><b>LY2EXCD</b>:  <br/><b>LY2EXVAL</b>: 0.0<br/><b>OWNERNUM</b>: 0.0<br/><b>OWNERDEN</b>: 0.0<br/><b>ETALFLAG</b>: N<br/><b>UPDDATE</b>: 20240617<br/><b>LASTUPDATE</b>: 20240617<br/><b>LOTSQFT</b>: 0.0<br/><b>OLDPARCEL</b>:  <br/><b>INACTPCL</b>: 010640038<br/><b>INACTREF</b>: 0.0<br/><b>FILLER2</b>:  <br/><b>PCLBOOK3</b>: 139<br/><b>PCL5</b>: 13927<br/><b>PCL6</b>: 139274<br/><b>PCL8</b>: 13927401<br/><b>OLDBOOK</b>: 139<br/><b>OLDPCL</b>: 139274010<br/><b>OLDPAGE</b>: 274<br/><b>OLDLOT</b>: 010<br/><b>OLDFILL</b>: 06<br/><b>ZIPMAIN</b>: 89014.0<br/><b>ZIPLUS4</b>: 6616.0<br/><b>LOCATION</b>: 000601   W BONANZA               RD  L<br/><b>STR</b>: 2720  61<br/><b>ADBOOK</b>: 0048<br/><b>ADPAGE</b>: 0025<br/><b>ADDR_OWN</b>: NEVADA READY MIX CORPORATION    151 CASSIA WAY                  HENDERSON NV 89014-6616<br/><b>ADDRESS</b>: 000601   W BONANZA               RD<br/><b>INACTNEWPC</b>:  <br/><b>LUCODE</b>: 378.0<br/><b>SHAPE_LE_1</b>: 1609.9080097<br/><b>Shape__Area</b>: 143006.7578125<br/><b>Shape__Length</b>: 1609.9080096881523]]></description>
  <Point>
    <coordinates>-115.14945055958542,36.17540724559924,0</coordinates>
  </Point>
</Placemark>
<Placemark>
  <name>0</name>
  <styleUrl>#billboard</styleUrl>
  <description><![CDATA[<b>OBJECTID_BILLBOARD</b>: 36<br/><b>LVBOARDS_</b>: 46<br/><b>LVBOARDS_I</b>: 33<br/><b>SIGN_TYPE</b>:  <br/><b>STREET_NUM</b>: 420<br/><b>STREET_DIR</b>: W<br/><b>STREET_NAM</b>: Mesquite<br/><b>PARCEL</b>: 13927401022<br/><b>PARCELOLD</b>: 13927401022<br/><b>APPLICANT</b>:  <br/><b>SIGN_AREA</b>: 672<br/><b>SIGN_HEIGH</b>: 0<br/><b>TAG_NUM</b>: 0<br/><b>APPLY_DATE</b>:  <br/><b>NOTES_SUP</b>:  <br/><b>NOTES_VAR</b>:  <br/><b>NOTES_RQR</b>:  <br/><b>NOTES</b>: DONREY<br/><b>SIZE_</b>: 14x48<br/><b>FIELD_CHEC</b>: 1<br/><b>FREEWAY</b>: 750<br/><b>APP_FIN</b>:  <br/><b>WARD_BILLBOARD</b>: 5<br/><b>LONGITUDE</b>: -115.14771485702892<br/><b>LATITUDE</b>: 36.175918127900864<br/><b>OBJECTID_1</b>: 486288.0<br/><b>CALC_ACRES</b>: 0.0<br/><b>ASSR_ACRES</b>: 0.23<br/><b>LABEL_CLAS</b>: 701.0<br/><b>PARCELTYPE</b>: 0.0<br/><b>PRCLID</b>: 13927401022<br/><b>PRCLKEY</b>: 701.0<br/><b>PRCLVER</b>: 701.0<br/><b>PCLBOOK</b>: 139<br/><b>PCLSEC</b>: 27<br/><b>PCLPAGE</b>: 4<br/><b>PCLSUBD</b>: 01<br/><b>PCLNO</b>: 022<br/><b>TAXDIST_SP</b>: 203.0<br/><b>FDPHANTOM</b>: 2325-83<br/><b>FIREMAPNO</b>: 2325.0<br/><b>CENTRACT</b>: 301.0<br/><b>SHAPE_LENG</b>: 35552.9137961<br/><b>PRECINCT</b>: 4030.0<br/><b>COMMISSION</b>: D<br/><b>ASSEMBLY</b>: 6.0<br/><b>SENATE</b>: 4.0<br/><b>CONGRESS</b>: 4.0<br/><b>TAZ</b>: 417.0<br/><b>PERIMETER</b>: 265026.231717<br/><b>WARD_PARCEL</b>: 5<br/><b>CNTY_IS</b>: 0.0<br/><b>SHADE</b>: 113.0<br/><b>ACRES</b>: 9805.19074535<br/><b>SQ_MILES</b>: 15.32061054<br/><b>ZIP</b>: 89106.0<br/><b>OBJECTID_PARCEL</b>: 312224.0<br/><b>TAXDIST</b>: 203.0<br/><b>OWNER</b>: TSAGRINOS VASSILIOS<br/><b>ADDRESS1</b>: 6715 ARVILLE ST<br/><b>ADDRESS2</b>: LAS VEGAS NV 89118<br/><b>ADDRESS3</b>:  <br/><b>ADDRESS4</b>:  <br/><b>ADDRESS5</b>:  <br/><b>NAMETAG</b>:  <br/><b>ZIPCODE</b>: 891180000.0<br/><b>COMNAME</b>:  <br/><b>STRNO</b>: 420.0<br/><b>STRFRAC</b>:  <br/><b>STRDIR</b>: W<br/><b>STRNAME</b>: MESQUITE<br/><b>STRTYPE</b>: AVE<br/><b>STRCITY</b>: LV<br/><b>STRUNIT</b>:  <br/><b>COMMENT1</b>: C-20191114:3362<br/><b>COMMENT2</b>:  <br/><b>FIXD</b>: 00000000<br/><b>SUBTAG</b>:  <br/><b>LEGAL1</b>: PT SW4 SW4 SEC 27 20 61<br/><b>LEGAL2</b>:  <br/><b>LEGAL3</b>:  <br/><b>LEGAL4</b>:  <br/><b>LEGAL5</b>:  <br/><b>LEGAL6</b>:  <br/><b>ASSDYR</b>: 2027.0<br/><b>CONSTYR</b>: 1959.0<br/><b>DOCDATE</b>: 20191114<br/><b>FILLER1</b>:  <br/><b>DOCNO</b>: 2019111403361<br/><b>DOCMULTI</b>:  <br/><b>DOCVEST</b>: NS<br/><b>SALEPRICE</b>: 76983.0<br/><b>SALETYPE</b>: A<br/><b>SALEDATE</b>: 20191101<br/><b>PORTION</b>:  <br/><b>BK1</b>:  <br/><b>BK2</b>:  <br/><b>SECTNO</b>: 27<br/><b>TOWNSHIP</b>: 20<br/><b>RANGE</b>: 61<br/><b>LANDUSE</b>: 240000.0<br/><b>CAPACITY</b>: 1.0<br/><b>LANDCD1</b>:  <br/><b>LANDACRE1</b>: 0.0<br/><b>LANDVAL1</b>: 26300.0<br/><b>LANDCD2</b>:  <br/><b>LANDACRE2</b>: 0.0<br/><b>LANDVAL2</b>: 0.0<br/><b>IMPVAL</b>: 13514.0<br/><b>PRCD1</b>:  <br/><b>PRVAL1</b>: 0.0<br/><b>PRCD2</b>:  <br/><b>PRVAL2</b>: 0.0<br/><b>PRCD3</b>:  <br/><b>PRVAL3</b>: 0.0<br/><b>EXMPCD</b>:  <br/><b>EXMPVAL</b>: 0.0<br/><b>LYACRES</b>: 0.0<br/><b>LYLNDVAL</b>: 24547.0<br/><b>LYIMPVAL</b>: 13303.0<br/><b>LYPPVAL</b>: 0.0<br/><b>LYEXCD</b>:  <br/><b>LYEXVAL</b>: 0.0<br/><b>LY2ACRES</b>: 0.0<br/><b>LY2LNDVAL</b>: 0.0<br/><b>LY2IMPVAL</b>: 0.0<br/><b>LY2PPVAL</b>: 0.0<br/><b>LY2EXCD</b>:  <br/><b>LY2EXVAL</b>: 0.0<br/><b>OWNERNUM</b>: 0.0<br/><b>OWNERDEN</b>: 0.0<br/><b>ETALFLAG</b>: N<br/><b>UPDDATE</b>: 20240617<br/><b>LASTUPDATE</b>: 20240617<br/><b>LOTSQFT</b>: 0.0<br/><b>OLDPARCEL</b>:  <br/><b>INACTPCL</b>: 13927401022<br/><b>INACTREF</b>: 0.0<br/><b>FILLER2</b>:  <br/><b>PCLBOOK3</b>: 139<br/><b>PCL5</b>: 13927<br/><b>PCL6</b>: 139274<br/><b>PCL8</b>: 13927401<br/><b>OLDBOOK</b>: 139<br/><b>OLDPCL</b>: 139274010<br/><b>OLDPAGE</b>: 274<br/><b>OLDLOT</b>: 010<br/><b>OLDFILL</b>: 22<br/><b>ZIPMAIN</b>: 89118.0<br/><b>ZIPLUS4</b>: 0.0<br/><b>LOCATION</b>: 000420   W MESQUITE              AVE L<br/><b>STR</b>: 2720  61<br/><b>ADBOOK</b>: 0000<br/><b>ADPAGE</b>: 0000<br/><b>ADDR_OWN</b>: TSAGRINOS VASSILIOS             6715 ARVILLE ST                 LAS VEGAS NV 89118<br/><b>ADDRESS</b>: 000420   W MESQUITE              AVE<br/><b>INACTNEWPC</b>:  <br/><b>LUCODE</b>: 240.0<br/><b>SHAPE_LE_1</b>: 465.77406179<br/><b>Shape__Area</b>: 10271.33203125<br/><b>Shape__Length</b>: 465.77406179853074]]></description>
  <Point>
    <coordinates>-115.14771485702892,36.175918127900864,0</coordinates>
  </Point>
</Placemark>
<Placemark>
  <name>0</name>
  <styleUrl>#billboard</styleUrl>
  <description><![CDATA[<b>OBJECTID_BILLBOARD</b>: 37<br/><b>LVBOARDS_</b>: 47<br/><b>LVBOARDS_I</b>: 32<br/><b>SIGN_TYPE</b>:  <br/><b>STREET_NUM</b>: 0<br/><b>STREET_DIR</b>:  <br/><b>STREET_NAM</b>:  <br/><b>PARCEL</b>: 13927401031<br/><b>PARCELOLD</b>: 13927401024<br/><b>APPLICANT</b>: VIACOM<br/><b>SIGN_AREA</b>: 672<br/><b>SIGN_HEIGH</b>: 40<br/><b>TAG_NUM</b>: 0<br/><b>APPLY_DATE</b>:  <br/><b>NOTES_SUP</b>: U-22-92<br/><b>NOTES_VAR</b>: V-46-92<br/><b>NOTES_RQR</b>: RQR-34324;RQR-13616; RQR-6345; RQR-1909<br/><b>NOTES</b>: ROC-18260; DIR-14084<br/><b>SIZE_</b>: 14x48<br/><b>FIELD_CHEC</b>: 1<br/><b>FREEWAY</b>: 750<br/><b>APP_FIN</b>:  <br/><b>WARD_BILLBOARD</b>: 5<br/><b>LONGITUDE</b>: -115.14587125965681<br/><b>LATITUDE</b>: 36.17579062831658]]></description>
  <Point>
    <coordinates>-115.14587125965681,36.17579062831658,0</coordinates>
  </Point>
</Placemark>
<Placemark>
  <name>0</name>
  <styleUrl>#billboard</styleUrl>
  <description><![CDATA[<b>OBJECTID_BILLBOARD</b>: 38<br/><b>LVBOARDS_</b>: 48<br/><b>LVBOARDS_I</b>: 40<br/><b>SIGN_TYPE</b>:  <br/><b>STREET_NUM</b>: 429<br/><b>STREET_DIR</b>: N<br/><b>STREET_NAM</b>: Bonanza<br/><b>PARCEL</b>: 13927403002<br/><b>PARCELOLD</b>: 13927403002<br/><b>APPLICANT</b>: LAMAR<br/><b>SIGN_AREA</b>: 672<br/><b>SIGN_HEIGH</b>: 0<br/><b>TAG_NUM</b>: 0<br/><b>APPLY_DATE</b>: 10-3-83<br/><b>NOTES_SUP</b>:  <br/><b>NOTES_VAR</b>:  <br/><b>NOTES_RQR</b>:  <br/><b>NOTES</b>:  <br/><b>SIZE_</b>: 14x48<br/><b>FIELD_CHEC</b>: 1<br/><b>FREEWAY</b>: 750<br/><b>APP_FIN</b>:  <br/><b>WARD_BILLBOARD</b>: 5<br/><b>LONGITUDE</b>: -115.1431682834683<br/><b>LATITUDE</b>: 36.17562171840167<br/><b>OBJECTID_1</b>: 506959.0<br/><b>CALC_ACRES</b>: 0.0<br/><b>ASSR_ACRES</b>: 0.29<br/><b>LABEL_CLAS</b>: 701.0<br/><b>PARCELTYPE</b>: 0.0<br/><b>PRCLID</b>: 13927403002<br/><b>PRCLKEY</b>: 701.0<br/><b>PRCLVER</b>: 701.0<br/><b>PCLBOOK</b>: 139<br/><b>PCLSEC</b>: 27<br/><b>PCLPAGE</b>: 4<br/><b>PCLSUBD</b>: 03<br/><b>PCLNO</b>: 002<br/><b>TAXDIST_SP</b>: 203.0<br/><b>FDPHANTOM</b>: 2325-85<br/><b>FIREMAPNO</b>: 2325.0<br/><b>CENTRACT</b>: 700.0<br/><b>SHAPE_LENG</b>: 20035.3233974<br/><b>PRECINCT</b>: 4510.0<br/><b>COMMISSION</b>: D<br/><b>ASSEMBLY</b>: 11.0<br/><b>SENATE</b>: 2.0<br/><b>CONGRESS</b>: 4.0<br/><b>TAZ</b>: 420.0<br/><b>PERIMETER</b>: 265026.231717<br/><b>WARD_PARCEL</b>: 5<br/><b>CNTY_IS</b>: 0.0<br/><b>SHADE</b>: 113.0<br/><b>ACRES</b>: 9805.19074535<br/><b>SQ_MILES</b>: 15.32061054<br/><b>ZIP</b>: 89101.0<br/><b>OBJECTID_PARCEL</b>: 312246.0<br/><b>TAXDIST</b>: 203.0<br/><b>OWNER</b>: CALIFORNIA HOTEL &amp; CASINO<br/><b>ADDRESS1</b>: C/O BOYD GAMING<br/><b>ADDRESS2</b>: 6465 S RAINBOW BLVD<br/><b>ADDRESS3</b>: LAS VEGAS NV 89118-3215<br/><b>ADDRESS4</b>:  <br/><b>ADDRESS5</b>:  <br/><b>NAMETAG</b>:  <br/><b>ZIPCODE</b>: 891183215.0<br/><b>COMNAME</b>:  <br/><b>STRNO</b>: 429.0<br/><b>STRFRAC</b>:  <br/><b>STRDIR</b>: N<br/><b>STRNAME</b>: MAIN<br/><b>STRTYPE</b>: ST<br/><b>STRCITY</b>: LV<br/><b>STRUNIT</b>:  <br/><b>COMMENT1</b>:  <br/><b>COMMENT2</b>:  <br/><b>FIXD</b>: 00000000<br/><b>SUBTAG</b>:  <br/><b>LEGAL1</b>: PT SW4 SE4 SEC 27 20 61<br/><b>LEGAL2</b>:  <br/><b>LEGAL3</b>:  <br/><b>LEGAL4</b>:  <br/><b>LEGAL5</b>:  <br/><b>LEGAL6</b>:  <br/><b>ASSDYR</b>: 2027.0<br/><b>CONSTYR</b>: 0.0<br/><b>DOCDATE</b>: 19941117<br/><b>FILLER1</b>:  <br/><b>DOCNO</b>: 1994111701372<br/><b>DOCMULTI</b>:  <br/><b>DOCVEST</b>: NS<br/><b>SALEPRICE</b>: 600000.0<br/><b>SALETYPE</b>: R<br/><b>SALEDATE</b>: 19941101<br/><b>PORTION</b>:  <br/><b>BK1</b>:  <br/><b>BK2</b>:  <br/><b>SECTNO</b>: 27<br/><b>TOWNSHIP</b>: 20<br/><b>RANGE</b>: 61<br/><b>LANDUSE</b>: 0.0<br/><b>CAPACITY</b>: 0.0<br/><b>LANDCD1</b>:  <br/><b>LANDACRE1</b>: 0.0<br/><b>LANDVAL1</b>: 46423.0<br/><b>LANDCD2</b>:  <br/><b>LANDACRE2</b>: 0.0<br/><b>LANDVAL2</b>: 0.0<br/><b>IMPVAL</b>: 0.0<br/><b>PRCD1</b>:  <br/><b>PRVAL1</b>: 0.0<br/><b>PRCD2</b>:  <br/><b>PRVAL2</b>: 0.0<br/><b>PRCD3</b>:  <br/><b>PRVAL3</b>: 0.0<br/><b>EXMPCD</b>:  <br/><b>EXMPVAL</b>: 0.0<br/><b>LYACRES</b>: 0.0<br/><b>LYLNDVAL</b>: 46423.0<br/><b>LYIMPVAL</b>: 0.0<br/><b>LYPPVAL</b>: 0.0<br/><b>LYEXCD</b>:  <br/><b>LYEXVAL</b>: 0.0<br/><b>LY2ACRES</b>: 0.0<br/><b>LY2LNDVAL</b>: 0.0<br/><b>LY2IMPVAL</b>: 0.0<br/><b>LY2PPVAL</b>: 0.0<br/><b>LY2EXCD</b>:  <br/><b>LY2EXVAL</b>: 0.0<br/><b>OWNERNUM</b>: 0.0<br/><b>OWNERDEN</b>: 0.0<br/><b>ETALFLAG</b>: N<br/><b>UPDDATE</b>: 20231117<br/><b>LASTUPDATE</b>: 20231117<br/><b>LOTSQFT</b>: 0.0<br/><b>OLDPARCEL</b>:  <br/><b>INACTPCL</b>: 13927403002<br/><b>INACTREF</b>: 0.0<br/><b>FILLER2</b>:  <br/><b>PCLBOOK3</b>: 139<br/><b>PCL5</b>: 13927<br/><b>PCL6</b>: 139274<br/><b>PCL8</b>: 13927403<br/><b>OLDBOOK</b>: 139<br/><b>OLDPCL</b>: 139274030<br/><b>OLDPAGE</b>: 274<br/><b>OLDLOT</b>: 030<br/><b>OLDFILL</b>: 02<br/><b>ZIPMAIN</b>: 89118.0<br/><b>ZIPLUS4</b>: 3215.0<br/><b>LOCATION</b>: 000429   N MAIN                  ST  L<br/><b>STR</b>: 2720  61<br/><b>ADBOOK</b>: 0000<br/><b>ADPAGE</b>: 0000<br/><b>ADDR_OWN</b>: CALIFORNIA HOTEL &amp; CASINO       C/O BOYD GAMING                 6465 S RAINBOW BLVD             LAS VEGAS NV 89118-3215<br/><b>ADDRESS</b>: 000429   N MAIN                  ST<br/><b>INACTNEWPC</b>:  <br/><b>LUCODE</b>: 0.0<br/><b>SHAPE_LE_1</b>: 457.70446458<br/><b>Shape__Area</b>: 12504.5546875<br/><b>Shape__Length</b>: 457.704464581852]]></description>
  <Point>
    <coordinates>-115.1431682834683,36.17562171840167,0</coordinates>
  </Point>
</Placemark>
<Placemark>
  <name>0</name>
  <styleUrl>#billboard</styleUrl>
  <description><![CDATA[<b>OBJECTID_BILLBOARD</b>: 39<br/><b>LVBOARDS_</b>: 49<br/><b>LVBOARDS_I</b>: 26<br/><b>SIGN_TYPE</b>:  <br/><b>STREET_NUM</b>: 650<br/><b>STREET_DIR</b>: E<br/><b>STREET_NAM</b>: Bonanza<br/><b>PARCEL</b>: 13927804003<br/><b>PARCELOLD</b>: 13927804003<br/><b>APPLICANT</b>: LAMAR<br/><b>SIGN_AREA</b>: 672<br/><b>SIGN_HEIGH</b>: 60<br/><b>TAG_NUM</b>: 0<br/><b>APPLY_DATE</b>:  <br/><b>NOTES_SUP</b>: U-33-88<br/><b>NOTES_VAR</b>:  <br/><b>NOTES_RQR</b>: RQR-32716; U-33-88(1)<br/><b>NOTES</b>:  <br/><b>SIZE_</b>: 14x48<br/><b>FIELD_CHEC</b>: 1<br/><b>FREEWAY</b>: 750<br/><b>APP_FIN</b>:  <br/><b>WARD_BILLBOARD</b>: 5<br/><b>LONGITUDE</b>: -115.13553098689061<br/><b>LATITUDE</b>: 36.173938298022016<br/><b>OBJECTID_1</b>: 459615.0<br/><b>CALC_ACRES</b>: 0.0<br/><b>ASSR_ACRES</b>: 0.21<br/><b>LABEL_CLAS</b>: 701.0<br/><b>PARCELTYPE</b>: 0.0<br/><b>PRCLID</b>: 13927804003<br/><b>PRCLKEY</b>: 701.0<br/><b>PRCLVER</b>: 701.0<br/><b>PCLBOOK</b>: 139<br/><b>PCLSEC</b>: 27<br/><b>PCLPAGE</b>: 8<br/><b>PCLSUBD</b>: 04<br/><b>PCLNO</b>: 003<br/><b>TAXDIST_SP</b>: 203.0<br/><b>FDPHANTOM</b>: 2325-99<br/><b>FIREMAPNO</b>: 2325.0<br/><b>CENTRACT</b>: 700.0<br/><b>SHAPE_LENG</b>: 20035.3233974<br/><b>PRECINCT</b>: 4019.0<br/><b>COMMISSION</b>: D<br/><b>ASSEMBLY</b>: 11.0<br/><b>SENATE</b>: 2.0<br/><b>CONGRESS</b>: 1.0<br/><b>TAZ</b>: 478.0<br/><b>PERIMETER</b>: 265026.231717<br/><b>WARD_PARCEL</b>: 5<br/><b>CNTY_IS</b>: 0.0<br/><b>SHADE</b>: 113.0<br/><b>ACRES</b>: 9805.19074535<br/><b>SQ_MILES</b>: 15.32061054<br/><b>ZIP</b>: 89101.0<br/><b>OBJECTID_PARCEL</b>: 312486.0<br/><b>TAXDIST</b>: 203.0<br/><b>OWNER</b>: T L C PROPERTIES INC<br/><b>ADDRESS1</b>: 1863 HELM DR<br/><b>ADDRESS2</b>: LAS VEGAS NV 89119-3911<br/><b>ADDRESS3</b>:  <br/><b>ADDRESS4</b>:  <br/><b>ADDRESS5</b>:  <br/><b>NAMETAG</b>:  <br/><b>ZIPCODE</b>: 891193911.0<br/><b>COMNAME</b>:  <br/><b>STRNO</b>: 650.0<br/><b>STRFRAC</b>:  <br/><b>STRDIR</b>: E<br/><b>STRNAME</b>: BONANZA<br/><b>STRTYPE</b>: RD<br/><b>STRCITY</b>: LV<br/><b>STRUNIT</b>:  <br/><b>COMMENT1</b>:  <br/><b>COMMENT2</b>:  <br/><b>FIXD</b>: 00000000<br/><b>SUBTAG</b>:  <br/><b>LEGAL1</b>: PT SE4 SE4 SEC 27 20 61<br/><b>LEGAL2</b>:  <br/><b>LEGAL3</b>:  <br/><b>LEGAL4</b>:  <br/><b>LEGAL5</b>:  <br/><b>LEGAL6</b>:  <br/><b>ASSDYR</b>: 2027.0<br/><b>CONSTYR</b>: 0.0<br/><b>DOCDATE</b>: 20070207<br/><b>FILLER1</b>:  <br/><b>DOCNO</b>: 2007020702914<br/><b>DOCMULTI</b>:  <br/><b>DOCVEST</b>: NS<br/><b>SALEPRICE</b>: 57100.0<br/><b>SALETYPE</b>: C<br/><b>SALEDATE</b>: 20070201<br/><b>PORTION</b>:  <br/><b>BK1</b>:  <br/><b>BK2</b>:  <br/><b>SECTNO</b>: 27<br/><b>TOWNSHIP</b>: 20<br/><b>RANGE</b>: 61<br/><b>LANDUSE</b>: 0.0<br/><b>CAPACITY</b>: 0.0<br/><b>LANDCD1</b>:  <br/><b>LANDACRE1</b>: 0.0<br/><b>LANDVAL1</b>: 16650.0<br/><b>LANDCD2</b>:  <br/><b>LANDACRE2</b>: 0.0<br/><b>LANDVAL2</b>: 0.0<br/><b>IMPVAL</b>: 0.0<br/><b>PRCD1</b>:  <br/><b>PRVAL1</b>: 0.0<br/><b>PRCD2</b>:  <br/><b>PRVAL2</b>: 0.0<br/><b>PRCD3</b>:  <br/><b>PRVAL3</b>: 0.0<br/><b>EXMPCD</b>:  <br/><b>EXMPVAL</b>: 0.0<br/><b>LYACRES</b>: 0.0<br/><b>LYLNDVAL</b>: 14088.0<br/><b>LYIMPVAL</b>: 0.0<br/><b>LYPPVAL</b>: 0.0<br/><b>LYEXCD</b>:  <br/><b>LYEXVAL</b>: 0.0<br/><b>LY2ACRES</b>: 0.0<br/><b>LY2LNDVAL</b>: 0.0<br/><b>LY2IMPVAL</b>: 0.0<br/><b>LY2PPVAL</b>: 0.0<br/><b>LY2EXCD</b>:  <br/><b>LY2EXVAL</b>: 0.0<br/><b>OWNERNUM</b>: 0.0<br/><b>OWNERDEN</b>: 0.0<br/><b>ETALFLAG</b>: N<br/><b>UPDDATE</b>: 20231117<br/><b>LASTUPDATE</b>: 20231117<br/><b>LOTSQFT</b>: 0.0<br/><b>OLDPARCEL</b>:  <br/><b>INACTPCL</b>: 13927804003<br/><b>INACTREF</b>: 0.0<br/><b>FILLER2</b>:  <br/><b>PCLBOOK3</b>: 139<br/><b>PCL5</b>: 13927<br/><b>PCL6</b>: 139278<br/><b>PCL8</b>: 13927804<br/><b>OLDBOOK</b>: 139<br/><b>OLDPCL</b>: 139278040<br/><b>OLDPAGE</b>: 278<br/><b>OLDLOT</b>: 040<br/><b>OLDFILL</b>: 03<br/><b>ZIPMAIN</b>: 89119.0<br/><b>ZIPLUS4</b>: 3911.0<br/><b>LOCATION</b>: 000650   E BONANZA               RD  L<br/><b>STR</b>: 2720  61<br/><b>ADBOOK</b>: 0000<br/><b>ADPAGE</b>: 0000<br/><b>ADDR_OWN</b>: T L C PROPERTIES INC            1863 HELM DR                    LAS VEGAS NV 89119-3911<br/><b>ADDRESS</b>: 000650   E BONANZA               RD<br/><b>INACTNEWPC</b>:  <br/><b>LUCODE</b>: 0.0<br/><b>SHAPE_LE_1</b>: 505.45715955<br/><b>Shape__Area</b>: 8805.8515625<br/><b>Shape__Length</b>: 505.45715953859616]]></description>
  <Point>
    <coordinates>-115.13553098689061,36.173938298022016,0</coordinates>
  </Point>
</Placemark>
<Placemark>
  <name>0</name>
  <styleUrl>#billboard</styleUrl>
  <description><![CDATA[<b>OBJECTID_BILLBOARD</b>: 41<br/><b>LVBOARDS_</b>: 51<br/><b>LVBOARDS_I</b>: 7<br/><b>SIGN_TYPE</b>:  <br/><b>STREET_NUM</b>: 3300<br/><b>STREET_DIR</b>: E<br/><b>STREET_NAM</b>: Bonanza<br/><b>PARCEL</b>: 13936502003<br/><b>PARCELOLD</b>: 13936502003<br/><b>APPLICANT</b>: LAMAR<br/><b>SIGN_AREA</b>: 672<br/><b>SIGN_HEIGH</b>: 57<br/><b>TAG_NUM</b>: 0<br/><b>APPLY_DATE</b>:  <br/><b>NOTES_SUP</b>: U-34-96<br/><b>NOTES_VAR</b>:  <br/><b>NOTES_RQR</b>:  <br/><b>NOTES</b>: 5 yr review has not been done<br/><b>SIZE_</b>: 14x48<br/><b>FIELD_CHEC</b>: 1<br/><b>FREEWAY</b>: 750<br/><b>APP_FIN</b>:  <br/><b>WARD_BILLBOARD</b>: 3<br/><b>LONGITUDE</b>: -115.10468733511179<br/><b>LATITUDE</b>: 36.1681099799496]]></description>
  <Point>
    <coordinates>-115.10468733511179,36.1681099799496,0</coordinates>
  </Point>
</Placemark>
<Placemark>
  <name>0</name>
  <styleUrl>#billboard</styleUrl>
  <description><![CDATA[<b>OBJECTID_BILLBOARD</b>: 42<br/><b>LVBOARDS_</b>: 52<br/><b>LVBOARDS_I</b>: 8<br/><b>SIGN_TYPE</b>:  <br/><b>STREET_NUM</b>: 3300<br/><b>STREET_DIR</b>: E<br/><b>STREET_NAM</b>: Bonanza<br/><b>PARCEL</b>: 13936502003<br/><b>PARCELOLD</b>: 13936502003<br/><b>APPLICANT</b>: LAMAR<br/><b>SIGN_AREA</b>: 672<br/><b>SIGN_HEIGH</b>: 57<br/><b>TAG_NUM</b>: 0<br/><b>APPLY_DATE</b>:  <br/><b>NOTES_SUP</b>: U-34-96<br/><b>NOTES_VAR</b>:  <br/><b>NOTES_RQR</b>:  <br/><b>NOTES</b>: 5 yr review has not been done<br/><b>SIZE_</b>: 14x48<br/><b>FIELD_CHEC</b>: 1<br/><b>FREEWAY</b>: 750<br/><b>APP_FIN</b>:  <br/><b>WARD_BILLBOARD</b>: 3<br/><b>LONGITUDE</b>: -115.10282053857517<br/><b>LATITUDE</b>: 36.16799596933011]]></description>
  <Point>
    <coordinates>-115.10282053857517,36.16799596933011,0</coordinates>
  </Point>
</Placemark>
<Placemark>
  <name>0</name>
  <styleUrl>#billboard</styleUrl>
  <description><![CDATA[<b>OBJECTID_BILLBOARD</b>: 43<br/><b>LVBOARDS_</b>: 53<br/><b>LVBOARDS_I</b>: 9<br/><b>SIGN_TYPE</b>:  <br/><b>STREET_NUM</b>: 3300<br/><b>STREET_DIR</b>: E<br/><b>STREET_NAM</b>: Bonanza<br/><b>PARCEL</b>: 13936502003<br/><b>PARCELOLD</b>: 13936502003<br/><b>APPLICANT</b>: LAMAR<br/><b>SIGN_AREA</b>: 672<br/><b>SIGN_HEIGH</b>: 57<br/><b>TAG_NUM</b>: 0<br/><b>APPLY_DATE</b>:  <br/><b>NOTES_SUP</b>: U-34-96<br/><b>NOTES_VAR</b>:  <br/><b>NOTES_RQR</b>:  <br/><b>NOTES</b>: 5 yr review has not been done<br/><b>SIZE_</b>: 14x48<br/><b>FIELD_CHEC</b>: 1<br/><b>FREEWAY</b>: 750<br/><b>APP_FIN</b>:  <br/><b>WARD_BILLBOARD</b>: 3<br/><b>LONGITUDE</b>: -115.10089624279603<br/><b>LATITUDE</b>: 36.1678557904009]]></description>
  <Point>
    <coordinates>-115.10089624279603,36.1678557904009,0</coordinates>
  </Point>
</Placemark>
<Placemark>
  <name>0</name>
  <styleUrl>#billboard</styleUrl>
  <description><![CDATA[<b>OBJECTID_BILLBOARD</b>: 44<br/><b>LVBOARDS_</b>: 54<br/><b>LVBOARDS_I</b>: 10<br/><b>SIGN_TYPE</b>:  <br/><b>STREET_NUM</b>: 3300<br/><b>STREET_DIR</b>: E<br/><b>STREET_NAM</b>: Bonanza<br/><b>PARCEL</b>: 13936502003<br/><b>PARCELOLD</b>: 13936502003<br/><b>APPLICANT</b>: LAMAR<br/><b>SIGN_AREA</b>: 672<br/><b>SIGN_HEIGH</b>: 70<br/><b>TAG_NUM</b>: 0<br/><b>APPLY_DATE</b>:  <br/><b>NOTES_SUP</b>: U-34-96<br/><b>NOTES_VAR</b>:  <br/><b>NOTES_RQR</b>:  <br/><b>NOTES</b>: SDR-27195<br/><b>SIZE_</b>: 14x48<br/><b>FIELD_CHEC</b>: 1<br/><b>FREEWAY</b>: 750<br/><b>APP_FIN</b>:  <br/><b>WARD_BILLBOARD</b>: 3<br/><b>LONGITUDE</b>: -115.09897900293043<br/><b>LATITUDE</b>: 36.167389983341614]]></description>
  <Point>
    <coordinates>-115.09897900293043,36.167389983341614,0</coordinates>
  </Point>
</Placemark>
<Placemark>
  <name>1124</name>
  <styleUrl>#billboard</styleUrl>
  <description><![CDATA[<b>OBJECTID_BILLBOARD</b>: 45<br/><b>LVBOARDS_</b>: 55<br/><b>LVBOARDS_I</b>: 6<br/><b>SIGN_TYPE</b>:  <br/><b>STREET_NUM</b>: 2800<br/><b>STREET_DIR</b>:  <br/><b>STREET_NAM</b>: Marlin<br/><b>PARCEL</b>: 13936213001<br/><b>PARCELOLD</b>: 13936213001<br/><b>APPLICANT</b>: LAMAR<br/><b>SIGN_AREA</b>: 672<br/><b>SIGN_HEIGH</b>: 80<br/><b>TAG_NUM</b>: 1124<br/><b>APPLY_DATE</b>: 9/25/95<br/><b>NOTES_SUP</b>: U-41-95<br/><b>NOTES_VAR</b>:  <br/><b>NOTES_RQR</b>: RQR-36250; RQR-5170<br/><b>NOTES</b>: SDR-27196<br/><b>SIZE_</b>: 14x48<br/><b>FIELD_CHEC</b>: 1<br/><b>FREEWAY</b>: 750<br/><b>APP_FIN</b>:  <br/><b>WARD_BILLBOARD</b>: 3<br/><b>LONGITUDE</b>: -115.1114913531298<br/><b>LATITUDE</b>: 36.167233285495136<br/><b>OBJECTID_1</b>: 398514.0<br/><b>CALC_ACRES</b>: 0.0<br/><b>ASSR_ACRES</b>: 0.0<br/><b>LABEL_CLAS</b>: 703.0<br/><b>PARCELTYPE</b>: 0.0<br/><b>PRCLID</b>: 13936213001<br/><b>PRCLKEY</b>: 703.0<br/><b>PRCLVER</b>: 703.0<br/><b>PCLBOOK</b>: 139<br/><b>PCLSEC</b>: 36<br/><b>PCLPAGE</b>: 2<br/><b>PCLSUBD</b>: 13<br/><b>PCLNO</b>: 001<br/><b>TAXDIST_SP</b>: 200.0<br/><b>FDPHANTOM</b>: 2427-53<br/><b>FIREMAPNO</b>: 2427.0<br/><b>CENTRACT</b>: 523.0<br/><b>SHAPE_LENG</b>: 12475.3559225<br/><b>PRECINCT</b>: 4543.0<br/><b>COMMISSION</b>: D<br/><b>ASSEMBLY</b>: 11.0<br/><b>SENATE</b>: 2.0<br/><b>CONGRESS</b>: 1.0<br/><b>TAZ</b>: 494.0<br/><b>PERIMETER</b>: 150972.207738<br/><b>WARD_PARCEL</b>: 3<br/><b>CNTY_IS</b>: 0.0<br/><b>SHADE</b>: 57.0<br/><b>ACRES</b>: 8235.23370861<br/><b>SQ_MILES</b>: 12.86755267<br/><b>ZIP</b>: 89101.0<br/><b>OBJECTID_PARCEL</b>: 324451.0<br/><b>TAXDIST</b>: 200.0<br/><b>OWNER</b>: BOYS CLUBS OF CLARK COUNTY INC<br/><b>ADDRESS1</b>: 2850 LINDELL RD<br/><b>ADDRESS2</b>: LAS VEGAS NV 89146<br/><b>ADDRESS3</b>:  <br/><b>ADDRESS4</b>:  <br/><b>ADDRESS5</b>:  <br/><b>NAMETAG</b>:  <br/><b>ZIPCODE</b>: 891460000.0<br/><b>COMNAME</b>:  <br/><b>STRNO</b>: 2800.0<br/><b>STRFRAC</b>:  <br/><b>STRDIR</b>:  <br/><b>STRNAME</b>: MARLIN<br/><b>STRTYPE</b>: AVE<br/><b>STRCITY</b>: LV<br/><b>STRUNIT</b>:  <br/><b>COMMENT1</b>: 900321:803 RD;900405:540 VAC;20021014:594 VAC<br/><b>COMMENT2</b>:  <br/><b>FIXD</b>: PB00060033  BA    L33<br/><b>SUBTAG</b>:  <br/><b>LEGAL1</b>: SHENANDOAH SQUARE UNIT #1 RESUB<br/><b>LEGAL2</b>: PLAT BOOK 6 PAGE 33<br/><b>LEGAL3</b>: LOT 33 BLOCK A<br/><b>LEGAL4</b>: &amp; VAC ALLEY<br/><b>LEGAL5</b>:  <br/><b>LEGAL6</b>:  <br/><b>ASSDYR</b>: 2027.0<br/><b>CONSTYR</b>: 1966.0<br/><b>DOCDATE</b>: 19861231<br/><b>FILLER1</b>:  <br/><b>DOCNO</b>: 1986123100096<br/><b>DOCMULTI</b>:  <br/><b>DOCVEST</b>: NS<br/><b>SALEPRICE</b>: 0.0<br/><b>SALETYPE</b>:  <br/><b>SALEDATE</b>:  <br/><b>PORTION</b>:  <br/><b>BK1</b>:  <br/><b>BK2</b>:  <br/><b>SECTNO</b>: 36<br/><b>TOWNSHIP</b>: 20<br/><b>RANGE</b>: 61<br/><b>LANDUSE</b>: 450000.0<br/><b>CAPACITY</b>: 1.0<br/><b>LANDCD1</b>:  <br/><b>LANDACRE1</b>: 0.0<br/><b>LANDVAL1</b>: 22030.0<br/><b>LANDCD2</b>:  <br/><b>LANDACRE2</b>: 0.0<br/><b>LANDVAL2</b>: 0.0<br/><b>IMPVAL</b>: 6118.0<br/><b>PRCD1</b>:  <br/><b>PRVAL1</b>: 0.0<br/><b>PRCD2</b>:  <br/><b>PRVAL2</b>: 0.0<br/><b>PRCD3</b>:  <br/><b>PRVAL3</b>: 0.0<br/><b>EXMPCD</b>: 40<br/><b>EXMPVAL</b>: 28148.0<br/><b>LYACRES</b>: 0.0<br/><b>LYLNDVAL</b>: 22030.0<br/><b>LYIMPVAL</b>: 5999.0<br/><b>LYPPVAL</b>: 0.0<br/><b>LYEXCD</b>:  <br/><b>LYEXVAL</b>: 28029.0<br/><b>LY2ACRES</b>: 0.0<br/><b>LY2LNDVAL</b>: 0.0<br/><b>LY2IMPVAL</b>: 0.0<br/><b>LY2PPVAL</b>: 0.0<br/><b>LY2EXCD</b>:  <br/><b>LY2EXVAL</b>: 0.0<br/><b>OWNERNUM</b>: 0.0<br/><b>OWNERDEN</b>: 0.0<br/><b>ETALFLAG</b>: N<br/><b>UPDDATE</b>: 20231117<br/><b>LASTUPDATE</b>: 20231117<br/><b>LOTSQFT</b>: 0.0<br/><b>OLDPARCEL</b>:  <br/><b>INACTPCL</b>: 020592010<br/><b>INACTREF</b>: 0.0<br/><b>FILLER2</b>:  <br/><b>PCLBOOK3</b>: 139<br/><b>PCL5</b>: 13936<br/><b>PCL6</b>: 139362<br/><b>PCL8</b>: 13936213<br/><b>OLDBOOK</b>: 139<br/><b>OLDPCL</b>: 139362130<br/><b>OLDPAGE</b>: 362<br/><b>OLDLOT</b>: 130<br/><b>OLDFILL</b>: 01<br/><b>ZIPMAIN</b>: 89146.0<br/><b>ZIPLUS4</b>: 0.0<br/><b>LOCATION</b>: 002800     MARLIN                AVE L<br/><b>STR</b>: 3620  61<br/><b>ADBOOK</b>: 0006<br/><b>ADPAGE</b>: 0033<br/><b>ADDR_OWN</b>: BOYS CLUBS OF CLARK COUNTY INC  2850 LINDELL RD                 LAS VEGAS NV 89146<br/><b>ADDRESS</b>: 002800     MARLIN                AVE<br/><b>INACTNEWPC</b>:  <br/><b>LUCODE</b>: 450.0<br/><b>SHAPE_LE_1</b>: 365.49419153<br/><b>Shape__Area</b>: 7238.326171875<br/><b>Shape__Length</b>: 365.49419153637456]]></description>
  <Point>
    <coordinates>-115.1114913531298,36.167233285495136,0</coordinates>
  </Point>
</Placemark>
<Placemark>
  <name>0</name>
  <styleUrl>#billboard</styleUrl>
  <description><![CDATA[<b>OBJECTID_BILLBOARD</b>: 46<br/><b>LVBOARDS_</b>: 56<br/><b>LVBOARDS_I</b>: 27<br/><b>SIGN_TYPE</b>:  <br/><b>STREET_NUM</b>: 2421<br/><b>STREET_DIR</b>: E<br/><b>STREET_NAM</b>: Stewart<br/><b>PARCEL</b>: 13935612044<br/><b>PARCELOLD</b>: 13935612044<br/><b>APPLICANT</b>: Clear Channel Outdoor<br/><b>SIGN_AREA</b>: 672<br/><b>SIGN_HEIGH</b>: 75<br/><b>TAG_NUM</b>: 0<br/><b>APPLY_DATE</b>:  <br/><b>NOTES_SUP</b>: U-0029-87<br/><b>NOTES_VAR</b>:  <br/><b>NOTES_RQR</b>: RQR-29719; RQR-1793<br/><b>NOTES</b>:  <br/><b>SIZE_</b>: 14x48<br/><b>FIELD_CHEC</b>: 1<br/><b>FREEWAY</b>: 750<br/><b>APP_FIN</b>:  <br/><b>WARD_BILLBOARD</b>: 3<br/><b>LONGITUDE</b>: -115.11632385438844<br/><b>LATITUDE</b>: 36.166926026258466<br/><b>OBJECTID_1</b>: 513562.0<br/><b>CALC_ACRES</b>: 0.0<br/><b>ASSR_ACRES</b>: 0.0<br/><b>LABEL_CLAS</b>: 703.0<br/><b>PARCELTYPE</b>: 0.0<br/><b>PRCLID</b>: 13935612044<br/><b>PRCLKEY</b>: 703.0<br/><b>PRCLVER</b>: 703.0<br/><b>PCLBOOK</b>: 139<br/><b>PCLSEC</b>: 35<br/><b>PCLPAGE</b>: 6<br/><b>PCLSUBD</b>: 12<br/><b>PCLNO</b>: 044<br/><b>TAXDIST_SP</b>: 207.0<br/><b>FDPHANTOM</b>: 2426-59<br/><b>FIREMAPNO</b>: 2426.0<br/><b>CENTRACT</b>: 521.0<br/><b>SHAPE_LENG</b>: 11850.1779635<br/><b>PRECINCT</b>: 4547.0<br/><b>COMMISSION</b>: D<br/><b>ASSEMBLY</b>: 11.0<br/><b>SENATE</b>: 2.0<br/><b>CONGRESS</b>: 1.0<br/><b>TAZ</b>: 490.0<br/><b>PERIMETER</b>: 150972.207738<br/><b>WARD_PARCEL</b>: 3<br/><b>CNTY_IS</b>: 0.0<br/><b>SHADE</b>: 57.0<br/><b>ACRES</b>: 8235.23370861<br/><b>SQ_MILES</b>: 12.86755267<br/><b>ZIP</b>: 89101.0<br/><b>OBJECTID_PARCEL</b>: 323448.0<br/><b>TAXDIST</b>: 207.0<br/><b>OWNER</b>: PENA ERIC PENA<br/><b>ADDRESS1</b>: 2421 STEWART AVE<br/><b>ADDRESS2</b>: LAS VEGAS NV 89101<br/><b>ADDRESS3</b>:  <br/><b>ADDRESS4</b>:  <br/><b>ADDRESS5</b>:  <br/><b>NAMETAG</b>:  <br/><b>ZIPCODE</b>: 891010000.0<br/><b>COMNAME</b>:  <br/><b>STRNO</b>: 2421.0<br/><b>STRFRAC</b>:  <br/><b>STRDIR</b>:  <br/><b>STRNAME</b>: STEWART<br/><b>STRTYPE</b>: AVE<br/><b>STRCITY</b>: LV<br/><b>STRUNIT</b>:  <br/><b>COMMENT1</b>:  <br/><b>COMMENT2</b>:  <br/><b>FIXD</b>: PB00010080  B6    L28<br/><b>SUBTAG</b>:  <br/><b>LEGAL1</b>: BOULDER DAM HOMESITE ADD TR #04<br/><b>LEGAL2</b>: PLAT BOOK 1 PAGE 80<br/><b>LEGAL3</b>: LOT 28 BLOCK 6<br/><b>LEGAL4</b>: &amp; LOTS 29-32<br/><b>LEGAL5</b>:  <br/><b>LEGAL6</b>:  <br/><b>ASSDYR</b>: 2027.0<br/><b>CONSTYR</b>: 1966.0<br/><b>DOCDATE</b>: 20231213<br/><b>FILLER1</b>:  <br/><b>DOCNO</b>: 2023121301470<br/><b>DOCMULTI</b>:  <br/><b>DOCVEST</b>: NS<br/><b>SALEPRICE</b>: 1300000.0<br/><b>SALETYPE</b>: R<br/><b>SALEDATE</b>: 20231201<br/><b>PORTION</b>:  <br/><b>BK1</b>:  <br/><b>BK2</b>:  <br/><b>SECTNO</b>: 35<br/><b>TOWNSHIP</b>: 20<br/><b>RANGE</b>: 61<br/><b>LANDUSE</b>: 370000.0<br/><b>CAPACITY</b>: 1.0<br/><b>LANDCD1</b>:  <br/><b>LANDACRE1</b>: 0.0<br/><b>LANDVAL1</b>: 44192.0<br/><b>LANDCD2</b>:  <br/><b>LANDACRE2</b>: 0.0<br/><b>LANDVAL2</b>: 0.0<br/><b>IMPVAL</b>: 27528.0<br/><b>PRCD1</b>:  <br/><b>PRVAL1</b>: 0.0<br/><b>PRCD2</b>:  <br/><b>PRVAL2</b>: 0.0<br/><b>PRCD3</b>:  <br/><b>PRVAL3</b>: 0.0<br/><b>EXMPCD</b>:  <br/><b>EXMPVAL</b>: 0.0<br/><b>LYACRES</b>: 0.0<br/><b>LYLNDVAL</b>: 44192.0<br/><b>LYIMPVAL</b>: 27101.0<br/><b>LYPPVAL</b>: 0.0<br/><b>LYEXCD</b>:  <br/><b>LYEXVAL</b>: 0.0<br/><b>LY2ACRES</b>: 0.0<br/><b>LY2LNDVAL</b>: 0.0<br/><b>LY2IMPVAL</b>: 0.0<br/><b>LY2PPVAL</b>: 0.0<br/><b>LY2EXCD</b>:  <br/><b>LY2EXVAL</b>: 0.0<br/><b>OWNERNUM</b>: 0.0<br/><b>OWNERDEN</b>: 0.0<br/><b>ETALFLAG</b>: N<br/><b>UPDDATE</b>: 20240117<br/><b>LASTUPDATE</b>: 20240117<br/><b>LOTSQFT</b>: 0.0<br/><b>OLDPARCEL</b>:  <br/><b>INACTPCL</b>: 13935612044<br/><b>INACTREF</b>: 0.0<br/><b>FILLER2</b>:  <br/><b>PCLBOOK3</b>: 139<br/><b>PCL5</b>: 13935<br/><b>PCL6</b>: 139356<br/><b>PCL8</b>: 13935612<br/><b>OLDBOOK</b>: 139<br/><b>OLDPCL</b>: 139356120<br/><b>OLDPAGE</b>: 356<br/><b>OLDLOT</b>: 120<br/><b>OLDFILL</b>: 44<br/><b>ZIPMAIN</b>: 89101.0<br/><b>ZIPLUS4</b>: 0.0<br/><b>LOCATION</b>: 002421     STEWART               AVE L<br/><b>STR</b>: 3520  61<br/><b>ADBOOK</b>: 0001<br/><b>ADPAGE</b>: 0080<br/><b>ADDR_OWN</b>: PENA ERIC PENA                  2421 STEWART AVE                LAS VEGAS NV 89101<br/><b>ADDRESS</b>: 002421     STEWART               AVE<br/><b>INACTNEWPC</b>:  <br/><b>LUCODE</b>: 370.0<br/><b>SHAPE_LE_1</b>: 460.11752377<br/><b>Shape__Area</b>: 13560.9296875<br/><b>Shape__Length</b>: 460.11752378017957]]></description>
  <Point>
    <coordinates>-115.11632385438844,36.166926026258466,0</coordinates>
  </Point>
</Placemark>
<Placemark>
  <name>0</name>
  <styleUrl>#billboard</styleUrl>
  <description><![CDATA[<b>OBJECTID_BILLBOARD</b>: 47<br/><b>LVBOARDS_</b>: 57<br/><b>LVBOARDS_I</b>: 26<br/><b>SIGN_TYPE</b>:  <br/><b>STREET_NUM</b>: 2015<br/><b>STREET_DIR</b>: E<br/><b>STREET_NAM</b>: Stewart<br/><b>PARCEL</b>: 13935611087<br/><b>PARCELOLD</b>: 13935611087<br/><b>APPLICANT</b>:  <br/><b>SIGN_AREA</b>: 672<br/><b>SIGN_HEIGH</b>: 65<br/><b>TAG_NUM</b>: 0<br/><b>APPLY_DATE</b>:  <br/><b>NOTES_SUP</b>:  <br/><b>NOTES_VAR</b>: V-96-92<br/><b>NOTES_RQR</b>:  <br/><b>NOTES</b>: 5 yr review has not been done<br/><b>SIZE_</b>: 14x48<br/><b>FIELD_CHEC</b>: 1<br/><b>FREEWAY</b>: 750<br/><b>APP_FIN</b>:  <br/><b>WARD_BILLBOARD</b>: 3<br/><b>LONGITUDE</b>: -115.12107515127127<br/><b>LATITUDE</b>: 36.16685858549427<br/><b>OBJECTID_1</b>: 502233.0<br/><b>CALC_ACRES</b>: 0.0<br/><b>ASSR_ACRES</b>: 0.0<br/><b>LABEL_CLAS</b>: 703.0<br/><b>PARCELTYPE</b>: 0.0<br/><b>PRCLID</b>: 13935611087<br/><b>PRCLKEY</b>: 703.0<br/><b>PRCLVER</b>: 703.0<br/><b>PCLBOOK</b>: 139<br/><b>PCLSEC</b>: 35<br/><b>PCLPAGE</b>: 6<br/><b>PCLSUBD</b>: 11<br/><b>PCLNO</b>: 087<br/><b>TAXDIST_SP</b>: 200.0<br/><b>FDPHANTOM</b>: 2426-57<br/><b>FIREMAPNO</b>: 2426.0<br/><b>CENTRACT</b>: 521.0<br/><b>SHAPE_LENG</b>: 11850.1779635<br/><b>PRECINCT</b>: 4547.0<br/><b>COMMISSION</b>: D<br/><b>ASSEMBLY</b>: 11.0<br/><b>SENATE</b>: 2.0<br/><b>CONGRESS</b>: 1.0<br/><b>TAZ</b>: 490.0<br/><b>PERIMETER</b>: 150972.207738<br/><b>WARD_PARCEL</b>: 3<br/><b>CNTY_IS</b>: 0.0<br/><b>SHADE</b>: 57.0<br/><b>ACRES</b>: 8235.23370861<br/><b>SQ_MILES</b>: 12.86755267<br/><b>ZIP</b>: 89101.0<br/><b>OBJECTID_PARCEL</b>: 323396.0<br/><b>TAXDIST</b>: 200.0<br/><b>OWNER</b>: HARON SERGIO &amp; ASHOR<br/><b>ADDRESS1</b>: 2021 STEWART AVE<br/><b>ADDRESS2</b>: LAS VEGAS NV 89101-4475<br/><b>ADDRESS3</b>:  <br/><b>ADDRESS4</b>:  <br/><b>ADDRESS5</b>:  <br/><b>NAMETAG</b>:  <br/><b>ZIPCODE</b>: 891014475.0<br/><b>COMNAME</b>:  <br/><b>STRNO</b>: 0.0<br/><b>STRFRAC</b>:  <br/><b>STRDIR</b>:  <br/><b>STRNAME</b>:  <br/><b>STRTYPE</b>:  <br/><b>STRCITY</b>: LV<br/><b>STRUNIT</b>:  <br/><b>COMMENT1</b>:  <br/><b>COMMENT2</b>:  <br/><b>FIXD</b>: PB00010079  B2    L27<br/><b>SUBTAG</b>:  <br/><b>LEGAL1</b>: BOULDER DAM HOMESITE ADD TRACT #<br/><b>LEGAL2</b>: PLAT BOOK 1 PAGE 79<br/><b>LEGAL3</b>: LOT 27 BLOCK 2<br/><b>LEGAL4</b>: &amp; LOTS 28-30<br/><b>LEGAL5</b>:  <br/><b>LEGAL6</b>:  <br/><b>ASSDYR</b>: 2027.0<br/><b>CONSTYR</b>: 0.0<br/><b>DOCDATE</b>: 20100903<br/><b>FILLER1</b>:  <br/><b>DOCNO</b>: 2010090303506<br/><b>DOCMULTI</b>:  <br/><b>DOCVEST</b>: JT<br/><b>SALEPRICE</b>: 1058288.0<br/><b>SALETYPE</b>: M<br/><b>SALEDATE</b>: 20031101<br/><b>PORTION</b>:  <br/><b>BK1</b>:  <br/><b>BK2</b>:  <br/><b>SECTNO</b>: 35<br/><b>TOWNSHIP</b>: 20<br/><b>RANGE</b>: 61<br/><b>LANDUSE</b>: 358000.0<br/><b>CAPACITY</b>: 0.0<br/><b>LANDCD1</b>:  <br/><b>LANDACRE1</b>: 0.0<br/><b>LANDVAL1</b>: 36286.0<br/><b>LANDCD2</b>:  <br/><b>LANDACRE2</b>: 0.0<br/><b>LANDVAL2</b>: 0.0<br/><b>IMPVAL</b>: 0.0<br/><b>PRCD1</b>:  <br/><b>PRVAL1</b>: 0.0<br/><b>PRCD2</b>:  <br/><b>PRVAL2</b>: 0.0<br/><b>PRCD3</b>:  <br/><b>PRVAL3</b>: 0.0<br/><b>EXMPCD</b>:  <br/><b>EXMPVAL</b>: 0.0<br/><b>LYACRES</b>: 0.0<br/><b>LYLNDVAL</b>: 36286.0<br/><b>LYIMPVAL</b>: 0.0<br/><b>LYPPVAL</b>: 0.0<br/><b>LYEXCD</b>:  <br/><b>LYEXVAL</b>: 0.0<br/><b>LY2ACRES</b>: 0.0<br/><b>LY2LNDVAL</b>: 0.0<br/><b>LY2IMPVAL</b>: 0.0<br/><b>LY2PPVAL</b>: 0.0<br/><b>LY2EXCD</b>:  <br/><b>LY2EXVAL</b>: 0.0<br/><b>OWNERNUM</b>: 0.0<br/><b>OWNERDEN</b>: 0.0<br/><b>ETALFLAG</b>: N<br/><b>UPDDATE</b>: 20231117<br/><b>LASTUPDATE</b>: 20231117<br/><b>LOTSQFT</b>: 0.0<br/><b>OLDPARCEL</b>:  <br/><b>INACTPCL</b>: 13935611087<br/><b>INACTREF</b>: 0.0<br/><b>FILLER2</b>:  <br/><b>PCLBOOK3</b>: 139<br/><b>PCL5</b>: 13935<br/><b>PCL6</b>: 139356<br/><b>PCL8</b>: 13935611<br/><b>OLDBOOK</b>: 139<br/><b>OLDPCL</b>: 139356110<br/><b>OLDPAGE</b>: 356<br/><b>OLDLOT</b>: 110<br/><b>OLDFILL</b>: 87<br/><b>ZIPMAIN</b>: 89101.0<br/><b>ZIPLUS4</b>: 4475.0<br/><b>LOCATION</b>: 000000                               L<br/><b>STR</b>: 3520  61<br/><b>ADBOOK</b>: 0001<br/><b>ADPAGE</b>: 0079<br/><b>ADDR_OWN</b>: HARON SERGIO &amp; ASHOR            2021 STEWART AVE                LAS VEGAS NV 89101-4475<br/><b>ADDRESS</b>: 000000<br/><b>INACTNEWPC</b>:  <br/><b>LUCODE</b>: 358.0<br/><b>SHAPE_LE_1</b>: 447.13577399999997<br/><b>Shape__Area</b>: 12362.14453125<br/><b>Shape__Length</b>: 447.1357740049675]]></description>
  <Point>
    <coordinates>-115.12107515127127,36.16685858549427,0</coordinates>
  </Point>
</Placemark>
<Placemark>
  <name>0</name>
  <styleUrl>#billboard</styleUrl>
  <description><![CDATA[<b>OBJECTID_BILLBOARD</b>: 48<br/><b>LVBOARDS_</b>: 58<br/><b>LVBOARDS_I</b>: 10<br/><b>SIGN_TYPE</b>:  <br/><b>STREET_NUM</b>: 339<br/><b>STREET_DIR</b>: N<br/><b>STREET_NAM</b>: 13th<br/><b>PARCEL</b>: 13935201003<br/><b>PARCELOLD</b>: 13935212005<br/><b>APPLICANT</b>: LAMAR<br/><b>SIGN_AREA</b>: 672<br/><b>SIGN_HEIGH</b>: 50<br/><b>TAG_NUM</b>: 0<br/><b>APPLY_DATE</b>:  <br/><b>NOTES_SUP</b>:  <br/><b>NOTES_VAR</b>:  <br/><b>NOTES_RQR</b>:  <br/><b>NOTES</b>: Z-70-91<br/><b>SIZE_</b>: 14x48<br/><b>FIELD_CHEC</b>: 1<br/><b>FREEWAY</b>: 750<br/><b>APP_FIN</b>:  <br/><b>WARD_BILLBOARD</b>: 5<br/><b>LONGITUDE</b>: -115.12940070840129<br/><b>LATITUDE</b>: 36.16947362961888<br/><b>OBJECTID_1</b>: 494162.0<br/><b>CALC_ACRES</b>: 0.0<br/><b>ASSR_ACRES</b>: 0.26<br/><b>LABEL_CLAS</b>: 701.0<br/><b>PARCELTYPE</b>: 0.0<br/><b>PRCLID</b>: 13935201003<br/><b>PRCLKEY</b>: 701.0<br/><b>PRCLVER</b>: 701.0<br/><b>PCLBOOK</b>: 139<br/><b>PCLSEC</b>: 35<br/><b>PCLPAGE</b>: 2<br/><b>PCLSUBD</b>: 01<br/><b>PCLNO</b>: 003<br/><b>TAXDIST_SP</b>: 203.0<br/><b>FDPHANTOM</b>: 2426-33<br/><b>FIREMAPNO</b>: 2426.0<br/><b>CENTRACT</b>: 403.0<br/><b>SHAPE_LENG</b>: 10852.6391327<br/><b>PRECINCT</b>: 4547.0<br/><b>COMMISSION</b>: D<br/><b>ASSEMBLY</b>: 11.0<br/><b>SENATE</b>: 2.0<br/><b>CONGRESS</b>: 1.0<br/><b>TAZ</b>: 485.0<br/><b>PERIMETER</b>: 150972.207738<br/><b>WARD_PARCEL</b>: 3<br/><b>CNTY_IS</b>: 0.0<br/><b>SHADE</b>: 57.0<br/><b>ACRES</b>: 8235.23370861<br/><b>SQ_MILES</b>: 12.86755267<br/><b>ZIP</b>: 89101.0<br/><b>OBJECTID_PARCEL</b>: 322093.0<br/><b>TAXDIST</b>: 203.0<br/><b>OWNER</b>: R S INVESTMENT HOLDINGS LTD<br/><b>ADDRESS1</b>: 1105 SHARP CIR<br/><b>ADDRESS2</b>: NORTH LAS VEGAS NV 89030-8055<br/><b>ADDRESS3</b>:  <br/><b>ADDRESS4</b>:  <br/><b>ADDRESS5</b>:  <br/><b>NAMETAG</b>:  <br/><b>ZIPCODE</b>: 890308055.0<br/><b>COMNAME</b>:  <br/><b>STRNO</b>: 339.0<br/><b>STRFRAC</b>:  <br/><b>STRDIR</b>: N<br/><b>STRNAME</b>: 13TH<br/><b>STRTYPE</b>: ST<br/><b>STRCITY</b>: LV<br/><b>STRUNIT</b>:  <br/><b>COMMENT1</b>: REV PB 140-65<br/><b>COMMENT2</b>:  <br/><b>FIXD</b>: 00000000<br/><b>SUBTAG</b>:  <br/><b>LEGAL1</b>: SE4 NW4 SEC 35 20 61<br/><b>LEGAL2</b>:  <br/><b>LEGAL3</b>:  <br/><b>LEGAL4</b>:  <br/><b>LEGAL5</b>:  <br/><b>LEGAL6</b>:  <br/><b>ASSDYR</b>: 2027.0<br/><b>CONSTYR</b>: 0.0<br/><b>DOCDATE</b>: 19990324<br/><b>FILLER1</b>:  <br/><b>DOCNO</b>: 1999032400360<br/><b>DOCMULTI</b>:  <br/><b>DOCVEST</b>: NS<br/><b>SALEPRICE</b>: 0.0<br/><b>SALETYPE</b>:  <br/><b>SALEDATE</b>:  <br/><b>PORTION</b>:  <br/><b>BK1</b>:  <br/><b>BK2</b>:  <br/><b>SECTNO</b>: 35<br/><b>TOWNSHIP</b>: 20<br/><b>RANGE</b>: 61<br/><b>LANDUSE</b>: 399000.0<br/><b>CAPACITY</b>: 0.0<br/><b>LANDCD1</b>:  <br/><b>LANDACRE1</b>: 0.0<br/><b>LANDVAL1</b>: 33695.0<br/><b>LANDCD2</b>:  <br/><b>LANDACRE2</b>: 0.0<br/><b>LANDVAL2</b>: 0.0<br/><b>IMPVAL</b>: 0.0<br/><b>PRCD1</b>:  <br/><b>PRVAL1</b>: 0.0<br/><b>PRCD2</b>:  <br/><b>PRVAL2</b>: 0.0<br/><b>PRCD3</b>:  <br/><b>PRVAL3</b>: 0.0<br/><b>EXMPCD</b>:  <br/><b>EXMPVAL</b>: 0.0<br/><b>LYACRES</b>: 0.0<br/><b>LYLNDVAL</b>: 33695.0<br/><b>LYIMPVAL</b>: 0.0<br/><b>LYPPVAL</b>: 0.0<br/><b>LYEXCD</b>:  <br/><b>LYEXVAL</b>: 0.0<br/><b>LY2ACRES</b>: 0.0<br/><b>LY2LNDVAL</b>: 0.0<br/><b>LY2IMPVAL</b>: 0.0<br/><b>LY2PPVAL</b>: 0.0<br/><b>LY2EXCD</b>:  <br/><b>LY2EXVAL</b>: 0.0<br/><b>OWNERNUM</b>: 0.0<br/><b>OWNERDEN</b>: 0.0<br/><b>ETALFLAG</b>: N<br/><b>UPDDATE</b>: 20231117<br/><b>LASTUPDATE</b>: 20231117<br/><b>LOTSQFT</b>: 0.0<br/><b>OLDPARCEL</b>:  <br/><b>INACTPCL</b>: 13935212129<br/><b>INACTREF</b>: 0.0<br/><b>FILLER2</b>:  <br/><b>PCLBOOK3</b>: 139<br/><b>PCL5</b>: 13935<br/><b>PCL6</b>: 139352<br/><b>PCL8</b>: 13935201<br/><b>OLDBOOK</b>: 139<br/><b>OLDPCL</b>: 139352010<br/><b>OLDPAGE</b>: 352<br/><b>OLDLOT</b>: 010<br/><b>OLDFILL</b>: 03<br/><b>ZIPMAIN</b>: 89030.0<br/><b>ZIPLUS4</b>: 8055.0<br/><b>LOCATION</b>: 000339   N 13TH                  ST  L<br/><b>STR</b>: 3520  61<br/><b>ADBOOK</b>: 0000<br/><b>ADPAGE</b>: 0000<br/><b>ADDR_OWN</b>: R S INVESTMENT HOLDINGS LTD     1105 SHARP CIR                  NORTH LAS VEGAS NV 89030-8055<br/><b>ADDRESS</b>: 000339   N 13TH                  ST<br/><b>INACTNEWPC</b>:  <br/><b>LUCODE</b>: 399.0<br/><b>SHAPE_LE_1</b>: 434.0013817<br/><b>Shape__Area</b>: 11651.869140625<br/><b>Shape__Length</b>: 434.00138170733004]]></description>
  <Point>
    <coordinates>-115.12940070840129,36.16947362961888,0</coordinates>
  </Point>
</Placemark>
<Placemark>
  <name>0</name>
  <styleUrl>#billboard</styleUrl>
  <description><![CDATA[<b>OBJECTID_BILLBOARD</b>: 49<br/><b>LVBOARDS_</b>: 59<br/><b>LVBOARDS_I</b>: 39<br/><b>SIGN_TYPE</b>:  <br/><b>STREET_NUM</b>: 0<br/><b>STREET_DIR</b>:  <br/><b>STREET_NAM</b>:  <br/><b>PARCEL</b>: 13927401031<br/><b>PARCELOLD</b>: 13927410003<br/><b>APPLICANT</b>: LAMAR<br/><b>SIGN_AREA</b>: 672<br/><b>SIGN_HEIGH</b>: 72<br/><b>TAG_NUM</b>: 0<br/><b>APPLY_DATE</b>:  <br/><b>NOTES_SUP</b>: U-238-91<br/><b>NOTES_VAR</b>:  <br/><b>NOTES_RQR</b>: RQR-30641;RQR-13989; RQR-6252; RQR-1993<br/><b>NOTES</b>:  <br/><b>SIZE_</b>: 14x48<br/><b>FIELD_CHEC</b>: 1<br/><b>FREEWAY</b>: 750<br/><b>APP_FIN</b>:  <br/><b>WARD_BILLBOARD</b>: 5<br/><b>LONGITUDE</b>: -115.14618098815782<br/><b>LATITUDE</b>: 36.17520023792622]]></description>
  <Point>
    <coordinates>-115.14618098815782,36.17520023792622,0</coordinates>
  </Point>
</Placemark>
<Placemark>
  <name>0</name>
  <styleUrl>#billboard</styleUrl>
  <description><![CDATA[<b>OBJECTID_BILLBOARD</b>: 50<br/><b>LVBOARDS_</b>: 60<br/><b>LVBOARDS_I</b>: 35<br/><b>SIGN_TYPE</b>:  <br/><b>STREET_NUM</b>: 0<br/><b>STREET_DIR</b>:  <br/><b>STREET_NAM</b>:  <br/><b>PARCEL</b>: 13927410005<br/><b>PARCELOLD</b>: 13927410004<br/><b>APPLICANT</b>: Clear Channel Outdoor<br/><b>SIGN_AREA</b>: 672<br/><b>SIGN_HEIGH</b>: 0<br/><b>TAG_NUM</b>: 0<br/><b>APPLY_DATE</b>:  <br/><b>NOTES_SUP</b>: U-94-98; Z-100-97<br/><b>NOTES_VAR</b>:  <br/><b>NOTES_RQR</b>: RQR-35268; 21345; 11403; 5683; 1974<br/><b>NOTES</b>:  <br/><b>SIZE_</b>: 14x48<br/><b>FIELD_CHEC</b>: 1<br/><b>FREEWAY</b>: 750<br/><b>APP_FIN</b>:  <br/><b>WARD_BILLBOARD</b>: 5<br/><b>LONGITUDE</b>: -115.14965134343953<br/><b>LATITUDE</b>: 36.173888654459965<br/><b>OBJECTID_1</b>: 581278.0<br/><b>CALC_ACRES</b>: 2.76999998<br/><b>ASSR_ACRES</b>: 2.69<br/><b>LABEL_CLAS</b>: 807.0<br/><b>PARCELTYPE</b>: 0.0<br/><b>PRCLID</b>: 13927410005<br/><b>PRCLKEY</b>: 807.0<br/><b>PRCLVER</b>: 807.0<br/><b>PCLBOOK</b>: 139<br/><b>PCLSEC</b>: 27<br/><b>PCLPAGE</b>: 4<br/><b>PCLSUBD</b>: 10<br/><b>PCLNO</b>: 005<br/><b>TAXDIST_SP</b>: 203.0<br/><b>FDPHANTOM</b>: 2424-19<br/><b>FIREMAPNO</b>: 2424.0<br/><b>CENTRACT</b>: 301.0<br/><b>SHAPE_LENG</b>: 35552.9137961<br/><b>PRECINCT</b>: 4613.0<br/><b>COMMISSION</b>: D<br/><b>ASSEMBLY</b>: 11.0<br/><b>SENATE</b>: 2.0<br/><b>CONGRESS</b>: 4.0<br/><b>TAZ</b>: 452.0<br/><b>PERIMETER</b>: 265026.231717<br/><b>WARD_PARCEL</b>: 5<br/><b>CNTY_IS</b>: 0.0<br/><b>SHADE</b>: 113.0<br/><b>ACRES</b>: 9805.19074535<br/><b>SQ_MILES</b>: 15.32061054<br/><b>ZIP</b>: 89106.0<br/><b>OBJECTID_PARCEL</b>: 312248.0<br/><b>TAXDIST</b>: 203.0<br/><b>OWNER</b>: W M C PAVILIONS S P E L L C<br/><b>ADDRESS1</b>: C/O TAX DEPT<br/><b>ADDRESS2</b>: 475 S GRAND CENTRAL PKWY # 1615<br/><b>ADDRESS3</b>: LAS VEGAS NV 89106<br/><b>ADDRESS4</b>:  <br/><b>ADDRESS5</b>:  <br/><b>NAMETAG</b>:  <br/><b>ZIPCODE</b>: 891060000.0<br/><b>COMNAME</b>: WORLD MARKET CENTER<br/><b>STRNO</b>: 0.0<br/><b>STRFRAC</b>:  <br/><b>STRDIR</b>:  <br/><b>STRNAME</b>:  <br/><b>STRTYPE</b>:  <br/><b>STRCITY</b>: LV<br/><b>STRUNIT</b>:  <br/><b>COMMENT1</b>: .02A  RD 20190521:1280<br/><b>COMMENT2</b>:  <br/><b>FIXD</b>: PB00530061PT      L3<br/><b>SUBTAG</b>:  <br/><b>LEGAL1</b>: PARKWAY CENTER<br/><b>LEGAL2</b>: PLAT BOOK 53 PAGE 61<br/><b>LEGAL3</b>: PT LOT 3<br/><b>LEGAL4</b>:  <br/><b>LEGAL5</b>:  <br/><b>LEGAL6</b>:  <br/><b>ASSDYR</b>: 2027.0<br/><b>CONSTYR</b>: 0.0<br/><b>DOCDATE</b>: 20170926<br/><b>FILLER1</b>:  <br/><b>DOCNO</b>: 2017092604205<br/><b>DOCMULTI</b>:  <br/><b>DOCVEST</b>: NS<br/><b>SALEPRICE</b>: 17209451.0<br/><b>SALETYPE</b>: M<br/><b>SALEDATE</b>: 20040901<br/><b>PORTION</b>:  <br/><b>BK1</b>:  <br/><b>BK2</b>:  <br/><b>SECTNO</b>: 27<br/><b>TOWNSHIP</b>: 20<br/><b>RANGE</b>: 61<br/><b>LANDUSE</b>: 0.0<br/><b>CAPACITY</b>: 0.0<br/><b>LANDCD1</b>:  <br/><b>LANDACRE1</b>: 3.0<br/><b>LANDVAL1</b>: 902255.0<br/><b>LANDCD2</b>:  <br/><b>LANDACRE2</b>: 0.0<br/><b>LANDVAL2</b>: 0.0<br/><b>IMPVAL</b>: 0.0<br/><b>PRCD1</b>:  <br/><b>PRVAL1</b>: 0.0<br/><b>PRCD2</b>:  <br/><b>PRVAL2</b>: 0.0<br/><b>PRCD3</b>:  <br/><b>PRVAL3</b>: 0.0<br/><b>EXMPCD</b>:  <br/><b>EXMPVAL</b>: 0.0<br/><b>LYACRES</b>: 0.0<br/><b>LYLNDVAL</b>: 902255.0<br/><b>LYIMPVAL</b>: 0.0<br/><b>LYPPVAL</b>: 0.0<br/><b>LYEXCD</b>:  <br/><b>LYEXVAL</b>: 0.0<br/><b>LY2ACRES</b>: 0.0<br/><b>LY2LNDVAL</b>: 0.0<br/><b>LY2IMPVAL</b>: 0.0<br/><b>LY2PPVAL</b>: 0.0<br/><b>LY2EXCD</b>:  <br/><b>LY2EXVAL</b>: 0.0<br/><b>OWNERNUM</b>: 0.0<br/><b>OWNERDEN</b>: 0.0<br/><b>ETALFLAG</b>: N<br/><b>UPDDATE</b>: 20231117<br/><b>LASTUPDATE</b>: 20231117<br/><b>LOTSQFT</b>: 0.0<br/><b>OLDPARCEL</b>:  <br/><b>INACTPCL</b>: 13933511002<br/><b>INACTREF</b>: 0.0<br/><b>FILLER2</b>:  <br/><b>PCLBOOK3</b>: 139<br/><b>PCL5</b>: 13927<br/><b>PCL6</b>: 139274<br/><b>PCL8</b>: 13927410<br/><b>OLDBOOK</b>: 139<br/><b>OLDPCL</b>: 139274100<br/><b>OLDPAGE</b>: 274<br/><b>OLDLOT</b>: 100<br/><b>OLDFILL</b>: 05<br/><b>ZIPMAIN</b>: 89106.0<br/><b>ZIPLUS4</b>: 0.0<br/><b>LOCATION</b>: 000000                               L<br/><b>STR</b>: 2720  61<br/><b>ADBOOK</b>: 0053<br/><b>ADPAGE</b>: 0061<br/><b>ADDR_OWN</b>: W M C PAVILIONS S P E L L C     C/O TAX DEPT                    475 S GRAND CENTRAL PKWY # 1615 LAS VEGAS NV 89106<br/><b>ADDRESS</b>: 000000<br/><b>INACTNEWPC</b>:  <br/><b>LUCODE</b>: 0.0<br/><b>SHAPE_LE_1</b>: 2289.56514966<br/><b>Shape__Area</b>: 120859.40625<br/><b>Shape__Length</b>: 2289.565149655446]]></description>
  <Point>
    <coordinates>-115.14965134343953,36.173888654459965,0</coordinates>
  </Point>
</Placemark>
<Placemark>
  <name>0</name>
  <styleUrl>#billboard</styleUrl>
  <description><![CDATA[<b>OBJECTID_BILLBOARD</b>: 51<br/><b>LVBOARDS_</b>: 61<br/><b>LVBOARDS_I</b>: 36<br/><b>SIGN_TYPE</b>:  <br/><b>STREET_NUM</b>: 0<br/><b>STREET_DIR</b>:  <br/><b>STREET_NAM</b>:  <br/><b>PARCEL</b>: 13927410005<br/><b>PARCELOLD</b>: 13927410004<br/><b>APPLICANT</b>: Clear Channel Outdoor<br/><b>SIGN_AREA</b>: 672<br/><b>SIGN_HEIGH</b>: 0<br/><b>TAG_NUM</b>: 0<br/><b>APPLY_DATE</b>:  <br/><b>NOTES_SUP</b>: U-94-98; Z-100-97<br/><b>NOTES_VAR</b>:  <br/><b>NOTES_RQR</b>: RQR-35268; 21345; 11403; 5683; 1974<br/><b>NOTES</b>:  <br/><b>SIZE_</b>: 14x48<br/><b>FIELD_CHEC</b>: 1<br/><b>FREEWAY</b>: 750<br/><b>APP_FIN</b>:  <br/><b>WARD_BILLBOARD</b>: 5<br/><b>LONGITUDE</b>: -115.15132411280888<br/><b>LATITUDE</b>: 36.17344676277354<br/><b>OBJECTID_1</b>: 581278.0<br/><b>CALC_ACRES</b>: 2.76999998<br/><b>ASSR_ACRES</b>: 2.69<br/><b>LABEL_CLAS</b>: 807.0<br/><b>PARCELTYPE</b>: 0.0<br/><b>PRCLID</b>: 13927410005<br/><b>PRCLKEY</b>: 807.0<br/><b>PRCLVER</b>: 807.0<br/><b>PCLBOOK</b>: 139<br/><b>PCLSEC</b>: 27<br/><b>PCLPAGE</b>: 4<br/><b>PCLSUBD</b>: 10<br/><b>PCLNO</b>: 005<br/><b>TAXDIST_SP</b>: 203.0<br/><b>FDPHANTOM</b>: 2424-19<br/><b>FIREMAPNO</b>: 2424.0<br/><b>CENTRACT</b>: 301.0<br/><b>SHAPE_LENG</b>: 35552.9137961<br/><b>PRECINCT</b>: 4613.0<br/><b>COMMISSION</b>: D<br/><b>ASSEMBLY</b>: 11.0<br/><b>SENATE</b>: 2.0<br/><b>CONGRESS</b>: 4.0<br/><b>TAZ</b>: 452.0<br/><b>PERIMETER</b>: 265026.231717<br/><b>WARD_PARCEL</b>: 5<br/><b>CNTY_IS</b>: 0.0<br/><b>SHADE</b>: 113.0<br/><b>ACRES</b>: 9805.19074535<br/><b>SQ_MILES</b>: 15.32061054<br/><b>ZIP</b>: 89106.0<br/><b>OBJECTID_PARCEL</b>: 312248.0<br/><b>TAXDIST</b>: 203.0<br/><b>OWNER</b>: W M C PAVILIONS S P E L L C<br/><b>ADDRESS1</b>: C/O TAX DEPT<br/><b>ADDRESS2</b>: 475 S GRAND CENTRAL PKWY # 1615<br/><b>ADDRESS3</b>: LAS VEGAS NV 89106<br/><b>ADDRESS4</b>:  <br/><b>ADDRESS5</b>:  <br/><b>NAMETAG</b>:  <br/><b>ZIPCODE</b>: 891060000.0<br/><b>COMNAME</b>: WORLD MARKET CENTER<br/><b>STRNO</b>: 0.0<br/><b>STRFRAC</b>:  <br/><b>STRDIR</b>:  <br/><b>STRNAME</b>:  <br/><b>STRTYPE</b>:  <br/><b>STRCITY</b>: LV<br/><b>STRUNIT</b>:  <br/><b>COMMENT1</b>: .02A  RD 20190521:1280<br/><b>COMMENT2</b>:  <br/><b>FIXD</b>: PB00530061PT      L3<br/><b>SUBTAG</b>:  <br/><b>LEGAL1</b>: PARKWAY CENTER<br/><b>LEGAL2</b>: PLAT BOOK 53 PAGE 61<br/><b>LEGAL3</b>: PT LOT 3<br/><b>LEGAL4</b>:  <br/><b>LEGAL5</b>:  <br/><b>LEGAL6</b>:  <br/><b>ASSDYR</b>: 2027.0<br/><b>CONSTYR</b>: 0.0<br/><b>DOCDATE</b>: 20170926<br/><b>FILLER1</b>:  <br/><b>DOCNO</b>: 2017092604205<br/><b>DOCMULTI</b>:  <br/><b>DOCVEST</b>: NS<br/><b>SALEPRICE</b>: 17209451.0<br/><b>SALETYPE</b>: M<br/><b>SALEDATE</b>: 20040901<br/><b>PORTION</b>:  <br/><b>BK1</b>:  <br/><b>BK2</b>:  <br/><b>SECTNO</b>: 27<br/><b>TOWNSHIP</b>: 20<br/><b>RANGE</b>: 61<br/><b>LANDUSE</b>: 0.0<br/><b>CAPACITY</b>: 0.0<br/><b>LANDCD1</b>:  <br/><b>LANDACRE1</b>: 3.0<br/><b>LANDVAL1</b>: 902255.0<br/><b>LANDCD2</b>:  <br/><b>LANDACRE2</b>: 0.0<br/><b>LANDVAL2</b>: 0.0<br/><b>IMPVAL</b>: 0.0<br/><b>PRCD1</b>:  <br/><b>PRVAL1</b>: 0.0<br/><b>PRCD2</b>:  <br/><b>PRVAL2</b>: 0.0<br/><b>PRCD3</b>:  <br/><b>PRVAL3</b>: 0.0<br/><b>EXMPCD</b>:  <br/><b>EXMPVAL</b>: 0.0<br/><b>LYACRES</b>: 0.0<br/><b>LYLNDVAL</b>: 902255.0<br/><b>LYIMPVAL</b>: 0.0<br/><b>LYPPVAL</b>: 0.0<br/><b>LYEXCD</b>:  <br/><b>LYEXVAL</b>: 0.0<br/><b>LY2ACRES</b>: 0.0<br/><b>LY2LNDVAL</b>: 0.0<br/><b>LY2IMPVAL</b>: 0.0<br/><b>LY2PPVAL</b>: 0.0<br/><b>LY2EXCD</b>:  <br/><b>LY2EXVAL</b>: 0.0<br/><b>OWNERNUM</b>: 0.0<br/><b>OWNERDEN</b>: 0.0<br/><b>ETALFLAG</b>: N<br/><b>UPDDATE</b>: 20231117<br/><b>LASTUPDATE</b>: 20231117<br/><b>LOTSQFT</b>: 0.0<br/><b>OLDPARCEL</b>:  <br/><b>INACTPCL</b>: 13933511002<br/><b>INACTREF</b>: 0.0<br/><b>FILLER2</b>:  <br/><b>PCLBOOK3</b>: 139<br/><b>PCL5</b>: 13927<br/><b>PCL6</b>: 139274<br/><b>PCL8</b>: 13927410<br/><b>OLDBOOK</b>: 139<br/><b>OLDPCL</b>: 139274100<br/><b>OLDPAGE</b>: 274<br/><b>OLDLOT</b>: 100<br/><b>OLDFILL</b>: 05<br/><b>ZIPMAIN</b>: 89106.0<br/><b>ZIPLUS4</b>: 0.0<br/><b>LOCATION</b>: 000000                               L<br/><b>STR</b>: 2720  61<br/><b>ADBOOK</b>: 0053<br/><b>ADPAGE</b>: 0061<br/><b>ADDR_OWN</b>: W M C PAVILIONS S P E L L C     C/O TAX DEPT                    475 S GRAND CENTRAL PKWY # 1615 LAS VEGAS NV 89106<br/><b>ADDRESS</b>: 000000<br/><b>INACTNEWPC</b>:  <br/><b>LUCODE</b>: 0.0<br/><b>SHAPE_LE_1</b>: 2289.56514966<br/><b>Shape__Area</b>: 120859.40625<br/><b>Shape__Length</b>: 2289.565149655446]]></description>
  <Point>
    <coordinates>-115.15132411280888,36.17344676277354,0</coordinates>
  </Point>
</Placemark>
<Placemark>
  <name>0</name>
  <styleUrl>#billboard</styleUrl>
  <description><![CDATA[<b>OBJECTID_BILLBOARD</b>: 52<br/><b>LVBOARDS_</b>: 62<br/><b>LVBOARDS_I</b>: 22<br/><b>SIGN_TYPE</b>:  <br/><b>STREET_NUM</b>: 0<br/><b>STREET_DIR</b>:  <br/><b>STREET_NAM</b>:  <br/><b>PARCEL</b>: 13933511004<br/><b>PARCELOLD</b>: 13933511002<br/><b>APPLICANT</b>: VIACOM<br/><b>SIGN_AREA</b>: 672<br/><b>SIGN_HEIGH</b>: 0<br/><b>TAG_NUM</b>: 0<br/><b>APPLY_DATE</b>:  <br/><b>NOTES_SUP</b>: U-94-98; Z-100-97; U-314-91<br/><b>NOTES_VAR</b>:  <br/><b>NOTES_RQR</b>: RQR-34844; 21496; 12065; 6003; 1974<br/><b>NOTES</b>:  <br/><b>SIZE_</b>: 14x48<br/><b>FIELD_CHEC</b>: 1<br/><b>FREEWAY</b>: 750<br/><b>APP_FIN</b>:  <br/><b>WARD_BILLBOARD</b>: 5<br/><b>LONGITUDE</b>: -115.154954007921<br/><b>LATITUDE</b>: 36.17214643556873<br/><b>OBJECTID_1</b>: 734286.0<br/><b>CALC_ACRES</b>: 17.68000031<br/><b>ASSR_ACRES</b>: 17.8<br/><b>LABEL_CLAS</b>: 807.0<br/><b>PARCELTYPE</b>: 0.0<br/><b>PRCLID</b>: 13933511004<br/><b>PRCLKEY</b>: 807.0<br/><b>PRCLVER</b>: 807.0<br/><b>PCLBOOK</b>: 139<br/><b>PCLSEC</b>: 33<br/><b>PCLPAGE</b>: 5<br/><b>PCLSUBD</b>: 11<br/><b>PCLNO</b>: 004<br/><b>TAXDIST_SP</b>: 203.0<br/><b>FDPHANTOM</b>: 2424-19<br/><b>FIREMAPNO</b>: 2424.0<br/><b>CENTRACT</b>: 301.0<br/><b>SHAPE_LENG</b>: 35552.9137961<br/><b>PRECINCT</b>: 4613.0<br/><b>COMMISSION</b>: D<br/><b>ASSEMBLY</b>: 11.0<br/><b>SENATE</b>: 2.0<br/><b>CONGRESS</b>: 4.0<br/><b>TAZ</b>: 452.0<br/><b>PERIMETER</b>: 265026.231717<br/><b>WARD_PARCEL</b>: 5<br/><b>CNTY_IS</b>: 0.0<br/><b>SHADE</b>: 113.0<br/><b>ACRES</b>: 9805.19074535<br/><b>SQ_MILES</b>: 15.32061054<br/><b>ZIP</b>: 89106.0<br/><b>OBJECTID_PARCEL</b>: 319797.0<br/><b>TAXDIST</b>: 203.0<br/><b>OWNER</b>: W M C PAVILIONS S P E L L C<br/><b>ADDRESS1</b>: C/O TAX DEPT<br/><b>ADDRESS2</b>: 475 S GRAND CENTRAL PKWY # 1615<br/><b>ADDRESS3</b>: LAS VEGAS NV 89106<br/><b>ADDRESS4</b>:  <br/><b>ADDRESS5</b>:  <br/><b>NAMETAG</b>:  <br/><b>ZIPCODE</b>: 891060000.0<br/><b>COMNAME</b>: WORLD MARKET CENTER<br/><b>STRNO</b>: 205.0<br/><b>STRFRAC</b>:  <br/><b>STRDIR</b>: S<br/><b>STRNAME</b>: GRAND CENTRAL<br/><b>STRTYPE</b>: PKWY<br/><b>STRCITY</b>: LV<br/><b>STRUNIT</b>:  <br/><b>COMMENT1</b>: .17A  RD 20190521:1280<br/><b>COMMENT2</b>:  <br/><b>FIXD</b>: PB00530061PT      L3<br/><b>SUBTAG</b>:  <br/><b>LEGAL1</b>: PARKWAY CENTER<br/><b>LEGAL2</b>: PLAT BOOK 53 PAGE 61<br/><b>LEGAL3</b>: PT LOT 3<br/><b>LEGAL4</b>:  <br/><b>LEGAL5</b>:  <br/><b>LEGAL6</b>:  <br/><b>ASSDYR</b>: 2027.0<br/><b>CONSTYR</b>: 2005.0<br/><b>DOCDATE</b>: 20170926<br/><b>FILLER1</b>:  <br/><b>DOCNO</b>: 2017092604205<br/><b>DOCMULTI</b>:  <br/><b>DOCVEST</b>: NS<br/><b>SALEPRICE</b>: 17209451.0<br/><b>SALETYPE</b>: M<br/><b>SALEDATE</b>: 20040901<br/><b>PORTION</b>:  <br/><b>BK1</b>:  <br/><b>BK2</b>:  <br/><b>SECTNO</b>: 33<br/><b>TOWNSHIP</b>: 20<br/><b>RANGE</b>: 61<br/><b>LANDUSE</b>: 330000.0<br/><b>CAPACITY</b>: 1.0<br/><b>LANDCD1</b>:  <br/><b>LANDACRE1</b>: 18.0<br/><b>LANDVAL1</b>: 4776267.0<br/><b>LANDCD2</b>:  <br/><b>LANDACRE2</b>: 0.0<br/><b>LANDVAL2</b>: 0.0<br/><b>IMPVAL</b>: 511901.0<br/><b>PRCD1</b>:  <br/><b>PRVAL1</b>: 0.0<br/><b>PRCD2</b>:  <br/><b>PRVAL2</b>: 0.0<br/><b>PRCD3</b>:  <br/><b>PRVAL3</b>: 0.0<br/><b>EXMPCD</b>:  <br/><b>EXMPVAL</b>: 0.0<br/><b>LYACRES</b>: 0.0<br/><b>LYLNDVAL</b>: 4776267.0<br/><b>LYIMPVAL</b>: 512227.0<br/><b>LYPPVAL</b>: 0.0<br/><b>LYEXCD</b>:  <br/><b>LYEXVAL</b>: 0.0<br/><b>LY2ACRES</b>: 0.0<br/><b>LY2LNDVAL</b>: 0.0<br/><b>LY2IMPVAL</b>: 0.0<br/><b>LY2PPVAL</b>: 0.0<br/><b>LY2EXCD</b>:  <br/><b>LY2EXVAL</b>: 0.0<br/><b>OWNERNUM</b>: 0.0<br/><b>OWNERDEN</b>: 0.0<br/><b>ETALFLAG</b>: N<br/><b>UPDDATE</b>: 20240117<br/><b>LASTUPDATE</b>: 20240117<br/><b>LOTSQFT</b>: 0.0<br/><b>OLDPARCEL</b>:  <br/><b>INACTPCL</b>: 13933511002<br/><b>INACTREF</b>: 0.0<br/><b>FILLER2</b>:  <br/><b>PCLBOOK3</b>: 139<br/><b>PCL5</b>: 13933<br/><b>PCL6</b>: 139335<br/><b>PCL8</b>: 13933511<br/><b>OLDBOOK</b>: 139<br/><b>OLDPCL</b>: 139335110<br/><b>OLDPAGE</b>: 335<br/><b>OLDLOT</b>: 110<br/><b>OLDFILL</b>: 04<br/><b>ZIPMAIN</b>: 89106.0<br/><b>ZIPLUS4</b>: 0.0<br/><b>LOCATION</b>: 000205   S GRAND CENTRAL         PKWYL<br/><b>STR</b>: 3320  61<br/><b>ADBOOK</b>: 0053<br/><b>ADPAGE</b>: 0061<br/><b>ADDR_OWN</b>: W M C PAVILIONS S P E L L C     C/O TAX DEPT                    475 S GRAND CENTRAL PKWY # 1615 LAS VEGAS NV 89106<br/><b>ADDRESS</b>: 000205   S GRAND CENTRAL         PKWY<br/><b>INACTNEWPC</b>:  <br/><b>LUCODE</b>: 330.0<br/><b>SHAPE_LE_1</b>: 4887.68640192<br/><b>Shape__Area</b>: 770141.224609375<br/><b>Shape__Length</b>: 4887.686401919336]]></description>
  <Point>
    <coordinates>-115.154954007921,36.17214643556873,0</coordinates>
  </Point>
</Placemark>
<Placemark>
  <name>0</name>
  <styleUrl>#billboard</styleUrl>
  <description><![CDATA[<b>OBJECTID_BILLBOARD</b>: 53<br/><b>LVBOARDS_</b>: 63<br/><b>LVBOARDS_I</b>: 31<br/><b>SIGN_TYPE</b>:  <br/><b>STREET_NUM</b>: 0<br/><b>STREET_DIR</b>:  <br/><b>STREET_NAM</b>:  <br/><b>PARCEL</b>: 13933710003<br/><b>PARCELOLD</b>: 13933710001<br/><b>APPLICANT</b>: Clear Channel Outdoor<br/><b>SIGN_AREA</b>: 672<br/><b>SIGN_HEIGH</b>: 40<br/><b>TAG_NUM</b>: 0<br/><b>APPLY_DATE</b>:  <br/><b>NOTES_SUP</b>: Z-100-97; U-315-91<br/><b>NOTES_VAR</b>:  <br/><b>NOTES_RQR</b>: RQR-1974<br/><b>NOTES</b>:  <br/><b>SIZE_</b>: 14x48<br/><b>FIELD_CHEC</b>: 1<br/><b>FREEWAY</b>: 750<br/><b>APP_FIN</b>:  <br/><b>WARD_BILLBOARD</b>: 5<br/><b>LONGITUDE</b>: -115.15929421569862<br/><b>LATITUDE</b>: 36.16528956177029]]></description>
  <Point>
    <coordinates>-115.15929421569862,36.16528956177029,0</coordinates>
  </Point>
</Placemark>
<Placemark>
  <name>0</name>
  <styleUrl>#billboard</styleUrl>
  <description><![CDATA[<b>OBJECTID_BILLBOARD</b>: 54<br/><b>LVBOARDS_</b>: 64<br/><b>LVBOARDS_I</b>: 32<br/><b>SIGN_TYPE</b>:  <br/><b>STREET_NUM</b>: 0<br/><b>STREET_DIR</b>:  <br/><b>STREET_NAM</b>:  <br/><b>PARCEL</b>: 13933710003<br/><b>PARCELOLD</b>: 13933710001<br/><b>APPLICANT</b>: Clear Channel Outdoor<br/><b>SIGN_AREA</b>: 1200<br/><b>SIGN_HEIGH</b>: 50<br/><b>TAG_NUM</b>: 0<br/><b>APPLY_DATE</b>:  <br/><b>NOTES_SUP</b>: SUP-10134<br/><b>NOTES_VAR</b>: VAR-10409<br/><b>NOTES_RQR</b>: RQR-33270<br/><b>NOTES</b>: Z-100-97; RQR-1974<br/><b>SIZE_</b>: 20x60<br/><b>FIELD_CHEC</b>: 1<br/><b>FREEWAY</b>: 750<br/><b>APP_FIN</b>:  <br/><b>WARD_BILLBOARD</b>: 5<br/><b>LONGITUDE</b>: -115.15967159932765<br/><b>LATITUDE</b>: 36.16229713082343]]></description>
  <Point>
    <coordinates>-115.15967159932765,36.16229713082343,0</coordinates>
  </Point>
</Placemark>
<Placemark>
  <name>0</name>
  <styleUrl>#billboard</styleUrl>
  <description><![CDATA[<b>OBJECTID_BILLBOARD</b>: 55<br/><b>LVBOARDS_</b>: 66<br/><b>LVBOARDS_I</b>: 25<br/><b>SIGN_TYPE</b>:  <br/><b>STREET_NUM</b>: 1500<br/><b>STREET_DIR</b>: S<br/><b>STREET_NAM</b>: Western<br/><b>PARCEL</b>: 16204602011<br/><b>PARCELOLD</b>: 16204602011<br/><b>APPLICANT</b>:  <br/><b>SIGN_AREA</b>: 672<br/><b>SIGN_HEIGH</b>: 30<br/><b>TAG_NUM</b>: 0<br/><b>APPLY_DATE</b>:  <br/><b>NOTES_SUP</b>:  <br/><b>NOTES_VAR</b>: V-93-91<br/><b>NOTES_RQR</b>: V-93-91(1)<br/><b>NOTES</b>:  <br/><b>SIZE_</b>: 14x48<br/><b>FIELD_CHEC</b>: 1<br/><b>FREEWAY</b>: 750<br/><b>APP_FIN</b>:  <br/><b>WARD_BILLBOARD</b>: 3<br/><b>LONGITUDE</b>: -115.16113986378998<br/><b>LATITUDE</b>: 36.15442029987873]]></description>
  <Point>
    <coordinates>-115.16113986378998,36.15442029987873,0</coordinates>
  </Point>
</Placemark>
<Placemark>
  <name>0</name>
  <styleUrl>#billboard</styleUrl>
  <description><![CDATA[<b>OBJECTID_BILLBOARD</b>: 56<br/><b>LVBOARDS_</b>: 67<br/><b>LVBOARDS_I</b>: 25<br/><b>SIGN_TYPE</b>:  <br/><b>STREET_NUM</b>: 1508<br/><b>STREET_DIR</b>: S<br/><b>STREET_NAM</b>: Western<br/><b>PARCEL</b>: 16204602010<br/><b>PARCELOLD</b>: 16204602010<br/><b>APPLICANT</b>:  <br/><b>SIGN_AREA</b>: 672<br/><b>SIGN_HEIGH</b>: 0<br/><b>TAG_NUM</b>: 0<br/><b>APPLY_DATE</b>:  <br/><b>NOTES_SUP</b>:  <br/><b>NOTES_VAR</b>: V-93-91<br/><b>NOTES_RQR</b>: V-93-91(1)<br/><b>NOTES</b>:  <br/><b>SIZE_</b>: 14x48<br/><b>FIELD_CHEC</b>: 1<br/><b>FREEWAY</b>: 750<br/><b>APP_FIN</b>:  <br/><b>WARD_BILLBOARD</b>: 3<br/><b>LONGITUDE</b>: -115.1621847852937<br/><b>LATITUDE</b>: 36.15305371414366]]></description>
  <Point>
    <coordinates>-115.1621847852937,36.15305371414366,0</coordinates>
  </Point>
</Placemark>
<Placemark>
  <name>0</name>
  <styleUrl>#billboard</styleUrl>
  <description><![CDATA[<b>OBJECTID_BILLBOARD</b>: 57<br/><b>LVBOARDS_</b>: 68<br/><b>LVBOARDS_I</b>: 30<br/><b>SIGN_TYPE</b>:  <br/><b>STREET_NUM</b>: 1604<br/><b>STREET_DIR</b>: W<br/><b>STREET_NAM</b>: Oakey<br/><b>PARCEL</b>: 16204602009<br/><b>PARCELOLD</b>: 16204602009<br/><b>APPLICANT</b>:  <br/><b>SIGN_AREA</b>: 672<br/><b>SIGN_HEIGH</b>: 40<br/><b>TAG_NUM</b>: 0<br/><b>APPLY_DATE</b>:  <br/><b>NOTES_SUP</b>:  <br/><b>NOTES_VAR</b>:  <br/><b>NOTES_RQR</b>:  <br/><b>NOTES</b>: DONREY<br/><b>SIZE_</b>: 14x48<br/><b>FIELD_CHEC</b>: 1<br/><b>FREEWAY</b>: 750<br/><b>APP_FIN</b>:  <br/><b>WARD_BILLBOARD</b>: 3<br/><b>LONGITUDE</b>: -115.1628190001645<br/><b>LATITUDE</b>: 36.15235282936895<br/><b>OBJECTID_1</b>: 575412.0<br/><b>CALC_ACRES</b>: 0.0<br/><b>ASSR_ACRES</b>: 2.12<br/><b>LABEL_CLAS</b>: 701.0<br/><b>PARCELTYPE</b>: 0.0<br/><b>PRCLID</b>: 16204602009<br/><b>PRCLKEY</b>: 701.0<br/><b>PRCLVER</b>: 701.0<br/><b>PCLBOOK</b>: 162<br/><b>PCLSEC</b>: 04<br/><b>PCLPAGE</b>: 6<br/><b>PCLSUBD</b>: 02<br/><b>PCLNO</b>: 009<br/><b>TAXDIST_SP</b>: 212.0<br/><b>FDPHANTOM</b>: 2524-46<br/><b>FIREMAPNO</b>: 2524.0<br/><b>CENTRACT</b>: 204.0<br/><b>SHAPE_LENG</b>: 18398.8109345<br/><b>PRECINCT</b>: 5562.0<br/><b>COMMISSION</b>: E<br/><b>ASSEMBLY</b>: 15.0<br/><b>SENATE</b>: 10.0<br/><b>CONGRESS</b>: 4.0<br/><b>TAZ</b>: 558.0<br/><b>PERIMETER</b>: 150972.207738<br/><b>WARD_PARCEL</b>: 3<br/><b>CNTY_IS</b>: 0.0<br/><b>SHADE</b>: 57.0<br/><b>ACRES</b>: 8235.23370861<br/><b>SQ_MILES</b>: 12.86755267<br/><b>ZIP</b>: 89102.0<br/><b>OBJECTID_PARCEL</b>: 437579.0<br/><b>TAXDIST</b>: 212.0<br/><b>OWNER</b>: STATE OF NEVADA TRANSPORTATION<br/><b>ADDRESS1</b>: C/O STAFF SPECIALIST - ACQ<br/><b>ADDRESS2</b>: 1263 S STEWART ST<br/><b>ADDRESS3</b>: CARSON CITY NV 89712<br/><b>ADDRESS4</b>:  <br/><b>ADDRESS5</b>:  <br/><b>NAMETAG</b>:  <br/><b>ZIPCODE</b>: 897120000.0<br/><b>COMNAME</b>:  <br/><b>STRNO</b>: 1604.0<br/><b>STRFRAC</b>:  <br/><b>STRDIR</b>: W<br/><b>STRNAME</b>: OAKEY<br/><b>STRTYPE</b>: BLVD<br/><b>STRCITY</b>: LV<br/><b>STRUNIT</b>:  <br/><b>COMMENT1</b>: C-20161205:3039<br/><b>COMMENT2</b>:  <br/><b>FIXD</b>: 00000000<br/><b>SUBTAG</b>:  <br/><b>LEGAL1</b>: PT S2 NE4 SEC 4-21-61<br/><b>LEGAL2</b>:  <br/><b>LEGAL3</b>:  <br/><b>LEGAL4</b>:  <br/><b>LEGAL5</b>:  <br/><b>LEGAL6</b>:  <br/><b>ASSDYR</b>: 2027.0<br/><b>CONSTYR</b>: 1965.0<br/><b>DOCDATE</b>: 20160125<br/><b>FILLER1</b>:  <br/><b>DOCNO</b>: 2016012501687<br/><b>DOCMULTI</b>:  <br/><b>DOCVEST</b>: NS<br/><b>SALEPRICE</b>: 0.0<br/><b>SALETYPE</b>:  <br/><b>SALEDATE</b>:  <br/><b>PORTION</b>:  <br/><b>BK1</b>:  <br/><b>BK2</b>:  <br/><b>SECTNO</b>: 04<br/><b>TOWNSHIP</b>: 21<br/><b>RANGE</b>: 61<br/><b>LANDUSE</b>: 358000.0<br/><b>CAPACITY</b>: 1.0<br/><b>LANDCD1</b>:  <br/><b>LANDACRE1</b>: 2.0<br/><b>LANDVAL1</b>: 799956.0<br/><b>LANDCD2</b>:  <br/><b>LANDACRE2</b>: 0.0<br/><b>LANDVAL2</b>: 0.0<br/><b>IMPVAL</b>: 4507.0<br/><b>PRCD1</b>:  <br/><b>PRVAL1</b>: 0.0<br/><b>PRCD2</b>:  <br/><b>PRVAL2</b>: 0.0<br/><b>PRCD3</b>:  <br/><b>PRVAL3</b>: 0.0<br/><b>EXMPCD</b>: 55<br/><b>EXMPVAL</b>: 804463.0<br/><b>LYACRES</b>: 0.0<br/><b>LYLNDVAL</b>: 763756.0<br/><b>LYIMPVAL</b>: 4410.0<br/><b>LYPPVAL</b>: 0.0<br/><b>LYEXCD</b>:  <br/><b>LYEXVAL</b>: 768166.0<br/><b>LY2ACRES</b>: 0.0<br/><b>LY2LNDVAL</b>: 0.0<br/><b>LY2IMPVAL</b>: 0.0<br/><b>LY2PPVAL</b>: 0.0<br/><b>LY2EXCD</b>:  <br/><b>LY2EXVAL</b>: 0.0<br/><b>OWNERNUM</b>: 0.0<br/><b>OWNERDEN</b>: 0.0<br/><b>ETALFLAG</b>: N<br/><b>UPDDATE</b>: 20231117<br/><b>LASTUPDATE</b>: 20231117<br/><b>LOTSQFT</b>: 0.0<br/><b>OLDPARCEL</b>:  <br/><b>INACTPCL</b>: 16204602009<br/><b>INACTREF</b>: 0.0<br/><b>FILLER2</b>:  <br/><b>PCLBOOK3</b>: 162<br/><b>PCL5</b>: 16204<br/><b>PCL6</b>: 162046<br/><b>PCL8</b>: 16204602<br/><b>OLDBOOK</b>: 162<br/><b>OLDPCL</b>: 162046020<br/><b>OLDPAGE</b>: 046<br/><b>OLDLOT</b>: 020<br/><b>OLDFILL</b>: 09<br/><b>ZIPMAIN</b>: 89712.0<br/><b>ZIPLUS4</b>: 0.0<br/><b>LOCATION</b>: 001604   W OAKEY                 BLVDL<br/><b>STR</b>: 0421  61<br/><b>ADBOOK</b>: 0000<br/><b>ADPAGE</b>: 0000<br/><b>ADDR_OWN</b>: STATE OF NEVADA TRANSPORTATION  C/O STAFF SPECIALIST - ACQ      1263 S STEWART ST               CARSON CITY NV 89712<br/><b>ADDRESS</b>: 001604   W OAKEY                 BLVD<br/><b>INACTNEWPC</b>:  <br/><b>LUCODE</b>: 358.0<br/><b>SHAPE_LE_1</b>: 1752.6039658<br/><b>Shape__Area</b>: 94805.876953125<br/><b>Shape__Length</b>: 1752.6039657965157]]></description>
  <Point>
    <coordinates>-115.1628190001645,36.15235282936895,0</coordinates>
  </Point>
</Placemark>
<Placemark>
  <name>0</name>
  <styleUrl>#billboard</styleUrl>
  <description><![CDATA[<b>OBJECTID_BILLBOARD</b>: 60<br/><b>LVBOARDS_</b>: 71<br/><b>LVBOARDS_I</b>: 28<br/><b>SIGN_TYPE</b>:  <br/><b>STREET_NUM</b>: 2002<br/><b>STREET_DIR</b>:  <br/><b>STREET_NAM</b>: Highland<br/><b>PARCEL</b>: 16204301008<br/><b>PARCELOLD</b>: 16204301008<br/><b>APPLICANT</b>: Clear Channel Outdoor<br/><b>SIGN_AREA</b>: 672<br/><b>SIGN_HEIGH</b>: 65<br/><b>TAG_NUM</b>: 0<br/><b>APPLY_DATE</b>:  <br/><b>NOTES_SUP</b>:  <br/><b>NOTES_VAR</b>: V-26-88<br/><b>NOTES_RQR</b>: RQR-35243; 21344; 6150; 1704<br/><b>NOTES</b>:  <br/><b>SIZE_</b>: 14x48<br/><b>FIELD_CHEC</b>: 1<br/><b>FREEWAY</b>: 750<br/><b>APP_FIN</b>:  <br/><b>WARD_BILLBOARD</b>: 3<br/><b>LONGITUDE</b>: -115.16635562975641<br/><b>LATITUDE</b>: 36.14893567419091]]></description>
  <Point>
    <coordinates>-115.16635562975641,36.14893567419091,0</coordinates>
  </Point>
</Placemark>
<Placemark>
  <name>0</name>
  <styleUrl>#billboard</styleUrl>
  <description><![CDATA[<b>OBJECTID_BILLBOARD</b>: 61<br/><b>LVBOARDS_</b>: 74<br/><b>LVBOARDS_I</b>: 14<br/><b>SIGN_TYPE</b>:  <br/><b>STREET_NUM</b>: 2801<br/><b>STREET_DIR</b>: W<br/><b>STREET_NAM</b>: Westwood<br/><b>PARCEL</b>: 16208604001<br/><b>PARCELOLD</b>: 16208604001<br/><b>APPLICANT</b>: LAMAR<br/><b>SIGN_AREA</b>: 672<br/><b>SIGN_HEIGH</b>: 55<br/><b>TAG_NUM</b>: 0<br/><b>APPLY_DATE</b>:  <br/><b>NOTES_SUP</b>:  <br/><b>NOTES_VAR</b>: VAR-4733<br/><b>NOTES_RQR</b>:  <br/><b>NOTES</b>: L-4119-04<br/><b>SIZE_</b>: 14x48<br/><b>FIELD_CHEC</b>: 1<br/><b>FREEWAY</b>: 750<br/><b>APP_FIN</b>:  <br/><b>WARD_BILLBOARD</b>: 1<br/><b>LONGITUDE</b>: -115.17423597013898<br/><b>LATITUDE</b>: 36.140013241490706<br/><b>OBJECTID_1</b>: 560072.0<br/><b>CALC_ACRES</b>: 0.0<br/><b>ASSR_ACRES</b>: 1.27<br/><b>LABEL_CLAS</b>: 701.0<br/><b>PARCELTYPE</b>: 0.0<br/><b>PRCLID</b>: 16208604001<br/><b>PRCLKEY</b>: 701.0<br/><b>PRCLVER</b>: 701.0<br/><b>PCLBOOK</b>: 162<br/><b>PCLSEC</b>: 08<br/><b>PCLPAGE</b>: 6<br/><b>PCLSUBD</b>: 04<br/><b>PCLNO</b>: 001<br/><b>TAXDIST_SP</b>: 200.0<br/><b>FDPHANTOM</b>: 2623-39<br/><b>FIREMAPNO</b>: 2623.0<br/><b>CENTRACT</b>: 2201.0<br/><b>SHAPE_LENG</b>: 24882.7749149<br/><b>PRECINCT</b>: 5014.0<br/><b>COMMISSION</b>: E<br/><b>ASSEMBLY</b>: 15.0<br/><b>SENATE</b>: 10.0<br/><b>CONGRESS</b>: 1.0<br/><b>TAZ</b>: 606.0<br/><b>PERIMETER</b>: 150972.207738<br/><b>WARD_PARCEL</b>: 3<br/><b>CNTY_IS</b>: 0.0<br/><b>SHADE</b>: 57.0<br/><b>ACRES</b>: 8235.23370861<br/><b>SQ_MILES</b>: 12.86755267<br/><b>ZIP</b>: 89109.0<br/><b>OBJECTID_PARCEL</b>: 444091.0<br/><b>TAXDIST</b>: 200.0<br/><b>OWNER</b>: D 2801 WESTWOOD INC<br/><b>ADDRESS1</b>: PO BOX 570413<br/><b>ADDRESS2</b>: HOUSTON TX 77257-0413<br/><b>ADDRESS3</b>:  <br/><b>ADDRESS4</b>:  <br/><b>ADDRESS5</b>:  <br/><b>NAMETAG</b>:  <br/><b>ZIPCODE</b>: 772570413.0<br/><b>COMNAME</b>:  <br/><b>STRNO</b>: 2801.0<br/><b>STRFRAC</b>:  <br/><b>STRDIR</b>:  <br/><b>STRNAME</b>: WESTWOOD<br/><b>STRTYPE</b>: DR<br/><b>STRCITY</b>: LV<br/><b>STRUNIT</b>:  <br/><b>COMMENT1</b>:  <br/><b>COMMENT2</b>:  <br/><b>FIXD</b>: PM00270014        L3<br/><b>SUBTAG</b>:  <br/><b>LEGAL1</b>: PARCEL MAP FILE 27 PAGE 14<br/><b>LEGAL2</b>: LOT 3<br/><b>LEGAL3</b>:  <br/><b>LEGAL4</b>:  <br/><b>LEGAL5</b>:  <br/><b>LEGAL6</b>:  <br/><b>ASSDYR</b>: 2027.0<br/><b>CONSTYR</b>: 2003.0<br/><b>DOCDATE</b>: 20010329<br/><b>FILLER1</b>:  <br/><b>DOCNO</b>: 2001032902196<br/><b>DOCMULTI</b>:  <br/><b>DOCVEST</b>: NS<br/><b>SALEPRICE</b>: 2000000.0<br/><b>SALETYPE</b>: R<br/><b>SALEDATE</b>: 20010301<br/><b>PORTION</b>:  <br/><b>BK1</b>:  <br/><b>BK2</b>:  <br/><b>SECTNO</b>: 08<br/><b>TOWNSHIP</b>: 21<br/><b>RANGE</b>: 61<br/><b>LANDUSE</b>: 360000.0<br/><b>CAPACITY</b>: 1.0<br/><b>LANDCD1</b>:  <br/><b>LANDACRE1</b>: 1.0<br/><b>LANDVAL1</b>: 367885.0<br/><b>LANDCD2</b>:  <br/><b>LANDACRE2</b>: 0.0<br/><b>LANDVAL2</b>: 0.0<br/><b>IMPVAL</b>: 1515290.0<br/><b>PRCD1</b>:  <br/><b>PRVAL1</b>: 0.0<br/><b>PRCD2</b>:  <br/><b>PRVAL2</b>: 0.0<br/><b>PRCD3</b>:  <br/><b>PRVAL3</b>: 0.0<br/><b>EXMPCD</b>:  <br/><b>EXMPVAL</b>: 0.0<br/><b>LYACRES</b>: 0.0<br/><b>LYLNDVAL</b>: 348522.0<br/><b>LYIMPVAL</b>: 1552473.0<br/><b>LYPPVAL</b>: 0.0<br/><b>LYEXCD</b>:  <br/><b>LYEXVAL</b>: 0.0<br/><b>LY2ACRES</b>: 0.0<br/><b>LY2LNDVAL</b>: 0.0<br/><b>LY2IMPVAL</b>: 0.0<br/><b>LY2PPVAL</b>: 0.0<br/><b>LY2EXCD</b>:  <br/><b>LY2EXVAL</b>: 0.0<br/><b>OWNERNUM</b>: 0.0<br/><b>OWNERDEN</b>: 0.0<br/><b>ETALFLAG</b>: N<br/><b>UPDDATE</b>: 20231117<br/><b>LASTUPDATE</b>: 20231117<br/><b>LOTSQFT</b>: 0.0<br/><b>OLDPARCEL</b>:  <br/><b>INACTPCL</b>: 16208604001<br/><b>INACTREF</b>: 0.0<br/><b>FILLER2</b>:  <br/><b>PCLBOOK3</b>: 162<br/><b>PCL5</b>: 16208<br/><b>PCL6</b>: 162086<br/><b>PCL8</b>: 16208604<br/><b>OLDBOOK</b>: 162<br/><b>OLDPCL</b>: 162086040<br/><b>OLDPAGE</b>: 086<br/><b>OLDLOT</b>: 040<br/><b>OLDFILL</b>: 01<br/><b>ZIPMAIN</b>: 77257.0<br/><b>ZIPLUS4</b>: 413.0<br/><b>LOCATION</b>: 002801     WESTWOOD              DR  L<br/><b>STR</b>: 0821  61<br/><b>ADBOOK</b>: 0027<br/><b>ADPAGE</b>: 0014<br/><b>ADDR_OWN</b>: D 2801 WESTWOOD INC             PO BOX 570413                   HOUSTON TX 77257-0413<br/><b>ADDRESS</b>: 002801     WESTWOOD              DR<br/><b>INACTNEWPC</b>:  <br/><b>LUCODE</b>: 360.0<br/><b>SHAPE_LE_1</b>: 941.98249331<br/><b>Shape__Area</b>: 53601.85546875<br/><b>Shape__Length</b>: 941.9824932969696]]></description>
  <Point>
    <coordinates>-115.17423597013898,36.140013241490706,0</coordinates>
  </Point>
</Placemark>
<Placemark>
  <name>0</name>
  <styleUrl>#billboard</styleUrl>
  <description><![CDATA[<b>OBJECTID_BILLBOARD</b>: 62<br/><b>LVBOARDS_</b>: 75<br/><b>LVBOARDS_I</b>: 15<br/><b>SIGN_TYPE</b>:  <br/><b>STREET_NUM</b>: 0<br/><b>STREET_DIR</b>:  <br/><b>STREET_NAM</b>:  <br/><b>PARCEL</b>: 16208604002<br/><b>PARCELOLD</b>: 16208604002<br/><b>APPLICANT</b>:  <br/><b>SIGN_AREA</b>: 672<br/><b>SIGN_HEIGH</b>: 0<br/><b>TAG_NUM</b>: 0<br/><b>APPLY_DATE</b>:  <br/><b>NOTES_SUP</b>:  <br/><b>NOTES_VAR</b>:  <br/><b>NOTES_RQR</b>:  <br/><b>NOTES</b>: DONREY<br/><b>SIZE_</b>: 14x48<br/><b>FIELD_CHEC</b>: 1<br/><b>FREEWAY</b>: 750<br/><b>APP_FIN</b>:  <br/><b>WARD_BILLBOARD</b>: 1<br/><b>LONGITUDE</b>: -115.17517443669786<br/><b>LATITUDE</b>: 36.13886899261493]]></description>
  <Point>
    <coordinates>-115.17517443669786,36.13886899261493,0</coordinates>
  </Point>
</Placemark>
<Placemark>
  <name>0</name>
  <styleUrl>#billboard</styleUrl>
  <description><![CDATA[<b>OBJECTID_BILLBOARD</b>: 63<br/><b>LVBOARDS_</b>: 76<br/><b>LVBOARDS_I</b>: 22<br/><b>SIGN_TYPE</b>:  <br/><b>STREET_NUM</b>: 3260<br/><b>STREET_DIR</b>: S<br/><b>STREET_NAM</b>: Rancho<br/><b>PARCEL</b>: 16208418002<br/><b>PARCELOLD</b>: 16208401004<br/><b>APPLICANT</b>: LAMAR<br/><b>SIGN_AREA</b>: 672<br/><b>SIGN_HEIGH</b>: 70<br/><b>TAG_NUM</b>: 0<br/><b>APPLY_DATE</b>: 11/30/95<br/><b>NOTES_SUP</b>: U-101-95<br/><b>NOTES_VAR</b>:  <br/><b>NOTES_RQR</b>: RQR-33287; RQR-5513<br/><b>NOTES</b>:  <br/><b>SIZE_</b>: 14x48<br/><b>FIELD_CHEC</b>: 1<br/><b>FREEWAY</b>: 750<br/><b>APP_FIN</b>:  <br/><b>WARD_BILLBOARD</b>: 1<br/><b>LONGITUDE</b>: -115.18128139948597<br/><b>LATITUDE</b>: 36.13046024928758<br/><b>OBJECTID_1</b>: 796975.0<br/><b>CALC_ACRES</b>: 0.0<br/><b>ASSR_ACRES</b>: 14.72<br/><b>LABEL_CLAS</b>: 807.0<br/><b>PARCELTYPE</b>: 0.0<br/><b>PRCLID</b>: 16208418002<br/><b>PRCLKEY</b>: 807.0<br/><b>PRCLVER</b>: 807.0<br/><b>PCLBOOK</b>: 162<br/><b>PCLSEC</b>: 08<br/><b>PCLPAGE</b>: 4<br/><b>PCLSUBD</b>: 18<br/><b>PCLNO</b>: 002<br/><b>TAXDIST_SP</b>: 212.0<br/><b>FDPHANTOM</b>: 2623-85<br/><b>FIREMAPNO</b>: 2623.0<br/><b>CENTRACT</b>: 2201.0<br/><b>SHAPE_LENG</b>: 24882.7749149<br/><b>PRECINCT</b>: 6711.0<br/><b>COMMISSION</b>: F<br/><b>ASSEMBLY</b>: 15.0<br/><b>SENATE</b>: 10.0<br/><b>CONGRESS</b>: 3.0<br/><b>TAZ</b>: 605.0<br/><b>PERIMETER</b>: 150972.207738<br/><b>WARD_PARCEL</b>: 3<br/><b>CNTY_IS</b>: 0.0<br/><b>SHADE</b>: 57.0<br/><b>ACRES</b>: 8235.23370861<br/><b>SQ_MILES</b>: 12.86755267<br/><b>ZIP</b>: 89102.0<br/><b>OBJECTID_PARCEL</b>: 443968.0<br/><b>TAXDIST</b>: 212.0<br/><b>OWNER</b>: INTEGRAL PTNRS PARK PL L V LLC<br/><b>ADDRESS1</b>: C/O FISHER BROTHERS<br/><b>ADDRESS2</b>: 299 PARK AVE 42ND FL<br/><b>ADDRESS3</b>: NEW YORK NY 10171-4299<br/><b>ADDRESS4</b>:  <br/><b>ADDRESS5</b>:  <br/><b>NAMETAG</b>:  <br/><b>ZIPCODE</b>: 101714299.0<br/><b>COMNAME</b>:  <br/><b>STRNO</b>: 3215.0<br/><b>STRFRAC</b>:  <br/><b>STRDIR</b>: S<br/><b>STRNAME</b>: RANCHO<br/><b>STRTYPE</b>: DR<br/><b>STRCITY</b>: LV<br/><b>STRUNIT</b>:  <br/><b>COMMENT1</b>: C-20060301:385<br/><b>COMMENT2</b>:  <br/><b>FIXD</b>: PB01180022PT      L1<br/><b>SUBTAG</b>:  <br/><b>LEGAL1</b>: FLETCHER JONES IMPORTS PROPERTY<br/><b>LEGAL2</b>: PLAT BOOK 118 PAGE 22<br/><b>LEGAL3</b>: PT LOT 1<br/><b>LEGAL4</b>:  <br/><b>LEGAL5</b>:  <br/><b>LEGAL6</b>:  <br/><b>ASSDYR</b>: 2027.0<br/><b>CONSTYR</b>: 2019.0<br/><b>DOCDATE</b>: 20051121<br/><b>FILLER1</b>:  <br/><b>DOCNO</b>: 2005112102956<br/><b>DOCMULTI</b>:  <br/><b>DOCVEST</b>: NS<br/><b>SALEPRICE</b>: 50000000.0<br/><b>SALETYPE</b>: R<br/><b>SALEDATE</b>: 20051101<br/><b>PORTION</b>:  <br/><b>BK1</b>:  <br/><b>BK2</b>:  <br/><b>SECTNO</b>: 08<br/><b>TOWNSHIP</b>: 21<br/><b>RANGE</b>: 61<br/><b>LANDUSE</b>: 200000.0<br/><b>CAPACITY</b>: 1.0<br/><b>LANDCD1</b>:  <br/><b>LANDACRE1</b>: 15.0<br/><b>LANDVAL1</b>: 2378863.0<br/><b>LANDCD2</b>:  <br/><b>LANDACRE2</b>: 0.0<br/><b>LANDVAL2</b>: 0.0<br/><b>IMPVAL</b>: 8417455.0<br/><b>PRCD1</b>:  <br/><b>PRVAL1</b>: 0.0<br/><b>PRCD2</b>:  <br/><b>PRVAL2</b>: 0.0<br/><b>PRCD3</b>:  <br/><b>PRVAL3</b>: 0.0<br/><b>EXMPCD</b>:  <br/><b>EXMPVAL</b>: 0.0<br/><b>LYACRES</b>: 0.0<br/><b>LYLNDVAL</b>: 2154442.0<br/><b>LYIMPVAL</b>: 8390932.0<br/><b>LYPPVAL</b>: 0.0<br/><b>LYEXCD</b>:  <br/><b>LYEXVAL</b>: 0.0<br/><b>LY2ACRES</b>: 0.0<br/><b>LY2LNDVAL</b>: 0.0<br/><b>LY2IMPVAL</b>: 0.0<br/><b>LY2PPVAL</b>: 0.0<br/><b>LY2EXCD</b>:  <br/><b>LY2EXVAL</b>: 0.0<br/><b>OWNERNUM</b>: 0.0<br/><b>OWNERDEN</b>: 0.0<br/><b>ETALFLAG</b>: N<br/><b>UPDDATE</b>: 20231117<br/><b>LASTUPDATE</b>: 20231117<br/><b>LOTSQFT</b>: 0.0<br/><b>OLDPARCEL</b>:  <br/><b>INACTPCL</b>: 16208418001<br/><b>INACTREF</b>: 0.0<br/><b>FILLER2</b>:  <br/><b>PCLBOOK3</b>: 162<br/><b>PCL5</b>: 16208<br/><b>PCL6</b>: 162084<br/><b>PCL8</b>: 16208418<br/><b>OLDBOOK</b>: 162<br/><b>OLDPCL</b>: 162084180<br/><b>OLDPAGE</b>: 084<br/><b>OLDLOT</b>: 180<br/><b>OLDFILL</b>: 02<br/><b>ZIPMAIN</b>: 10171.0<br/><b>ZIPLUS4</b>: 4299.0<br/><b>LOCATION</b>: 003215   S RANCHO                DR  L<br/><b>STR</b>: 0821  61<br/><b>ADBOOK</b>: 0118<br/><b>ADPAGE</b>: 0022<br/><b>ADDR_OWN</b>: INTEGRAL PTNRS PARK PL L V LLC  C/O FISHER BROTHERS             299 PARK AVE 42ND FL            NEW YORK NY 10171-4299<br/><b>ADDRESS</b>: 003215   S RANCHO                DR<br/><b>INACTNEWPC</b>:  <br/><b>LUCODE</b>: 200.0<br/><b>SHAPE_LE_1</b>: 3982.15566539<br/><b>Shape__Area</b>: 641336.28125<br/><b>Shape__Length</b>: 3982.1556653848506]]></description>
  <Point>
    <coordinates>-115.18128139948597,36.13046024928758,0</coordinates>
  </Point>
</Placemark>
<Placemark>
  <name>0</name>
  <styleUrl>#billboard</styleUrl>
  <description><![CDATA[<b>OBJECTID_BILLBOARD</b>: 64<br/><b>LVBOARDS_</b>: 77<br/><b>LVBOARDS_I</b>: 20<br/><b>SIGN_TYPE</b>:  <br/><b>STREET_NUM</b>: 2900<br/><b>STREET_DIR</b>: W<br/><b>STREET_NAM</b>: Sirus<br/><b>PARCEL</b>: 16208702002<br/><b>PARCELOLD</b>: 16208702002<br/><b>APPLICANT</b>:  <br/><b>SIGN_AREA</b>: 672<br/><b>SIGN_HEIGH</b>: 40<br/><b>TAG_NUM</b>: 0<br/><b>APPLY_DATE</b>: 06/15/94<br/><b>NOTES_SUP</b>:  <br/><b>NOTES_VAR</b>: V-58-94<br/><b>NOTES_RQR</b>:  <br/><b>NOTES</b>:  <br/><b>SIZE_</b>: 14x48<br/><b>FIELD_CHEC</b>: 1<br/><b>FREEWAY</b>: 750<br/><b>APP_FIN</b>:  <br/><b>WARD_BILLBOARD</b>: 1<br/><b>LONGITUDE</b>: -115.18045381609855<br/><b>LATITUDE</b>: 36.133601728880684]]></description>
  <Point>
    <coordinates>-115.18045381609855,36.133601728880684,0</coordinates>
  </Point>
</Placemark>
<Placemark>
  <name>0</name>
  <styleUrl>#billboard</styleUrl>
  <description><![CDATA[<b>OBJECTID_BILLBOARD</b>: 65<br/><b>LVBOARDS_</b>: 78<br/><b>LVBOARDS_I</b>: 20<br/><b>SIGN_TYPE</b>:  <br/><b>STREET_NUM</b>: 2900<br/><b>STREET_DIR</b>: W<br/><b>STREET_NAM</b>: Sirus<br/><b>PARCEL</b>: 16208702002<br/><b>PARCELOLD</b>: 16208702002<br/><b>APPLICANT</b>:  <br/><b>SIGN_AREA</b>: 672<br/><b>SIGN_HEIGH</b>: 40<br/><b>TAG_NUM</b>: 0<br/><b>APPLY_DATE</b>: 8/11/94<br/><b>NOTES_SUP</b>: U-168-92<br/><b>NOTES_VAR</b>: V-58-94<br/><b>NOTES_RQR</b>: RQR-26324; RQR-1143<br/><b>NOTES</b>:  <br/><b>SIZE_</b>: 14x48<br/><b>FIELD_CHEC</b>: 1<br/><b>FREEWAY</b>: 750<br/><b>APP_FIN</b>:  <br/><b>WARD_BILLBOARD</b>: 1<br/><b>LONGITUDE</b>: -115.17962559428366<br/><b>LATITUDE</b>: 36.135142880753996]]></description>
  <Point>
    <coordinates>-115.17962559428366,36.135142880753996,0</coordinates>
  </Point>
</Placemark>
<Placemark>
  <name>0</name>
  <styleUrl>#billboard</styleUrl>
  <description><![CDATA[<b>OBJECTID_BILLBOARD</b>: 66<br/><b>LVBOARDS_</b>: 79<br/><b>LVBOARDS_I</b>: 18<br/><b>SIGN_TYPE</b>:  <br/><b>STREET_NUM</b>: 2800<br/><b>STREET_DIR</b>: S<br/><b>STREET_NAM</b>: Rancho<br/><b>PARCEL</b>: 16208610104<br/><b>PARCELOLD</b>: 16208602006<br/><b>APPLICANT</b>:  <br/><b>SIGN_AREA</b>: 672<br/><b>SIGN_HEIGH</b>: 65<br/><b>TAG_NUM</b>: 0<br/><b>APPLY_DATE</b>:  <br/><b>NOTES_SUP</b>:  <br/><b>NOTES_VAR</b>: V-01-87<br/><b>NOTES_RQR</b>: V-01-87(1)&amp;(2)<br/><b>NOTES</b>: 2 yr review has not been done<br/><b>SIZE_</b>: 14x48<br/><b>FIELD_CHEC</b>: 1<br/><b>FREEWAY</b>: 750<br/><b>APP_FIN</b>:  <br/><b>WARD_BILLBOARD</b>: 1<br/><b>LONGITUDE</b>: -115.17791599296882<br/><b>LATITUDE</b>: 36.1374248628189]]></description>
  <Point>
    <coordinates>-115.17791599296882,36.1374248628189,0</coordinates>
  </Point>
</Placemark>
<Placemark>
  <name>0</name>
  <styleUrl>#billboard</styleUrl>
  <description><![CDATA[<b>OBJECTID_BILLBOARD</b>: 67<br/><b>LVBOARDS_</b>: 80<br/><b>LVBOARDS_I</b>: 17<br/><b>SIGN_TYPE</b>:  <br/><b>STREET_NUM</b>: 2800<br/><b>STREET_DIR</b>: S<br/><b>STREET_NAM</b>: Rancho<br/><b>PARCEL</b>: 16208610104<br/><b>PARCELOLD</b>: 16208602006<br/><b>APPLICANT</b>:  <br/><b>SIGN_AREA</b>: 672<br/><b>SIGN_HEIGH</b>: 65<br/><b>TAG_NUM</b>: 0<br/><b>APPLY_DATE</b>: 12/04/86<br/><b>NOTES_SUP</b>:  <br/><b>NOTES_VAR</b>: V-104-86<br/><b>NOTES_RQR</b>:  <br/><b>NOTES</b>:  <br/><b>SIZE_</b>: 14x48<br/><b>FIELD_CHEC</b>: 1<br/><b>FREEWAY</b>: 750<br/><b>APP_FIN</b>:  <br/><b>WARD_BILLBOARD</b>: 1<br/><b>LONGITUDE</b>: -115.17678143354485<br/><b>LATITUDE</b>: 36.13866125750686]]></description>
  <Point>
    <coordinates>-115.17678143354485,36.13866125750686,0</coordinates>
  </Point>
</Placemark>
<Placemark>
  <name>0</name>
  <styleUrl>#billboard</styleUrl>
  <description><![CDATA[<b>OBJECTID_BILLBOARD</b>: 68<br/><b>LVBOARDS_</b>: 81<br/><b>LVBOARDS_I</b>: 16<br/><b>SIGN_TYPE</b>:  <br/><b>STREET_NUM</b>: 2800<br/><b>STREET_DIR</b>: S<br/><b>STREET_NAM</b>: Rancho<br/><b>PARCEL</b>: 16208610104<br/><b>PARCELOLD</b>: 16208602006<br/><b>APPLICANT</b>:  <br/><b>SIGN_AREA</b>: 672<br/><b>SIGN_HEIGH</b>: 65<br/><b>TAG_NUM</b>: 0<br/><b>APPLY_DATE</b>: 12/07/86<br/><b>NOTES_SUP</b>:  <br/><b>NOTES_VAR</b>: V-104-86<br/><b>NOTES_RQR</b>:  <br/><b>NOTES</b>:  <br/><b>SIZE_</b>: 14x48<br/><b>FIELD_CHEC</b>: 1<br/><b>FREEWAY</b>: 750<br/><b>APP_FIN</b>:  <br/><b>WARD_BILLBOARD</b>: 1<br/><b>LONGITUDE</b>: -115.17600046941605<br/><b>LATITUDE</b>: 36.13985223185314]]></description>
  <Point>
    <coordinates>-115.17600046941605,36.13985223185314,0</coordinates>
  </Point>
</Placemark>
<Placemark>
  <name>0</name>
  <styleUrl>#billboard</styleUrl>
  <description><![CDATA[<b>OBJECTID_BILLBOARD</b>: 70<br/><b>LVBOARDS_</b>: 83<br/><b>LVBOARDS_I</b>: 30<br/><b>SIGN_TYPE</b>:  <br/><b>STREET_NUM</b>: 0<br/><b>STREET_DIR</b>:  <br/><b>STREET_NAM</b>:  <br/><b>PARCEL</b>: 13933701005<br/><b>PARCELOLD</b>: 13933701005<br/><b>APPLICANT</b>: LAMAR<br/><b>SIGN_AREA</b>: 72<br/><b>SIGN_HEIGH</b>: 20<br/><b>TAG_NUM</b>: 0<br/><b>APPLY_DATE</b>:  <br/><b>NOTES_SUP</b>:  <br/><b>NOTES_VAR</b>:  <br/><b>NOTES_RQR</b>:  <br/><b>NOTES</b>:  <br/><b>SIZE_</b>:  <br/><b>FIELD_CHEC</b>: 1<br/><b>FREEWAY</b>: 750<br/><b>APP_FIN</b>:  <br/><b>WARD_BILLBOARD</b>: 5<br/><b>LONGITUDE</b>: -115.16065671813251<br/><b>LATITUDE</b>: 36.16448518879474]]></description>
  <Point>
    <coordinates>-115.16065671813251,36.16448518879474,0</coordinates>
  </Point>
</Placemark>
<Placemark>
  <name>0</name>
  <styleUrl>#billboard</styleUrl>
  <description><![CDATA[<b>OBJECTID_BILLBOARD</b>: 71<br/><b>LVBOARDS_</b>: 84<br/><b>LVBOARDS_I</b>: 28<br/><b>SIGN_TYPE</b>:  <br/><b>STREET_NUM</b>: 0<br/><b>STREET_DIR</b>:  <br/><b>STREET_NAM</b>:  <br/><b>PARCEL</b>: 13933701005<br/><b>PARCELOLD</b>: 13933701005<br/><b>APPLICANT</b>:  <br/><b>SIGN_AREA</b>: 672<br/><b>SIGN_HEIGH</b>: 40<br/><b>TAG_NUM</b>: 0<br/><b>APPLY_DATE</b>:  <br/><b>NOTES_SUP</b>:  <br/><b>NOTES_VAR</b>:  <br/><b>NOTES_RQR</b>:  <br/><b>NOTES</b>: DONREY<br/><b>SIZE_</b>: 14x48<br/><b>FIELD_CHEC</b>: 1<br/><b>FREEWAY</b>: 750<br/><b>APP_FIN</b>:  <br/><b>WARD_BILLBOARD</b>: 5<br/><b>LONGITUDE</b>: -115.1606121816381<br/><b>LATITUDE</b>: 36.16516966623629]]></description>
  <Point>
    <coordinates>-115.1606121816381,36.16516966623629,0</coordinates>
  </Point>
</Placemark>
<Placemark>
  <name>0</name>
  <styleUrl>#billboard</styleUrl>
  <description><![CDATA[<b>OBJECTID_BILLBOARD</b>: 72<br/><b>LVBOARDS_</b>: 85<br/><b>LVBOARDS_I</b>: 26<br/><b>SIGN_TYPE</b>:  <br/><b>STREET_NUM</b>: 351<br/><b>STREET_DIR</b>: S<br/><b>STREET_NAM</b>: Martin L King<br/><b>PARCEL</b>: 13933601003<br/><b>PARCELOLD</b>: 13933601003<br/><b>APPLICANT</b>: LAMAR<br/><b>SIGN_AREA</b>: 672<br/><b>SIGN_HEIGH</b>: 40<br/><b>TAG_NUM</b>: 0<br/><b>APPLY_DATE</b>: 5-31-83<br/><b>NOTES_SUP</b>:  <br/><b>NOTES_VAR</b>:  <br/><b>NOTES_RQR</b>:  <br/><b>NOTES</b>:  <br/><b>SIZE_</b>: 14x48<br/><b>FIELD_CHEC</b>: 1<br/><b>FREEWAY</b>: 750<br/><b>APP_FIN</b>:  <br/><b>WARD_BILLBOARD</b>: 5<br/><b>LONGITUDE</b>: -115.15992117770752<br/><b>LATITUDE</b>: 36.167592543981904]]></description>
  <Point>
    <coordinates>-115.15992117770752,36.167592543981904,0</coordinates>
  </Point>
</Placemark>
<Placemark>
  <name>0</name>
  <styleUrl>#billboard</styleUrl>
  <description><![CDATA[<b>OBJECTID_BILLBOARD</b>: 73<br/><b>LVBOARDS_</b>: 86<br/><b>LVBOARDS_I</b>: 20<br/><b>SIGN_TYPE</b>:  <br/><b>STREET_NUM</b>: 0<br/><b>STREET_DIR</b>:  <br/><b>STREET_NAM</b>:  <br/><b>PARCEL</b>: 13933501012<br/><b>PARCELOLD</b>: 13933501012<br/><b>APPLICANT</b>: Clear Channel Outdoor<br/><b>SIGN_AREA</b>: 288<br/><b>SIGN_HEIGH</b>: 0<br/><b>TAG_NUM</b>: 0<br/><b>APPLY_DATE</b>:  <br/><b>NOTES_SUP</b>: U-159-89<br/><b>NOTES_VAR</b>:  <br/><b>NOTES_RQR</b>: RQR-31586;RQR-3732<br/><b>NOTES</b>: SDR-71228<br/><b>SIZE_</b>:  <br/><b>FIELD_CHEC</b>: 1<br/><b>FREEWAY</b>: 750<br/><b>APP_FIN</b>:  <br/><b>WARD_BILLBOARD</b>: 5<br/><b>LONGITUDE</b>: -115.159613973886<br/><b>LATITUDE</b>: 36.169872878106425]]></description>
  <Point>
    <coordinates>-115.159613973886,36.169872878106425,0</coordinates>
  </Point>
</Placemark>
<Placemark>
  <name>0</name>
  <styleUrl>#billboard</styleUrl>
  <description><![CDATA[<b>OBJECTID_BILLBOARD</b>: 74<br/><b>LVBOARDS_</b>: 87<br/><b>LVBOARDS_I</b>: 19<br/><b>SIGN_TYPE</b>:  <br/><b>STREET_NUM</b>: 275<br/><b>STREET_DIR</b>: S<br/><b>STREET_NAM</b>: Martin L. King<br/><b>PARCEL</b>: 13933510007<br/><b>PARCELOLD</b>: 13933510006<br/><b>APPLICANT</b>: DONREY<br/><b>SIGN_AREA</b>: 672<br/><b>SIGN_HEIGH</b>: 0<br/><b>TAG_NUM</b>: 0<br/><b>APPLY_DATE</b>:  <br/><b>NOTES_SUP</b>:  <br/><b>NOTES_VAR</b>:  <br/><b>NOTES_RQR</b>:  <br/><b>NOTES</b>:  <br/><b>SIZE_</b>: 14x48<br/><b>FIELD_CHEC</b>: 1<br/><b>FREEWAY</b>: 750<br/><b>APP_FIN</b>:  <br/><b>WARD_BILLBOARD</b>: 5<br/><b>LONGITUDE</b>: -115.15792861612108<br/><b>LATITUDE</b>: 36.172306189029875]]></description>
  <Point>
    <coordinates>-115.15792861612108,36.172306189029875,0</coordinates>
  </Point>
</Placemark>
<Placemark>
  <name>1322</name>
  <styleUrl>#billboard</styleUrl>
  <description><![CDATA[<b>OBJECTID_BILLBOARD</b>: 78<br/><b>LVBOARDS_</b>: 91<br/><b>LVBOARDS_I</b>: 10<br/><b>SIGN_TYPE</b>:  <br/><b>STREET_NUM</b>: 1405<br/><b>STREET_DIR</b>: N<br/><b>STREET_NAM</b>: A St.<br/><b>PARCEL</b>: 13927501003<br/><b>PARCELOLD</b>: 10490008<br/><b>APPLICANT</b>: LAMAR<br/><b>SIGN_AREA</b>: 672<br/><b>SIGN_HEIGH</b>: 80<br/><b>TAG_NUM</b>: 1322<br/><b>APPLY_DATE</b>: 1/31/96<br/><b>NOTES_SUP</b>:  <br/><b>NOTES_VAR</b>: V-131-90<br/><b>NOTES_RQR</b>: RQR-33286; RQR-5732<br/><b>NOTES</b>:  <br/><b>SIZE_</b>: 14x48<br/><b>FIELD_CHEC</b>: 1<br/><b>FREEWAY</b>: 750<br/><b>APP_FIN</b>:  <br/><b>WARD_BILLBOARD</b>: 5<br/><b>LONGITUDE</b>: -115.14292881070149<br/><b>LATITUDE</b>: 36.18619704404504<br/><b>OBJECTID_1</b>: 668056.0<br/><b>CALC_ACRES</b>: 0.0<br/><b>ASSR_ACRES</b>: 3.0300000000000002<br/><b>LABEL_CLAS</b>: 701.0<br/><b>PARCELTYPE</b>: 0.0<br/><b>PRCLID</b>: 13927501003<br/><b>PRCLKEY</b>: 701.0<br/><b>PRCLVER</b>: 701.0<br/><b>PCLBOOK</b>: 139<br/><b>PCLSEC</b>: 27<br/><b>PCLPAGE</b>: 5<br/><b>PCLSUBD</b>: 01<br/><b>PCLNO</b>: 003<br/><b>TAXDIST_SP</b>: 214.0<br/><b>FDPHANTOM</b>: 2325-25<br/><b>FIREMAPNO</b>: 2325.0<br/><b>CENTRACT</b>: 301.0<br/><b>SHAPE_LENG</b>: 35552.9137961<br/><b>PRECINCT</b>: 4030.0<br/><b>COMMISSION</b>: D<br/><b>ASSEMBLY</b>: 6.0<br/><b>SENATE</b>: 4.0<br/><b>CONGRESS</b>: 4.0<br/><b>TAZ</b>: 385.0<br/><b>PERIMETER</b>: 265026.231717<br/><b>WARD_PARCEL</b>: 5<br/><b>CNTY_IS</b>: 0.0<br/><b>SHADE</b>: 113.0<br/><b>ACRES</b>: 9805.19074535<br/><b>SQ_MILES</b>: 15.32061054<br/><b>ZIP</b>: 89106.0<br/><b>OBJECTID_PARCEL</b>: 312263.0<br/><b>TAXDIST</b>: 214.0<br/><b>OWNER</b>: EWING INVESTMENTS<br/><b>ADDRESS1</b>: 1200 A ST<br/><b>ADDRESS2</b>: LAS VEGAS NV 89106-3215<br/><b>ADDRESS3</b>:  <br/><b>ADDRESS4</b>:  <br/><b>ADDRESS5</b>:  <br/><b>NAMETAG</b>:  <br/><b>ZIPCODE</b>: 891063215.0<br/><b>COMNAME</b>:  <br/><b>STRNO</b>: 1405.0<br/><b>STRFRAC</b>:  <br/><b>STRDIR</b>:  <br/><b>STRNAME</b>: A<br/><b>STRTYPE</b>: ST<br/><b>STRCITY</b>: LV<br/><b>STRUNIT</b>:  <br/><b>COMMENT1</b>:  <br/><b>COMMENT2</b>:  <br/><b>FIXD</b>: 00000000<br/><b>SUBTAG</b>:  <br/><b>LEGAL1</b>: PT NW4 NE4 SEC 27 20 61<br/><b>LEGAL2</b>:  <br/><b>LEGAL3</b>:  <br/><b>LEGAL4</b>:  <br/><b>LEGAL5</b>:  <br/><b>LEGAL6</b>:  <br/><b>ASSDYR</b>: 2027.0<br/><b>CONSTYR</b>: 1978.0<br/><b>DOCDATE</b>: 20050301<br/><b>FILLER1</b>:  <br/><b>DOCNO</b>: 2005030104860<br/><b>DOCMULTI</b>:  <br/><b>DOCVEST</b>: NS<br/><b>SALEPRICE</b>: 2550000.0<br/><b>SALETYPE</b>: R<br/><b>SALEDATE</b>: 20050301<br/><b>PORTION</b>:  <br/><b>BK1</b>:  <br/><b>BK2</b>:  <br/><b>SECTNO</b>: 27<br/><b>TOWNSHIP</b>: 20<br/><b>RANGE</b>: 61<br/><b>LANDUSE</b>: 378000.0<br/><b>CAPACITY</b>: 1.0<br/><b>LANDCD1</b>:  <br/><b>LANDACRE1</b>: 3.0<br/><b>LANDVAL1</b>: 346466.0<br/><b>LANDCD2</b>:  <br/><b>LANDACRE2</b>: 0.0<br/><b>LANDVAL2</b>: 0.0<br/><b>IMPVAL</b>: 473501.0<br/><b>PRCD1</b>:  <br/><b>PRVAL1</b>: 0.0<br/><b>PRCD2</b>:  <br/><b>PRVAL2</b>: 0.0<br/><b>PRCD3</b>:  <br/><b>PRVAL3</b>: 0.0<br/><b>EXMPCD</b>:  <br/><b>EXMPVAL</b>: 0.0<br/><b>LYACRES</b>: 0.0<br/><b>LYLNDVAL</b>: 300271.0<br/><b>LYIMPVAL</b>: 483326.0<br/><b>LYPPVAL</b>: 0.0<br/><b>LYEXCD</b>:  <br/><b>LYEXVAL</b>: 0.0<br/><b>LY2ACRES</b>: 0.0<br/><b>LY2LNDVAL</b>: 0.0<br/><b>LY2IMPVAL</b>: 0.0<br/><b>LY2PPVAL</b>: 0.0<br/><b>LY2EXCD</b>:  <br/><b>LY2EXVAL</b>: 0.0<br/><b>OWNERNUM</b>: 0.0<br/><b>OWNERDEN</b>: 0.0<br/><b>ETALFLAG</b>: N<br/><b>UPDDATE</b>: 20231117<br/><b>LASTUPDATE</b>: 20231117<br/><b>LOTSQFT</b>: 0.0<br/><b>OLDPARCEL</b>:  <br/><b>INACTPCL</b>: 13927501003<br/><b>INACTREF</b>: 0.0<br/><b>FILLER2</b>:  <br/><b>PCLBOOK3</b>: 139<br/><b>PCL5</b>: 13927<br/><b>PCL6</b>: 139275<br/><b>PCL8</b>: 13927501<br/><b>OLDBOOK</b>: 139<br/><b>OLDPCL</b>: 139275010<br/><b>OLDPAGE</b>: 275<br/><b>OLDLOT</b>: 010<br/><b>OLDFILL</b>: 03<br/><b>ZIPMAIN</b>: 89106.0<br/><b>ZIPLUS4</b>: 3215.0<br/><b>LOCATION</b>: 001405     A                     ST  L<br/><b>STR</b>: 2720  61<br/><b>ADBOOK</b>: 0000<br/><b>ADPAGE</b>: 0000<br/><b>ADDR_OWN</b>: EWING INVESTMENTS               1200 A ST                       LAS VEGAS NV 89106-3215<br/><b>ADDRESS</b>: 001405     A                     ST<br/><b>INACTNEWPC</b>:  <br/><b>LUCODE</b>: 378.0<br/><b>SHAPE_LE_1</b>: 1456.43753565<br/><b>Shape__Area</b>: 130023.58203125<br/><b>Shape__Length</b>: 1456.437535653471]]></description>
  <Point>
    <coordinates>-115.14292881070149,36.18619704404504,0</coordinates>
  </Point>
</Placemark>
<Placemark>
  <name>0</name>
  <styleUrl>#billboard</styleUrl>
  <description><![CDATA[<b>OBJECTID_BILLBOARD</b>: 79<br/><b>LVBOARDS_</b>: 92<br/><b>LVBOARDS_I</b>: 24<br/><b>SIGN_TYPE</b>:  <br/><b>STREET_NUM</b>: 616<br/><b>STREET_DIR</b>:  <br/><b>STREET_NAM</b>: H St.<br/><b>PARCEL</b>: 13927310069<br/><b>PARCELOLD</b>: 13927310069<br/><b>APPLICANT</b>: Eagle<br/><b>SIGN_AREA</b>: 672<br/><b>SIGN_HEIGH</b>: 85<br/><b>TAG_NUM</b>: 0<br/><b>APPLY_DATE</b>:  <br/><b>NOTES_SUP</b>:  <br/><b>NOTES_VAR</b>: V-66-97<br/><b>NOTES_RQR</b>: RQR-32901; V-66-97(1)<br/><b>NOTES</b>:  <br/><b>SIZE_</b>: 14x48<br/><b>FIELD_CHEC</b>: 1<br/><b>FREEWAY</b>: 750<br/><b>APP_FIN</b>:  <br/><b>WARD_BILLBOARD</b>: 5<br/><b>LONGITUDE</b>: -115.15133824234972<br/><b>LATITUDE</b>: 36.177760553956844<br/><b>OBJECTID_1</b>: 294643.0<br/><b>CALC_ACRES</b>: 0.0<br/><b>ASSR_ACRES</b>: 0.0<br/><b>LABEL_CLAS</b>: 703.0<br/><b>PARCELTYPE</b>: 0.0<br/><b>PRCLID</b>: 13927310069<br/><b>PRCLKEY</b>: 703.0<br/><b>PRCLVER</b>: 703.0<br/><b>PCLBOOK</b>: 139<br/><b>PCLSEC</b>: 27<br/><b>PCLPAGE</b>: 3<br/><b>PCLSUBD</b>: 10<br/><b>PCLNO</b>: 069<br/><b>TAXDIST_SP</b>: 203.0<br/><b>FDPHANTOM</b>: 2325-71<br/><b>FIREMAPNO</b>: 2325.0<br/><b>CENTRACT</b>: 301.0<br/><b>SHAPE_LENG</b>: 35552.9137961<br/><b>PRECINCT</b>: 4030.0<br/><b>COMMISSION</b>: D<br/><b>ASSEMBLY</b>: 6.0<br/><b>SENATE</b>: 4.0<br/><b>CONGRESS</b>: 4.0<br/><b>TAZ</b>: 415.0<br/><b>PERIMETER</b>: 265026.231717<br/><b>WARD_PARCEL</b>: 5<br/><b>CNTY_IS</b>: 0.0<br/><b>SHADE</b>: 113.0<br/><b>ACRES</b>: 9805.19074535<br/><b>SQ_MILES</b>: 15.32061054<br/><b>ZIP</b>: 89106.0<br/><b>OBJECTID_PARCEL</b>: 312171.0<br/><b>TAXDIST</b>: 203.0<br/><b>OWNER</b>: SUN INVESTMENTS L L C<br/><b>ADDRESS1</b>: 20551 CARANCHO RD<br/><b>ADDRESS2</b>: TEMECULA CA 92590-3958<br/><b>ADDRESS3</b>:  <br/><b>ADDRESS4</b>:  <br/><b>ADDRESS5</b>:  <br/><b>NAMETAG</b>:  <br/><b>ZIPCODE</b>: 925903958.0<br/><b>COMNAME</b>:  <br/><b>STRNO</b>: 0.0<br/><b>STRFRAC</b>:  <br/><b>STRDIR</b>:  <br/><b>STRNAME</b>:  <br/><b>STRTYPE</b>:  <br/><b>STRCITY</b>: LV<br/><b>STRUNIT</b>:  <br/><b>COMMENT1</b>:  <br/><b>COMMENT2</b>:  <br/><b>FIXD</b>: 00000000<br/><b>SUBTAG</b>:  <br/><b>LEGAL1</b>: ORIGINAL LVT LOTS 13,14 BLK 7<br/><b>LEGAL2</b>:  <br/><b>LEGAL3</b>:  <br/><b>LEGAL4</b>:  <br/><b>LEGAL5</b>:  <br/><b>LEGAL6</b>:  <br/><b>ASSDYR</b>: 2027.0<br/><b>CONSTYR</b>: 0.0<br/><b>DOCDATE</b>: 20071106<br/><b>FILLER1</b>:  <br/><b>DOCNO</b>: 2007110601974<br/><b>DOCMULTI</b>:  <br/><b>DOCVEST</b>: NS<br/><b>SALEPRICE</b>: 0.0<br/><b>SALETYPE</b>:  <br/><b>SALEDATE</b>:  <br/><b>PORTION</b>:  <br/><b>BK1</b>:  <br/><b>BK2</b>:  <br/><b>SECTNO</b>: 27<br/><b>TOWNSHIP</b>: 20<br/><b>RANGE</b>: 61<br/><b>LANDUSE</b>: 0.0<br/><b>CAPACITY</b>: 0.0<br/><b>LANDCD1</b>:  <br/><b>LANDACRE1</b>: 0.0<br/><b>LANDVAL1</b>: 16007.0<br/><b>LANDCD2</b>:  <br/><b>LANDACRE2</b>: 0.0<br/><b>LANDVAL2</b>: 0.0<br/><b>IMPVAL</b>: 0.0<br/><b>PRCD1</b>:  <br/><b>PRVAL1</b>: 0.0<br/><b>PRCD2</b>:  <br/><b>PRVAL2</b>: 0.0<br/><b>PRCD3</b>:  <br/><b>PRVAL3</b>: 0.0<br/><b>EXMPCD</b>:  <br/><b>EXMPVAL</b>: 0.0<br/><b>LYACRES</b>: 0.0<br/><b>LYLNDVAL</b>: 12806.0<br/><b>LYIMPVAL</b>: 0.0<br/><b>LYPPVAL</b>: 0.0<br/><b>LYEXCD</b>:  <br/><b>LYEXVAL</b>: 0.0<br/><b>LY2ACRES</b>: 0.0<br/><b>LY2LNDVAL</b>: 0.0<br/><b>LY2IMPVAL</b>: 0.0<br/><b>LY2PPVAL</b>: 0.0<br/><b>LY2EXCD</b>:  <br/><b>LY2EXVAL</b>: 0.0<br/><b>OWNERNUM</b>: 0.0<br/><b>OWNERDEN</b>: 0.0<br/><b>ETALFLAG</b>: N<br/><b>UPDDATE</b>: 20240617<br/><b>LASTUPDATE</b>: 20240617<br/><b>LOTSQFT</b>: 0.0<br/><b>OLDPARCEL</b>:  <br/><b>INACTPCL</b>: 13927310069<br/><b>INACTREF</b>: 0.0<br/><b>FILLER2</b>:  <br/><b>PCLBOOK3</b>: 139<br/><b>PCL5</b>: 13927<br/><b>PCL6</b>: 139273<br/><b>PCL8</b>: 13927310<br/><b>OLDBOOK</b>: 139<br/><b>OLDPCL</b>: 139273100<br/><b>OLDPAGE</b>: 273<br/><b>OLDLOT</b>: 100<br/><b>OLDFILL</b>: 69<br/><b>ZIPMAIN</b>: 92590.0<br/><b>ZIPLUS4</b>: 3958.0<br/><b>LOCATION</b>: 000000                               L<br/><b>STR</b>: 2720  61<br/><b>ADBOOK</b>: 0000<br/><b>ADPAGE</b>: 0000<br/><b>ADDR_OWN</b>: SUN INVESTMENTS L L C           20551 CARANCHO RD               TEMECULA CA 92590-3958<br/><b>ADDRESS</b>: 000000<br/><b>INACTNEWPC</b>:  <br/><b>LUCODE</b>: 0.0<br/><b>SHAPE_LE_1</b>: 347.19969666<br/><b>Shape__Area</b>: 6208.23046875<br/><b>Shape__Length</b>: 347.1996966576719]]></description>
  <Point>
    <coordinates>-115.15133824234972,36.177760553956844,0</coordinates>
  </Point>
</Placemark>
<Placemark>
  <name>1276</name>
  <styleUrl>#billboard</styleUrl>
  <description><![CDATA[<b>OBJECTID_BILLBOARD</b>: 84<br/><b>LVBOARDS_</b>: 99<br/><b>LVBOARDS_I</b>: 7<br/><b>SIGN_TYPE</b>:  <br/><b>STREET_NUM</b>: 5910<br/><b>STREET_DIR</b>: W<br/><b>STREET_NAM</b>: Lake Mead<br/><b>PARCEL</b>: 13824215006<br/><b>PARCELOLD</b>: 13824215002<br/><b>APPLICANT</b>:  <br/><b>SIGN_AREA</b>: 96<br/><b>SIGN_HEIGH</b>: 30<br/><b>TAG_NUM</b>: 1276<br/><b>APPLY_DATE</b>: 12/28/95<br/><b>NOTES_SUP</b>:  <br/><b>NOTES_VAR</b>: V-92-95<br/><b>NOTES_RQR</b>: 5 yr review has not been done<br/><b>NOTES</b>: Burger King sign only<br/><b>SIZE_</b>:  <br/><b>FIELD_CHEC</b>: 9<br/><b>FREEWAY</b>: 300<br/><b>APP_FIN</b>:  <br/><b>WARD_BILLBOARD</b>: 5<br/><b>LONGITUDE</b>: -115.22309999188826<br/><b>LATITUDE</b>: 36.19591710955913]]></description>
  <Point>
    <coordinates>-115.22309999188826,36.19591710955913,0</coordinates>
  </Point>
</Placemark>
<Placemark>
  <name>1072</name>
  <styleUrl>#billboard</styleUrl>
  <description><![CDATA[<b>OBJECTID_BILLBOARD</b>: 86<br/><b>LVBOARDS_</b>: 101<br/><b>LVBOARDS_I</b>: 29<br/><b>SIGN_TYPE</b>:  <br/><b>STREET_NUM</b>: 6611<br/><b>STREET_DIR</b>: W<br/><b>STREET_NAM</b>: Charleston<br/><b>PARCEL</b>: 16302104001<br/><b>PARCELOLD</b>: 16302104001<br/><b>APPLICANT</b>: LAMAR<br/><b>SIGN_AREA</b>: 672<br/><b>SIGN_HEIGH</b>: 40<br/><b>TAG_NUM</b>: 1072<br/><b>APPLY_DATE</b>: 8/21/95<br/><b>NOTES_SUP</b>: U-27-95<br/><b>NOTES_VAR</b>:  <br/><b>NOTES_RQR</b>: RQR-30595;RQR-5169<br/><b>NOTES</b>:  <br/><b>SIZE_</b>: 14x48<br/><b>FIELD_CHEC</b>: 0<br/><b>FREEWAY</b>: 300<br/><b>APP_FIN</b>:  <br/><b>WARD_BILLBOARD</b>: 1<br/><b>LONGITUDE</b>: -115.23906904934813<br/><b>LATITUDE</b>: 36.158910362850044<br/><b>OBJECTID_1</b>: 547512.0<br/><b>CALC_ACRES</b>: 0.49500000000000005<br/><b>ASSR_ACRES</b>: 0.51<br/><b>LABEL_CLAS</b>: 701.0<br/><b>PARCELTYPE</b>: 0.0<br/><b>PRCLID</b>: 16302104001<br/><b>PRCLKEY</b>: 701.0<br/><b>PRCLVER</b>: 701.0<br/><b>PCLBOOK</b>: 163<br/><b>PCLSEC</b>: 02<br/><b>PCLPAGE</b>: 1<br/><b>PCLSUBD</b>: 04<br/><b>PCLNO</b>: 001<br/><b>TAXDIST_SP</b>: 213.0<br/><b>FDPHANTOM</b>: 2519-13<br/><b>FIREMAPNO</b>: 2519.0<br/><b>CENTRACT</b>: 2905.0<br/><b>SHAPE_LENG</b>: 22083.861821<br/><b>PRECINCT</b>: 3009.0<br/><b>COMMISSION</b>: C<br/><b>ASSEMBLY</b>: 10.0<br/><b>SENATE</b>: 3.0<br/><b>CONGRESS</b>: 4.0<br/><b>TAZ</b>: 542.0<br/><b>PERIMETER</b>: 161583.305707<br/><b>WARD_PARCEL</b>: 1<br/><b>CNTY_IS</b>: 0.0<br/><b>SHADE</b>: 83.0<br/><b>ACRES</b>: 11202.3105405<br/><b>SQ_MILES</b>: 17.50361022<br/><b>ZIP</b>: 89146.0<br/><b>OBJECTID_PARCEL</b>: 484606.0<br/><b>TAXDIST</b>: 213.0<br/><b>OWNER</b>: FIELDS MARGARET C IRREVOCABLE TR<br/><b>ADDRESS1</b>: FIELDS MARGARET C TRS<br/><b>ADDRESS2</b>: 3114 OAKHURST AVE<br/><b>ADDRESS3</b>: LOS ANGELES CA 90034<br/><b>ADDRESS4</b>:  <br/><b>ADDRESS5</b>:  <br/><b>NAMETAG</b>:  <br/><b>ZIPCODE</b>: 900340000.0<br/><b>COMNAME</b>:  <br/><b>STRNO</b>: 6651.0<br/><b>STRFRAC</b>:  <br/><b>STRDIR</b>: W<br/><b>STRNAME</b>: CHARLESTON<br/><b>STRTYPE</b>: BLVD<br/><b>STRCITY</b>: LV<br/><b>STRUNIT</b>:  <br/><b>COMMENT1</b>:  <br/><b>COMMENT2</b>:  <br/><b>FIXD</b>: PM00610022        L3<br/><b>SUBTAG</b>:  <br/><b>LEGAL1</b>: PARCEL MAP FILE 61 PAGE 22<br/><b>LEGAL2</b>: LOT 3<br/><b>LEGAL3</b>:  <br/><b>LEGAL4</b>:  <br/><b>LEGAL5</b>:  <br/><b>LEGAL6</b>:  <br/><b>ASSDYR</b>: 2027.0<br/><b>CONSTYR</b>: 2021.0<br/><b>DOCDATE</b>: 20210723<br/><b>FILLER1</b>:  <br/><b>DOCNO</b>: 2021072302509<br/><b>DOCMULTI</b>:  <br/><b>DOCVEST</b>: NS<br/><b>SALEPRICE</b>: 2770000.0<br/><b>SALETYPE</b>: U<br/><b>SALEDATE</b>: 20210701<br/><b>PORTION</b>:  <br/><b>BK1</b>:  <br/><b>BK2</b>:  <br/><b>SECTNO</b>: 02<br/><b>TOWNSHIP</b>: 21<br/><b>RANGE</b>: 60<br/><b>LANDUSE</b>: 365000.0<br/><b>CAPACITY</b>: 1.0<br/><b>LANDCD1</b>:  <br/><b>LANDACRE1</b>: 1.0<br/><b>LANDVAL1</b>: 169897.0<br/><b>LANDCD2</b>:  <br/><b>LANDACRE2</b>: 0.0<br/><b>LANDVAL2</b>: 0.0<br/><b>IMPVAL</b>: 107590.0<br/><b>PRCD1</b>:  <br/><b>PRVAL1</b>: 0.0<br/><b>PRCD2</b>:  <br/><b>PRVAL2</b>: 0.0<br/><b>PRCD3</b>:  <br/><b>PRVAL3</b>: 0.0<br/><b>EXMPCD</b>:  <br/><b>EXMPVAL</b>: 0.0<br/><b>LYACRES</b>: 0.0<br/><b>LYLNDVAL</b>: 160955.0<br/><b>LYIMPVAL</b>: 109145.0<br/><b>LYPPVAL</b>: 0.0<br/><b>LYEXCD</b>:  <br/><b>LYEXVAL</b>: 0.0<br/><b>LY2ACRES</b>: 0.0<br/><b>LY2LNDVAL</b>: 0.0<br/><b>LY2IMPVAL</b>: 0.0<br/><b>LY2PPVAL</b>: 0.0<br/><b>LY2EXCD</b>:  <br/><b>LY2EXVAL</b>: 0.0<br/><b>OWNERNUM</b>: 0.0<br/><b>OWNERDEN</b>: 0.0<br/><b>ETALFLAG</b>: N<br/><b>UPDDATE</b>: 20231117<br/><b>LASTUPDATE</b>: 20231117<br/><b>LOTSQFT</b>: 0.0<br/><b>OLDPARCEL</b>:  <br/><b>INACTPCL</b>: 16302104001<br/><b>INACTREF</b>: 0.0<br/><b>FILLER2</b>:  <br/><b>PCLBOOK3</b>: 163<br/><b>PCL5</b>: 16302<br/><b>PCL6</b>: 163021<br/><b>PCL8</b>: 16302104<br/><b>OLDBOOK</b>: 163<br/><b>OLDPCL</b>: 163021040<br/><b>OLDPAGE</b>: 021<br/><b>OLDLOT</b>: 040<br/><b>OLDFILL</b>: 01<br/><b>ZIPMAIN</b>: 90034.0<br/><b>ZIPLUS4</b>: 0.0<br/><b>LOCATION</b>: 006651   W CHARLESTON            BLVDL<br/><b>STR</b>: 0221  60<br/><b>ADBOOK</b>: 0061<br/><b>ADPAGE</b>: 0022<br/><b>ADDR_OWN</b>: FIELDS MARGARET C IRREVOCABLE TRFIELDS MARGARET C TRS           3114 OAKHURST AVE               LOS ANGELES CA 90034<br/><b>ADDRESS</b>: 006651   W CHARLESTON            BLVD<br/><b>INACTNEWPC</b>:  <br/><b>LUCODE</b>: 365.0<br/><b>SHAPE_LE_1</b>: 579.54140785<br/><b>Shape__Area</b>: 21581.650390625<br/><b>Shape__Length</b>: 579.5044251845923]]></description>
  <Point>
    <coordinates>-115.23906904934813,36.158910362850044,0</coordinates>
  </Point>
</Placemark>
<Placemark>
  <name>0</name>
  <styleUrl>#billboard</styleUrl>
  <description><![CDATA[<b>OBJECTID_BILLBOARD</b>: 87<br/><b>LVBOARDS_</b>: 102<br/><b>LVBOARDS_I</b>: 8<br/><b>SIGN_TYPE</b>:  <br/><b>STREET_NUM</b>: 1000<br/><b>STREET_DIR</b>: S<br/><b>STREET_NAM</b>: Torrey Pines<br/><b>PARCEL</b>: 13835402011<br/><b>PARCELOLD</b>: 13835402011<br/><b>APPLICANT</b>:  <br/><b>SIGN_AREA</b>: 288<br/><b>SIGN_HEIGH</b>: 0<br/><b>TAG_NUM</b>: 0<br/><b>APPLY_DATE</b>:  <br/><b>NOTES_SUP</b>:  <br/><b>NOTES_VAR</b>:  <br/><b>NOTES_RQR</b>:  <br/><b>NOTES</b>: DONREY<br/><b>SIZE_</b>:  <br/><b>FIELD_CHEC</b>: 0<br/><b>FREEWAY</b>: 300<br/><b>APP_FIN</b>:  <br/><b>WARD_BILLBOARD</b>: 1<br/><b>LONGITUDE</b>: -115.23477850384413<br/><b>LATITUDE</b>: 36.159806798476936<br/><b>OBJECTID_1</b>: 554977.0<br/><b>CALC_ACRES</b>: 0.0<br/><b>ASSR_ACRES</b>: 0.67<br/><b>LABEL_CLAS</b>: 701.0<br/><b>PARCELTYPE</b>: 0.0<br/><b>PRCLID</b>: 13835402011<br/><b>PRCLKEY</b>: 701.0<br/><b>PRCLVER</b>: 701.0<br/><b>PCLBOOK</b>: 138<br/><b>PCLSEC</b>: 35<br/><b>PCLPAGE</b>: 4<br/><b>PCLSUBD</b>: 02<br/><b>PCLNO</b>: 011<br/><b>TAXDIST_SP</b>: 213.0<br/><b>FDPHANTOM</b>: 2419-94<br/><b>FIREMAPNO</b>: 2419.0<br/><b>CENTRACT</b>: 103.0<br/><b>SHAPE_LENG</b>: 15971.1035677<br/><b>PRECINCT</b>: 3007.0<br/><b>COMMISSION</b>: C<br/><b>ASSEMBLY</b>: 34.0<br/><b>SENATE</b>: 6.0<br/><b>CONGRESS</b>: 4.0<br/><b>TAZ</b>: 521.0<br/><b>PERIMETER</b>: 161583.305707<br/><b>WARD_PARCEL</b>: 1<br/><b>CNTY_IS</b>: 0.0<br/><b>SHADE</b>: 83.0<br/><b>ACRES</b>: 11202.3105405<br/><b>SQ_MILES</b>: 17.50361022<br/><b>ZIP</b>: 89107.0<br/><b>OBJECTID_PARCEL</b>: 265557.0<br/><b>TAXDIST</b>: 213.0<br/><b>OWNER</b>: A &amp; R L L C<br/><b>ADDRESS1</b>: 667 SOLITUDE ROCK CT<br/><b>ADDRESS2</b>: HENDERSON NV 89012<br/><b>ADDRESS3</b>:  <br/><b>ADDRESS4</b>:  <br/><b>ADDRESS5</b>:  <br/><b>NAMETAG</b>:  <br/><b>ZIPCODE</b>: 890120000.0<br/><b>COMNAME</b>:  <br/><b>STRNO</b>: 1000.0<br/><b>STRFRAC</b>:  <br/><b>STRDIR</b>: S<br/><b>STRNAME</b>: TORREY PINES<br/><b>STRTYPE</b>: DR<br/><b>STRCITY</b>: LV<br/><b>STRUNIT</b>:  <br/><b>COMMENT1</b>:  <br/><b>COMMENT2</b>:  <br/><b>FIXD</b>: 00000000<br/><b>SUBTAG</b>:  <br/><b>LEGAL1</b>: PT SE4 SW4 SEC 35 20 60<br/><b>LEGAL2</b>:  <br/><b>LEGAL3</b>:  <br/><b>LEGAL4</b>:  <br/><b>LEGAL5</b>:  <br/><b>LEGAL6</b>:  <br/><b>ASSDYR</b>: 2027.0<br/><b>CONSTYR</b>: 1966.0<br/><b>DOCDATE</b>: 20240614<br/><b>FILLER1</b>:  <br/><b>DOCNO</b>: 2024061401560<br/><b>DOCMULTI</b>:  <br/><b>DOCVEST</b>: NS<br/><b>SALEPRICE</b>: 2400000.0<br/><b>SALETYPE</b>: M<br/><b>SALEDATE</b>: 20240601<br/><b>PORTION</b>:  <br/><b>BK1</b>:  <br/><b>BK2</b>:  <br/><b>SECTNO</b>: 35<br/><b>TOWNSHIP</b>: 20<br/><b>RANGE</b>: 60<br/><b>LANDUSE</b>: 355000.0<br/><b>CAPACITY</b>: 1.0<br/><b>LANDCD1</b>:  <br/><b>LANDACRE1</b>: 1.0<br/><b>LANDVAL1</b>: 178758.0<br/><b>LANDCD2</b>:  <br/><b>LANDACRE2</b>: 0.0<br/><b>LANDVAL2</b>: 0.0<br/><b>IMPVAL</b>: 80458.0<br/><b>PRCD1</b>:  <br/><b>PRVAL1</b>: 0.0<br/><b>PRCD2</b>:  <br/><b>PRVAL2</b>: 0.0<br/><b>PRCD3</b>:  <br/><b>PRVAL3</b>: 0.0<br/><b>EXMPCD</b>:  <br/><b>EXMPVAL</b>: 0.0<br/><b>LYACRES</b>: 0.0<br/><b>LYLNDVAL</b>: 168544.0<br/><b>LYIMPVAL</b>: 80344.0<br/><b>LYPPVAL</b>: 0.0<br/><b>LYEXCD</b>:  <br/><b>LYEXVAL</b>: 0.0<br/><b>LY2ACRES</b>: 0.0<br/><b>LY2LNDVAL</b>: 0.0<br/><b>LY2IMPVAL</b>: 0.0<br/><b>LY2PPVAL</b>: 0.0<br/><b>LY2EXCD</b>:  <br/><b>LY2EXVAL</b>: 0.0<br/><b>OWNERNUM</b>: 0.0<br/><b>OWNERDEN</b>: 0.0<br/><b>ETALFLAG</b>: N<br/><b>UPDDATE</b>: 20240717<br/><b>LASTUPDATE</b>: 20240717<br/><b>LOTSQFT</b>: 0.0<br/><b>OLDPARCEL</b>:  <br/><b>INACTPCL</b>: 13835402009<br/><b>INACTREF</b>: 0.0<br/><b>FILLER2</b>:  <br/><b>PCLBOOK3</b>: 138<br/><b>PCL5</b>: 13835<br/><b>PCL6</b>: 138354<br/><b>PCL8</b>: 13835402<br/><b>OLDBOOK</b>: 138<br/><b>OLDPCL</b>: 138354020<br/><b>OLDPAGE</b>: 354<br/><b>OLDLOT</b>: 020<br/><b>OLDFILL</b>: 11<br/><b>ZIPMAIN</b>: 89012.0<br/><b>ZIPLUS4</b>: 0.0<br/><b>LOCATION</b>: 001000   S TORREY PINES          DR  L<br/><b>STR</b>: 3520  60<br/><b>ADBOOK</b>: 0000<br/><b>ADPAGE</b>: 0000<br/><b>ADDR_OWN</b>: A &amp; R L L C                     667 SOLITUDE ROCK CT            HENDERSON NV 89012<br/><b>ADDRESS</b>: 001000   S TORREY PINES          DR<br/><b>INACTNEWPC</b>:  <br/><b>LUCODE</b>: 355.0<br/><b>SHAPE_LE_1</b>: 698.28888685<br/><b>Shape__Area</b>: 29317.99609375<br/><b>Shape__Length</b>: 698.2888868614729]]></description>
  <Point>
    <coordinates>-115.23477850384413,36.159806798476936,0</coordinates>
  </Point>
</Placemark>
<Placemark>
  <name>0</name>
  <styleUrl>#billboard</styleUrl>
  <description><![CDATA[<b>OBJECTID_BILLBOARD</b>: 88<br/><b>LVBOARDS_</b>: 105<br/><b>LVBOARDS_I</b>: 20<br/><b>SIGN_TYPE</b>:  <br/><b>STREET_NUM</b>: 6151<br/><b>STREET_DIR</b>: W<br/><b>STREET_NAM</b>: Charleston<br/><b>PARCEL</b>: 16301101001<br/><b>PARCELOLD</b>: 16301101002<br/><b>APPLICANT</b>:  <br/><b>SIGN_AREA</b>: 288<br/><b>SIGN_HEIGH</b>: 40<br/><b>TAG_NUM</b>: 0<br/><b>APPLY_DATE</b>: 10-24-84<br/><b>NOTES_SUP</b>:  <br/><b>NOTES_VAR</b>:  <br/><b>NOTES_RQR</b>:  <br/><b>NOTES</b>: DONREY<br/><b>SIZE_</b>:  <br/><b>FIELD_CHEC</b>: 0<br/><b>FREEWAY</b>: 300<br/><b>APP_FIN</b>:  <br/><b>WARD_BILLBOARD</b>: 1<br/><b>LONGITUDE</b>: -115.22481834345253<br/><b>LATITUDE</b>: 36.15903723874172<br/><b>OBJECTID_1</b>: 586354.0<br/><b>CALC_ACRES</b>: 0.0<br/><b>ASSR_ACRES</b>: 4.42<br/><b>LABEL_CLAS</b>: 701.0<br/><b>PARCELTYPE</b>: 0.0<br/><b>PRCLID</b>: 16301101001<br/><b>PRCLKEY</b>: 701.0<br/><b>PRCLVER</b>: 701.0<br/><b>PCLBOOK</b>: 163<br/><b>PCLSEC</b>: 01<br/><b>PCLPAGE</b>: 1<br/><b>PCLSUBD</b>: 01<br/><b>PCLNO</b>: 001<br/><b>TAXDIST_SP</b>: 200.0<br/><b>FDPHANTOM</b>: 2521-11<br/><b>FIREMAPNO</b>: 2521.0<br/><b>CENTRACT</b>: 2905.0<br/><b>SHAPE_LENG</b>: 22083.861821<br/><b>PRECINCT</b>: 3009.0<br/><b>COMMISSION</b>: C<br/><b>ASSEMBLY</b>: 10.0<br/><b>SENATE</b>: 3.0<br/><b>CONGRESS</b>: 4.0<br/><b>TAZ</b>: 544.0<br/><b>PERIMETER</b>: 161583.305707<br/><b>WARD_PARCEL</b>: 1<br/><b>CNTY_IS</b>: 0.0<br/><b>SHADE</b>: 83.0<br/><b>ACRES</b>: 11202.3105405<br/><b>SQ_MILES</b>: 17.50361022<br/><b>ZIP</b>: 89146.0<br/><b>OBJECTID_PARCEL</b>: 483058.0<br/><b>TAXDIST</b>: 200.0<br/><b>OWNER</b>: CHURCH METHODIST TRINITY UNITED<br/><b>ADDRESS1</b>: C/O BOARD OF TRUSTEES<br/><b>ADDRESS2</b>: 6151 W CHARLESTON BLVD<br/><b>ADDRESS3</b>: LAS VEGAS NV 89146-1126<br/><b>ADDRESS4</b>:  <br/><b>ADDRESS5</b>:  <br/><b>NAMETAG</b>:  <br/><b>ZIPCODE</b>: 891461126.0<br/><b>COMNAME</b>:  <br/><b>STRNO</b>: 6151.0<br/><b>STRFRAC</b>:  <br/><b>STRDIR</b>: W<br/><b>STRNAME</b>: CHARLESTON<br/><b>STRTYPE</b>: BLVD<br/><b>STRCITY</b>: LV<br/><b>STRUNIT</b>:  <br/><b>COMMENT1</b>: +.01A COR;CA-7/6/72;.01A VAC 20020924:1018<br/><b>COMMENT2</b>:  <br/><b>FIXD</b>: 00000000<br/><b>SUBTAG</b>:  <br/><b>LEGAL1</b>: PT GOV LOT 12<br/><b>LEGAL2</b>:  <br/><b>LEGAL3</b>:  <br/><b>LEGAL4</b>:  <br/><b>LEGAL5</b>:  <br/><b>LEGAL6</b>:  <br/><b>ASSDYR</b>: 2027.0<br/><b>CONSTYR</b>: 1965.0<br/><b>DOCDATE</b>: 19640327<br/><b>FILLER1</b>:  <br/><b>DOCNO</b>: 1964032722747<br/><b>DOCMULTI</b>:  <br/><b>DOCVEST</b>: NS<br/><b>SALEPRICE</b>: 0.0<br/><b>SALETYPE</b>:  <br/><b>SALEDATE</b>:  <br/><b>PORTION</b>:  <br/><b>BK1</b>:  <br/><b>BK2</b>:  <br/><b>SECTNO</b>: 01<br/><b>TOWNSHIP</b>: 21<br/><b>RANGE</b>: 60<br/><b>LANDUSE</b>: 420000.0<br/><b>CAPACITY</b>: 1.0<br/><b>LANDCD1</b>:  <br/><b>LANDACRE1</b>: 4.0<br/><b>LANDVAL1</b>: 1152322.0<br/><b>LANDCD2</b>:  <br/><b>LANDACRE2</b>: 0.0<br/><b>LANDVAL2</b>: 0.0<br/><b>IMPVAL</b>: 424991.0<br/><b>PRCD1</b>:  <br/><b>PRVAL1</b>: 0.0<br/><b>PRCD2</b>:  <br/><b>PRVAL2</b>: 0.0<br/><b>PRCD3</b>:  <br/><b>PRVAL3</b>: 0.0<br/><b>EXMPCD</b>: 25<br/><b>EXMPVAL</b>: 1577313.0<br/><b>LYACRES</b>: 0.0<br/><b>LYLNDVAL</b>: 1091673.0<br/><b>LYIMPVAL</b>: 424698.0<br/><b>LYPPVAL</b>: 0.0<br/><b>LYEXCD</b>:  <br/><b>LYEXVAL</b>: 1516372.0<br/><b>LY2ACRES</b>: 0.0<br/><b>LY2LNDVAL</b>: 0.0<br/><b>LY2IMPVAL</b>: 0.0<br/><b>LY2PPVAL</b>: 0.0<br/><b>LY2EXCD</b>:  <br/><b>LY2EXVAL</b>: 0.0<br/><b>OWNERNUM</b>: 0.0<br/><b>OWNERDEN</b>: 0.0<br/><b>ETALFLAG</b>: N<br/><b>UPDDATE</b>: 20250702<br/><b>LASTUPDATE</b>: 20250702<br/><b>LOTSQFT</b>: 0.0<br/><b>OLDPARCEL</b>:  <br/><b>INACTPCL</b>: 16301101001<br/><b>INACTREF</b>: 0.0<br/><b>FILLER2</b>:  <br/><b>PCLBOOK3</b>: 163<br/><b>PCL5</b>: 16301<br/><b>PCL6</b>: 163011<br/><b>PCL8</b>: 16301101<br/><b>OLDBOOK</b>: 163<br/><b>OLDPCL</b>: 163011010<br/><b>OLDPAGE</b>: 011<br/><b>OLDLOT</b>: 010<br/><b>OLDFILL</b>: 01<br/><b>ZIPMAIN</b>: 89146.0<br/><b>ZIPLUS4</b>: 1126.0<br/><b>LOCATION</b>: 006151   W CHARLESTON            BLVDL<br/><b>STR</b>: 0121  60<br/><b>ADBOOK</b>: 0000<br/><b>ADPAGE</b>: 0000<br/><b>ADDR_OWN</b>: CHURCH METHODIST TRINITY UNITED C/O BOARD OF TRUSTEES           6151 W CHARLESTON BLVD          LAS VEGAS NV 89146-1126<br/><b>ADDRESS</b>: 006151   W CHARLESTON            BLVD<br/><b>INACTNEWPC</b>:  <br/><b>LUCODE</b>: 420.0<br/><b>SHAPE_LE_1</b>: 1823.72532815<br/><b>Shape__Area</b>: 192827.033203125<br/><b>Shape__Length</b>: 1823.7253281472185]]></description>
  <Point>
    <coordinates>-115.22481834345253,36.15903723874172,0</coordinates>
  </Point>
</Placemark>
<Placemark>
  <name>0</name>
  <styleUrl>#billboard</styleUrl>
  <description><![CDATA[<b>OBJECTID_BILLBOARD</b>: 91<br/><b>LVBOARDS_</b>: 109<br/><b>LVBOARDS_I</b>: 25<br/><b>SIGN_TYPE</b>:  <br/><b>STREET_NUM</b>: 5301<br/><b>STREET_DIR</b>: W<br/><b>STREET_NAM</b>: Charleston<br/><b>PARCEL</b>: 16301501011<br/><b>PARCELOLD</b>: 16301501005<br/><b>APPLICANT</b>: Clear Channel Outdoor<br/><b>SIGN_AREA</b>: 672<br/><b>SIGN_HEIGH</b>: 40<br/><b>TAG_NUM</b>: 0<br/><b>APPLY_DATE</b>: 06/07/89<br/><b>NOTES_SUP</b>:  <br/><b>NOTES_VAR</b>: V-23-89<br/><b>NOTES_RQR</b>: RQR-30592;RQR-17662; RQR-12232, V-23-89(1),(2)&amp;(3)<br/><b>NOTES</b>:  <br/><b>SIZE_</b>: 14x48<br/><b>FIELD_CHEC</b>: 1<br/><b>FREEWAY</b>: 300<br/><b>APP_FIN</b>:  <br/><b>WARD_BILLBOARD</b>: 1<br/><b>LONGITUDE</b>: -115.21511580017983<br/><b>LATITUDE</b>: 36.158911273941726<br/><b>OBJECTID_1</b>: 603417.0<br/><b>CALC_ACRES</b>: 0.0<br/><b>ASSR_ACRES</b>: 5.74<br/><b>LABEL_CLAS</b>: 701.0<br/><b>PARCELTYPE</b>: 0.0<br/><b>PRCLID</b>: 16301501011<br/><b>PRCLKEY</b>: 701.0<br/><b>PRCLVER</b>: 701.0<br/><b>PCLBOOK</b>: 163<br/><b>PCLSEC</b>: 01<br/><b>PCLPAGE</b>: 5<br/><b>PCLSUBD</b>: 01<br/><b>PCLNO</b>: 011<br/><b>TAXDIST_SP</b>: 213.0<br/><b>FDPHANTOM</b>: 2521-16<br/><b>FIREMAPNO</b>: 2521.0<br/><b>CENTRACT</b>: 1003.0<br/><b>SHAPE_LENG</b>: 21474.8329202<br/><b>PRECINCT</b>: 3003.0<br/><b>COMMISSION</b>: C<br/><b>ASSEMBLY</b>: 10.0<br/><b>SENATE</b>: 3.0<br/><b>CONGRESS</b>: 4.0<br/><b>TAZ</b>: 548.0<br/><b>PERIMETER</b>: 161583.305707<br/><b>WARD_PARCEL</b>: 1<br/><b>CNTY_IS</b>: 0.0<br/><b>SHADE</b>: 83.0<br/><b>ACRES</b>: 11202.3105405<br/><b>SQ_MILES</b>: 17.50361022<br/><b>ZIP</b>: 89146.0<br/><b>OBJECTID_PARCEL</b>: 483655.0<br/><b>TAXDIST</b>: 213.0<br/><b>OWNER</b>: M D C COAST 13 L L C<br/><b>ADDRESS1</b>: C/O LEGAL DEPARTMENT<br/><b>ADDRESS2</b>: 11995 EL CAMINO REAL<br/><b>ADDRESS3</b>: SAN DIEGO CA 92130<br/><b>ADDRESS4</b>:  <br/><b>ADDRESS5</b>:  <br/><b>NAMETAG</b>:  <br/><b>ZIPCODE</b>: 921300000.0<br/><b>COMNAME</b>:  <br/><b>STRNO</b>: 5301.0<br/><b>STRFRAC</b>:  <br/><b>STRDIR</b>: W<br/><b>STRNAME</b>: CHARLESTON<br/><b>STRTYPE</b>: BLVD<br/><b>STRCITY</b>: LV<br/><b>STRUNIT</b>:  <br/><b>COMMENT1</b>:  <br/><b>COMMENT2</b>:  <br/><b>FIXD</b>: PM01070034        L2<br/><b>SUBTAG</b>:  <br/><b>LEGAL1</b>: PARCEL MAP FILE 107 PAGE 34<br/><b>LEGAL2</b>: LOT 2<br/><b>LEGAL3</b>:  <br/><b>LEGAL4</b>:  <br/><b>LEGAL5</b>:  <br/><b>LEGAL6</b>:  <br/><b>ASSDYR</b>: 2027.0<br/><b>CONSTYR</b>: 2001.0<br/><b>DOCDATE</b>: 20221122<br/><b>FILLER1</b>:  <br/><b>DOCNO</b>: 2022112201150<br/><b>DOCMULTI</b>:  <br/><b>DOCVEST</b>: NS<br/><b>SALEPRICE</b>: 15162984.0<br/><b>SALETYPE</b>: R<br/><b>SALEDATE</b>: 20221101<br/><b>PORTION</b>:  <br/><b>BK1</b>:  <br/><b>BK2</b>:  <br/><b>SECTNO</b>: 01<br/><b>TOWNSHIP</b>: 21<br/><b>RANGE</b>: 60<br/><b>LANDUSE</b>: 358000.0<br/><b>CAPACITY</b>: 1.0<br/><b>LANDCD1</b>:  <br/><b>LANDACRE1</b>: 6.0<br/><b>LANDVAL1</b>: 1496453.0<br/><b>LANDCD2</b>:  <br/><b>LANDACRE2</b>: 0.0<br/><b>LANDVAL2</b>: 0.0<br/><b>IMPVAL</b>: 346391.0<br/><b>PRCD1</b>:  <br/><b>PRVAL1</b>: 0.0<br/><b>PRCD2</b>:  <br/><b>PRVAL2</b>: 0.0<br/><b>PRCD3</b>:  <br/><b>PRVAL3</b>: 0.0<br/><b>EXMPCD</b>:  <br/><b>EXMPVAL</b>: 0.0<br/><b>LYACRES</b>: 0.0<br/><b>LYLNDVAL</b>: 1417693.0<br/><b>LYIMPVAL</b>: 350503.0<br/><b>LYPPVAL</b>: 0.0<br/><b>LYEXCD</b>:  <br/><b>LYEXVAL</b>: 0.0<br/><b>LY2ACRES</b>: 0.0<br/><b>LY2LNDVAL</b>: 0.0<br/><b>LY2IMPVAL</b>: 0.0<br/><b>LY2PPVAL</b>: 0.0<br/><b>LY2EXCD</b>:  <br/><b>LY2EXVAL</b>: 0.0<br/><b>OWNERNUM</b>: 0.0<br/><b>OWNERDEN</b>: 0.0<br/><b>ETALFLAG</b>: N<br/><b>UPDDATE</b>: 20231117<br/><b>LASTUPDATE</b>: 20231117<br/><b>LOTSQFT</b>: 0.0<br/><b>OLDPARCEL</b>:  <br/><b>INACTPCL</b>: 16301501009<br/><b>INACTREF</b>: 0.0<br/><b>FILLER2</b>:  <br/><b>PCLBOOK3</b>: 163<br/><b>PCL5</b>: 16301<br/><b>PCL6</b>: 163015<br/><b>PCL8</b>: 16301501<br/><b>OLDBOOK</b>: 163<br/><b>OLDPCL</b>: 163015010<br/><b>OLDPAGE</b>: 015<br/><b>OLDLOT</b>: 010<br/><b>OLDFILL</b>: 11<br/><b>ZIPMAIN</b>: 92130.0<br/><b>ZIPLUS4</b>: 0.0<br/><b>LOCATION</b>: 005301   W CHARLESTON            BLVDL<br/><b>STR</b>: 0121  60<br/><b>ADBOOK</b>: 0107<br/><b>ADPAGE</b>: 0034<br/><b>ADDR_OWN</b>: M D C COAST 13 L L C            C/O LEGAL DEPARTMENT            11995 EL CAMINO REAL            SAN DIEGO CA 92130<br/><b>ADDRESS</b>: 005301   W CHARLESTON            BLVD<br/><b>INACTNEWPC</b>:  <br/><b>LUCODE</b>: 358.0<br/><b>SHAPE_LE_1</b>: 2568.80696652<br/><b>Shape__Area</b>: 249964.787109375<br/><b>Shape__Length</b>: 2568.806966520142]]></description>
  <Point>
    <coordinates>-115.21511580017983,36.158911273941726,0</coordinates>
  </Point>
</Placemark>
<Placemark>
  <name>0</name>
  <styleUrl>#billboard</styleUrl>
  <description><![CDATA[<b>OBJECTID_BILLBOARD</b>: 93<br/><b>LVBOARDS_</b>: 111<br/><b>LVBOARDS_I</b>: 26<br/><b>SIGN_TYPE</b>:  <br/><b>STREET_NUM</b>: 5200<br/><b>STREET_DIR</b>: W<br/><b>STREET_NAM</b>: Charleston<br/><b>PARCEL</b>: 16301502014<br/><b>PARCELOLD</b>: 16301502002<br/><b>APPLICANT</b>:  <br/><b>SIGN_AREA</b>: 288<br/><b>SIGN_HEIGH</b>: 40<br/><b>TAG_NUM</b>: 0<br/><b>APPLY_DATE</b>:  <br/><b>NOTES_SUP</b>:  <br/><b>NOTES_VAR</b>:  <br/><b>NOTES_RQR</b>:  <br/><b>NOTES</b>: DONREY<br/><b>SIZE_</b>: 12x24<br/><b>FIELD_CHEC</b>: 1<br/><b>FREEWAY</b>: 300<br/><b>APP_FIN</b>:  <br/><b>WARD_BILLBOARD</b>: 1<br/><b>LONGITUDE</b>: -115.21205989382943<br/><b>LATITUDE</b>: 36.15892888040091<br/><b>OBJECTID_1</b>: 557820.0<br/><b>CALC_ACRES</b>: 0.0<br/><b>ASSR_ACRES</b>: 0.66<br/><b>LABEL_CLAS</b>: 701.0<br/><b>PARCELTYPE</b>: 0.0<br/><b>PRCLID</b>: 16301502014<br/><b>PRCLKEY</b>: 701.0<br/><b>PRCLVER</b>: 701.0<br/><b>PCLBOOK</b>: 163<br/><b>PCLSEC</b>: 01<br/><b>PCLPAGE</b>: 5<br/><b>PCLSUBD</b>: 02<br/><b>PCLNO</b>: 014<br/><b>TAXDIST_SP</b>: 213.0<br/><b>FDPHANTOM</b>: 2521-18<br/><b>FIREMAPNO</b>: 2521.0<br/><b>CENTRACT</b>: 1003.0<br/><b>SHAPE_LENG</b>: 21474.8329202<br/><b>PRECINCT</b>: 3003.0<br/><b>COMMISSION</b>: C<br/><b>ASSEMBLY</b>: 10.0<br/><b>SENATE</b>: 3.0<br/><b>CONGRESS</b>: 4.0<br/><b>TAZ</b>: 548.0<br/><b>PERIMETER</b>: 161583.305707<br/><b>WARD_PARCEL</b>: 1<br/><b>CNTY_IS</b>: 0.0<br/><b>SHADE</b>: 83.0<br/><b>ACRES</b>: 11202.3105405<br/><b>SQ_MILES</b>: 17.50361022<br/><b>ZIP</b>: 89146.0<br/><b>OBJECTID_PARCEL</b>: 483663.0<br/><b>TAXDIST</b>: 213.0<br/><b>OWNER</b>: ALEXANDER LIVING TRUST<br/><b>ADDRESS1</b>: ALEXANDER GEORGE &amp; LILLIAN TRS<br/><b>ADDRESS2</b>: 3744 E CHAPMAN AVE # 12355<br/><b>ADDRESS3</b>: ORANGE CA 92859<br/><b>ADDRESS4</b>:  <br/><b>ADDRESS5</b>:  <br/><b>NAMETAG</b>:  <br/><b>ZIPCODE</b>: 928590000.0<br/><b>COMNAME</b>:  <br/><b>STRNO</b>: 5231.0<br/><b>STRFRAC</b>:  <br/><b>STRDIR</b>: W<br/><b>STRNAME</b>: CHARLESTON<br/><b>STRTYPE</b>: BLVD<br/><b>STRCITY</b>: LV<br/><b>STRUNIT</b>:  <br/><b>COMMENT1</b>:  <br/><b>COMMENT2</b>:  <br/><b>FIXD</b>: PM01100019        L1<br/><b>SUBTAG</b>:  <br/><b>LEGAL1</b>: PARCEL MAP FILE 110 PAGE 19<br/><b>LEGAL2</b>: LOT 1<br/><b>LEGAL3</b>:  <br/><b>LEGAL4</b>:  <br/><b>LEGAL5</b>:  <br/><b>LEGAL6</b>:  <br/><b>ASSDYR</b>: 2027.0<br/><b>CONSTYR</b>: 2006.0<br/><b>DOCDATE</b>: 20200410<br/><b>FILLER1</b>:  <br/><b>DOCNO</b>: 2020041001667<br/><b>DOCMULTI</b>:  <br/><b>DOCVEST</b>: NS<br/><b>SALEPRICE</b>: 2745000.0<br/><b>SALETYPE</b>: R<br/><b>SALEDATE</b>: 20200401<br/><b>PORTION</b>:  <br/><b>BK1</b>:  <br/><b>BK2</b>:  <br/><b>SECTNO</b>: 01<br/><b>TOWNSHIP</b>: 21<br/><b>RANGE</b>: 60<br/><b>LANDUSE</b>: 335000.0<br/><b>CAPACITY</b>: 1.0<br/><b>LANDCD1</b>:  <br/><b>LANDACRE1</b>: 1.0<br/><b>LANDVAL1</b>: 210306.0<br/><b>LANDCD2</b>:  <br/><b>LANDACRE2</b>: 0.0<br/><b>LANDVAL2</b>: 0.0<br/><b>IMPVAL</b>: 287900.0<br/><b>PRCD1</b>:  <br/><b>PRVAL1</b>: 0.0<br/><b>PRCD2</b>:  <br/><b>PRVAL2</b>: 0.0<br/><b>PRCD3</b>:  <br/><b>PRVAL3</b>: 0.0<br/><b>EXMPCD</b>:  <br/><b>EXMPVAL</b>: 0.0<br/><b>LYACRES</b>: 0.0<br/><b>LYLNDVAL</b>: 199238.0<br/><b>LYIMPVAL</b>: 288433.0<br/><b>LYPPVAL</b>: 0.0<br/><b>LYEXCD</b>:  <br/><b>LYEXVAL</b>: 0.0<br/><b>LY2ACRES</b>: 0.0<br/><b>LY2LNDVAL</b>: 0.0<br/><b>LY2IMPVAL</b>: 0.0<br/><b>LY2PPVAL</b>: 0.0<br/><b>LY2EXCD</b>:  <br/><b>LY2EXVAL</b>: 0.0<br/><b>OWNERNUM</b>: 0.0<br/><b>OWNERDEN</b>: 0.0<br/><b>ETALFLAG</b>: N<br/><b>UPDDATE</b>: 20231117<br/><b>LASTUPDATE</b>: 20231117<br/><b>LOTSQFT</b>: 0.0<br/><b>OLDPARCEL</b>:  <br/><b>INACTPCL</b>: 16301502003<br/><b>INACTREF</b>: 0.0<br/><b>FILLER2</b>:  <br/><b>PCLBOOK3</b>: 163<br/><b>PCL5</b>: 16301<br/><b>PCL6</b>: 163015<br/><b>PCL8</b>: 16301502<br/><b>OLDBOOK</b>: 163<br/><b>OLDPCL</b>: 163015020<br/><b>OLDPAGE</b>: 015<br/><b>OLDLOT</b>: 020<br/><b>OLDFILL</b>: 14<br/><b>ZIPMAIN</b>: 92859.0<br/><b>ZIPLUS4</b>: 0.0<br/><b>LOCATION</b>: 005231   W CHARLESTON            BLVDL<br/><b>STR</b>: 0121  60<br/><b>ADBOOK</b>: 0110<br/><b>ADPAGE</b>: 0019<br/><b>ADDR_OWN</b>: ALEXANDER LIVING TRUST          ALEXANDER GEORGE &amp; LILLIAN TRS  3744 E CHAPMAN AVE # 12355      ORANGE CA 92859<br/><b>ADDRESS</b>: 005231   W CHARLESTON            BLVD<br/><b>INACTNEWPC</b>:  <br/><b>LUCODE</b>: 335.0<br/><b>SHAPE_LE_1</b>: 771.32075535<br/><b>Shape__Area</b>: 28399.8515625<br/><b>Shape__Length</b>: 771.3207553531535]]></description>
  <Point>
    <coordinates>-115.21205989382943,36.15892888040091,0</coordinates>
  </Point>
</Placemark>
<Placemark>
  <name>0</name>
  <styleUrl>#billboard</styleUrl>
  <description><![CDATA[<b>OBJECTID_BILLBOARD</b>: 95<br/><b>LVBOARDS_</b>: 114<br/><b>LVBOARDS_I</b>: 28<br/><b>SIGN_TYPE</b>:  <br/><b>STREET_NUM</b>: 4717<br/><b>STREET_DIR</b>: W<br/><b>STREET_NAM</b>: Charleston<br/><b>PARCEL</b>: 16206102001<br/><b>PARCELOLD</b>: 16206102001<br/><b>APPLICANT</b>:  <br/><b>SIGN_AREA</b>: 672<br/><b>SIGN_HEIGH</b>: 40<br/><b>TAG_NUM</b>: 0<br/><b>APPLY_DATE</b>: 2/11/85<br/><b>NOTES_SUP</b>:  <br/><b>NOTES_VAR</b>:  <br/><b>NOTES_RQR</b>:  <br/><b>NOTES</b>: MARTIN<br/><b>SIZE_</b>: 14x48<br/><b>FIELD_CHEC</b>: 1<br/><b>FREEWAY</b>: 300<br/><b>APP_FIN</b>:  <br/><b>WARD_BILLBOARD</b>: 1<br/><b>LONGITUDE</b>: -115.20551963969592<br/><b>LATITUDE</b>: 36.158592065619025<br/><b>OBJECTID_1</b>: 549903.0<br/><b>CALC_ACRES</b>: 0.0<br/><b>ASSR_ACRES</b>: 0.47000000000000003<br/><b>LABEL_CLAS</b>: 701.0<br/><b>PARCELTYPE</b>: 0.0<br/><b>PRCLID</b>: 16206102001<br/><b>PRCLKEY</b>: 701.0<br/><b>PRCLVER</b>: 701.0<br/><b>PCLBOOK</b>: 162<br/><b>PCLSEC</b>: 06<br/><b>PCLPAGE</b>: 1<br/><b>PCLSUBD</b>: 02<br/><b>PCLNO</b>: 001<br/><b>TAXDIST_SP</b>: 213.0<br/><b>FDPHANTOM</b>: 2522-12<br/><b>FIREMAPNO</b>: 2522.0<br/><b>CENTRACT</b>: 1004.0<br/><b>SHAPE_LENG</b>: 23018.8873413<br/><b>PRECINCT</b>: 3043.0<br/><b>COMMISSION</b>: C<br/><b>ASSEMBLY</b>: 10.0<br/><b>SENATE</b>: 3.0<br/><b>CONGRESS</b>: 4.0<br/><b>TAZ</b>: 550.0<br/><b>PERIMETER</b>: 161583.305707<br/><b>WARD_PARCEL</b>: 1<br/><b>CNTY_IS</b>: 0.0<br/><b>SHADE</b>: 83.0<br/><b>ACRES</b>: 11202.3105405<br/><b>SQ_MILES</b>: 17.50361022<br/><b>ZIP</b>: 89102.0<br/><b>OBJECTID_PARCEL</b>: 440232.0<br/><b>TAXDIST</b>: 213.0<br/><b>OWNER</b>: S W &amp; S H FAMILY TRUST<br/><b>ADDRESS1</b>: PARK SOONHI &amp; SUNGWON TRS<br/><b>ADDRESS2</b>: C/O STARBUCKS COFFEE CO~C/O MAIL<br/><b>ADDRESS3</b>: 2401 UTAH AVE S # 800<br/><b>ADDRESS4</b>: SEATTLE WA 98134<br/><b>ADDRESS5</b>:  <br/><b>NAMETAG</b>:  <br/><b>ZIPCODE</b>: 981340000.0<br/><b>COMNAME</b>:  <br/><b>STRNO</b>: 4717.0<br/><b>STRFRAC</b>:  <br/><b>STRDIR</b>: W<br/><b>STRNAME</b>: CHARLESTON<br/><b>STRTYPE</b>: BLVD<br/><b>STRCITY</b>: LV<br/><b>STRUNIT</b>:  <br/><b>COMMENT1</b>:  <br/><b>COMMENT2</b>:  <br/><b>FIXD</b>: 00000000<br/><b>SUBTAG</b>:  <br/><b>LEGAL1</b>: PT GOV LOT 4<br/><b>LEGAL2</b>:  <br/><b>LEGAL3</b>:  <br/><b>LEGAL4</b>:  <br/><b>LEGAL5</b>:  <br/><b>LEGAL6</b>:  <br/><b>ASSDYR</b>: 2027.0<br/><b>CONSTYR</b>: 2015.0<br/><b>DOCDATE</b>: 20160909<br/><b>FILLER1</b>:  <br/><b>DOCNO</b>: 2016090903246<br/><b>DOCMULTI</b>:  <br/><b>DOCVEST</b>: NS<br/><b>SALEPRICE</b>: 2500000.0<br/><b>SALETYPE</b>: R<br/><b>SALEDATE</b>: 20160901<br/><b>PORTION</b>:  <br/><b>BK1</b>:  <br/><b>BK2</b>:  <br/><b>SECTNO</b>: 06<br/><b>TOWNSHIP</b>: 21<br/><b>RANGE</b>: 61<br/><b>LANDUSE</b>: 360000.0<br/><b>CAPACITY</b>: 1.0<br/><b>LANDCD1</b>:  <br/><b>LANDACRE1</b>: 0.0<br/><b>LANDVAL1</b>: 165381.0<br/><b>LANDCD2</b>:  <br/><b>LANDACRE2</b>: 0.0<br/><b>LANDVAL2</b>: 0.0<br/><b>IMPVAL</b>: 188948.0<br/><b>PRCD1</b>:  <br/><b>PRVAL1</b>: 0.0<br/><b>PRCD2</b>:  <br/><b>PRVAL2</b>: 0.0<br/><b>PRCD3</b>:  <br/><b>PRVAL3</b>: 0.0<br/><b>EXMPCD</b>:  <br/><b>EXMPVAL</b>: 0.0<br/><b>LYACRES</b>: 0.0<br/><b>LYLNDVAL</b>: 163016.0<br/><b>LYIMPVAL</b>: 192378.0<br/><b>LYPPVAL</b>: 0.0<br/><b>LYEXCD</b>:  <br/><b>LYEXVAL</b>: 0.0<br/><b>LY2ACRES</b>: 0.0<br/><b>LY2LNDVAL</b>: 0.0<br/><b>LY2IMPVAL</b>: 0.0<br/><b>LY2PPVAL</b>: 0.0<br/><b>LY2EXCD</b>:  <br/><b>LY2EXVAL</b>: 0.0<br/><b>OWNERNUM</b>: 0.0<br/><b>OWNERDEN</b>: 0.0<br/><b>ETALFLAG</b>: N<br/><b>UPDDATE</b>: 20231117<br/><b>LASTUPDATE</b>: 20231117<br/><b>LOTSQFT</b>: 0.0<br/><b>OLDPARCEL</b>:  <br/><b>INACTPCL</b>: 16206102001<br/><b>INACTREF</b>: 0.0<br/><b>FILLER2</b>:  <br/><b>PCLBOOK3</b>: 162<br/><b>PCL5</b>: 16206<br/><b>PCL6</b>: 162061<br/><b>PCL8</b>: 16206102<br/><b>OLDBOOK</b>: 162<br/><b>OLDPCL</b>: 162061020<br/><b>OLDPAGE</b>: 061<br/><b>OLDLOT</b>: 020<br/><b>OLDFILL</b>: 01<br/><b>ZIPMAIN</b>: 98134.0<br/><b>ZIPLUS4</b>: 0.0<br/><b>LOCATION</b>: 004717   W CHARLESTON            BLVDL<br/><b>STR</b>: 0621  61<br/><b>ADBOOK</b>: 0000<br/><b>ADPAGE</b>: 0000<br/><b>ADDR_OWN</b>: S W &amp; S H FAMILY TRUST          PARK SOONHI &amp; SUNGWON TRS       C/O STARBUCKS COFFEE CO~C/O MAIL2401 UTAH AVE S # 800           SEATTLE WA 98134<br/><b>ADDRESS</b>: 004717   W CHARLESTON            BLVD<br/><b>INACTNEWPC</b>:  <br/><b>LUCODE</b>: 360.0<br/><b>SHAPE_LE_1</b>: 565.75637944<br/><b>Shape__Area</b>: 20602.01953125<br/><b>Shape__Length</b>: 565.7563794397433]]></description>
  <Point>
    <coordinates>-115.20551963969592,36.158592065619025,0</coordinates>
  </Point>
</Placemark>
<Placemark>
  <name>0</name>
  <styleUrl>#billboard</styleUrl>
  <description><![CDATA[<b>OBJECTID_BILLBOARD</b>: 96<br/><b>LVBOARDS_</b>: 115<br/><b>LVBOARDS_I</b>: 14<br/><b>SIGN_TYPE</b>:  <br/><b>STREET_NUM</b>: 4100<br/><b>STREET_DIR</b>: W<br/><b>STREET_NAM</b>: Charleston<br/><b>PARCEL</b>: 13931801009<br/><b>PARCELOLD</b>: 13931801009<br/><b>APPLICANT</b>: Clear Channel Outdoor<br/><b>SIGN_AREA</b>: 672<br/><b>SIGN_HEIGH</b>: 40<br/><b>TAG_NUM</b>: 0<br/><b>APPLY_DATE</b>:  <br/><b>NOTES_SUP</b>: U-216-90<br/><b>NOTES_VAR</b>:  <br/><b>NOTES_RQR</b>: RQR-39097; 21349; 12233; 5939<br/><b>NOTES</b>:  <br/><b>SIZE_</b>: 14x48<br/><b>FIELD_CHEC</b>: 1<br/><b>FREEWAY</b>: 300<br/><b>APP_FIN</b>:  <br/><b>WARD_BILLBOARD</b>: 1<br/><b>LONGITUDE</b>: -115.1954272852132<br/><b>LATITUDE</b>: 36.1592379515499]]></description>
  <Point>
    <coordinates>-115.1954272852132,36.1592379515499,0</coordinates>
  </Point>
</Placemark>
<Placemark>
  <name>0</name>
  <styleUrl>#billboard</styleUrl>
  <description><![CDATA[<b>OBJECTID_BILLBOARD</b>: 98<br/><b>LVBOARDS_</b>: 118<br/><b>LVBOARDS_I</b>: 22<br/><b>SIGN_TYPE</b>:  <br/><b>STREET_NUM</b>: 0<br/><b>STREET_DIR</b>:  <br/><b>STREET_NAM</b>:  <br/><b>PARCEL</b>: 16204504011<br/><b>PARCELOLD</b>: 16204504009<br/><b>APPLICANT</b>:  <br/><b>SIGN_AREA</b>: 672<br/><b>SIGN_HEIGH</b>: 40<br/><b>TAG_NUM</b>: 0<br/><b>APPLY_DATE</b>:  <br/><b>NOTES_SUP</b>:  <br/><b>NOTES_VAR</b>:  <br/><b>NOTES_RQR</b>:  <br/><b>NOTES</b>: DONREY<br/><b>SIZE_</b>: 14x48<br/><b>FIELD_CHEC</b>: 0<br/><b>FREEWAY</b>: 300<br/><b>APP_FIN</b>:  <br/><b>WARD_BILLBOARD</b>: 3<br/><b>LONGITUDE</b>: -115.15679008799594<br/><b>LATITUDE</b>: 36.15864302702181<br/><b>OBJECTID_1</b>: 597039.0<br/><b>CALC_ACRES</b>: 0.0<br/><b>ASSR_ACRES</b>: 2.59<br/><b>LABEL_CLAS</b>: 701.0<br/><b>PARCELTYPE</b>: 0.0<br/><b>PRCLID</b>: 16204504011<br/><b>PRCLKEY</b>: 701.0<br/><b>PRCLVER</b>: 701.0<br/><b>PCLBOOK</b>: 162<br/><b>PCLSEC</b>: 04<br/><b>PCLPAGE</b>: 5<br/><b>PCLSUBD</b>: 04<br/><b>PCLNO</b>: 011<br/><b>TAXDIST_SP</b>: 212.0<br/><b>FDPHANTOM</b>: 2524-18<br/><b>FIREMAPNO</b>: 2524.0<br/><b>CENTRACT</b>: 204.0<br/><b>SHAPE_LENG</b>: 18398.8109345<br/><b>PRECINCT</b>: 5562.0<br/><b>COMMISSION</b>: E<br/><b>ASSEMBLY</b>: 15.0<br/><b>SENATE</b>: 10.0<br/><b>CONGRESS</b>: 4.0<br/><b>TAZ</b>: 558.0<br/><b>PERIMETER</b>: 150972.207738<br/><b>WARD_PARCEL</b>: 3<br/><b>CNTY_IS</b>: 0.0<br/><b>SHADE</b>: 57.0<br/><b>ACRES</b>: 8235.23370861<br/><b>SQ_MILES</b>: 12.86755267<br/><b>ZIP</b>: 89102.0<br/><b>OBJECTID_PARCEL</b>: 437491.0<br/><b>TAXDIST</b>: 212.0<br/><b>OWNER</b>: L G C 231 L L C<br/><b>ADDRESS1</b>: 6140 BRENT THURMAN WAY # 140<br/><b>ADDRESS2</b>: LAS VEGAS NV 89148<br/><b>ADDRESS3</b>:  <br/><b>ADDRESS4</b>:  <br/><b>ADDRESS5</b>:  <br/><b>NAMETAG</b>:  <br/><b>ZIPCODE</b>: 891480000.0<br/><b>COMNAME</b>:  <br/><b>STRNO</b>: 241.0<br/><b>STRFRAC</b>:  <br/><b>STRDIR</b>: W<br/><b>STRNAME</b>: CHARLESTON<br/><b>STRTYPE</b>: BLVD<br/><b>STRCITY</b>: LV<br/><b>STRUNIT</b>: 180<br/><b>COMMENT1</b>: CF 89-2004;+.07A COR;CA-20130813:3708<br/><b>COMMENT2</b>:  <br/><b>FIXD</b>: PM01080005        L1<br/><b>SUBTAG</b>:  <br/><b>LEGAL1</b>: PARCEL MAP FILE 108 PAGE 5<br/><b>LEGAL2</b>: LOT 1<br/><b>LEGAL3</b>:  <br/><b>LEGAL4</b>:  <br/><b>LEGAL5</b>:  <br/><b>LEGAL6</b>:  <br/><b>ASSDYR</b>: 2027.0<br/><b>CONSTYR</b>: 1955.0<br/><b>DOCDATE</b>: 20031222<br/><b>FILLER1</b>:  <br/><b>DOCNO</b>: 2003122202131<br/><b>DOCMULTI</b>:  <br/><b>DOCVEST</b>: NS<br/><b>SALEPRICE</b>: 0.0<br/><b>SALETYPE</b>:  <br/><b>SALEDATE</b>:  <br/><b>PORTION</b>:  <br/><b>BK1</b>:  <br/><b>BK2</b>:  <br/><b>SECTNO</b>: 04<br/><b>TOWNSHIP</b>: 21<br/><b>RANGE</b>: 61<br/><b>LANDUSE</b>: 358000.0<br/><b>CAPACITY</b>: 1.0<br/><b>LANDCD1</b>:  <br/><b>LANDACRE1</b>: 3.0<br/><b>LANDVAL1</b>: 939791.0<br/><b>LANDCD2</b>:  <br/><b>LANDACRE2</b>: 0.0<br/><b>LANDVAL2</b>: 0.0<br/><b>IMPVAL</b>: 625999.0<br/><b>PRCD1</b>:  <br/><b>PRVAL1</b>: 0.0<br/><b>PRCD2</b>:  <br/><b>PRVAL2</b>: 0.0<br/><b>PRCD3</b>:  <br/><b>PRVAL3</b>: 0.0<br/><b>EXMPCD</b>:  <br/><b>EXMPVAL</b>: 0.0<br/><b>LYACRES</b>: 0.0<br/><b>LYLNDVAL</b>: 939791.0<br/><b>LYIMPVAL</b>: 623279.0<br/><b>LYPPVAL</b>: 0.0<br/><b>LYEXCD</b>:  <br/><b>LYEXVAL</b>: 0.0<br/><b>LY2ACRES</b>: 0.0<br/><b>LY2LNDVAL</b>: 0.0<br/><b>LY2IMPVAL</b>: 0.0<br/><b>LY2PPVAL</b>: 0.0<br/><b>LY2EXCD</b>:  <br/><b>LY2EXVAL</b>: 0.0<br/><b>OWNERNUM</b>: 0.0<br/><b>OWNERDEN</b>: 0.0<br/><b>ETALFLAG</b>: N<br/><b>UPDDATE</b>: 20231117<br/><b>LASTUPDATE</b>: 20231117<br/><b>LOTSQFT</b>: 0.0<br/><b>OLDPARCEL</b>:  <br/><b>INACTPCL</b>: 16204504009<br/><b>INACTREF</b>: 0.0<br/><b>FILLER2</b>:  <br/><b>PCLBOOK3</b>: 162<br/><b>PCL5</b>: 16204<br/><b>PCL6</b>: 162045<br/><b>PCL8</b>: 16204504<br/><b>OLDBOOK</b>: 162<br/><b>OLDPCL</b>: 162045040<br/><b>OLDPAGE</b>: 045<br/><b>OLDLOT</b>: 040<br/><b>OLDFILL</b>: 11<br/><b>ZIPMAIN</b>: 89148.0<br/><b>ZIPLUS4</b>: 0.0<br/><b>LOCATION</b>: 000241   W CHARLESTON            BLVDL<br/><b>STR</b>: 0421  61<br/><b>ADBOOK</b>: 0108<br/><b>ADPAGE</b>: 0005<br/><b>ADDR_OWN</b>: L G C 231 L L C                 6140 BRENT THURMAN WAY # 140    LAS VEGAS NV 89148<br/><b>ADDRESS</b>: 000241   W CHARLESTON            BLVD<br/><b>INACTNEWPC</b>:  <br/><b>LUCODE</b>: 358.0<br/><b>SHAPE_LE_1</b>: 1460.27433462<br/><b>Shape__Area</b>: 111598.01171875<br/><b>Shape__Length</b>: 1460.2743346032753]]></description>
  <Point>
    <coordinates>-115.15679008799594,36.15864302702181,0</coordinates>
  </Point>
</Placemark>
<Placemark>
  <name>0</name>
  <styleUrl>#billboard</styleUrl>
  <description><![CDATA[<b>OBJECTID_BILLBOARD</b>: 99<br/><b>LVBOARDS_</b>: 119<br/><b>LVBOARDS_I</b>: 33<br/><b>SIGN_TYPE</b>:  <br/><b>STREET_NUM</b>: 1001<br/><b>STREET_DIR</b>:  <br/><b>STREET_NAM</b>: Iron Hourse<br/><b>PARCEL</b>: 13933810004<br/><b>PARCELOLD</b>: 13933810004<br/><b>APPLICANT</b>: Clear Channel Outdoor<br/><b>SIGN_AREA</b>: 288<br/><b>SIGN_HEIGH</b>: 30<br/><b>TAG_NUM</b>: 0<br/><b>APPLY_DATE</b>:  <br/><b>NOTES_SUP</b>:  <br/><b>NOTES_VAR</b>:  <br/><b>NOTES_RQR</b>:  <br/><b>NOTES</b>:  <br/><b>SIZE_</b>:  <br/><b>FIELD_CHEC</b>: 0<br/><b>FREEWAY</b>: 300<br/><b>APP_FIN</b>:  <br/><b>WARD_BILLBOARD</b>: 5<br/><b>LONGITUDE</b>: -115.15650045063138<br/><b>LATITUDE</b>: 36.159111513317605<br/><b>OBJECTID_1</b>: 589992.0<br/><b>CALC_ACRES</b>: 0.0<br/><b>ASSR_ACRES</b>: 3.18<br/><b>LABEL_CLAS</b>: 807.0<br/><b>PARCELTYPE</b>: 0.0<br/><b>PRCLID</b>: 13933810004<br/><b>PRCLKEY</b>: 807.0<br/><b>PRCLVER</b>: 807.0<br/><b>PCLBOOK</b>: 139<br/><b>PCLSEC</b>: 33<br/><b>PCLPAGE</b>: 8<br/><b>PCLSUBD</b>: 10<br/><b>PCLNO</b>: 004<br/><b>TAXDIST_SP</b>: 203.0<br/><b>FDPHANTOM</b>: 2424-97<br/><b>FIREMAPNO</b>: 2424.0<br/><b>CENTRACT</b>: 301.0<br/><b>SHAPE_LENG</b>: 35552.9137961<br/><b>PRECINCT</b>: 4615.0<br/><b>COMMISSION</b>: D<br/><b>ASSEMBLY</b>: 11.0<br/><b>SENATE</b>: 2.0<br/><b>CONGRESS</b>: 4.0<br/><b>TAZ</b>: 528.0<br/><b>PERIMETER</b>: 161583.305707<br/><b>WARD_PARCEL</b>: 1<br/><b>CNTY_IS</b>: 0.0<br/><b>SHADE</b>: 83.0<br/><b>ACRES</b>: 11202.3105405<br/><b>SQ_MILES</b>: 17.50361022<br/><b>ZIP</b>: 89106.0<br/><b>OBJECTID_PARCEL</b>: 319854.0<br/><b>TAXDIST</b>: 203.0<br/><b>OWNER</b>: ETERNO RESORTS S P E L L C<br/><b>ADDRESS1</b>: C/O BRAIN BURDZINSKI<br/><b>ADDRESS2</b>: 840 S RANCHO DR # 4-572<br/><b>ADDRESS3</b>: LAS VEGAS NV 89106<br/><b>ADDRESS4</b>:  <br/><b>ADDRESS5</b>:  <br/><b>NAMETAG</b>:  <br/><b>ZIPCODE</b>: 891060000.0<br/><b>COMNAME</b>:  <br/><b>STRNO</b>: 1001.0<br/><b>STRFRAC</b>:  <br/><b>STRDIR</b>:  <br/><b>STRNAME</b>: IRON HORSE<br/><b>STRTYPE</b>: CT<br/><b>STRCITY</b>: LV<br/><b>STRUNIT</b>:  <br/><b>COMMENT1</b>:  <br/><b>COMMENT2</b>:  <br/><b>FIXD</b>: PB00530061        L8<br/><b>SUBTAG</b>:  <br/><b>LEGAL1</b>: PARKWAY CENTER<br/><b>LEGAL2</b>: PLAT BOOK 53 PAGE 61<br/><b>LEGAL3</b>: LOT 8<br/><b>LEGAL4</b>:  <br/><b>LEGAL5</b>:  <br/><b>LEGAL6</b>:  <br/><b>ASSDYR</b>: 2027.0<br/><b>CONSTYR</b>: 0.0<br/><b>DOCDATE</b>: 20250515<br/><b>FILLER1</b>:  <br/><b>DOCNO</b>: 2025051501813<br/><b>DOCMULTI</b>:  <br/><b>DOCVEST</b>: NS<br/><b>SALEPRICE</b>: 0.0<br/><b>SALETYPE</b>:  <br/><b>SALEDATE</b>:  <br/><b>PORTION</b>:  <br/><b>BK1</b>:  <br/><b>BK2</b>:  <br/><b>SECTNO</b>: 33<br/><b>TOWNSHIP</b>: 20<br/><b>RANGE</b>: 61<br/><b>LANDUSE</b>: 0.0<br/><b>CAPACITY</b>: 0.0<br/><b>LANDCD1</b>:  <br/><b>LANDACRE1</b>: 3.0<br/><b>LANDVAL1</b>: 0.0<br/><b>LANDCD2</b>:  <br/><b>LANDACRE2</b>: 0.0<br/><b>LANDVAL2</b>: 0.0<br/><b>IMPVAL</b>: 0.0<br/><b>PRCD1</b>:  <br/><b>PRVAL1</b>: 0.0<br/><b>PRCD2</b>:  <br/><b>PRVAL2</b>: 0.0<br/><b>PRCD3</b>:  <br/><b>PRVAL3</b>: 0.0<br/><b>EXMPCD</b>:  <br/><b>EXMPVAL</b>: 0.0<br/><b>LYACRES</b>: 0.0<br/><b>LYLNDVAL</b>: 0.0<br/><b>LYIMPVAL</b>: 0.0<br/><b>LYPPVAL</b>: 0.0<br/><b>LYEXCD</b>:  <br/><b>LYEXVAL</b>: 0.0<br/><b>LY2ACRES</b>: 0.0<br/><b>LY2LNDVAL</b>: 0.0<br/><b>LY2IMPVAL</b>: 0.0<br/><b>LY2PPVAL</b>: 0.0<br/><b>LY2EXCD</b>:  <br/><b>LY2EXVAL</b>: 0.0<br/><b>OWNERNUM</b>: 0.0<br/><b>OWNERDEN</b>: 0.0<br/><b>ETALFLAG</b>: N<br/><b>UPDDATE</b>: 20250612<br/><b>LASTUPDATE</b>: 20250612<br/><b>LOTSQFT</b>: 0.0<br/><b>OLDPARCEL</b>:  <br/><b>INACTPCL</b>: 13933810004<br/><b>INACTREF</b>: 0.0<br/><b>FILLER2</b>:  <br/><b>PCLBOOK3</b>: 139<br/><b>PCL5</b>: 13933<br/><b>PCL6</b>: 139338<br/><b>PCL8</b>: 13933810<br/><b>OLDBOOK</b>: 139<br/><b>OLDPCL</b>: 139338100<br/><b>OLDPAGE</b>: 338<br/><b>OLDLOT</b>: 100<br/><b>OLDFILL</b>: 04<br/><b>ZIPMAIN</b>: 89106.0<br/><b>ZIPLUS4</b>: 0.0<br/><b>LOCATION</b>: 001001     IRON HORSE            CT  L<br/><b>STR</b>: 3320  61<br/><b>ADBOOK</b>: 0053<br/><b>ADPAGE</b>: 0061<br/><b>ADDR_OWN</b>: ETERNO RESORTS S P E L L C      C/O BRAIN BURDZINSKI            840 S RANCHO DR # 4-572         LAS VEGAS NV 89106<br/><b>ADDRESS</b>: 001001     IRON HORSE            CT<br/><b>INACTNEWPC</b>:  <br/><b>LUCODE</b>: 0.0<br/><b>SHAPE_LE_1</b>: 1546.49241308<br/><b>Shape__Area</b>: 138333.1328125<br/><b>Shape__Length</b>: 1546.492413104671]]></description>
  <Point>
    <coordinates>-115.15650045063138,36.159111513317605,0</coordinates>
  </Point>
</Placemark>
<Placemark>
  <name>0</name>
  <styleUrl>#billboard</styleUrl>
  <description><![CDATA[<b>OBJECTID_BILLBOARD</b>: 100<br/><b>LVBOARDS_</b>: 120<br/><b>LVBOARDS_I</b>: 34<br/><b>SIGN_TYPE</b>:  <br/><b>STREET_NUM</b>: 1022<br/><b>STREET_DIR</b>:  <br/><b>STREET_NAM</b>: Commerce<br/><b>PARCEL</b>: 13933801018<br/><b>PARCELOLD</b>: 13933801014<br/><b>APPLICANT</b>: Clear Channel Outdoor<br/><b>SIGN_AREA</b>: 288<br/><b>SIGN_HEIGH</b>: 30<br/><b>TAG_NUM</b>: 0<br/><b>APPLY_DATE</b>:  <br/><b>NOTES_SUP</b>:  <br/><b>NOTES_VAR</b>:  <br/><b>NOTES_RQR</b>:  <br/><b>NOTES</b>:  <br/><b>SIZE_</b>:  <br/><b>FIELD_CHEC</b>: 1<br/><b>FREEWAY</b>: 300<br/><b>APP_FIN</b>:  <br/><b>WARD_BILLBOARD</b>: 3<br/><b>LONGITUDE</b>: -115.1559300888646<br/><b>LATITUDE</b>: 36.15913202741148<br/><b>OBJECTID_1</b>: 593810.0<br/><b>CALC_ACRES</b>: 0.0<br/><b>ASSR_ACRES</b>: 3.49<br/><b>LABEL_CLAS</b>: 701.0<br/><b>PARCELTYPE</b>: 0.0<br/><b>PRCLID</b>: 13933801018<br/><b>PRCLKEY</b>: 701.0<br/><b>PRCLVER</b>: 701.0<br/><b>PCLBOOK</b>: 139<br/><b>PCLSEC</b>: 33<br/><b>PCLPAGE</b>: 8<br/><b>PCLSUBD</b>: 01<br/><b>PCLNO</b>: 018<br/><b>TAXDIST_SP</b>: 203.0<br/><b>FDPHANTOM</b>: 2424-98<br/><b>FIREMAPNO</b>: 2424.0<br/><b>CENTRACT</b>: 7900.0<br/><b>SHAPE_LENG</b>: 18758.0823266<br/><b>PRECINCT</b>: 4605.0<br/><b>COMMISSION</b>: D<br/><b>ASSEMBLY</b>: 11.0<br/><b>SENATE</b>: 2.0<br/><b>CONGRESS</b>: 4.0<br/><b>TAZ</b>: 529.0<br/><b>PERIMETER</b>: 150972.207738<br/><b>WARD_PARCEL</b>: 3<br/><b>CNTY_IS</b>: 0.0<br/><b>SHADE</b>: 57.0<br/><b>ACRES</b>: 8235.23370861<br/><b>SQ_MILES</b>: 12.86755267<br/><b>ZIP</b>: 89106.0<br/><b>OBJECTID_PARCEL</b>: 319845.0<br/><b>TAXDIST</b>: 203.0<br/><b>OWNER</b>: 1000 &amp; 1018 S COMMERCE L L C<br/><b>ADDRESS1</b>: C/O S MOLASKY<br/><b>ADDRESS2</b>: 920 S COMMERCE ST<br/><b>ADDRESS3</b>: LAS VEGAS NV 89106<br/><b>ADDRESS4</b>:  <br/><b>ADDRESS5</b>:  <br/><b>NAMETAG</b>:  <br/><b>ZIPCODE</b>: 891060000.0<br/><b>COMNAME</b>:  <br/><b>STRNO</b>: 1022.0<br/><b>STRFRAC</b>:  <br/><b>STRDIR</b>: S<br/><b>STRNAME</b>: COMMERCE<br/><b>STRTYPE</b>: ST<br/><b>STRCITY</b>: LV<br/><b>STRUNIT</b>:  <br/><b>COMMENT1</b>:  <br/><b>COMMENT2</b>:  <br/><b>FIXD</b>: 00000000<br/><b>SUBTAG</b>:  <br/><b>LEGAL1</b>: PT SE4 SE4 SEC 33 20 61<br/><b>LEGAL2</b>:  <br/><b>LEGAL3</b>:  <br/><b>LEGAL4</b>:  <br/><b>LEGAL5</b>:  <br/><b>LEGAL6</b>:  <br/><b>ASSDYR</b>: 2027.0<br/><b>CONSTYR</b>: 0.0<br/><b>DOCDATE</b>: 20250310<br/><b>FILLER1</b>:  <br/><b>DOCNO</b>: 2025031001543<br/><b>DOCMULTI</b>:  <br/><b>DOCVEST</b>: NS<br/><b>SALEPRICE</b>: 3500000.0<br/><b>SALETYPE</b>: R<br/><b>SALEDATE</b>: 20231101<br/><b>PORTION</b>:  <br/><b>BK1</b>:  <br/><b>BK2</b>:  <br/><b>SECTNO</b>: 33<br/><b>TOWNSHIP</b>: 20<br/><b>RANGE</b>: 61<br/><b>LANDUSE</b>: 0.0<br/><b>CAPACITY</b>: 0.0<br/><b>LANDCD1</b>:  <br/><b>LANDACRE1</b>: 3.0<br/><b>LANDVAL1</b>: 1771840.0<br/><b>LANDCD2</b>:  <br/><b>LANDACRE2</b>: 0.0<br/><b>LANDVAL2</b>: 0.0<br/><b>IMPVAL</b>: 0.0<br/><b>PRCD1</b>:  <br/><b>PRVAL1</b>: 0.0<br/><b>PRCD2</b>:  <br/><b>PRVAL2</b>: 0.0<br/><b>PRCD3</b>:  <br/><b>PRVAL3</b>: 0.0<br/><b>EXMPCD</b>:  <br/><b>EXMPVAL</b>: 0.0<br/><b>LYACRES</b>: 0.0<br/><b>LYLNDVAL</b>: 1771840.0<br/><b>LYIMPVAL</b>: 0.0<br/><b>LYPPVAL</b>: 0.0<br/><b>LYEXCD</b>:  <br/><b>LYEXVAL</b>: 0.0<br/><b>LY2ACRES</b>: 0.0<br/><b>LY2LNDVAL</b>: 0.0<br/><b>LY2IMPVAL</b>: 0.0<br/><b>LY2PPVAL</b>: 0.0<br/><b>LY2EXCD</b>:  <br/><b>LY2EXVAL</b>: 0.0<br/><b>OWNERNUM</b>: 0.0<br/><b>OWNERDEN</b>: 0.0<br/><b>ETALFLAG</b>: N<br/><b>UPDDATE</b>: 20240916<br/><b>LASTUPDATE</b>: 20240916<br/><b>LOTSQFT</b>: 0.0<br/><b>OLDPARCEL</b>:  <br/><b>INACTPCL</b>: 13933801017<br/><b>INACTREF</b>: 0.0<br/><b>FILLER2</b>:  <br/><b>PCLBOOK3</b>: 139<br/><b>PCL5</b>: 13933<br/><b>PCL6</b>: 139338<br/><b>PCL8</b>: 13933801<br/><b>OLDBOOK</b>: 139<br/><b>OLDPCL</b>: 139338010<br/><b>OLDPAGE</b>: 338<br/><b>OLDLOT</b>: 010<br/><b>OLDFILL</b>: 18<br/><b>ZIPMAIN</b>: 89106.0<br/><b>ZIPLUS4</b>: 0.0<br/><b>LOCATION</b>: 001022   S COMMERCE              ST  L<br/><b>STR</b>: 3320  61<br/><b>ADBOOK</b>: 0000<br/><b>ADPAGE</b>: 0000<br/><b>ADDR_OWN</b>: 1000 &amp; 1018 S COMMERCE L L C    C/O S MOLASKY                   920 S COMMERCE ST               LAS VEGAS NV 89106<br/><b>ADDRESS</b>: 001022   S COMMERCE              ST<br/><b>INACTNEWPC</b>:  <br/><b>LUCODE</b>: 0.0<br/><b>SHAPE_LE_1</b>: 2697.04056439<br/><b>Shape__Area</b>: 152215.8984375<br/><b>Shape__Length</b>: 2697.040564390596]]></description>
  <Point>
    <coordinates>-115.1559300888646,36.15913202741148,0</coordinates>
  </Point>
</Placemark>
</Folder>
<Folder><name>37</name>
<Placemark>
  <name>0</name>
  <styleUrl>#billboard</styleUrl>
  <description><![CDATA[<b>OBJECTID_BILLBOARD</b>: 1<br/><b>LVBOARDS_</b>: 2<br/><b>LVBOARDS_I</b>: 1<br/><b>SIGN_TYPE</b>: 37<br/><b>STREET_NUM</b>: 5501<br/><b>STREET_DIR</b>:  <br/><b>STREET_NAM</b>: Drexel<br/><b>PARCEL</b>: 12534501003<br/><b>PARCELOLD</b>: 12534501003<br/><b>APPLICANT</b>: Fletcher Jones<br/><b>SIGN_AREA</b>: 219<br/><b>SIGN_HEIGH</b>: 30<br/><b>TAG_NUM</b>: 0<br/><b>APPLY_DATE</b>:  <br/><b>NOTES_SUP</b>: U-35-93<br/><b>NOTES_VAR</b>: VAR-1550<br/><b>NOTES_RQR</b>: RQR-29149: RQR-2814; U-35-93(2)<br/><b>NOTES</b>:  <br/><b>SIZE_</b>: 12.5x17.5<br/><b>FIELD_CHEC</b>: 1<br/><b>FREEWAY</b>: 750<br/><b>APP_FIN</b>:  <br/><b>WARD_BILLBOARD</b>: 6<br/><b>LONGITUDE</b>: -115.25180079289345<br/><b>LATITUDE</b>: 36.262649061872246<br/><b>OBJECTID_1</b>: 599995.0<br/><b>CALC_ACRES</b>: 0.0<br/><b>ASSR_ACRES</b>: 9.46<br/><b>LABEL_CLAS</b>: 701.0<br/><b>PARCELTYPE</b>: 0.0<br/><b>PRCLID</b>: 12534501003<br/><b>PRCLKEY</b>: 701.0<br/><b>PRCLVER</b>: 701.0<br/><b>PCLBOOK</b>: 125<br/><b>PCLSEC</b>: 34<br/><b>PCLPAGE</b>: 5<br/><b>PCLSUBD</b>: 01<br/><b>PCLNO</b>: 003<br/><b>TAXDIST_SP</b>: 200.0<br/><b>FDPHANTOM</b>: 1718-16<br/><b>FIREMAPNO</b>: 1718.0<br/><b>CENTRACT</b>: 3305.0<br/><b>SHAPE_LENG</b>: 25080.0013163<br/><b>PRECINCT</b>: 2695.0<br/><b>COMMISSION</b>: B<br/><b>ASSEMBLY</b>: 4.0<br/><b>SENATE</b>: 18.0<br/><b>CONGRESS</b>: 4.0<br/><b>TAZ</b>: 130.0<br/><b>PERIMETER</b>: 455249.746111<br/><b>WARD_PARCEL</b>: 6<br/><b>CNTY_IS</b>: 0.0<br/><b>SHADE</b>: 93.0<br/><b>ACRES</b>: 26360.5717261<br/><b>SQ_MILES</b>: 41.18839332<br/><b>ZIP</b>: 89130.0<br/><b>OBJECTID_PARCEL</b>: 137040.0<br/><b>TAXDIST</b>: 200.0<br/><b>OWNER</b>: S K J &amp; E LAND L L C<br/><b>ADDRESS1</b>: C/O FRIENDLY FORD<br/><b>ADDRESS2</b>: 660 N DECATUR BLVD<br/><b>ADDRESS3</b>: LAS VEGAS NV 89130<br/><b>ADDRESS4</b>:  <br/><b>ADDRESS5</b>:  <br/><b>NAMETAG</b>:  <br/><b>ZIPCODE</b>: 891300000.0<br/><b>COMNAME</b>:  <br/><b>STRNO</b>: 5501.0<br/><b>STRFRAC</b>:  <br/><b>STRDIR</b>:  <br/><b>STRNAME</b>: DREXEL<br/><b>STRTYPE</b>: RD<br/><b>STRCITY</b>: LV<br/><b>STRUNIT</b>:  <br/><b>COMMENT1</b>:  <br/><b>COMMENT2</b>:  <br/><b>FIXD</b>: PM00880071        L1<br/><b>SUBTAG</b>:  <br/><b>LEGAL1</b>: PARCEL MAP FILE 88 PAGE 71<br/><b>LEGAL2</b>: LOT 1<br/><b>LEGAL3</b>:  <br/><b>LEGAL4</b>:  <br/><b>LEGAL5</b>:  <br/><b>LEGAL6</b>:  <br/><b>ASSDYR</b>: 2027.0<br/><b>CONSTYR</b>: 2000.0<br/><b>DOCDATE</b>: 20211222<br/><b>FILLER1</b>:  <br/><b>DOCNO</b>: 2021122200480<br/><b>DOCMULTI</b>:  <br/><b>DOCVEST</b>: NS<br/><b>SALEPRICE</b>: 26000000.0<br/><b>SALETYPE</b>: R<br/><b>SALEDATE</b>: 20211201<br/><b>PORTION</b>:  <br/><b>BK1</b>:  <br/><b>BK2</b>:  <br/><b>SECTNO</b>: 34<br/><b>TOWNSHIP</b>: 19<br/><b>RANGE</b>: 60<br/><b>LANDUSE</b>: 370000.0<br/><b>CAPACITY</b>: 1.0<br/><b>LANDCD1</b>:  <br/><b>LANDACRE1</b>: 9.0<br/><b>LANDVAL1</b>: 1951395.0<br/><b>LANDCD2</b>:  <br/><b>LANDACRE2</b>: 0.0<br/><b>LANDVAL2</b>: 0.0<br/><b>IMPVAL</b>: 3196169.0<br/><b>PRCD1</b>:  <br/><b>PRVAL1</b>: 0.0<br/><b>PRCD2</b>:  <br/><b>PRVAL2</b>: 0.0<br/><b>PRCD3</b>:  <br/><b>PRVAL3</b>: 0.0<br/><b>EXMPCD</b>:  <br/><b>EXMPVAL</b>: 0.0<br/><b>LYACRES</b>: 0.0<br/><b>LYLNDVAL</b>: 1781207.0<br/><b>LYIMPVAL</b>: 3214863.0<br/><b>LYPPVAL</b>: 0.0<br/><b>LYEXCD</b>:  <br/><b>LYEXVAL</b>: 0.0<br/><b>LY2ACRES</b>: 0.0<br/><b>LY2LNDVAL</b>: 0.0<br/><b>LY2IMPVAL</b>: 0.0<br/><b>LY2PPVAL</b>: 0.0<br/><b>LY2EXCD</b>:  <br/><b>LY2EXVAL</b>: 0.0<br/><b>OWNERNUM</b>: 0.0<br/><b>OWNERDEN</b>: 0.0<br/><b>ETALFLAG</b>: N<br/><b>UPDDATE</b>: 20231117<br/><b>LASTUPDATE</b>: 20231117<br/><b>LOTSQFT</b>: 0.0<br/><b>OLDPARCEL</b>:  <br/><b>INACTPCL</b>: 12534501002<br/><b>INACTREF</b>: 0.0<br/><b>FILLER2</b>:  <br/><b>PCLBOOK3</b>: 125<br/><b>PCL5</b>: 12534<br/><b>PCL6</b>: 125345<br/><b>PCL8</b>: 12534501<br/><b>OLDBOOK</b>: 125<br/><b>OLDPCL</b>: 125345010<br/><b>OLDPAGE</b>: 345<br/><b>OLDLOT</b>: 010<br/><b>OLDFILL</b>: 03<br/><b>ZIPMAIN</b>: 89130.0<br/><b>ZIPLUS4</b>: 0.0<br/><b>LOCATION</b>: 005501     DREXEL                RD  L<br/><b>STR</b>: 3419  60<br/><b>ADBOOK</b>: 0088<br/><b>ADPAGE</b>: 0071<br/><b>ADDR_OWN</b>: S K J &amp; E LAND L L C            C/O FRIENDLY FORD               660 N DECATUR BLVD              LAS VEGAS NV 89130<br/><b>ADDRESS</b>: 005501     DREXEL                RD<br/><b>INACTNEWPC</b>:  <br/><b>LUCODE</b>: 370.0<br/><b>SHAPE_LE_1</b>: 3008.83671656<br/><b>Shape__Area</b>: 411807.212890625<br/><b>Shape__Length</b>: 3008.8367165535938]]></description>
  <Point>
    <coordinates>-115.25180079289345,36.262649061872246,0</coordinates>
  </Point>
</Placemark>
</Folder>
<Folder><name>45</name>
<Placemark>
  <name>0</name>
  <styleUrl>#billboard</styleUrl>
  <description><![CDATA[<b>OBJECTID_BILLBOARD</b>: 31<br/><b>LVBOARDS_</b>: 40<br/><b>LVBOARDS_I</b>: 26<br/><b>SIGN_TYPE</b>: 45<br/><b>STREET_NUM</b>: 2017<br/><b>STREET_DIR</b>: W<br/><b>STREET_NAM</b>: Bonanza<br/><b>PARCEL</b>: 13928401001<br/><b>PARCELOLD</b>: 13928410023<br/><b>APPLICANT</b>: Clear Channel Outdoor<br/><b>SIGN_AREA</b>: 672<br/><b>SIGN_HEIGH</b>: 70<br/><b>TAG_NUM</b>: 0<br/><b>APPLY_DATE</b>: 5/20/04<br/><b>NOTES_SUP</b>: SUP-12936<br/><b>NOTES_VAR</b>:  <br/><b>NOTES_RQR</b>: RQR-28136<br/><b>NOTES</b>: L-4724-04<br/><b>SIZE_</b>: 14x48<br/><b>FIELD_CHEC</b>: 1<br/><b>FREEWAY</b>: 750<br/><b>APP_FIN</b>: Finalled<br/><b>WARD_BILLBOARD</b>: 5<br/><b>LONGITUDE</b>: -115.16885222324741<br/><b>LATITUDE</b>: 36.17661105434822<br/><b>OBJECTID_1</b>: 529582.0<br/><b>CALC_ACRES</b>: 0.0<br/><b>ASSR_ACRES</b>: 0.38<br/><b>LABEL_CLAS</b>: 701.0<br/><b>PARCELTYPE</b>: 0.0<br/><b>PRCLID</b>: 13928401001<br/><b>PRCLKEY</b>: 701.0<br/><b>PRCLVER</b>: 701.0<br/><b>PCLBOOK</b>: 139<br/><b>PCLSEC</b>: 28<br/><b>PCLPAGE</b>: 4<br/><b>PCLSUBD</b>: 01<br/><b>PCLNO</b>: 001<br/><b>TAXDIST_SP</b>: 212.0<br/><b>FDPHANTOM</b>: 2324-81<br/><b>FIREMAPNO</b>: 2324.0<br/><b>CENTRACT</b>: 201.0<br/><b>SHAPE_LENG</b>: 19539.1298865<br/><b>PRECINCT</b>: 4528.0<br/><b>COMMISSION</b>: D<br/><b>ASSEMBLY</b>: 6.0<br/><b>SENATE</b>: 4.0<br/><b>CONGRESS</b>: 4.0<br/><b>TAZ</b>: 412.0<br/><b>PERIMETER</b>: 265026.231717<br/><b>WARD_PARCEL</b>: 5<br/><b>CNTY_IS</b>: 0.0<br/><b>SHADE</b>: 113.0<br/><b>ACRES</b>: 9805.19074535<br/><b>SQ_MILES</b>: 15.32061054<br/><b>ZIP</b>: 89106.0<br/><b>OBJECTID_PARCEL</b>: 312999.0<br/><b>TAXDIST</b>: 212.0<br/><b>OWNER</b>: U-HAUL REAL ESTATE COMPANY<br/><b>ADDRESS1</b>: PO BOX 29046<br/><b>ADDRESS2</b>: PHOENIX AZ 85038-9046<br/><b>ADDRESS3</b>:  <br/><b>ADDRESS4</b>:  <br/><b>ADDRESS5</b>:  <br/><b>NAMETAG</b>:  <br/><b>ZIPCODE</b>: 850389046.0<br/><b>COMNAME</b>:  <br/><b>STRNO</b>: 2021.0<br/><b>STRFRAC</b>:  <br/><b>STRDIR</b>: W<br/><b>STRNAME</b>: BONANZA<br/><b>STRTYPE</b>: RD<br/><b>STRCITY</b>: LV<br/><b>STRUNIT</b>:  <br/><b>COMMENT1</b>:  <br/><b>COMMENT2</b>:  <br/><b>FIXD</b>: 00000000<br/><b>SUBTAG</b>:  <br/><b>LEGAL1</b>: PT SW4 SW4 SEC 28 20 61<br/><b>LEGAL2</b>:  <br/><b>LEGAL3</b>:  <br/><b>LEGAL4</b>:  <br/><b>LEGAL5</b>:  <br/><b>LEGAL6</b>:  <br/><b>ASSDYR</b>: 2027.0<br/><b>CONSTYR</b>: 1982.0<br/><b>DOCDATE</b>: 19890717<br/><b>FILLER1</b>:  <br/><b>DOCNO</b>: 1989071700509<br/><b>DOCMULTI</b>:  <br/><b>DOCVEST</b>: NS<br/><b>SALEPRICE</b>: 0.0<br/><b>SALETYPE</b>:  <br/><b>SALEDATE</b>:  <br/><b>PORTION</b>:  <br/><b>BK1</b>:  <br/><b>BK2</b>:  <br/><b>SECTNO</b>: 28<br/><b>TOWNSHIP</b>: 20<br/><b>RANGE</b>: 61<br/><b>LANDUSE</b>: 370000.0<br/><b>CAPACITY</b>: 1.0<br/><b>LANDCD1</b>:  <br/><b>LANDACRE1</b>: 0.0<br/><b>LANDVAL1</b>: 43452.0<br/><b>LANDCD2</b>:  <br/><b>LANDACRE2</b>: 0.0<br/><b>LANDVAL2</b>: 0.0<br/><b>IMPVAL</b>: 24197.0<br/><b>PRCD1</b>:  <br/><b>PRVAL1</b>: 0.0<br/><b>PRCD2</b>:  <br/><b>PRVAL2</b>: 0.0<br/><b>PRCD3</b>:  <br/><b>PRVAL3</b>: 0.0<br/><b>EXMPCD</b>:  <br/><b>EXMPVAL</b>: 0.0<br/><b>LYACRES</b>: 0.0<br/><b>LYLNDVAL</b>: 40555.0<br/><b>LYIMPVAL</b>: 24902.0<br/><b>LYPPVAL</b>: 0.0<br/><b>LYEXCD</b>:  <br/><b>LYEXVAL</b>: 0.0<br/><b>LY2ACRES</b>: 0.0<br/><b>LY2LNDVAL</b>: 0.0<br/><b>LY2IMPVAL</b>: 0.0<br/><b>LY2PPVAL</b>: 0.0<br/><b>LY2EXCD</b>:  <br/><b>LY2EXVAL</b>: 0.0<br/><b>OWNERNUM</b>: 0.0<br/><b>OWNERDEN</b>: 0.0<br/><b>ETALFLAG</b>: N<br/><b>UPDDATE</b>: 20231117<br/><b>LASTUPDATE</b>: 20231117<br/><b>LOTSQFT</b>: 0.0<br/><b>OLDPARCEL</b>:  <br/><b>INACTPCL</b>: 13928401001<br/><b>INACTREF</b>: 0.0<br/><b>FILLER2</b>:  <br/><b>PCLBOOK3</b>: 139<br/><b>PCL5</b>: 13928<br/><b>PCL6</b>: 139284<br/><b>PCL8</b>: 13928401<br/><b>OLDBOOK</b>: 139<br/><b>OLDPCL</b>: 139284010<br/><b>OLDPAGE</b>: 284<br/><b>OLDLOT</b>: 010<br/><b>OLDFILL</b>: 01<br/><b>ZIPMAIN</b>: 85038.0<br/><b>ZIPLUS4</b>: 9046.0<br/><b>LOCATION</b>: 002021   W BONANZA               RD  L<br/><b>STR</b>: 2820  61<br/><b>ADBOOK</b>: 0000<br/><b>ADPAGE</b>: 0000<br/><b>ADDR_OWN</b>: U-HAUL REAL ESTATE COMPANY      PO BOX 29046                    PHOENIX AZ 85038-9046<br/><b>ADDRESS</b>: 002021   W BONANZA               RD<br/><b>INACTNEWPC</b>:  <br/><b>LUCODE</b>: 370.0<br/><b>SHAPE_LE_1</b>: 522.69175154<br/><b>Shape__Area</b>: 16150.1171875<br/><b>Shape__Length</b>: 522.6917515289897]]></description>
  <Point>
    <coordinates>-115.16885222324741,36.17661105434822,0</coordinates>
  </Point>
</Placemark>
<Placemark>
  <name>0</name>
  <styleUrl>#billboard</styleUrl>
  <description><![CDATA[<b>OBJECTID_BILLBOARD</b>: 32<br/><b>LVBOARDS_</b>: 41<br/><b>LVBOARDS_I</b>: 25<br/><b>SIGN_TYPE</b>: 45<br/><b>STREET_NUM</b>: 1915<br/><b>STREET_DIR</b>: W<br/><b>STREET_NAM</b>: Bonanza<br/><b>PARCEL</b>: 13928412001<br/><b>PARCELOLD</b>: 13928401024<br/><b>APPLICANT</b>: LAMAR<br/><b>SIGN_AREA</b>: 672<br/><b>SIGN_HEIGH</b>: 40<br/><b>TAG_NUM</b>: 0<br/><b>APPLY_DATE</b>:  <br/><b>NOTES_SUP</b>:  <br/><b>NOTES_VAR</b>:  <br/><b>NOTES_RQR</b>:  <br/><b>NOTES</b>: L-4521-03, moved US 95 widening<br/><b>SIZE_</b>: 14x48<br/><b>FIELD_CHEC</b>: 1<br/><b>FREEWAY</b>: 750<br/><b>APP_FIN</b>:  <br/><b>WARD_BILLBOARD</b>: 5<br/><b>LONGITUDE</b>: -115.16695329175157<br/><b>LATITUDE</b>: 36.17652211149712<br/><b>OBJECTID_1</b>: 619085.0<br/><b>CALC_ACRES</b>: 0.0<br/><b>ASSR_ACRES</b>: 9.77<br/><b>LABEL_CLAS</b>: 807.0<br/><b>PARCELTYPE</b>: 0.0<br/><b>PRCLID</b>: 13928412001<br/><b>PRCLKEY</b>: 807.0<br/><b>PRCLVER</b>: 807.0<br/><b>PCLBOOK</b>: 139<br/><b>PCLSEC</b>: 28<br/><b>PCLPAGE</b>: 4<br/><b>PCLSUBD</b>: 12<br/><b>PCLNO</b>: 001<br/><b>TAXDIST_SP</b>: 212.0<br/><b>FDPHANTOM</b>: 2324-83<br/><b>FIREMAPNO</b>: 2324.0<br/><b>CENTRACT</b>: 201.0<br/><b>SHAPE_LENG</b>: 19539.1298865<br/><b>PRECINCT</b>: 4528.0<br/><b>COMMISSION</b>: D<br/><b>ASSEMBLY</b>: 6.0<br/><b>SENATE</b>: 4.0<br/><b>CONGRESS</b>: 4.0<br/><b>TAZ</b>: 412.0<br/><b>PERIMETER</b>: 265026.231717<br/><b>WARD_PARCEL</b>: 5<br/><b>CNTY_IS</b>: 0.0<br/><b>SHADE</b>: 113.0<br/><b>ACRES</b>: 9805.19074535<br/><b>SQ_MILES</b>: 15.32061054<br/><b>ZIP</b>: 89106.0<br/><b>OBJECTID_PARCEL</b>: 313139.0<br/><b>TAXDIST</b>: 212.0<br/><b>OWNER</b>: DON &amp; PAUL L L C<br/><b>ADDRESS1</b>: 8350 EASTGATE RD<br/><b>ADDRESS2</b>: HENDERSON NV 89015<br/><b>ADDRESS3</b>:  <br/><b>ADDRESS4</b>:  <br/><b>ADDRESS5</b>:  <br/><b>NAMETAG</b>:  <br/><b>ZIPCODE</b>: 890150000.0<br/><b>COMNAME</b>:  <br/><b>STRNO</b>: 1785.0<br/><b>STRFRAC</b>:  <br/><b>STRDIR</b>: W<br/><b>STRNAME</b>: BONANZA<br/><b>STRTYPE</b>: RD<br/><b>STRCITY</b>: LV<br/><b>STRUNIT</b>: B<br/><b>COMMENT1</b>: FR 139-28-401-002,003,024,025,411-001;+.21C<br/><b>COMMENT2</b>:  <br/><b>FIXD</b>: PB01350030        L1<br/><b>SUBTAG</b>:  <br/><b>LEGAL1</b>: AHERN RENTAL MERGER &amp; RESUB<br/><b>LEGAL2</b>: PLAT BOOK 135 PAGE 30<br/><b>LEGAL3</b>: LOT 1<br/><b>LEGAL4</b>:  <br/><b>LEGAL5</b>:  <br/><b>LEGAL6</b>:  <br/><b>ASSDYR</b>: 2027.0<br/><b>CONSTYR</b>: 1974.0<br/><b>DOCDATE</b>: 20040609<br/><b>FILLER1</b>:  <br/><b>DOCNO</b>: 2004060904347<br/><b>DOCMULTI</b>:  <br/><b>DOCVEST</b>: NS<br/><b>SALEPRICE</b>: 0.0<br/><b>SALETYPE</b>:  <br/><b>SALEDATE</b>:  <br/><b>PORTION</b>:  <br/><b>BK1</b>:  <br/><b>BK2</b>:  <br/><b>SECTNO</b>: 28<br/><b>TOWNSHIP</b>: 20<br/><b>RANGE</b>: 61<br/><b>LANDUSE</b>: 240000.0<br/><b>CAPACITY</b>: 1.0<br/><b>LANDCD1</b>:  <br/><b>LANDACRE1</b>: 10.0<br/><b>LANDVAL1</b>: 950322.0<br/><b>LANDCD2</b>:  <br/><b>LANDACRE2</b>: 0.0<br/><b>LANDVAL2</b>: 0.0<br/><b>IMPVAL</b>: 1239452.0<br/><b>PRCD1</b>:  <br/><b>PRVAL1</b>: 0.0<br/><b>PRCD2</b>:  <br/><b>PRVAL2</b>: 0.0<br/><b>PRCD3</b>:  <br/><b>PRVAL3</b>: 0.0<br/><b>EXMPCD</b>:  <br/><b>EXMPVAL</b>: 0.0<br/><b>LYACRES</b>: 0.0<br/><b>LYLNDVAL</b>: 782005.0<br/><b>LYIMPVAL</b>: 1243705.0<br/><b>LYPPVAL</b>: 0.0<br/><b>LYEXCD</b>:  <br/><b>LYEXVAL</b>: 0.0<br/><b>LY2ACRES</b>: 0.0<br/><b>LY2LNDVAL</b>: 0.0<br/><b>LY2IMPVAL</b>: 0.0<br/><b>LY2PPVAL</b>: 0.0<br/><b>LY2EXCD</b>:  <br/><b>LY2EXVAL</b>: 0.0<br/><b>OWNERNUM</b>: 0.0<br/><b>OWNERDEN</b>: 0.0<br/><b>ETALFLAG</b>: N<br/><b>UPDDATE</b>: 20250908<br/><b>LASTUPDATE</b>: 20250908<br/><b>LOTSQFT</b>: 0.0<br/><b>OLDPARCEL</b>:  <br/><b>INACTPCL</b>: 13928411001<br/><b>INACTREF</b>: 0.0<br/><b>FILLER2</b>:  <br/><b>PCLBOOK3</b>: 139<br/><b>PCL5</b>: 13928<br/><b>PCL6</b>: 139284<br/><b>PCL8</b>: 13928412<br/><b>OLDBOOK</b>: 139<br/><b>OLDPCL</b>: 139284120<br/><b>OLDPAGE</b>: 284<br/><b>OLDLOT</b>: 120<br/><b>OLDFILL</b>: 01<br/><b>ZIPMAIN</b>: 89015.0<br/><b>ZIPLUS4</b>: 0.0<br/><b>LOCATION</b>: 001785   W BONANZA               RD  L<br/><b>STR</b>: 2820  61<br/><b>ADBOOK</b>: 0135<br/><b>ADPAGE</b>: 0030<br/><b>ADDR_OWN</b>: DON &amp; PAUL L L C                8350 EASTGATE RD                HENDERSON NV 89015<br/><b>ADDRESS</b>: 001785   W BONANZA               RD<br/><b>INACTNEWPC</b>:  <br/><b>LUCODE</b>: 240.0<br/><b>SHAPE_LE_1</b>: 3813.94042235<br/><b>Shape__Area</b>: 414064.6640625<br/><b>Shape__Length</b>: 3813.940422354291]]></description>
  <Point>
    <coordinates>-115.16695329175157,36.17652211149712,0</coordinates>
  </Point>
</Placemark>
<Placemark>
  <name>0</name>
  <styleUrl>#billboard</styleUrl>
  <description><![CDATA[<b>OBJECTID_BILLBOARD</b>: 33<br/><b>LVBOARDS_</b>: 43<br/><b>LVBOARDS_I</b>: 16<br/><b>SIGN_TYPE</b>: 45<br/><b>STREET_NUM</b>: 0<br/><b>STREET_DIR</b>:  <br/><b>STREET_NAM</b>:  <br/><b>PARCEL</b>: 13928801003<br/><b>PARCELOLD</b>: 13928801003<br/><b>APPLICANT</b>: Clear Channel Outdoor<br/><b>SIGN_AREA</b>: 672<br/><b>SIGN_HEIGH</b>: 40<br/><b>TAG_NUM</b>: 0<br/><b>APPLY_DATE</b>:  <br/><b>NOTES_SUP</b>:  <br/><b>NOTES_VAR</b>:  <br/><b>NOTES_RQR</b>:  <br/><b>NOTES</b>:  <br/><b>SIZE_</b>: 14x48<br/><b>FIELD_CHEC</b>: 1<br/><b>FREEWAY</b>: 750<br/><b>APP_FIN</b>:  <br/><b>WARD_BILLBOARD</b>: 5<br/><b>LONGITUDE</b>: -115.1594353024526<br/><b>LATITUDE</b>: 36.17560730900197<br/><b>OBJECTID_1</b>: 586129.0<br/><b>CALC_ACRES</b>: 0.0<br/><b>ASSR_ACRES</b>: 3.81<br/><b>LABEL_CLAS</b>: 701.0<br/><b>PARCELTYPE</b>: 0.0<br/><b>PRCLID</b>: 13928801003<br/><b>PRCLKEY</b>: 701.0<br/><b>PRCLVER</b>: 701.0<br/><b>PCLBOOK</b>: 139<br/><b>PCLSEC</b>: 28<br/><b>PCLPAGE</b>: 8<br/><b>PCLSUBD</b>: 01<br/><b>PCLNO</b>: 003<br/><b>TAXDIST_SP</b>: 203.0<br/><b>FDPHANTOM</b>: 2324-87<br/><b>FIREMAPNO</b>: 2324.0<br/><b>CENTRACT</b>: 301.0<br/><b>SHAPE_LENG</b>: 35552.9137961<br/><b>PRECINCT</b>: 4030.0<br/><b>COMMISSION</b>: D<br/><b>ASSEMBLY</b>: 6.0<br/><b>SENATE</b>: 4.0<br/><b>CONGRESS</b>: 4.0<br/><b>TAZ</b>: 414.0<br/><b>PERIMETER</b>: 265026.231717<br/><b>WARD_PARCEL</b>: 5<br/><b>CNTY_IS</b>: 0.0<br/><b>SHADE</b>: 113.0<br/><b>ACRES</b>: 9805.19074535<br/><b>SQ_MILES</b>: 15.32061054<br/><b>ZIP</b>: 89106.0<br/><b>OBJECTID_PARCEL</b>: 313645.0<br/><b>TAXDIST</b>: 203.0<br/><b>OWNER</b>: LAS VEGAS REVIEW-JOURNAL INC<br/><b>ADDRESS1</b>: C/O S HALL CFO<br/><b>ADDRESS2</b>: 1111 W BONANZA RD<br/><b>ADDRESS3</b>: LAS VEGAS NV 89106<br/><b>ADDRESS4</b>:  <br/><b>ADDRESS5</b>:  <br/><b>NAMETAG</b>:  <br/><b>ZIPCODE</b>: 891060000.0<br/><b>COMNAME</b>:  <br/><b>STRNO</b>: 1001.0<br/><b>STRFRAC</b>:  <br/><b>STRDIR</b>: W<br/><b>STRNAME</b>: BONANZA<br/><b>STRTYPE</b>: RD<br/><b>STRCITY</b>: LV<br/><b>STRUNIT</b>:  <br/><b>COMMENT1</b>:  <br/><b>COMMENT2</b>:  <br/><b>FIXD</b>: 00000000<br/><b>SUBTAG</b>:  <br/><b>LEGAL1</b>: PT SW4 SE4 SEC 28 20 61<br/><b>LEGAL2</b>:  <br/><b>LEGAL3</b>:  <br/><b>LEGAL4</b>:  <br/><b>LEGAL5</b>:  <br/><b>LEGAL6</b>:  <br/><b>ASSDYR</b>: 2027.0<br/><b>CONSTYR</b>: 1963.0<br/><b>DOCDATE</b>: 20170327<br/><b>FILLER1</b>:  <br/><b>DOCNO</b>: 2017032700124<br/><b>DOCMULTI</b>:  <br/><b>DOCVEST</b>: NS<br/><b>SALEPRICE</b>: 16000000.0<br/><b>SALETYPE</b>: M<br/><b>SALEDATE</b>: 20150301<br/><b>PORTION</b>:  <br/><b>BK1</b>:  <br/><b>BK2</b>:  <br/><b>SECTNO</b>: 28<br/><b>TOWNSHIP</b>: 20<br/><b>RANGE</b>: 61<br/><b>LANDUSE</b>: 610000.0<br/><b>CAPACITY</b>: 1.0<br/><b>LANDCD1</b>:  <br/><b>LANDACRE1</b>: 4.0<br/><b>LANDVAL1</b>: 435656.0<br/><b>LANDCD2</b>:  <br/><b>LANDACRE2</b>: 0.0<br/><b>LANDVAL2</b>: 0.0<br/><b>IMPVAL</b>: 179383.0<br/><b>PRCD1</b>:  <br/><b>PRVAL1</b>: 0.0<br/><b>PRCD2</b>:  <br/><b>PRVAL2</b>: 0.0<br/><b>PRCD3</b>:  <br/><b>PRVAL3</b>: 0.0<br/><b>EXMPCD</b>:  <br/><b>EXMPVAL</b>: 0.0<br/><b>LYACRES</b>: 0.0<br/><b>LYLNDVAL</b>: 365951.0<br/><b>LYIMPVAL</b>: 175728.0<br/><b>LYPPVAL</b>: 0.0<br/><b>LYEXCD</b>:  <br/><b>LYEXVAL</b>: 0.0<br/><b>LY2ACRES</b>: 0.0<br/><b>LY2LNDVAL</b>: 0.0<br/><b>LY2IMPVAL</b>: 0.0<br/><b>LY2PPVAL</b>: 0.0<br/><b>LY2EXCD</b>:  <br/><b>LY2EXVAL</b>: 0.0<br/><b>OWNERNUM</b>: 0.0<br/><b>OWNERDEN</b>: 0.0<br/><b>ETALFLAG</b>: N<br/><b>UPDDATE</b>: 20250908<br/><b>LASTUPDATE</b>: 20250908<br/><b>LOTSQFT</b>: 0.0<br/><b>OLDPARCEL</b>:  <br/><b>INACTPCL</b>: 010630022<br/><b>INACTREF</b>: 0.0<br/><b>FILLER2</b>:  <br/><b>PCLBOOK3</b>: 139<br/><b>PCL5</b>: 13928<br/><b>PCL6</b>: 139288<br/><b>PCL8</b>: 13928801<br/><b>OLDBOOK</b>: 139<br/><b>OLDPCL</b>: 139288010<br/><b>OLDPAGE</b>: 288<br/><b>OLDLOT</b>: 010<br/><b>OLDFILL</b>: 03<br/><b>ZIPMAIN</b>: 89106.0<br/><b>ZIPLUS4</b>: 0.0<br/><b>LOCATION</b>: 001001   W BONANZA               RD  L<br/><b>STR</b>: 2820  61<br/><b>ADBOOK</b>: 0000<br/><b>ADPAGE</b>: 0000<br/><b>ADDR_OWN</b>: LAS VEGAS REVIEW-JOURNAL INC    C/O S HALL CFO                  1111 W BONANZA RD               LAS VEGAS NV 89106<br/><b>ADDRESS</b>: 001001   W BONANZA               RD<br/><b>INACTNEWPC</b>:  <br/><b>LUCODE</b>: 610.0<br/><b>SHAPE_LE_1</b>: 1798.48543747<br/><b>Shape__Area</b>: 165480.259765625<br/><b>Shape__Length</b>: 1798.4854374785034]]></description>
  <Point>
    <coordinates>-115.1594353024526,36.17560730900197,0</coordinates>
  </Point>
</Placemark>
<Placemark>
  <name>0</name>
  <styleUrl>#billboard</styleUrl>
  <description><![CDATA[<b>OBJECTID_BILLBOARD</b>: 34<br/><b>LVBOARDS_</b>: 44<br/><b>LVBOARDS_I</b>: 13<br/><b>SIGN_TYPE</b>: 45<br/><b>STREET_NUM</b>: 720<br/><b>STREET_DIR</b>: W<br/><b>STREET_NAM</b>: Mesquite<br/><b>PARCEL</b>: 13928802001<br/><b>PARCELOLD</b>: 13928802001<br/><b>APPLICANT</b>: LAMAR<br/><b>SIGN_AREA</b>: 672<br/><b>SIGN_HEIGH</b>: 70<br/><b>TAG_NUM</b>: 0<br/><b>APPLY_DATE</b>:  <br/><b>NOTES_SUP</b>: U-77-97<br/><b>NOTES_VAR</b>:  <br/><b>NOTES_RQR</b>:  <br/><b>NOTES</b>:  <br/><b>SIZE_</b>: 14x48<br/><b>FIELD_CHEC</b>: 1<br/><b>FREEWAY</b>: 750<br/><b>APP_FIN</b>:  <br/><b>WARD_BILLBOARD</b>: 5<br/><b>LONGITUDE</b>: -115.1525814426174<br/><b>LATITUDE</b>: 36.174621949777844<br/><b>OBJECTID_1</b>: 586312.0<br/><b>CALC_ACRES</b>: 0.0<br/><b>ASSR_ACRES</b>: 3.91<br/><b>LABEL_CLAS</b>: 701.0<br/><b>PARCELTYPE</b>: 0.0<br/><b>PRCLID</b>: 13928802001<br/><b>PRCLKEY</b>: 701.0<br/><b>PRCLVER</b>: 701.0<br/><b>PCLBOOK</b>: 139<br/><b>PCLSEC</b>: 28<br/><b>PCLPAGE</b>: 8<br/><b>PCLSUBD</b>: 02<br/><b>PCLNO</b>: 001<br/><b>TAXDIST_SP</b>: 203.0<br/><b>FDPHANTOM</b>: 2324-89<br/><b>FIREMAPNO</b>: 2324.0<br/><b>CENTRACT</b>: 301.0<br/><b>SHAPE_LENG</b>: 35552.9137961<br/><b>PRECINCT</b>: 4030.0<br/><b>COMMISSION</b>: D<br/><b>ASSEMBLY</b>: 6.0<br/><b>SENATE</b>: 4.0<br/><b>CONGRESS</b>: 4.0<br/><b>TAZ</b>: 416.0<br/><b>PERIMETER</b>: 265026.231717<br/><b>WARD_PARCEL</b>: 5<br/><b>CNTY_IS</b>: 0.0<br/><b>SHADE</b>: 113.0<br/><b>ACRES</b>: 9805.19074535<br/><b>SQ_MILES</b>: 15.32061054<br/><b>ZIP</b>: 89106.0<br/><b>OBJECTID_PARCEL</b>: 313655.0<br/><b>TAXDIST</b>: 203.0<br/><b>OWNER</b>: N V D D HOLDING R P 5 L L C<br/><b>ADDRESS1</b>: 4830 E CARTIER AVE<br/><b>ADDRESS2</b>: LAS VEGAS NV 89115<br/><b>ADDRESS3</b>:  <br/><b>ADDRESS4</b>:  <br/><b>ADDRESS5</b>:  <br/><b>NAMETAG</b>:  <br/><b>ZIPCODE</b>: 891150000.0<br/><b>COMNAME</b>:  <br/><b>STRNO</b>: 800.0<br/><b>STRFRAC</b>:  <br/><b>STRDIR</b>: W<br/><b>STRNAME</b>: MESQUITE<br/><b>STRTYPE</b>: AVE<br/><b>STRCITY</b>: LV<br/><b>STRUNIT</b>:  <br/><b>COMMENT1</b>:  <br/><b>COMMENT2</b>:  <br/><b>FIXD</b>: 00000000<br/><b>SUBTAG</b>:  <br/><b>LEGAL1</b>: PT S2 SW4 SEC 27 20 61 &amp; PT S2<br/><b>LEGAL2</b>: SE4 SEC 28 20 61<br/><b>LEGAL3</b>:  <br/><b>LEGAL4</b>:  <br/><b>LEGAL5</b>:  <br/><b>LEGAL6</b>:  <br/><b>ASSDYR</b>: 2027.0<br/><b>CONSTYR</b>: 1977.0<br/><b>DOCDATE</b>: 20140320<br/><b>FILLER1</b>:  <br/><b>DOCNO</b>: 2014032001990<br/><b>DOCMULTI</b>:  <br/><b>DOCVEST</b>: NS<br/><b>SALEPRICE</b>: 2000000.0<br/><b>SALETYPE</b>: R<br/><b>SALEDATE</b>: 20140301<br/><b>PORTION</b>:  <br/><b>BK1</b>:  <br/><b>BK2</b>:  <br/><b>SECTNO</b>: 28<br/><b>TOWNSHIP</b>: 20<br/><b>RANGE</b>: 61<br/><b>LANDUSE</b>: 210000.0<br/><b>CAPACITY</b>: 1.0<br/><b>LANDCD1</b>:  <br/><b>LANDACRE1</b>: 4.0<br/><b>LANDVAL1</b>: 447090.0<br/><b>LANDCD2</b>:  <br/><b>LANDACRE2</b>: 0.0<br/><b>LANDVAL2</b>: 0.0<br/><b>IMPVAL</b>: 182275.0<br/><b>PRCD1</b>:  <br/><b>PRVAL1</b>: 0.0<br/><b>PRCD2</b>:  <br/><b>PRVAL2</b>: 0.0<br/><b>PRCD3</b>:  <br/><b>PRVAL3</b>: 0.0<br/><b>EXMPCD</b>:  <br/><b>EXMPVAL</b>: 0.0<br/><b>LYACRES</b>: 0.0<br/><b>LYLNDVAL</b>: 417284.0<br/><b>LYIMPVAL</b>: 185873.0<br/><b>LYPPVAL</b>: 0.0<br/><b>LYEXCD</b>:  <br/><b>LYEXVAL</b>: 0.0<br/><b>LY2ACRES</b>: 0.0<br/><b>LY2LNDVAL</b>: 0.0<br/><b>LY2IMPVAL</b>: 0.0<br/><b>LY2PPVAL</b>: 0.0<br/><b>LY2EXCD</b>:  <br/><b>LY2EXVAL</b>: 0.0<br/><b>OWNERNUM</b>: 0.0<br/><b>OWNERDEN</b>: 0.0<br/><b>ETALFLAG</b>: N<br/><b>UPDDATE</b>: 20240617<br/><b>LASTUPDATE</b>: 20240617<br/><b>LOTSQFT</b>: 0.0<br/><b>OLDPARCEL</b>:  <br/><b>INACTPCL</b>: 13928802001<br/><b>INACTREF</b>: 0.0<br/><b>FILLER2</b>:  <br/><b>PCLBOOK3</b>: 139<br/><b>PCL5</b>: 13928<br/><b>PCL6</b>: 139288<br/><b>PCL8</b>: 13928802<br/><b>OLDBOOK</b>: 139<br/><b>OLDPCL</b>: 139288020<br/><b>OLDPAGE</b>: 288<br/><b>OLDLOT</b>: 020<br/><b>OLDFILL</b>: 01<br/><b>ZIPMAIN</b>: 89115.0<br/><b>ZIPLUS4</b>: 0.0<br/><b>LOCATION</b>: 000800   W MESQUITE              AVE L<br/><b>STR</b>: 2820  61<br/><b>ADBOOK</b>: 0000<br/><b>ADPAGE</b>: 0000<br/><b>ADDR_OWN</b>: N V D D HOLDING R P 5 L L C     4830 E CARTIER AVE              LAS VEGAS NV 89115<br/><b>ADDRESS</b>: 000800   W MESQUITE              AVE<br/><b>INACTNEWPC</b>:  <br/><b>LUCODE</b>: 210.0<br/><b>SHAPE_LE_1</b>: 1852.52545406<br/><b>Shape__Area</b>: 168843.76171875<br/><b>Shape__Length</b>: 1852.5254540558774]]></description>
  <Point>
    <coordinates>-115.1525814426174,36.174621949777844,0</coordinates>
  </Point>
</Placemark>
<Placemark>
  <name>0</name>
  <styleUrl>#billboard</styleUrl>
  <description><![CDATA[<b>OBJECTID_BILLBOARD</b>: 75<br/><b>LVBOARDS_</b>: 88<br/><b>LVBOARDS_I</b>: 20<br/><b>SIGN_TYPE</b>: 45<br/><b>STREET_NUM</b>: 81<br/><b>STREET_DIR</b>: S<br/><b>STREET_NAM</b>: Martin L. King<br/><b>PARCEL</b>: 13933510002<br/><b>PARCELOLD</b>: 13933510002<br/><b>APPLICANT</b>: DONREY<br/><b>SIGN_AREA</b>: 672<br/><b>SIGN_HEIGH</b>: 0<br/><b>TAG_NUM</b>: 0<br/><b>APPLY_DATE</b>:  <br/><b>NOTES_SUP</b>:  <br/><b>NOTES_VAR</b>: V-20-91<br/><b>NOTES_RQR</b>: RQR-33830; V-20-91(1)&amp;(2)<br/><b>NOTES</b>:  <br/><b>SIZE_</b>: 14x48<br/><b>FIELD_CHEC</b>: 1<br/><b>FREEWAY</b>: 750<br/><b>APP_FIN</b>:  <br/><b>WARD_BILLBOARD</b>: 5<br/><b>LONGITUDE</b>: -115.1579940607996<br/><b>LATITUDE</b>: 36.173644371741965<br/><b>OBJECTID_1</b>: 590521.0<br/><b>CALC_ACRES</b>: 0.0<br/><b>ASSR_ACRES</b>: 0.0<br/><b>LABEL_CLAS</b>: 807.0<br/><b>PARCELTYPE</b>: 0.0<br/><b>PRCLID</b>: 13933510002<br/><b>PRCLKEY</b>: 807.0<br/><b>PRCLVER</b>: 807.0<br/><b>PCLBOOK</b>: 139<br/><b>PCLSEC</b>: 33<br/><b>PCLPAGE</b>: 5<br/><b>PCLSUBD</b>: 10<br/><b>PCLNO</b>: 002<br/><b>TAXDIST_SP</b>: 203.0<br/><b>FDPHANTOM</b>: 2424-16<br/><b>FIREMAPNO</b>: 2424.0<br/><b>CENTRACT</b>: 301.0<br/><b>SHAPE_LENG</b>: 35552.9137961<br/><b>PRECINCT</b>: 4612.0<br/><b>COMMISSION</b>: D<br/><b>ASSEMBLY</b>: 11.0<br/><b>SENATE</b>: 2.0<br/><b>CONGRESS</b>: 4.0<br/><b>TAZ</b>: 450.0<br/><b>PERIMETER</b>: 161583.305707<br/><b>WARD_PARCEL</b>: 1<br/><b>CNTY_IS</b>: 0.0<br/><b>SHADE</b>: 83.0<br/><b>ACRES</b>: 11202.3105405<br/><b>SQ_MILES</b>: 17.50361022<br/><b>ZIP</b>: 89106.0<br/><b>OBJECTID_PARCEL</b>: 319792.0<br/><b>TAXDIST</b>: 203.0<br/><b>OWNER</b>: CLARK COUNTY<br/><b>ADDRESS1</b>: C/O DIRECTOR ~ REAL PPTY MGMT<br/><b>ADDRESS2</b>: 500 S GRAND CENTRAL PKWY 4TH FL<br/><b>ADDRESS3</b>: LAS VEGAS NV 89155<br/><b>ADDRESS4</b>:  <br/><b>ADDRESS5</b>:  <br/><b>NAMETAG</b>:  <br/><b>ZIPCODE</b>: 891550000.0<br/><b>COMNAME</b>:  <br/><b>STRNO</b>: 73.0<br/><b>STRFRAC</b>:  <br/><b>STRDIR</b>: S<br/><b>STRNAME</b>: MARTIN L KING<br/><b>STRTYPE</b>: BLVD<br/><b>STRCITY</b>: LV<br/><b>STRUNIT</b>:  <br/><b>COMMENT1</b>:  <br/><b>COMMENT2</b>:  <br/><b>FIXD</b>: PB00480089PT      L1<br/><b>SUBTAG</b>:  <br/><b>LEGAL1</b>: LEVITZ PLAZA<br/><b>LEGAL2</b>: PLAT BOOK 48 PAGE 89<br/><b>LEGAL3</b>: PT LOT 1<br/><b>LEGAL4</b>:  <br/><b>LEGAL5</b>:  <br/><b>LEGAL6</b>:  <br/><b>ASSDYR</b>: 2027.0<br/><b>CONSTYR</b>: 1991.0<br/><b>DOCDATE</b>: 20250401<br/><b>FILLER1</b>:  <br/><b>DOCNO</b>: 2025040101935<br/><b>DOCMULTI</b>:  <br/><b>DOCVEST</b>: NS<br/><b>SALEPRICE</b>: 14200000.0<br/><b>SALETYPE</b>: R<br/><b>SALEDATE</b>: 20031001<br/><b>PORTION</b>:  <br/><b>BK1</b>:  <br/><b>BK2</b>:  <br/><b>SECTNO</b>: 33<br/><b>TOWNSHIP</b>: 20<br/><b>RANGE</b>: 61<br/><b>LANDUSE</b>: 358000.0<br/><b>CAPACITY</b>: 1.0<br/><b>LANDCD1</b>:  <br/><b>LANDACRE1</b>: 8.0<br/><b>LANDVAL1</b>: 1028874.0<br/><b>LANDCD2</b>:  <br/><b>LANDACRE2</b>: 0.0<br/><b>LANDVAL2</b>: 0.0<br/><b>IMPVAL</b>: 3521190.0<br/><b>PRCD1</b>:  <br/><b>PRVAL1</b>: 0.0<br/><b>PRCD2</b>:  <br/><b>PRVAL2</b>: 0.0<br/><b>PRCD3</b>:  <br/><b>PRVAL3</b>: 0.0<br/><b>EXMPCD</b>: 60<br/><b>EXMPVAL</b>: 4550064.0<br/><b>LYACRES</b>: 0.0<br/><b>LYLNDVAL</b>: 1028874.0<br/><b>LYIMPVAL</b>: 3586488.0<br/><b>LYPPVAL</b>: 0.0<br/><b>LYEXCD</b>:  <br/><b>LYEXVAL</b>: 4615362.0<br/><b>LY2ACRES</b>: 0.0<br/><b>LY2LNDVAL</b>: 0.0<br/><b>LY2IMPVAL</b>: 0.0<br/><b>LY2PPVAL</b>: 0.0<br/><b>LY2EXCD</b>:  <br/><b>LY2EXVAL</b>: 0.0<br/><b>OWNERNUM</b>: 0.0<br/><b>OWNERDEN</b>: 0.0<br/><b>ETALFLAG</b>: N<br/><b>UPDDATE</b>: 20240617<br/><b>LASTUPDATE</b>: 20240617<br/><b>LOTSQFT</b>: 0.0<br/><b>OLDPARCEL</b>:  <br/><b>INACTPCL</b>: 13933510001<br/><b>INACTREF</b>: 0.0<br/><b>FILLER2</b>:  <br/><b>PCLBOOK3</b>: 139<br/><b>PCL5</b>: 13933<br/><b>PCL6</b>: 139335<br/><b>PCL8</b>: 13933510<br/><b>OLDBOOK</b>: 139<br/><b>OLDPCL</b>: 139335100<br/><b>OLDPAGE</b>: 335<br/><b>OLDLOT</b>: 100<br/><b>OLDFILL</b>: 02<br/><b>ZIPMAIN</b>: 89155.0<br/><b>ZIPLUS4</b>: 0.0<br/><b>LOCATION</b>: 000073   S MARTIN L KING         BLVDL<br/><b>STR</b>: 3320  61<br/><b>ADBOOK</b>: 0048<br/><b>ADPAGE</b>: 0089<br/><b>ADDR_OWN</b>: CLARK COUNTY                    C/O DIRECTOR ~ REAL PPTY MGMT   500 S GRAND CENTRAL PKWY 4TH FL LAS VEGAS NV 89155<br/><b>ADDRESS</b>: 000073   S MARTIN L KING         BLVD<br/><b>INACTNEWPC</b>:  <br/><b>LUCODE</b>: 358.0<br/><b>SHAPE_LE_1</b>: 2982.92399665<br/><b>Shape__Area</b>: 356302.736328125<br/><b>Shape__Length</b>: 2982.9239966612954]]></description>
  <Point>
    <coordinates>-115.1579940607996,36.173644371741965,0</coordinates>
  </Point>
</Placemark>
<Placemark>
  <name>0</name>
  <styleUrl>#billboard</styleUrl>
  <description><![CDATA[<b>OBJECTID_BILLBOARD</b>: 76<br/><b>LVBOARDS_</b>: 89<br/><b>LVBOARDS_I</b>: 13<br/><b>SIGN_TYPE</b>: 45<br/><b>STREET_NUM</b>: 720<br/><b>STREET_DIR</b>: W<br/><b>STREET_NAM</b>: Mesquite<br/><b>PARCEL</b>: 13928802001<br/><b>PARCELOLD</b>: 13928802001<br/><b>APPLICANT</b>: LAMAR<br/><b>SIGN_AREA</b>: 672<br/><b>SIGN_HEIGH</b>: 85<br/><b>TAG_NUM</b>: 0<br/><b>APPLY_DATE</b>:  <br/><b>NOTES_SUP</b>: U-77-97<br/><b>NOTES_VAR</b>:  <br/><b>NOTES_RQR</b>:  <br/><b>NOTES</b>:  <br/><b>SIZE_</b>: 14x48<br/><b>FIELD_CHEC</b>: 1<br/><b>FREEWAY</b>: 750<br/><b>APP_FIN</b>:  <br/><b>WARD_BILLBOARD</b>: 5<br/><b>LONGITUDE</b>: -115.15186406318129<br/><b>LATITUDE</b>: 36.17606737962347<br/><b>OBJECTID_1</b>: 586312.0<br/><b>CALC_ACRES</b>: 0.0<br/><b>ASSR_ACRES</b>: 3.91<br/><b>LABEL_CLAS</b>: 701.0<br/><b>PARCELTYPE</b>: 0.0<br/><b>PRCLID</b>: 13928802001<br/><b>PRCLKEY</b>: 701.0<br/><b>PRCLVER</b>: 701.0<br/><b>PCLBOOK</b>: 139<br/><b>PCLSEC</b>: 28<br/><b>PCLPAGE</b>: 8<br/><b>PCLSUBD</b>: 02<br/><b>PCLNO</b>: 001<br/><b>TAXDIST_SP</b>: 203.0<br/><b>FDPHANTOM</b>: 2324-89<br/><b>FIREMAPNO</b>: 2324.0<br/><b>CENTRACT</b>: 301.0<br/><b>SHAPE_LENG</b>: 35552.9137961<br/><b>PRECINCT</b>: 4030.0<br/><b>COMMISSION</b>: D<br/><b>ASSEMBLY</b>: 6.0<br/><b>SENATE</b>: 4.0<br/><b>CONGRESS</b>: 4.0<br/><b>TAZ</b>: 416.0<br/><b>PERIMETER</b>: 265026.231717<br/><b>WARD_PARCEL</b>: 5<br/><b>CNTY_IS</b>: 0.0<br/><b>SHADE</b>: 113.0<br/><b>ACRES</b>: 9805.19074535<br/><b>SQ_MILES</b>: 15.32061054<br/><b>ZIP</b>: 89106.0<br/><b>OBJECTID_PARCEL</b>: 313655.0<br/><b>TAXDIST</b>: 203.0<br/><b>OWNER</b>: N V D D HOLDING R P 5 L L C<br/><b>ADDRESS1</b>: 4830 E CARTIER AVE<br/><b>ADDRESS2</b>: LAS VEGAS NV 89115<br/><b>ADDRESS3</b>:  <br/><b>ADDRESS4</b>:  <br/><b>ADDRESS5</b>:  <br/><b>NAMETAG</b>:  <br/><b>ZIPCODE</b>: 891150000.0<br/><b>COMNAME</b>:  <br/><b>STRNO</b>: 800.0<br/><b>STRFRAC</b>:  <br/><b>STRDIR</b>: W<br/><b>STRNAME</b>: MESQUITE<br/><b>STRTYPE</b>: AVE<br/><b>STRCITY</b>: LV<br/><b>STRUNIT</b>:  <br/><b>COMMENT1</b>:  <br/><b>COMMENT2</b>:  <br/><b>FIXD</b>: 00000000<br/><b>SUBTAG</b>:  <br/><b>LEGAL1</b>: PT S2 SW4 SEC 27 20 61 &amp; PT S2<br/><b>LEGAL2</b>: SE4 SEC 28 20 61<br/><b>LEGAL3</b>:  <br/><b>LEGAL4</b>:  <br/><b>LEGAL5</b>:  <br/><b>LEGAL6</b>:  <br/><b>ASSDYR</b>: 2027.0<br/><b>CONSTYR</b>: 1977.0<br/><b>DOCDATE</b>: 20140320<br/><b>FILLER1</b>:  <br/><b>DOCNO</b>: 2014032001990<br/><b>DOCMULTI</b>:  <br/><b>DOCVEST</b>: NS<br/><b>SALEPRICE</b>: 2000000.0<br/><b>SALETYPE</b>: R<br/><b>SALEDATE</b>: 20140301<br/><b>PORTION</b>:  <br/><b>BK1</b>:  <br/><b>BK2</b>:  <br/><b>SECTNO</b>: 28<br/><b>TOWNSHIP</b>: 20<br/><b>RANGE</b>: 61<br/><b>LANDUSE</b>: 210000.0<br/><b>CAPACITY</b>: 1.0<br/><b>LANDCD1</b>:  <br/><b>LANDACRE1</b>: 4.0<br/><b>LANDVAL1</b>: 447090.0<br/><b>LANDCD2</b>:  <br/><b>LANDACRE2</b>: 0.0<br/><b>LANDVAL2</b>: 0.0<br/><b>IMPVAL</b>: 182275.0<br/><b>PRCD1</b>:  <br/><b>PRVAL1</b>: 0.0<br/><b>PRCD2</b>:  <br/><b>PRVAL2</b>: 0.0<br/><b>PRCD3</b>:  <br/><b>PRVAL3</b>: 0.0<br/><b>EXMPCD</b>:  <br/><b>EXMPVAL</b>: 0.0<br/><b>LYACRES</b>: 0.0<br/><b>LYLNDVAL</b>: 417284.0<br/><b>LYIMPVAL</b>: 185873.0<br/><b>LYPPVAL</b>: 0.0<br/><b>LYEXCD</b>:  <br/><b>LYEXVAL</b>: 0.0<br/><b>LY2ACRES</b>: 0.0<br/><b>LY2LNDVAL</b>: 0.0<br/><b>LY2IMPVAL</b>: 0.0<br/><b>LY2PPVAL</b>: 0.0<br/><b>LY2EXCD</b>:  <br/><b>LY2EXVAL</b>: 0.0<br/><b>OWNERNUM</b>: 0.0<br/><b>OWNERDEN</b>: 0.0<br/><b>ETALFLAG</b>: N<br/><b>UPDDATE</b>: 20240617<br/><b>LASTUPDATE</b>: 20240617<br/><b>LOTSQFT</b>: 0.0<br/><b>OLDPARCEL</b>:  <br/><b>INACTPCL</b>: 13928802001<br/><b>INACTREF</b>: 0.0<br/><b>FILLER2</b>:  <br/><b>PCLBOOK3</b>: 139<br/><b>PCL5</b>: 13928<br/><b>PCL6</b>: 139288<br/><b>PCL8</b>: 13928802<br/><b>OLDBOOK</b>: 139<br/><b>OLDPCL</b>: 139288020<br/><b>OLDPAGE</b>: 288<br/><b>OLDLOT</b>: 020<br/><b>OLDFILL</b>: 01<br/><b>ZIPMAIN</b>: 89115.0<br/><b>ZIPLUS4</b>: 0.0<br/><b>LOCATION</b>: 000800   W MESQUITE              AVE L<br/><b>STR</b>: 2820  61<br/><b>ADBOOK</b>: 0000<br/><b>ADPAGE</b>: 0000<br/><b>ADDR_OWN</b>: N V D D HOLDING R P 5 L L C     4830 E CARTIER AVE              LAS VEGAS NV 89115<br/><b>ADDRESS</b>: 000800   W MESQUITE              AVE<br/><b>INACTNEWPC</b>:  <br/><b>LUCODE</b>: 210.0<br/><b>SHAPE_LE_1</b>: 1852.52545406<br/><b>Shape__Area</b>: 168843.76171875<br/><b>Shape__Length</b>: 1852.5254540558774]]></description>
  <Point>
    <coordinates>-115.15186406318129,36.17606737962347,0</coordinates>
  </Point>
</Placemark>
<Placemark>
  <name>0</name>
  <styleUrl>#billboard</styleUrl>
  <description><![CDATA[<b>OBJECTID_BILLBOARD</b>: 80<br/><b>LVBOARDS_</b>: 93<br/><b>LVBOARDS_I</b>: 15<br/><b>SIGN_TYPE</b>: 45<br/><b>STREET_NUM</b>: 831<br/><b>STREET_DIR</b>: W<br/><b>STREET_NAM</b>: Bonanza<br/><b>PARCEL</b>: 13928801010<br/><b>PARCELOLD</b>: 13928801010<br/><b>APPLICANT</b>: Clear Channel Outdoor<br/><b>SIGN_AREA</b>: 672<br/><b>SIGN_HEIGH</b>: 40<br/><b>TAG_NUM</b>: 0<br/><b>APPLY_DATE</b>:  <br/><b>NOTES_SUP</b>: U-86-86<br/><b>NOTES_VAR</b>:  <br/><b>NOTES_RQR</b>: RQR-33344; U-86-86(1)&amp;(2)<br/><b>NOTES</b>:  <br/><b>SIZE_</b>: 14x48<br/><b>FIELD_CHEC</b>: 1<br/><b>FREEWAY</b>: 750<br/><b>APP_FIN</b>:  <br/><b>WARD_BILLBOARD</b>: 5<br/><b>LONGITUDE</b>: -115.15270280972318<br/><b>LATITUDE</b>: 36.176808424098404]]></description>
  <Point>
    <coordinates>-115.15270280972318,36.176808424098404,0</coordinates>
  </Point>
</Placemark>
</Folder>
<Folder><name>AA</name>
<Placemark>
  <name>963</name>
  <styleUrl>#billboard</styleUrl>
  <description><![CDATA[<b>OBJECTID_BILLBOARD</b>: 2<br/><b>LVBOARDS_</b>: 6<br/><b>LVBOARDS_I</b>: 12<br/><b>SIGN_TYPE</b>: AA<br/><b>STREET_NUM</b>: 4950<br/><b>STREET_DIR</b>: N<br/><b>STREET_NAM</b>: RANCHO<br/><b>PARCEL</b>: 12535401001<br/><b>PARCELOLD</b>: 12535401001<br/><b>APPLICANT</b>: LAMAR<br/><b>SIGN_AREA</b>: 672<br/><b>SIGN_HEIGH</b>: 40<br/><b>TAG_NUM</b>: 963<br/><b>APPLY_DATE</b>: 6/14/95<br/><b>NOTES_SUP</b>: U-37-95<br/><b>NOTES_VAR</b>:  <br/><b>NOTES_RQR</b>: RQR-18680; RQR-9375; RQR-5166<br/><b>NOTES</b>:  <br/><b>SIZE_</b>: 14x48<br/><b>FIELD_CHEC</b>: 1<br/><b>FREEWAY</b>: 300<br/><b>APP_FIN</b>:  <br/><b>WARD_BILLBOARD</b>: 6<br/><b>LONGITUDE</b>: -115.24194943722554<br/><b>LATITUDE</b>: 36.25063566373091]]></description>
  <Point>
    <coordinates>-115.24194943722554,36.25063566373091,0</coordinates>
  </Point>
</Placemark>
<Placemark>
  <name>756</name>
  <styleUrl>#billboard</styleUrl>
  <description><![CDATA[<b>OBJECTID_BILLBOARD</b>: 7<br/><b>LVBOARDS_</b>: 11<br/><b>LVBOARDS_I</b>: 8<br/><b>SIGN_TYPE</b>: AA<br/><b>STREET_NUM</b>: 3282<br/><b>STREET_DIR</b>: N<br/><b>STREET_NAM</b>: RANCHO<br/><b>PARCEL</b>: 13812810042<br/><b>PARCELOLD</b>: 13812810042<br/><b>APPLICANT</b>: LAMAR<br/><b>SIGN_AREA</b>: 672<br/><b>SIGN_HEIGH</b>: 40<br/><b>TAG_NUM</b>: 756<br/><b>APPLY_DATE</b>: 2/3/95<br/><b>NOTES_SUP</b>: U-288-94<br/><b>NOTES_VAR</b>:  <br/><b>NOTES_RQR</b>: U-288-94(1)<br/><b>NOTES</b>:  <br/><b>SIZE_</b>: 14x48<br/><b>FIELD_CHEC</b>: 1<br/><b>FREEWAY</b>: 300<br/><b>APP_FIN</b>:  <br/><b>WARD_BILLBOARD</b>: 6<br/><b>LONGITUDE</b>: -115.2129763279711<br/><b>LATITUDE</b>: 36.218440837194834<br/><b>OBJECTID_1</b>: 588073.0<br/><b>CALC_ACRES</b>: 0.0<br/><b>ASSR_ACRES</b>: 3.08<br/><b>LABEL_CLAS</b>: 811.0<br/><b>PARCELTYPE</b>: 0.0<br/><b>PRCLID</b>: 13812810042<br/><b>PRCLKEY</b>: 811.0<br/><b>PRCLVER</b>: 811.0<br/><b>PCLBOOK</b>: 138<br/><b>PCLSEC</b>: 12<br/><b>PCLPAGE</b>: 8<br/><b>PCLSUBD</b>: 10<br/><b>PCLNO</b>: 042<br/><b>TAXDIST_SP</b>: 200.0<br/><b>FDPHANTOM</b>: 1921-97<br/><b>FIREMAPNO</b>: 1921.0<br/><b>CENTRACT</b>: 3414.0<br/><b>SHAPE_LENG</b>: 26731.4310858<br/><b>PRECINCT</b>: 2037.0<br/><b>COMMISSION</b>: B<br/><b>ASSEMBLY</b>: 7.0<br/><b>SENATE</b>: 4.0<br/><b>CONGRESS</b>: 4.0<br/><b>TAZ</b>: 231.0<br/><b>PERIMETER</b>: 265026.231717<br/><b>WARD_PARCEL</b>: 5<br/><b>CNTY_IS</b>: 0.0<br/><b>SHADE</b>: 113.0<br/><b>ACRES</b>: 9805.19074535<br/><b>SQ_MILES</b>: 15.32061054<br/><b>ZIP</b>: 89130.0<br/><b>OBJECTID_PARCEL</b>: 214411.0<br/><b>TAXDIST</b>: 200.0<br/><b>OWNER</b>: RANCHO SELF STORAGE L L C<br/><b>ADDRESS1</b>: C/O S KAOHU<br/><b>ADDRESS2</b>: 530 LOMAS SANTA FE DR # C<br/><b>ADDRESS3</b>: SOLANA BEACH CA 92075-1346<br/><b>ADDRESS4</b>:  <br/><b>ADDRESS5</b>:  <br/><b>NAMETAG</b>:  <br/><b>ZIPCODE</b>: 920751346.0<br/><b>COMNAME</b>:  <br/><b>STRNO</b>: 3200.0<br/><b>STRFRAC</b>:  <br/><b>STRDIR</b>: N<br/><b>STRNAME</b>: RANCHO<br/><b>STRTYPE</b>: DR<br/><b>STRCITY</b>: LV<br/><b>STRUNIT</b>:  <br/><b>COMMENT1</b>:  <br/><b>COMMENT2</b>:  <br/><b>FIXD</b>: PB00030086PTB1    L1<br/><b>SUBTAG</b>:  <br/><b>LEGAL1</b>: ELSTNER EST SUB<br/><b>LEGAL2</b>: PLAT BOOK 3 PAGE 86<br/><b>LEGAL3</b>: PT LOT 1 BLOCK 1<br/><b>LEGAL4</b>: &amp; PT LOTS 2,3,5,20 LOT 4 (PARCEL<br/><b>LEGAL5</b>: MAP 67-94 LOT 1)<br/><b>LEGAL6</b>:  <br/><b>ASSDYR</b>: 2027.0<br/><b>CONSTYR</b>: 1997.0<br/><b>DOCDATE</b>: 20030129<br/><b>FILLER1</b>:  <br/><b>DOCNO</b>: 2003012902172<br/><b>DOCMULTI</b>:  <br/><b>DOCVEST</b>: NS<br/><b>SALEPRICE</b>: 6400000.0<br/><b>SALETYPE</b>: R<br/><b>SALEDATE</b>: 20030101<br/><b>PORTION</b>:  <br/><b>BK1</b>:  <br/><b>BK2</b>:  <br/><b>SECTNO</b>: 12<br/><b>TOWNSHIP</b>: 20<br/><b>RANGE</b>: 60<br/><b>LANDUSE</b>: 250000.0<br/><b>CAPACITY</b>: 788.0<br/><b>LANDCD1</b>:  <br/><b>LANDACRE1</b>: 3.0<br/><b>LANDVAL1</b>: 516535.0<br/><b>LANDCD2</b>:  <br/><b>LANDACRE2</b>: 0.0<br/><b>LANDVAL2</b>: 0.0<br/><b>IMPVAL</b>: 1416086.0<br/><b>PRCD1</b>:  <br/><b>PRVAL1</b>: 0.0<br/><b>PRCD2</b>:  <br/><b>PRVAL2</b>: 0.0<br/><b>PRCD3</b>:  <br/><b>PRVAL3</b>: 0.0<br/><b>EXMPCD</b>:  <br/><b>EXMPVAL</b>: 0.0<br/><b>LYACRES</b>: 0.0<br/><b>LYLNDVAL</b>: 469578.0<br/><b>LYIMPVAL</b>: 1427050.0<br/><b>LYPPVAL</b>: 0.0<br/><b>LYEXCD</b>:  <br/><b>LYEXVAL</b>: 0.0<br/><b>LY2ACRES</b>: 0.0<br/><b>LY2LNDVAL</b>: 0.0<br/><b>LY2IMPVAL</b>: 0.0<br/><b>LY2PPVAL</b>: 0.0<br/><b>LY2EXCD</b>:  <br/><b>LY2EXVAL</b>: 0.0<br/><b>OWNERNUM</b>: 0.0<br/><b>OWNERDEN</b>: 0.0<br/><b>ETALFLAG</b>: N<br/><b>UPDDATE</b>: 20231117<br/><b>LASTUPDATE</b>: 20231117<br/><b>LOTSQFT</b>: 0.0<br/><b>OLDPARCEL</b>:  <br/><b>INACTPCL</b>: 13812810042<br/><b>INACTREF</b>: 0.0<br/><b>FILLER2</b>:  <br/><b>PCLBOOK3</b>: 138<br/><b>PCL5</b>: 13812<br/><b>PCL6</b>: 138128<br/><b>PCL8</b>: 13812810<br/><b>OLDBOOK</b>: 138<br/><b>OLDPCL</b>: 138128100<br/><b>OLDPAGE</b>: 128<br/><b>OLDLOT</b>: 100<br/><b>OLDFILL</b>: 42<br/><b>ZIPMAIN</b>: 92075.0<br/><b>ZIPLUS4</b>: 1346.0<br/><b>LOCATION</b>: 003200   N RANCHO                DR  L<br/><b>STR</b>: 1220  60<br/><b>ADBOOK</b>: 0003<br/><b>ADPAGE</b>: 0086<br/><b>ADDR_OWN</b>: RANCHO SELF STORAGE L L C       C/O S KAOHU                     530 LOMAS SANTA FE DR # C       SOLANA BEACH CA 92075-1346<br/><b>ADDRESS</b>: 003200   N RANCHO                DR<br/><b>INACTNEWPC</b>:  <br/><b>LUCODE</b>: 250.0<br/><b>SHAPE_LE_1</b>: 1706.14339651<br/><b>Shape__Area</b>: 133886.162109375<br/><b>Shape__Length</b>: 1706.1433965181263]]></description>
  <Point>
    <coordinates>-115.2129763279711,36.218440837194834,0</coordinates>
  </Point>
</Placemark>
<Placemark>
  <name>754</name>
  <styleUrl>#billboard</styleUrl>
  <description><![CDATA[<b>OBJECTID_BILLBOARD</b>: 8<br/><b>LVBOARDS_</b>: 12<br/><b>LVBOARDS_I</b>: 7<br/><b>SIGN_TYPE</b>: AA<br/><b>STREET_NUM</b>: 3201<br/><b>STREET_DIR</b>: N<br/><b>STREET_NAM</b>: RANCHO<br/><b>PARCEL</b>: 13812801011<br/><b>PARCELOLD</b>: 13812801011<br/><b>APPLICANT</b>: LAMAR<br/><b>SIGN_AREA</b>: 672<br/><b>SIGN_HEIGH</b>: 40<br/><b>TAG_NUM</b>: 754<br/><b>APPLY_DATE</b>: 2/1/95<br/><b>NOTES_SUP</b>: U-0260-94<br/><b>NOTES_VAR</b>:  <br/><b>NOTES_RQR</b>: RQR-24332; RQR-6792; U-260-94(1)<br/><b>NOTES</b>:  <br/><b>SIZE_</b>: 14x48<br/><b>FIELD_CHEC</b>: 1<br/><b>FREEWAY</b>: 300<br/><b>APP_FIN</b>:  <br/><b>WARD_BILLBOARD</b>: 6<br/><b>LONGITUDE</b>: -115.21295117271086<br/><b>LATITUDE</b>: 36.21754137202783<br/><b>OBJECTID_1</b>: 544411.0<br/><b>CALC_ACRES</b>: 0.0<br/><b>ASSR_ACRES</b>: 0.51<br/><b>LABEL_CLAS</b>: 701.0<br/><b>PARCELTYPE</b>: 0.0<br/><b>PRCLID</b>: 13812801011<br/><b>PRCLKEY</b>: 701.0<br/><b>PRCLVER</b>: 701.0<br/><b>PCLBOOK</b>: 138<br/><b>PCLSEC</b>: 12<br/><b>PCLPAGE</b>: 8<br/><b>PCLSUBD</b>: 01<br/><b>PCLNO</b>: 011<br/><b>TAXDIST_SP</b>: 200.0<br/><b>FDPHANTOM</b>: 1921-97<br/><b>FIREMAPNO</b>: 1921.0<br/><b>CENTRACT</b>: 3413.0<br/><b>SHAPE_LENG</b>: 25122.3741037<br/><b>PRECINCT</b>: 2009.0<br/><b>COMMISSION</b>: B<br/><b>ASSEMBLY</b>: 3.0<br/><b>SENATE</b>: 3.0<br/><b>CONGRESS</b>: 4.0<br/><b>TAZ</b>: 230.0<br/><b>PERIMETER</b>: 265026.231717<br/><b>WARD_PARCEL</b>: 5<br/><b>CNTY_IS</b>: 0.0<br/><b>SHADE</b>: 113.0<br/><b>ACRES</b>: 9805.19074535<br/><b>SQ_MILES</b>: 15.32061054<br/><b>ZIP</b>: 89130.0<br/><b>OBJECTID_PARCEL</b>: 214367.0<br/><b>TAXDIST</b>: 200.0<br/><b>OWNER</b>: BARTSAS MARY 1 L L C<br/><b>ADDRESS1</b>: C/O GALARDI GRP INC<br/><b>ADDRESS2</b>: 1775 FLIGHT WAY STE 125<br/><b>ADDRESS3</b>: TUSTIN CA 92782<br/><b>ADDRESS4</b>:  <br/><b>ADDRESS5</b>:  <br/><b>NAMETAG</b>:  <br/><b>ZIPCODE</b>: 927820000.0<br/><b>COMNAME</b>:  <br/><b>STRNO</b>: 3201.0<br/><b>STRFRAC</b>:  <br/><b>STRDIR</b>: N<br/><b>STRNAME</b>: RANCHO<br/><b>STRTYPE</b>: DR<br/><b>STRCITY</b>: LV<br/><b>STRUNIT</b>:  <br/><b>COMMENT1</b>:  <br/><b>COMMENT2</b>:  <br/><b>FIXD</b>: PM00140073        L1<br/><b>SUBTAG</b>:  <br/><b>LEGAL1</b>: PARCEL MAP FILE 14 PAGE 73<br/><b>LEGAL2</b>: LOT 1<br/><b>LEGAL3</b>:  <br/><b>LEGAL4</b>:  <br/><b>LEGAL5</b>:  <br/><b>LEGAL6</b>:  <br/><b>ASSDYR</b>: 2027.0<br/><b>CONSTYR</b>: 1978.0<br/><b>DOCDATE</b>: 20021205<br/><b>FILLER1</b>:  <br/><b>DOCNO</b>: 2002120501683<br/><b>DOCMULTI</b>:  <br/><b>DOCVEST</b>: NS<br/><b>SALEPRICE</b>: 560000.0<br/><b>SALETYPE</b>: R<br/><b>SALEDATE</b>: 20011001<br/><b>PORTION</b>:  <br/><b>BK1</b>:  <br/><b>BK2</b>:  <br/><b>SECTNO</b>: 12<br/><b>TOWNSHIP</b>: 20<br/><b>RANGE</b>: 60<br/><b>LANDUSE</b>: 358000.0<br/><b>CAPACITY</b>: 1.0<br/><b>LANDCD1</b>:  <br/><b>LANDACRE1</b>: 1.0<br/><b>LANDVAL1</b>: 124410.0<br/><b>LANDCD2</b>:  <br/><b>LANDACRE2</b>: 0.0<br/><b>LANDVAL2</b>: 0.0<br/><b>IMPVAL</b>: 65130.0<br/><b>PRCD1</b>:  <br/><b>PRVAL1</b>: 0.0<br/><b>PRCD2</b>:  <br/><b>PRVAL2</b>: 0.0<br/><b>PRCD3</b>:  <br/><b>PRVAL3</b>: 0.0<br/><b>EXMPCD</b>:  <br/><b>EXMPVAL</b>: 0.0<br/><b>LYACRES</b>: 0.0<br/><b>LYLNDVAL</b>: 116634.0<br/><b>LYIMPVAL</b>: 68575.0<br/><b>LYPPVAL</b>: 0.0<br/><b>LYEXCD</b>:  <br/><b>LYEXVAL</b>: 0.0<br/><b>LY2ACRES</b>: 0.0<br/><b>LY2LNDVAL</b>: 0.0<br/><b>LY2IMPVAL</b>: 0.0<br/><b>LY2PPVAL</b>: 0.0<br/><b>LY2EXCD</b>:  <br/><b>LY2EXVAL</b>: 0.0<br/><b>OWNERNUM</b>: 0.0<br/><b>OWNERDEN</b>: 0.0<br/><b>ETALFLAG</b>: N<br/><b>UPDDATE</b>: 20250818<br/><b>LASTUPDATE</b>: 20250818<br/><b>LOTSQFT</b>: 0.0<br/><b>OLDPARCEL</b>:  <br/><b>INACTPCL</b>: 13812801011<br/><b>INACTREF</b>: 0.0<br/><b>FILLER2</b>:  <br/><b>PCLBOOK3</b>: 138<br/><b>PCL5</b>: 13812<br/><b>PCL6</b>: 138128<br/><b>PCL8</b>: 13812801<br/><b>OLDBOOK</b>: 138<br/><b>OLDPCL</b>: 138128010<br/><b>OLDPAGE</b>: 128<br/><b>OLDLOT</b>: 010<br/><b>OLDFILL</b>: 11<br/><b>ZIPMAIN</b>: 92782.0<br/><b>ZIPLUS4</b>: 0.0<br/><b>LOCATION</b>: 003201   N RANCHO                DR  L<br/><b>STR</b>: 1220  60<br/><b>ADBOOK</b>: 0014<br/><b>ADPAGE</b>: 0073<br/><b>ADDR_OWN</b>: BARTSAS MARY 1 L L C            C/O GALARDI GRP INC             1775 FLIGHT WAY STE 125         TUSTIN CA 92782<br/><b>ADDRESS</b>: 003201   N RANCHO                DR<br/><b>INACTNEWPC</b>:  <br/><b>LUCODE</b>: 358.0<br/><b>SHAPE_LE_1</b>: 588.0277452<br/><b>Shape__Area</b>: 21845.951171875<br/><b>Shape__Length</b>: 588.0277452061596]]></description>
  <Point>
    <coordinates>-115.21295117271086,36.21754137202783,0</coordinates>
  </Point>
</Placemark>
<Placemark>
  <name>0</name>
  <styleUrl>#billboard</styleUrl>
  <description><![CDATA[<b>OBJECTID_BILLBOARD</b>: 9<br/><b>LVBOARDS_</b>: 13<br/><b>LVBOARDS_I</b>: 11<br/><b>SIGN_TYPE</b>: AA<br/><b>STREET_NUM</b>: 0<br/><b>STREET_DIR</b>: N<br/><b>STREET_NAM</b>: Rancho<br/><b>PARCEL</b>: 13813505001<br/><b>PARCELOLD</b>: 13813505001<br/><b>APPLICANT</b>: Clear Channel Outdoor<br/><b>SIGN_AREA</b>: 288<br/><b>SIGN_HEIGH</b>: 30<br/><b>TAG_NUM</b>: 0<br/><b>APPLY_DATE</b>:  <br/><b>NOTES_SUP</b>:  <br/><b>NOTES_VAR</b>:  <br/><b>NOTES_RQR</b>:  <br/><b>NOTES</b>: North Las Vegas<br/><b>SIZE_</b>: 12x24<br/><b>FIELD_CHEC</b>: 1<br/><b>FREEWAY</b>: 300<br/><b>APP_FIN</b>:  <br/><b>WARD_BILLBOARD</b>: NLV<br/><b>LONGITUDE</b>: -115.20859062397312<br/><b>LATITUDE</b>: 36.21384865551859<br/><b>OBJECTID_1</b>: 576782.0<br/><b>CALC_ACRES</b>: 0.0<br/><b>ASSR_ACRES</b>: 21.35<br/><b>LABEL_CLAS</b>: 701.0<br/><b>PARCELTYPE</b>: 0.0<br/><b>PRCLID</b>: 13813505001<br/><b>PRCLKEY</b>: 701.0<br/><b>PRCLVER</b>: 701.0<br/><b>PCLBOOK</b>: 138<br/><b>PCLSEC</b>: 13<br/><b>PCLPAGE</b>: 5<br/><b>PCLSUBD</b>: 05<br/><b>PCLNO</b>: 001<br/><b>TAXDIST_SP</b>: 250.0<br/><b>FDPHANTOM</b>: 2121-18<br/><b>FIREMAPNO</b>: 2121.0<br/><b>CENTRACT</b>: 3616.0<br/><b>SHAPE_LENG</b>: 42091.8115584<br/><b>PRECINCT</b>: 4039.0<br/><b>COMMISSION</b>: D<br/><b>ASSEMBLY</b>: 6.0<br/><b>SENATE</b>: 4.0<br/><b>CONGRESS</b>: 4.0<br/><b>TAZ</b>: 1139.0<br/><b>PERIMETER</b>: 0.0<br/><b>WARD_PARCEL</b>:  <br/><b>CNTY_IS</b>: 0.0<br/><b>SHADE</b>: 0.0<br/><b>ACRES</b>: 0.0<br/><b>SQ_MILES</b>: 0.0<br/><b>ZIP</b>: 89130.0<br/><b>OBJECTID_PARCEL</b>: 215187.0<br/><b>TAXDIST</b>: 250.0<br/><b>OWNER</b>: MOSSMAN MYRA<br/><b>ADDRESS1</b>: 1333 N ORANGE DR<br/><b>ADDRESS2</b>: HOLLYWOOD CA 90028<br/><b>ADDRESS3</b>:  <br/><b>ADDRESS4</b>:  <br/><b>ADDRESS5</b>:  <br/><b>NAMETAG</b>:  <br/><b>ZIPCODE</b>: 900280000.0<br/><b>COMNAME</b>:  <br/><b>STRNO</b>: 3100.0<br/><b>STRFRAC</b>:  <br/><b>STRDIR</b>: N<br/><b>STRNAME</b>: RANCHO<br/><b>STRTYPE</b>: DR<br/><b>STRCITY</b>: NLV<br/><b>STRUNIT</b>:  <br/><b>COMMENT1</b>:  <br/><b>COMMENT2</b>:  <br/><b>FIXD</b>: 00000000<br/><b>SUBTAG</b>:  <br/><b>LEGAL1</b>: PT NE4 NE4 SEC 13 20 60<br/><b>LEGAL2</b>:  <br/><b>LEGAL3</b>:  <br/><b>LEGAL4</b>:  <br/><b>LEGAL5</b>:  <br/><b>LEGAL6</b>:  <br/><b>ASSDYR</b>: 2027.0<br/><b>CONSTYR</b>: 0.0<br/><b>DOCDATE</b>: 20241024<br/><b>FILLER1</b>:  <br/><b>DOCNO</b>: 2024102402196<br/><b>DOCMULTI</b>:  <br/><b>DOCVEST</b>: NS<br/><b>SALEPRICE</b>: 0.0<br/><b>SALETYPE</b>:  <br/><b>SALEDATE</b>:  <br/><b>PORTION</b>:  <br/><b>BK1</b>:  <br/><b>BK2</b>:  <br/><b>SECTNO</b>: 13<br/><b>TOWNSHIP</b>: 20<br/><b>RANGE</b>: 60<br/><b>LANDUSE</b>: 0.0<br/><b>CAPACITY</b>: 0.0<br/><b>LANDCD1</b>:  <br/><b>LANDACRE1</b>: 21.0<br/><b>LANDVAL1</b>: 2050663.0<br/><b>LANDCD2</b>:  <br/><b>LANDACRE2</b>: 0.0<br/><b>LANDVAL2</b>: 0.0<br/><b>IMPVAL</b>: 0.0<br/><b>PRCD1</b>:  <br/><b>PRVAL1</b>: 0.0<br/><b>PRCD2</b>:  <br/><b>PRVAL2</b>: 0.0<br/><b>PRCD3</b>:  <br/><b>PRVAL3</b>: 0.0<br/><b>EXMPCD</b>:  <br/><b>EXMPVAL</b>: 0.0<br/><b>LYACRES</b>: 0.0<br/><b>LYLNDVAL</b>: 1992073.0<br/><b>LYIMPVAL</b>: 0.0<br/><b>LYPPVAL</b>: 0.0<br/><b>LYEXCD</b>:  <br/><b>LYEXVAL</b>: 0.0<br/><b>LY2ACRES</b>: 0.0<br/><b>LY2LNDVAL</b>: 0.0<br/><b>LY2IMPVAL</b>: 0.0<br/><b>LY2PPVAL</b>: 0.0<br/><b>LY2EXCD</b>:  <br/><b>LY2EXVAL</b>: 0.0<br/><b>OWNERNUM</b>: 0.0<br/><b>OWNERDEN</b>: 0.0<br/><b>ETALFLAG</b>: N<br/><b>UPDDATE</b>: 20250107<br/><b>LASTUPDATE</b>: 20250107<br/><b>LOTSQFT</b>: 0.0<br/><b>OLDPARCEL</b>:  <br/><b>INACTPCL</b>: 13813505001<br/><b>INACTREF</b>: 0.0<br/><b>FILLER2</b>:  <br/><b>PCLBOOK3</b>: 138<br/><b>PCL5</b>: 13813<br/><b>PCL6</b>: 138135<br/><b>PCL8</b>: 13813505<br/><b>OLDBOOK</b>: 138<br/><b>OLDPCL</b>: 138135050<br/><b>OLDPAGE</b>: 135<br/><b>OLDLOT</b>: 050<br/><b>OLDFILL</b>: 01<br/><b>ZIPMAIN</b>: 90028.0<br/><b>ZIPLUS4</b>: 0.0<br/><b>LOCATION</b>: 003100   N RANCHO                DR  N<br/><b>STR</b>: 1320  60<br/><b>ADBOOK</b>: 0000<br/><b>ADPAGE</b>: 0000<br/><b>ADDR_OWN</b>: MOSSMAN MYRA                    1333 N ORANGE DR                HOLLYWOOD CA 90028<br/><b>ADDRESS</b>: 003100   N RANCHO                DR<br/><b>INACTNEWPC</b>:  <br/><b>LUCODE</b>: 0.0<br/><b>SHAPE_LE_1</b>: 4049.69138767<br/><b>Shape__Area</b>: 924688.6953125<br/><b>Shape__Length</b>: 4049.385736295252]]></description>
  <Point>
    <coordinates>-115.20859062397312,36.21384865551859,0</coordinates>
  </Point>
</Placemark>
<Placemark>
  <name>936</name>
  <styleUrl>#billboard</styleUrl>
  <description><![CDATA[<b>OBJECTID_BILLBOARD</b>: 10<br/><b>LVBOARDS_</b>: 14<br/><b>LVBOARDS_I</b>: 5<br/><b>SIGN_TYPE</b>: AA<br/><b>STREET_NUM</b>: 2951<br/><b>STREET_DIR</b>: N<br/><b>STREET_NAM</b>: RANCHO<br/><b>PARCEL</b>: 13813601019<br/><b>PARCELOLD</b>: 13813601002<br/><b>APPLICANT</b>: Rancho Oasis<br/><b>SIGN_AREA</b>: 672<br/><b>SIGN_HEIGH</b>: 40<br/><b>TAG_NUM</b>: 936<br/><b>APPLY_DATE</b>: 6/2/95<br/><b>NOTES_SUP</b>:  <br/><b>NOTES_VAR</b>: V-23-95<br/><b>NOTES_RQR</b>: RQR-29275; RQR-2785<br/><b>NOTES</b>:  <br/><b>SIZE_</b>: 14x48<br/><b>FIELD_CHEC</b>: 1<br/><b>FREEWAY</b>: 300<br/><b>APP_FIN</b>:  <br/><b>WARD_BILLBOARD</b>: 5<br/><b>LONGITUDE</b>: -115.20862998620505<br/><b>LATITUDE</b>: 36.212871024985155<br/><b>OBJECTID_1</b>: 591254.0<br/><b>CALC_ACRES</b>: 0.0<br/><b>ASSR_ACRES</b>: 2.0<br/><b>LABEL_CLAS</b>: 701.0<br/><b>PARCELTYPE</b>: 0.0<br/><b>PRCLID</b>: 13813601019<br/><b>PRCLKEY</b>: 701.0<br/><b>PRCLVER</b>: 701.0<br/><b>PCLBOOK</b>: 138<br/><b>PCLSEC</b>: 13<br/><b>PCLPAGE</b>: 6<br/><b>PCLSUBD</b>: 01<br/><b>PCLNO</b>: 019<br/><b>TAXDIST_SP</b>: 200.0<br/><b>FDPHANTOM</b>: 2121-38<br/><b>FIREMAPNO</b>: 2121.0<br/><b>CENTRACT</b>: 3427.0<br/><b>SHAPE_LENG</b>: 15093.9943108<br/><b>PRECINCT</b>: 2046.0<br/><b>COMMISSION</b>: B<br/><b>ASSEMBLY</b>: 3.0<br/><b>SENATE</b>: 3.0<br/><b>CONGRESS</b>: 4.0<br/><b>TAZ</b>: 294.0<br/><b>PERIMETER</b>: 265026.231717<br/><b>WARD_PARCEL</b>: 5<br/><b>CNTY_IS</b>: 0.0<br/><b>SHADE</b>: 113.0<br/><b>ACRES</b>: 9805.19074535<br/><b>SQ_MILES</b>: 15.32061054<br/><b>ZIP</b>: 89130.0<br/><b>OBJECTID_PARCEL</b>: 215232.0<br/><b>TAXDIST</b>: 200.0<br/><b>OWNER</b>: GRIND MODE 1 L L C<br/><b>ADDRESS1</b>: 2901 N RANCHO DR<br/><b>ADDRESS2</b>: LAS VEGAS NV 89130<br/><b>ADDRESS3</b>:  <br/><b>ADDRESS4</b>:  <br/><b>ADDRESS5</b>:  <br/><b>NAMETAG</b>:  <br/><b>ZIPCODE</b>: 891300000.0<br/><b>COMNAME</b>:  <br/><b>STRNO</b>: 2901.0<br/><b>STRFRAC</b>:  <br/><b>STRDIR</b>: N<br/><b>STRNAME</b>: RANCHO<br/><b>STRTYPE</b>: DR<br/><b>STRCITY</b>: LV<br/><b>STRUNIT</b>:  <br/><b>COMMENT1</b>: C-20150213:64<br/><b>COMMENT2</b>:  <br/><b>FIXD</b>: PM00950017        L1<br/><b>SUBTAG</b>:  <br/><b>LEGAL1</b>: PARCEL MAP FILE 95 PAGE 17<br/><b>LEGAL2</b>: LOT 1<br/><b>LEGAL3</b>:  <br/><b>LEGAL4</b>:  <br/><b>LEGAL5</b>:  <br/><b>LEGAL6</b>:  <br/><b>ASSDYR</b>: 2027.0<br/><b>CONSTYR</b>: 2000.0<br/><b>DOCDATE</b>: 20150212<br/><b>FILLER1</b>:  <br/><b>DOCNO</b>: 2015021202800<br/><b>DOCMULTI</b>:  <br/><b>DOCVEST</b>: NS<br/><b>SALEPRICE</b>: 2970000.0<br/><b>SALETYPE</b>: R<br/><b>SALEDATE</b>: 20150201<br/><b>PORTION</b>:  <br/><b>BK1</b>:  <br/><b>BK2</b>:  <br/><b>SECTNO</b>: 13<br/><b>TOWNSHIP</b>: 20<br/><b>RANGE</b>: 60<br/><b>LANDUSE</b>: 358000.0<br/><b>CAPACITY</b>: 1.0<br/><b>LANDCD1</b>:  <br/><b>LANDACRE1</b>: 2.0<br/><b>LANDVAL1</b>: 233264.0<br/><b>LANDCD2</b>:  <br/><b>LANDACRE2</b>: 0.0<br/><b>LANDVAL2</b>: 0.0<br/><b>IMPVAL</b>: 558624.0<br/><b>PRCD1</b>:  <br/><b>PRVAL1</b>: 0.0<br/><b>PRCD2</b>:  <br/><b>PRVAL2</b>: 0.0<br/><b>PRCD3</b>:  <br/><b>PRVAL3</b>: 0.0<br/><b>EXMPCD</b>:  <br/><b>EXMPVAL</b>: 0.0<br/><b>LYACRES</b>: 0.0<br/><b>LYLNDVAL</b>: 226556.0<br/><b>LYIMPVAL</b>: 566499.0<br/><b>LYPPVAL</b>: 0.0<br/><b>LYEXCD</b>:  <br/><b>LYEXVAL</b>: 0.0<br/><b>LY2ACRES</b>: 0.0<br/><b>LY2LNDVAL</b>: 0.0<br/><b>LY2IMPVAL</b>: 0.0<br/><b>LY2PPVAL</b>: 0.0<br/><b>LY2EXCD</b>:  <br/><b>LY2EXVAL</b>: 0.0<br/><b>OWNERNUM</b>: 0.0<br/><b>OWNERDEN</b>: 0.0<br/><b>ETALFLAG</b>: N<br/><b>UPDDATE</b>: 20231117<br/><b>LASTUPDATE</b>: 20231117<br/><b>LOTSQFT</b>: 0.0<br/><b>OLDPARCEL</b>:  <br/><b>INACTPCL</b>: 13813601002<br/><b>INACTREF</b>: 0.0<br/><b>FILLER2</b>:  <br/><b>PCLBOOK3</b>: 138<br/><b>PCL5</b>: 13813<br/><b>PCL6</b>: 138136<br/><b>PCL8</b>: 13813601<br/><b>OLDBOOK</b>: 138<br/><b>OLDPCL</b>: 138136010<br/><b>OLDPAGE</b>: 136<br/><b>OLDLOT</b>: 010<br/><b>OLDFILL</b>: 19<br/><b>ZIPMAIN</b>: 89130.0<br/><b>ZIPLUS4</b>: 0.0<br/><b>LOCATION</b>: 002901   N RANCHO                DR  L<br/><b>STR</b>: 1320  60<br/><b>ADBOOK</b>: 0095<br/><b>ADPAGE</b>: 0017<br/><b>ADDR_OWN</b>: GRIND MODE 1 L L C              2901 N RANCHO DR                LAS VEGAS NV 89130<br/><b>ADDRESS</b>: 002901   N RANCHO                DR<br/><b>INACTNEWPC</b>:  <br/><b>LUCODE</b>: 358.0<br/><b>SHAPE_LE_1</b>: 1388.90041725<br/><b>Shape__Area</b>: 87889.708984375<br/><b>Shape__Length</b>: 1388.9004172593538]]></description>
  <Point>
    <coordinates>-115.20862998620505,36.212871024985155,0</coordinates>
  </Point>
</Placemark>
<Placemark>
  <name>937</name>
  <styleUrl>#billboard</styleUrl>
  <description><![CDATA[<b>OBJECTID_BILLBOARD</b>: 11<br/><b>LVBOARDS_</b>: 15<br/><b>LVBOARDS_I</b>: 5<br/><b>SIGN_TYPE</b>: AA<br/><b>STREET_NUM</b>: 2901<br/><b>STREET_DIR</b>: N<br/><b>STREET_NAM</b>: RANCHO<br/><b>PARCEL</b>: 13813601019<br/><b>PARCELOLD</b>: 13813601002<br/><b>APPLICANT</b>: Rancho Oasis<br/><b>SIGN_AREA</b>: 672<br/><b>SIGN_HEIGH</b>: 40<br/><b>TAG_NUM</b>: 937<br/><b>APPLY_DATE</b>: 6/2/95<br/><b>NOTES_SUP</b>:  <br/><b>NOTES_VAR</b>: V-23-95<br/><b>NOTES_RQR</b>: RQR-29275; RQR-2785<br/><b>NOTES</b>:  <br/><b>SIZE_</b>: 14x48<br/><b>FIELD_CHEC</b>: 1<br/><b>FREEWAY</b>: 300<br/><b>APP_FIN</b>:  <br/><b>WARD_BILLBOARD</b>: 5<br/><b>LONGITUDE</b>: -115.20801256637981<br/><b>LATITUDE</b>: 36.212191134720726<br/><b>OBJECTID_1</b>: 591254.0<br/><b>CALC_ACRES</b>: 0.0<br/><b>ASSR_ACRES</b>: 2.0<br/><b>LABEL_CLAS</b>: 701.0<br/><b>PARCELTYPE</b>: 0.0<br/><b>PRCLID</b>: 13813601019<br/><b>PRCLKEY</b>: 701.0<br/><b>PRCLVER</b>: 701.0<br/><b>PCLBOOK</b>: 138<br/><b>PCLSEC</b>: 13<br/><b>PCLPAGE</b>: 6<br/><b>PCLSUBD</b>: 01<br/><b>PCLNO</b>: 019<br/><b>TAXDIST_SP</b>: 200.0<br/><b>FDPHANTOM</b>: 2121-38<br/><b>FIREMAPNO</b>: 2121.0<br/><b>CENTRACT</b>: 3427.0<br/><b>SHAPE_LENG</b>: 15093.9943108<br/><b>PRECINCT</b>: 2046.0<br/><b>COMMISSION</b>: B<br/><b>ASSEMBLY</b>: 3.0<br/><b>SENATE</b>: 3.0<br/><b>CONGRESS</b>: 4.0<br/><b>TAZ</b>: 294.0<br/><b>PERIMETER</b>: 265026.231717<br/><b>WARD_PARCEL</b>: 5<br/><b>CNTY_IS</b>: 0.0<br/><b>SHADE</b>: 113.0<br/><b>ACRES</b>: 9805.19074535<br/><b>SQ_MILES</b>: 15.32061054<br/><b>ZIP</b>: 89130.0<br/><b>OBJECTID_PARCEL</b>: 215232.0<br/><b>TAXDIST</b>: 200.0<br/><b>OWNER</b>: GRIND MODE 1 L L C<br/><b>ADDRESS1</b>: 2901 N RANCHO DR<br/><b>ADDRESS2</b>: LAS VEGAS NV 89130<br/><b>ADDRESS3</b>:  <br/><b>ADDRESS4</b>:  <br/><b>ADDRESS5</b>:  <br/><b>NAMETAG</b>:  <br/><b>ZIPCODE</b>: 891300000.0<br/><b>COMNAME</b>:  <br/><b>STRNO</b>: 2901.0<br/><b>STRFRAC</b>:  <br/><b>STRDIR</b>: N<br/><b>STRNAME</b>: RANCHO<br/><b>STRTYPE</b>: DR<br/><b>STRCITY</b>: LV<br/><b>STRUNIT</b>:  <br/><b>COMMENT1</b>: C-20150213:64<br/><b>COMMENT2</b>:  <br/><b>FIXD</b>: PM00950017        L1<br/><b>SUBTAG</b>:  <br/><b>LEGAL1</b>: PARCEL MAP FILE 95 PAGE 17<br/><b>LEGAL2</b>: LOT 1<br/><b>LEGAL3</b>:  <br/><b>LEGAL4</b>:  <br/><b>LEGAL5</b>:  <br/><b>LEGAL6</b>:  <br/><b>ASSDYR</b>: 2027.0<br/><b>CONSTYR</b>: 2000.0<br/><b>DOCDATE</b>: 20150212<br/><b>FILLER1</b>:  <br/><b>DOCNO</b>: 2015021202800<br/><b>DOCMULTI</b>:  <br/><b>DOCVEST</b>: NS<br/><b>SALEPRICE</b>: 2970000.0<br/><b>SALETYPE</b>: R<br/><b>SALEDATE</b>: 20150201<br/><b>PORTION</b>:  <br/><b>BK1</b>:  <br/><b>BK2</b>:  <br/><b>SECTNO</b>: 13<br/><b>TOWNSHIP</b>: 20<br/><b>RANGE</b>: 60<br/><b>LANDUSE</b>: 358000.0<br/><b>CAPACITY</b>: 1.0<br/><b>LANDCD1</b>:  <br/><b>LANDACRE1</b>: 2.0<br/><b>LANDVAL1</b>: 233264.0<br/><b>LANDCD2</b>:  <br/><b>LANDACRE2</b>: 0.0<br/><b>LANDVAL2</b>: 0.0<br/><b>IMPVAL</b>: 558624.0<br/><b>PRCD1</b>:  <br/><b>PRVAL1</b>: 0.0<br/><b>PRCD2</b>:  <br/><b>PRVAL2</b>: 0.0<br/><b>PRCD3</b>:  <br/><b>PRVAL3</b>: 0.0<br/><b>EXMPCD</b>:  <br/><b>EXMPVAL</b>: 0.0<br/><b>LYACRES</b>: 0.0<br/><b>LYLNDVAL</b>: 226556.0<br/><b>LYIMPVAL</b>: 566499.0<br/><b>LYPPVAL</b>: 0.0<br/><b>LYEXCD</b>:  <br/><b>LYEXVAL</b>: 0.0<br/><b>LY2ACRES</b>: 0.0<br/><b>LY2LNDVAL</b>: 0.0<br/><b>LY2IMPVAL</b>: 0.0<br/><b>LY2PPVAL</b>: 0.0<br/><b>LY2EXCD</b>:  <br/><b>LY2EXVAL</b>: 0.0<br/><b>OWNERNUM</b>: 0.0<br/><b>OWNERDEN</b>: 0.0<br/><b>ETALFLAG</b>: N<br/><b>UPDDATE</b>: 20231117<br/><b>LASTUPDATE</b>: 20231117<br/><b>LOTSQFT</b>: 0.0<br/><b>OLDPARCEL</b>:  <br/><b>INACTPCL</b>: 13813601002<br/><b>INACTREF</b>: 0.0<br/><b>FILLER2</b>:  <br/><b>PCLBOOK3</b>: 138<br/><b>PCL5</b>: 13813<br/><b>PCL6</b>: 138136<br/><b>PCL8</b>: 13813601<br/><b>OLDBOOK</b>: 138<br/><b>OLDPCL</b>: 138136010<br/><b>OLDPAGE</b>: 136<br/><b>OLDLOT</b>: 010<br/><b>OLDFILL</b>: 19<br/><b>ZIPMAIN</b>: 89130.0<br/><b>ZIPLUS4</b>: 0.0<br/><b>LOCATION</b>: 002901   N RANCHO                DR  L<br/><b>STR</b>: 1320  60<br/><b>ADBOOK</b>: 0095<br/><b>ADPAGE</b>: 0017<br/><b>ADDR_OWN</b>: GRIND MODE 1 L L C              2901 N RANCHO DR                LAS VEGAS NV 89130<br/><b>ADDRESS</b>: 002901   N RANCHO                DR<br/><b>INACTNEWPC</b>:  <br/><b>LUCODE</b>: 358.0<br/><b>SHAPE_LE_1</b>: 1388.90041725<br/><b>Shape__Area</b>: 87889.708984375<br/><b>Shape__Length</b>: 1388.9004172593538]]></description>
  <Point>
    <coordinates>-115.20801256637981,36.212191134720726,0</coordinates>
  </Point>
</Placemark>
<Placemark>
  <name>0</name>
  <styleUrl>#billboard</styleUrl>
  <description><![CDATA[<b>OBJECTID_BILLBOARD</b>: 12<br/><b>LVBOARDS_</b>: 16<br/><b>LVBOARDS_I</b>: 1<br/><b>SIGN_TYPE</b>: AA<br/><b>STREET_NUM</b>: 2750<br/><b>STREET_DIR</b>: N<br/><b>STREET_NAM</b>: Decatur<br/><b>PARCEL</b>: 13918302002<br/><b>PARCELOLD</b>: 13918302002<br/><b>APPLICANT</b>: Clear Channel Outdoor<br/><b>SIGN_AREA</b>: 672<br/><b>SIGN_HEIGH</b>: 40<br/><b>TAG_NUM</b>: 0<br/><b>APPLY_DATE</b>: 03/20/91<br/><b>NOTES_SUP</b>: U-30-91<br/><b>NOTES_VAR</b>:  <br/><b>NOTES_RQR</b>: RQR-33320; U-30-91(1)<br/><b>NOTES</b>:  <br/><b>SIZE_</b>: 14x48<br/><b>FIELD_CHEC</b>: 1<br/><b>FREEWAY</b>: 300<br/><b>APP_FIN</b>:  <br/><b>WARD_BILLBOARD</b>: 5<br/><b>LONGITUDE</b>: -115.20473639544936<br/><b>LATITUDE</b>: 36.20873471373469<br/><b>OBJECTID_1</b>: 563961.0<br/><b>CALC_ACRES</b>: 0.0<br/><b>ASSR_ACRES</b>: 1.1300000000000001<br/><b>LABEL_CLAS</b>: 701.0<br/><b>PARCELTYPE</b>: 0.0<br/><b>PRCLID</b>: 13918302002<br/><b>PRCLKEY</b>: 701.0<br/><b>PRCLVER</b>: 701.0<br/><b>PCLBOOK</b>: 139<br/><b>PCLSEC</b>: 18<br/><b>PCLPAGE</b>: 3<br/><b>PCLSUBD</b>: 02<br/><b>PCLNO</b>: 002<br/><b>TAXDIST_SP</b>: 200.0<br/><b>FDPHANTOM</b>: 2122-61<br/><b>FIREMAPNO</b>: 2122.0<br/><b>CENTRACT</b>: 3428.0<br/><b>SHAPE_LENG</b>: 12854.3725801<br/><b>PRECINCT</b>: 4000.0<br/><b>COMMISSION</b>: D<br/><b>ASSEMBLY</b>: 3.0<br/><b>SENATE</b>: 3.0<br/><b>CONGRESS</b>: 4.0<br/><b>TAZ</b>: 353.0<br/><b>PERIMETER</b>: 265026.231717<br/><b>WARD_PARCEL</b>: 5<br/><b>CNTY_IS</b>: 0.0<br/><b>SHADE</b>: 113.0<br/><b>ACRES</b>: 9805.19074535<br/><b>SQ_MILES</b>: 15.32061054<br/><b>ZIP</b>: 89108.0<br/><b>OBJECTID_PARCEL</b>: 297041.0<br/><b>TAXDIST</b>: 200.0<br/><b>OWNER</b>: WIENS HOLDING L P<br/><b>ADDRESS1</b>: C/O M WIENS JR<br/><b>ADDRESS2</b>: 5720 ARVILLE ST STE 115<br/><b>ADDRESS3</b>: LAS VEGAS NV 89118<br/><b>ADDRESS4</b>:  <br/><b>ADDRESS5</b>:  <br/><b>NAMETAG</b>:  <br/><b>ZIPCODE</b>: 891180000.0<br/><b>COMNAME</b>:  <br/><b>STRNO</b>: 2750.0<br/><b>STRFRAC</b>:  <br/><b>STRDIR</b>: N<br/><b>STRNAME</b>: DECATUR<br/><b>STRTYPE</b>: BLVD<br/><b>STRCITY</b>: LV<br/><b>STRUNIT</b>:  <br/><b>COMMENT1</b>:  <br/><b>COMMENT2</b>:  <br/><b>FIXD</b>: 00000000<br/><b>SUBTAG</b>:  <br/><b>LEGAL1</b>: PT NW4 SW4 SEC 18 20 61<br/><b>LEGAL2</b>:  <br/><b>LEGAL3</b>:  <br/><b>LEGAL4</b>:  <br/><b>LEGAL5</b>:  <br/><b>LEGAL6</b>:  <br/><b>ASSDYR</b>: 2027.0<br/><b>CONSTYR</b>: 0.0<br/><b>DOCDATE</b>: 20120730<br/><b>FILLER1</b>:  <br/><b>DOCNO</b>: 2012073000652<br/><b>DOCMULTI</b>:  <br/><b>DOCVEST</b>: NS<br/><b>SALEPRICE</b>: 0.0<br/><b>SALETYPE</b>:  <br/><b>SALEDATE</b>:  <br/><b>PORTION</b>:  <br/><b>BK1</b>:  <br/><b>BK2</b>:  <br/><b>SECTNO</b>: 18<br/><b>TOWNSHIP</b>: 20<br/><b>RANGE</b>: 61<br/><b>LANDUSE</b>: 0.0<br/><b>CAPACITY</b>: 0.0<br/><b>LANDCD1</b>:  <br/><b>LANDACRE1</b>: 1.0<br/><b>LANDVAL1</b>: 163667.0<br/><b>LANDCD2</b>:  <br/><b>LANDACRE2</b>: 0.0<br/><b>LANDVAL2</b>: 0.0<br/><b>IMPVAL</b>: 0.0<br/><b>PRCD1</b>:  <br/><b>PRVAL1</b>: 0.0<br/><b>PRCD2</b>:  <br/><b>PRVAL2</b>: 0.0<br/><b>PRCD3</b>:  <br/><b>PRVAL3</b>: 0.0<br/><b>EXMPCD</b>:  <br/><b>EXMPVAL</b>: 0.0<br/><b>LYACRES</b>: 0.0<br/><b>LYLNDVAL</b>: 159360.0<br/><b>LYIMPVAL</b>: 0.0<br/><b>LYPPVAL</b>: 0.0<br/><b>LYEXCD</b>:  <br/><b>LYEXVAL</b>: 0.0<br/><b>LY2ACRES</b>: 0.0<br/><b>LY2LNDVAL</b>: 0.0<br/><b>LY2IMPVAL</b>: 0.0<br/><b>LY2PPVAL</b>: 0.0<br/><b>LY2EXCD</b>:  <br/><b>LY2EXVAL</b>: 0.0<br/><b>OWNERNUM</b>: 0.0<br/><b>OWNERDEN</b>: 0.0<br/><b>ETALFLAG</b>: N<br/><b>UPDDATE</b>: 20231117<br/><b>LASTUPDATE</b>: 20231117<br/><b>LOTSQFT</b>: 0.0<br/><b>OLDPARCEL</b>:  <br/><b>INACTPCL</b>: 13918302002<br/><b>INACTREF</b>: 0.0<br/><b>FILLER2</b>:  <br/><b>PCLBOOK3</b>: 139<br/><b>PCL5</b>: 13918<br/><b>PCL6</b>: 139183<br/><b>PCL8</b>: 13918302<br/><b>OLDBOOK</b>: 139<br/><b>OLDPCL</b>: 139183020<br/><b>OLDPAGE</b>: 183<br/><b>OLDLOT</b>: 020<br/><b>OLDFILL</b>: 02<br/><b>ZIPMAIN</b>: 89118.0<br/><b>ZIPLUS4</b>: 0.0<br/><b>LOCATION</b>: 002750   N DECATUR               BLVDL<br/><b>STR</b>: 1820  61<br/><b>ADBOOK</b>: 0000<br/><b>ADPAGE</b>: 0000<br/><b>ADDR_OWN</b>: WIENS HOLDING L P               C/O M WIENS JR                  5720 ARVILLE ST STE 115         LAS VEGAS NV 89118<br/><b>ADDRESS</b>: 002750   N DECATUR               BLVD<br/><b>INACTNEWPC</b>:  <br/><b>LUCODE</b>: 0.0<br/><b>SHAPE_LE_1</b>: 965.93834965<br/><b>Shape__Area</b>: 49748.5390625<br/><b>Shape__Length</b>: 965.9383496519937]]></description>
  <Point>
    <coordinates>-115.20473639544936,36.20873471373469,0</coordinates>
  </Point>
</Placemark>
<Placemark>
  <name>0</name>
  <styleUrl>#billboard</styleUrl>
  <description><![CDATA[<b>OBJECTID_BILLBOARD</b>: 14<br/><b>LVBOARDS_</b>: 18<br/><b>LVBOARDS_I</b>: 6<br/><b>SIGN_TYPE</b>: AA<br/><b>STREET_NUM</b>: 2151<br/><b>STREET_DIR</b>: N<br/><b>STREET_NAM</b>: RANCHO<br/><b>PARCEL</b>: 13919103002<br/><b>PARCELOLD</b>: 13919103001<br/><b>APPLICANT</b>: Clear Channel Outdoor<br/><b>SIGN_AREA</b>: 672<br/><b>SIGN_HEIGH</b>: 40<br/><b>TAG_NUM</b>: 0<br/><b>APPLY_DATE</b>:  <br/><b>NOTES_SUP</b>: U-29-96<br/><b>NOTES_VAR</b>:  <br/><b>NOTES_RQR</b>: RQR-33341<br/><b>NOTES</b>:  <br/><b>SIZE_</b>: 14x48<br/><b>FIELD_CHEC</b>: 1<br/><b>FREEWAY</b>: 300<br/><b>APP_FIN</b>:  <br/><b>WARD_BILLBOARD</b>: 5<br/><b>LONGITUDE</b>: -115.19655052346677<br/><b>LATITUDE</b>: 36.19966258234122<br/><b>OBJECTID_1</b>: 583214.0<br/><b>CALC_ACRES</b>: 0.0<br/><b>ASSR_ACRES</b>: 1.17<br/><b>LABEL_CLAS</b>: 701.0<br/><b>PARCELTYPE</b>: 0.0<br/><b>PRCLID</b>: 13919103002<br/><b>PRCLKEY</b>: 701.0<br/><b>PRCLVER</b>: 701.0<br/><b>PCLBOOK</b>: 139<br/><b>PCLSEC</b>: 19<br/><b>PCLPAGE</b>: 1<br/><b>PCLSUBD</b>: 03<br/><b>PCLNO</b>: 002<br/><b>TAXDIST_SP</b>: 200.0<br/><b>FDPHANTOM</b>: 2222-25<br/><b>FIREMAPNO</b>: 2222.0<br/><b>CENTRACT</b>: 3429.0<br/><b>SHAPE_LENG</b>: 17242.9657024<br/><b>PRECINCT</b>: 4034.0<br/><b>COMMISSION</b>: D<br/><b>ASSEMBLY</b>: 3.0<br/><b>SENATE</b>: 3.0<br/><b>CONGRESS</b>: 4.0<br/><b>TAZ</b>: 350.0<br/><b>PERIMETER</b>: 265026.231717<br/><b>WARD_PARCEL</b>: 5<br/><b>CNTY_IS</b>: 0.0<br/><b>SHADE</b>: 113.0<br/><b>ACRES</b>: 9805.19074535<br/><b>SQ_MILES</b>: 15.32061054<br/><b>ZIP</b>: 89108.0<br/><b>OBJECTID_PARCEL</b>: 297105.0<br/><b>TAXDIST</b>: 200.0<br/><b>OWNER</b>: RANCHO LAS VEGAS PROPERTY L L C<br/><b>ADDRESS1</b>: PO BOX 50620<br/><b>ADDRESS2</b>: IDAHO FALLS ID 83405<br/><b>ADDRESS3</b>:  <br/><b>ADDRESS4</b>:  <br/><b>ADDRESS5</b>:  <br/><b>NAMETAG</b>:  <br/><b>ZIPCODE</b>: 834050000.0<br/><b>COMNAME</b>:  <br/><b>STRNO</b>: 2151.0<br/><b>STRFRAC</b>:  <br/><b>STRDIR</b>: N<br/><b>STRNAME</b>: RANCHO<br/><b>STRTYPE</b>: DR<br/><b>STRCITY</b>: LV<br/><b>STRUNIT</b>:  <br/><b>COMMENT1</b>: CC-20170407:2480<br/><b>COMMENT2</b>:  <br/><b>FIXD</b>: PM00830048        L1<br/><b>SUBTAG</b>:  <br/><b>LEGAL1</b>: PARCEL MAP FILE 83 PAGE 48<br/><b>LEGAL2</b>: LOT 1<br/><b>LEGAL3</b>:  <br/><b>LEGAL4</b>:  <br/><b>LEGAL5</b>:  <br/><b>LEGAL6</b>:  <br/><b>ASSDYR</b>: 2027.0<br/><b>CONSTYR</b>: 1997.0<br/><b>DOCDATE</b>: 20170407<br/><b>FILLER1</b>:  <br/><b>DOCNO</b>: 2017040702480<br/><b>DOCMULTI</b>:  <br/><b>DOCVEST</b>: NS<br/><b>SALEPRICE</b>: 2150000.0<br/><b>SALETYPE</b>: R<br/><b>SALEDATE</b>: 20170401<br/><b>PORTION</b>:  <br/><b>BK1</b>:  <br/><b>BK2</b>:  <br/><b>SECTNO</b>: 19<br/><b>TOWNSHIP</b>: 20<br/><b>RANGE</b>: 61<br/><b>LANDUSE</b>: 358000.0<br/><b>CAPACITY</b>: 1.0<br/><b>LANDCD1</b>:  <br/><b>LANDACRE1</b>: 1.0<br/><b>LANDVAL1</b>: 392431.0<br/><b>LANDCD2</b>:  <br/><b>LANDACRE2</b>: 0.0<br/><b>LANDVAL2</b>: 0.0<br/><b>IMPVAL</b>: 321172.0<br/><b>PRCD1</b>:  <br/><b>PRVAL1</b>: 0.0<br/><b>PRCD2</b>:  <br/><b>PRVAL2</b>: 0.0<br/><b>PRCD3</b>:  <br/><b>PRVAL3</b>: 0.0<br/><b>EXMPCD</b>:  <br/><b>EXMPVAL</b>: 0.0<br/><b>LYACRES</b>: 0.0<br/><b>LYLNDVAL</b>: 356755.0<br/><b>LYIMPVAL</b>: 326543.0<br/><b>LYPPVAL</b>: 0.0<br/><b>LYEXCD</b>:  <br/><b>LYEXVAL</b>: 0.0<br/><b>LY2ACRES</b>: 0.0<br/><b>LY2LNDVAL</b>: 0.0<br/><b>LY2IMPVAL</b>: 0.0<br/><b>LY2PPVAL</b>: 0.0<br/><b>LY2EXCD</b>:  <br/><b>LY2EXVAL</b>: 0.0<br/><b>OWNERNUM</b>: 0.0<br/><b>OWNERDEN</b>: 0.0<br/><b>ETALFLAG</b>: N<br/><b>UPDDATE</b>: 20231117<br/><b>LASTUPDATE</b>: 20231117<br/><b>LOTSQFT</b>: 0.0<br/><b>OLDPARCEL</b>:  <br/><b>INACTPCL</b>: 13919601002<br/><b>INACTREF</b>: 0.0<br/><b>FILLER2</b>:  <br/><b>PCLBOOK3</b>: 139<br/><b>PCL5</b>: 13919<br/><b>PCL6</b>: 139191<br/><b>PCL8</b>: 13919103<br/><b>OLDBOOK</b>: 139<br/><b>OLDPCL</b>: 139191030<br/><b>OLDPAGE</b>: 191<br/><b>OLDLOT</b>: 030<br/><b>OLDFILL</b>: 02<br/><b>ZIPMAIN</b>: 83405.0<br/><b>ZIPLUS4</b>: 0.0<br/><b>LOCATION</b>: 002151   N RANCHO                DR  L<br/><b>STR</b>: 1920  61<br/><b>ADBOOK</b>: 0083<br/><b>ADPAGE</b>: 0048<br/><b>ADDR_OWN</b>: RANCHO LAS VEGAS PROPERTY L L C PO BOX 50620                    IDAHO FALLS ID 83405<br/><b>ADDRESS</b>: 002151   N RANCHO                DR<br/><b>INACTNEWPC</b>:  <br/><b>LUCODE</b>: 358.0<br/><b>SHAPE_LE_1</b>: 902.25701886<br/><b>Shape__Area</b>: 50983.2421875<br/><b>Shape__Length</b>: 902.2570188655612]]></description>
  <Point>
    <coordinates>-115.19655052346677,36.19966258234122,0</coordinates>
  </Point>
</Placemark>
<Placemark>
  <name>1722</name>
  <styleUrl>#billboard</styleUrl>
  <description><![CDATA[<b>OBJECTID_BILLBOARD</b>: 15<br/><b>LVBOARDS_</b>: 21<br/><b>LVBOARDS_I</b>: 9<br/><b>SIGN_TYPE</b>: AA<br/><b>STREET_NUM</b>: 1998<br/><b>STREET_DIR</b>: N<br/><b>STREET_NAM</b>: RANCHO<br/><b>PARCEL</b>: 13919705001<br/><b>PARCELOLD</b>: 13919705001<br/><b>APPLICANT</b>: Rancho Allen<br/><b>SIGN_AREA</b>: 672<br/><b>SIGN_HEIGH</b>: 40<br/><b>TAG_NUM</b>: 1722<br/><b>APPLY_DATE</b>: 10-3-96<br/><b>NOTES_SUP</b>: U-80-96<br/><b>NOTES_VAR</b>:  <br/><b>NOTES_RQR</b>: RQR-34410;RQR-18896; RQR-5741<br/><b>NOTES</b>:  <br/><b>SIZE_</b>: 14x48<br/><b>FIELD_CHEC</b>: 1<br/><b>FREEWAY</b>: 300<br/><b>APP_FIN</b>:  <br/><b>WARD_BILLBOARD</b>: 5<br/><b>LONGITUDE</b>: -115.19141945534493<br/><b>LATITUDE</b>: 36.194969268178305]]></description>
  <Point>
    <coordinates>-115.19141945534493,36.194969268178305,0</coordinates>
  </Point>
</Placemark>
<Placemark>
  <name>1723</name>
  <styleUrl>#billboard</styleUrl>
  <description><![CDATA[<b>OBJECTID_BILLBOARD</b>: 17<br/><b>LVBOARDS_</b>: 24<br/><b>LVBOARDS_I</b>: 11<br/><b>SIGN_TYPE</b>: AA<br/><b>STREET_NUM</b>: 1852<br/><b>STREET_DIR</b>: N<br/><b>STREET_NAM</b>: RANCHO<br/><b>PARCEL</b>: 13919705001<br/><b>PARCELOLD</b>: 13919705001<br/><b>APPLICANT</b>: Rancho Allen<br/><b>SIGN_AREA</b>: 672<br/><b>SIGN_HEIGH</b>: 40<br/><b>TAG_NUM</b>: 1723<br/><b>APPLY_DATE</b>: 10-3-96<br/><b>NOTES_SUP</b>: U-80-96<br/><b>NOTES_VAR</b>:  <br/><b>NOTES_RQR</b>: RQR-34410;RQR-18896; RQR-5741<br/><b>NOTES</b>:  <br/><b>SIZE_</b>: 14x48<br/><b>FIELD_CHEC</b>: 1<br/><b>FREEWAY</b>: 300<br/><b>APP_FIN</b>:  <br/><b>WARD_BILLBOARD</b>: 5<br/><b>LONGITUDE</b>: -115.19007594830158<br/><b>LATITUDE</b>: 36.19346953796312]]></description>
  <Point>
    <coordinates>-115.19007594830158,36.19346953796312,0</coordinates>
  </Point>
</Placemark>
<Placemark>
  <name>404</name>
  <styleUrl>#billboard</styleUrl>
  <description><![CDATA[<b>OBJECTID_BILLBOARD</b>: 18<br/><b>LVBOARDS_</b>: 26<br/><b>LVBOARDS_I</b>: 3<br/><b>SIGN_TYPE</b>: AA<br/><b>STREET_NUM</b>: 1767<br/><b>STREET_DIR</b>: N<br/><b>STREET_NAM</b>: RANCHO<br/><b>PARCEL</b>: 13919812018<br/><b>PARCELOLD</b>: 13919812018<br/><b>APPLICANT</b>: ?<br/><b>SIGN_AREA</b>: 672<br/><b>SIGN_HEIGH</b>: 40<br/><b>TAG_NUM</b>: 404<br/><b>APPLY_DATE</b>: 7/19/94<br/><b>NOTES_SUP</b>: U-109-94<br/><b>NOTES_VAR</b>:  <br/><b>NOTES_RQR</b>: RQR-30162;RQR-2891<br/><b>NOTES</b>:  <br/><b>SIZE_</b>: 14x48<br/><b>FIELD_CHEC</b>: 1<br/><b>FREEWAY</b>: 300<br/><b>APP_FIN</b>:  <br/><b>WARD_BILLBOARD</b>: 5<br/><b>LONGITUDE</b>: -115.18927375640756<br/><b>LATITUDE</b>: 36.191755442181986<br/><b>OBJECTID_1</b>: 531957.0<br/><b>CALC_ACRES</b>: 0.0<br/><b>ASSR_ACRES</b>: 0.0<br/><b>LABEL_CLAS</b>: 703.0<br/><b>PARCELTYPE</b>: 0.0<br/><b>PRCLID</b>: 13919812018<br/><b>PRCLKEY</b>: 703.0<br/><b>PRCLVER</b>: 703.0<br/><b>PCLBOOK</b>: 139<br/><b>PCLSEC</b>: 19<br/><b>PCLPAGE</b>: 8<br/><b>PCLSUBD</b>: 12<br/><b>PCLNO</b>: 018<br/><b>TAXDIST_SP</b>: 200.0<br/><b>FDPHANTOM</b>: 2222-79<br/><b>FIREMAPNO</b>: 2222.0<br/><b>CENTRACT</b>: 3429.0<br/><b>SHAPE_LENG</b>: 17242.9657024<br/><b>PRECINCT</b>: 4529.0<br/><b>COMMISSION</b>: D<br/><b>ASSEMBLY</b>: 6.0<br/><b>SENATE</b>: 4.0<br/><b>CONGRESS</b>: 4.0<br/><b>TAZ</b>: 350.0<br/><b>PERIMETER</b>: 265026.231717<br/><b>WARD_PARCEL</b>: 5<br/><b>CNTY_IS</b>: 0.0<br/><b>SHADE</b>: 113.0<br/><b>ACRES</b>: 9805.19074535<br/><b>SQ_MILES</b>: 15.32061054<br/><b>ZIP</b>: 89106.0<br/><b>OBJECTID_PARCEL</b>: 299272.0<br/><b>TAXDIST</b>: 200.0<br/><b>OWNER</b>: REESE REAL ESTATE &amp; INVEST CO<br/><b>ADDRESS1</b>: PO BOX 708490<br/><b>ADDRESS2</b>: SANDY UT 84070<br/><b>ADDRESS3</b>:  <br/><b>ADDRESS4</b>:  <br/><b>ADDRESS5</b>:  <br/><b>NAMETAG</b>:  <br/><b>ZIPCODE</b>: 840700000.0<br/><b>COMNAME</b>:  <br/><b>STRNO</b>: 1767.0<br/><b>STRFRAC</b>:  <br/><b>STRDIR</b>: N<br/><b>STRNAME</b>: RANCHO<br/><b>STRTYPE</b>: DR<br/><b>STRCITY</b>: LV<br/><b>STRUNIT</b>:  <br/><b>COMMENT1</b>:  <br/><b>COMMENT2</b>:  <br/><b>FIXD</b>: PB00020038PTB14   L2<br/><b>SUBTAG</b>:  <br/><b>LEGAL1</b>: EASTLAND HGTS PLAT #1 AMD<br/><b>LEGAL2</b>: PLAT BOOK 2 PAGE 38<br/><b>LEGAL3</b>: PT LOT 2 BLOCK 14<br/><b>LEGAL4</b>:  <br/><b>LEGAL5</b>:  <br/><b>LEGAL6</b>:  <br/><b>ASSDYR</b>: 2027.0<br/><b>CONSTYR</b>: 1995.0<br/><b>DOCDATE</b>: 20140116<br/><b>FILLER1</b>:  <br/><b>DOCNO</b>: 2014011601541<br/><b>DOCMULTI</b>:  <br/><b>DOCVEST</b>: NS<br/><b>SALEPRICE</b>: 575000.0<br/><b>SALETYPE</b>: R<br/><b>SALEDATE</b>: 20140101<br/><b>PORTION</b>:  <br/><b>BK1</b>:  <br/><b>BK2</b>:  <br/><b>SECTNO</b>: 19<br/><b>TOWNSHIP</b>: 20<br/><b>RANGE</b>: 61<br/><b>LANDUSE</b>: 378000.0<br/><b>CAPACITY</b>: 1.0<br/><b>LANDCD1</b>:  <br/><b>LANDACRE1</b>: 0.0<br/><b>LANDVAL1</b>: 78821.0<br/><b>LANDCD2</b>:  <br/><b>LANDACRE2</b>: 0.0<br/><b>LANDVAL2</b>: 0.0<br/><b>IMPVAL</b>: 82760.0<br/><b>PRCD1</b>:  <br/><b>PRVAL1</b>: 0.0<br/><b>PRCD2</b>:  <br/><b>PRVAL2</b>: 0.0<br/><b>PRCD3</b>:  <br/><b>PRVAL3</b>: 0.0<br/><b>EXMPCD</b>:  <br/><b>EXMPVAL</b>: 0.0<br/><b>LYACRES</b>: 0.0<br/><b>LYLNDVAL</b>: 71656.0<br/><b>LYIMPVAL</b>: 83676.0<br/><b>LYPPVAL</b>: 0.0<br/><b>LYEXCD</b>:  <br/><b>LYEXVAL</b>: 0.0<br/><b>LY2ACRES</b>: 0.0<br/><b>LY2LNDVAL</b>: 0.0<br/><b>LY2IMPVAL</b>: 0.0<br/><b>LY2PPVAL</b>: 0.0<br/><b>LY2EXCD</b>:  <br/><b>LY2EXVAL</b>: 0.0<br/><b>OWNERNUM</b>: 0.0<br/><b>OWNERDEN</b>: 0.0<br/><b>ETALFLAG</b>: N<br/><b>UPDDATE</b>: 20231117<br/><b>LASTUPDATE</b>: 20231117<br/><b>LOTSQFT</b>: 0.0<br/><b>OLDPARCEL</b>:  <br/><b>INACTPCL</b>: 13919812018<br/><b>INACTREF</b>: 0.0<br/><b>FILLER2</b>:  <br/><b>PCLBOOK3</b>: 139<br/><b>PCL5</b>: 13919<br/><b>PCL6</b>: 139198<br/><b>PCL8</b>: 13919812<br/><b>OLDBOOK</b>: 139<br/><b>OLDPCL</b>: 139198120<br/><b>OLDPAGE</b>: 198<br/><b>OLDLOT</b>: 120<br/><b>OLDFILL</b>: 18<br/><b>ZIPMAIN</b>: 84070.0<br/><b>ZIPLUS4</b>: 0.0<br/><b>LOCATION</b>: 001767   N RANCHO                DR  L<br/><b>STR</b>: 1920  61<br/><b>ADBOOK</b>: 0002<br/><b>ADPAGE</b>: 0038<br/><b>ADDR_OWN</b>: REESE REAL ESTATE &amp; INVEST CO   PO BOX 708490                   SANDY UT 84070<br/><b>ADDRESS</b>: 001767   N RANCHO                DR<br/><b>INACTNEWPC</b>:  <br/><b>LUCODE</b>: 378.0<br/><b>SHAPE_LE_1</b>: 606.13656484<br/><b>Shape__Area</b>: 20314.81640625<br/><b>Shape__Length</b>: 606.1365648407617]]></description>
  <Point>
    <coordinates>-115.18927375640756,36.191755442181986,0</coordinates>
  </Point>
</Placemark>
<Placemark>
  <name>860</name>
  <styleUrl>#billboard</styleUrl>
  <description><![CDATA[<b>OBJECTID_BILLBOARD</b>: 19<br/><b>LVBOARDS_</b>: 27<br/><b>LVBOARDS_I</b>: 1<br/><b>SIGN_TYPE</b>: AA<br/><b>STREET_NUM</b>: 1600<br/><b>STREET_DIR</b>: N<br/><b>STREET_NAM</b>: RANCHO<br/><b>PARCEL</b>: 13920411005<br/><b>PARCELOLD</b>: 13920411005<br/><b>APPLICANT</b>: LAMAR<br/><b>SIGN_AREA</b>: 672<br/><b>SIGN_HEIGH</b>: 40<br/><b>TAG_NUM</b>: 860<br/><b>APPLY_DATE</b>: 4/18/95<br/><b>NOTES_SUP</b>: U-314-94<br/><b>NOTES_VAR</b>:  <br/><b>NOTES_RQR</b>: RQR-22270; RQR-4242<br/><b>NOTES</b>:  <br/><b>SIZE_</b>: 14x48<br/><b>FIELD_CHEC</b>: 1<br/><b>FREEWAY</b>: 300<br/><b>APP_FIN</b>:  <br/><b>WARD_BILLBOARD</b>: 5<br/><b>LONGITUDE</b>: -115.18574553633376<br/><b>LATITUDE</b>: 36.18880789122421<br/><b>OBJECTID_1</b>: 626737.0<br/><b>CALC_ACRES</b>: 0.0<br/><b>ASSR_ACRES</b>: 0.0<br/><b>LABEL_CLAS</b>: 703.0<br/><b>PARCELTYPE</b>: 0.0<br/><b>PRCLID</b>: 13920411005<br/><b>PRCLKEY</b>: 703.0<br/><b>PRCLVER</b>: 703.0<br/><b>PCLBOOK</b>: 139<br/><b>PCLSEC</b>: 20<br/><b>PCLPAGE</b>: 4<br/><b>PCLSUBD</b>: 11<br/><b>PCLNO</b>: 005<br/><b>TAXDIST_SP</b>: 200.0<br/><b>FDPHANTOM</b>: 2223-91<br/><b>FIREMAPNO</b>: 2223.0<br/><b>CENTRACT</b>: 3431.0<br/><b>SHAPE_LENG</b>: 11951.0461072<br/><b>PRECINCT</b>: 4529.0<br/><b>COMMISSION</b>: D<br/><b>ASSEMBLY</b>: 6.0<br/><b>SENATE</b>: 4.0<br/><b>CONGRESS</b>: 4.0<br/><b>TAZ</b>: 1308.0<br/><b>PERIMETER</b>: 265026.231717<br/><b>WARD_PARCEL</b>: 5<br/><b>CNTY_IS</b>: 0.0<br/><b>SHADE</b>: 113.0<br/><b>ACRES</b>: 9805.19074535<br/><b>SQ_MILES</b>: 15.32061054<br/><b>ZIP</b>: 89106.0<br/><b>OBJECTID_PARCEL</b>: 299489.0<br/><b>TAXDIST</b>: 200.0<br/><b>OWNER</b>: R H D H PROPERTIES L L C<br/><b>ADDRESS1</b>: 5277 TRILLIUM BLVD<br/><b>ADDRESS2</b>: HOFFMAN ESTATES IL 60192<br/><b>ADDRESS3</b>:  <br/><b>ADDRESS4</b>:  <br/><b>ADDRESS5</b>:  <br/><b>NAMETAG</b>:  <br/><b>ZIPCODE</b>: 601920000.0<br/><b>COMNAME</b>:  <br/><b>STRNO</b>: 1600.0<br/><b>STRFRAC</b>:  <br/><b>STRDIR</b>: N<br/><b>STRNAME</b>: RANCHO<br/><b>STRTYPE</b>: DR<br/><b>STRCITY</b>: LV<br/><b>STRUNIT</b>:  <br/><b>COMMENT1</b>:  <br/><b>COMMENT2</b>:  <br/><b>FIXD</b>: PB00020028PT      L5<br/><b>SUBTAG</b>:  <br/><b>LEGAL1</b>: SEBEC ACRES<br/><b>LEGAL2</b>: PLAT BOOK 2 PAGE 28<br/><b>LEGAL3</b>: PT LOT 5<br/><b>LEGAL4</b>: &amp; PT LOT 6<br/><b>LEGAL5</b>:  <br/><b>LEGAL6</b>:  <br/><b>ASSDYR</b>: 2027.0<br/><b>CONSTYR</b>: 1979.0<br/><b>DOCDATE</b>: 20050125<br/><b>FILLER1</b>:  <br/><b>DOCNO</b>: 2005012503432<br/><b>DOCMULTI</b>:  <br/><b>DOCVEST</b>: NS<br/><b>SALEPRICE</b>: 0.0<br/><b>SALETYPE</b>:  <br/><b>SALEDATE</b>:  <br/><b>PORTION</b>:  <br/><b>BK1</b>:  <br/><b>BK2</b>:  <br/><b>SECTNO</b>: 20<br/><b>TOWNSHIP</b>: 20<br/><b>RANGE</b>: 61<br/><b>LANDUSE</b>: 358000.0<br/><b>CAPACITY</b>: 1.0<br/><b>LANDCD1</b>:  <br/><b>LANDACRE1</b>: 0.0<br/><b>LANDVAL1</b>: 96433.0<br/><b>LANDCD2</b>:  <br/><b>LANDACRE2</b>: 0.0<br/><b>LANDVAL2</b>: 0.0<br/><b>IMPVAL</b>: 51222.0<br/><b>PRCD1</b>:  <br/><b>PRVAL1</b>: 0.0<br/><b>PRCD2</b>:  <br/><b>PRVAL2</b>: 0.0<br/><b>PRCD3</b>:  <br/><b>PRVAL3</b>: 0.0<br/><b>EXMPCD</b>:  <br/><b>EXMPVAL</b>: 0.0<br/><b>LYACRES</b>: 0.0<br/><b>LYLNDVAL</b>: 87666.0<br/><b>LYIMPVAL</b>: 53759.0<br/><b>LYPPVAL</b>: 0.0<br/><b>LYEXCD</b>:  <br/><b>LYEXVAL</b>: 0.0<br/><b>LY2ACRES</b>: 0.0<br/><b>LY2LNDVAL</b>: 0.0<br/><b>LY2IMPVAL</b>: 0.0<br/><b>LY2PPVAL</b>: 0.0<br/><b>LY2EXCD</b>:  <br/><b>LY2EXVAL</b>: 0.0<br/><b>OWNERNUM</b>: 0.0<br/><b>OWNERDEN</b>: 0.0<br/><b>ETALFLAG</b>: N<br/><b>UPDDATE</b>: 20231117<br/><b>LASTUPDATE</b>: 20231117<br/><b>LOTSQFT</b>: 0.0<br/><b>OLDPARCEL</b>:  <br/><b>INACTPCL</b>: 13920411005<br/><b>INACTREF</b>: 0.0<br/><b>FILLER2</b>:  <br/><b>PCLBOOK3</b>: 139<br/><b>PCL5</b>: 13920<br/><b>PCL6</b>: 139204<br/><b>PCL8</b>: 13920411<br/><b>OLDBOOK</b>: 139<br/><b>OLDPCL</b>: 139204110<br/><b>OLDPAGE</b>: 204<br/><b>OLDLOT</b>: 110<br/><b>OLDFILL</b>: 05<br/><b>ZIPMAIN</b>: 60192.0<br/><b>ZIPLUS4</b>: 0.0<br/><b>LOCATION</b>: 001600   N RANCHO                DR  L<br/><b>STR</b>: 2020  61<br/><b>ADBOOK</b>: 0002<br/><b>ADPAGE</b>: 0028<br/><b>ADDR_OWN</b>: R H D H PROPERTIES L L C        5277 TRILLIUM BLVD              HOFFMAN ESTATES IL 60192<br/><b>ADDRESS</b>: 001600   N RANCHO                DR<br/><b>INACTNEWPC</b>:  <br/><b>LUCODE</b>: 358.0<br/><b>SHAPE_LE_1</b>: 634.66024864<br/><b>Shape__Area</b>: 18774.939453125<br/><b>Shape__Length</b>: 634.6602486293582]]></description>
  <Point>
    <coordinates>-115.18574553633376,36.18880789122421,0</coordinates>
  </Point>
</Placemark>
<Placemark>
  <name>820</name>
  <styleUrl>#billboard</styleUrl>
  <description><![CDATA[<b>OBJECTID_BILLBOARD</b>: 20<br/><b>LVBOARDS_</b>: 28<br/><b>LVBOARDS_I</b>: 4<br/><b>SIGN_TYPE</b>: AA<br/><b>STREET_NUM</b>: 840<br/><b>STREET_DIR</b>: N<br/><b>STREET_NAM</b>: Rancho<br/><b>PARCEL</b>: 13929702002<br/><b>PARCELOLD</b>: 13929702002<br/><b>APPLICANT</b>: VIACOM<br/><b>SIGN_AREA</b>: 672<br/><b>SIGN_HEIGH</b>: 40<br/><b>TAG_NUM</b>: 820<br/><b>APPLY_DATE</b>: 3/16/95<br/><b>NOTES_SUP</b>: U-319-94<br/><b>NOTES_VAR</b>:  <br/><b>NOTES_RQR</b>: RQR-31809; U-319-94(1)<br/><b>NOTES</b>:  <br/><b>SIZE_</b>: 14x48<br/><b>FIELD_CHEC</b>: 1<br/><b>FREEWAY</b>: 300<br/><b>APP_FIN</b>:  <br/><b>WARD_BILLBOARD</b>: 5<br/><b>LONGITUDE</b>: -115.17802594796026<br/><b>LATITUDE</b>: 36.18018806558238<br/><b>OBJECTID_1</b>: 577244.0<br/><b>CALC_ACRES</b>: 0.0<br/><b>ASSR_ACRES</b>: 1.34<br/><b>LABEL_CLAS</b>: 701.0<br/><b>PARCELTYPE</b>: 0.0<br/><b>PRCLID</b>: 13929702002<br/><b>PRCLKEY</b>: 701.0<br/><b>PRCLVER</b>: 701.0<br/><b>PCLBOOK</b>: 139<br/><b>PCLSEC</b>: 29<br/><b>PCLPAGE</b>: 7<br/><b>PCLSUBD</b>: 02<br/><b>PCLNO</b>: 002<br/><b>TAXDIST_SP</b>: 207.0<br/><b>FDPHANTOM</b>: 2323-56<br/><b>FIREMAPNO</b>: 2323.0<br/><b>CENTRACT</b>: 201.0<br/><b>SHAPE_LENG</b>: 19539.1298865<br/><b>PRECINCT</b>: 4528.0<br/><b>COMMISSION</b>: D<br/><b>ASSEMBLY</b>: 6.0<br/><b>SENATE</b>: 4.0<br/><b>CONGRESS</b>: 4.0<br/><b>TAZ</b>: 411.0<br/><b>PERIMETER</b>: 265026.231717<br/><b>WARD_PARCEL</b>: 5<br/><b>CNTY_IS</b>: 0.0<br/><b>SHADE</b>: 113.0<br/><b>ACRES</b>: 9805.19074535<br/><b>SQ_MILES</b>: 15.32061054<br/><b>ZIP</b>: 89106.0<br/><b>OBJECTID_PARCEL</b>: 315153.0<br/><b>TAXDIST</b>: 207.0<br/><b>OWNER</b>: 840/844 RANCHO L L C<br/><b>ADDRESS1</b>: 1125 CASHMAN DR<br/><b>ADDRESS2</b>: LAS VEGAS NV 89102-1911<br/><b>ADDRESS3</b>:  <br/><b>ADDRESS4</b>:  <br/><b>ADDRESS5</b>:  <br/><b>NAMETAG</b>:  <br/><b>ZIPCODE</b>: 891021911.0<br/><b>COMNAME</b>:  <br/><b>STRNO</b>: 840.0<br/><b>STRFRAC</b>:  <br/><b>STRDIR</b>: N<br/><b>STRNAME</b>: RANCHO<br/><b>STRTYPE</b>: DR<br/><b>STRCITY</b>: LV<br/><b>STRUNIT</b>:  <br/><b>COMMENT1</b>:  <br/><b>COMMENT2</b>:  <br/><b>FIXD</b>: 00000000<br/><b>SUBTAG</b>:  <br/><b>LEGAL1</b>: PT NW4 SE4 SEC 29 20 61<br/><b>LEGAL2</b>:  <br/><b>LEGAL3</b>:  <br/><b>LEGAL4</b>:  <br/><b>LEGAL5</b>:  <br/><b>LEGAL6</b>:  <br/><b>ASSDYR</b>: 2027.0<br/><b>CONSTYR</b>: 0.0<br/><b>DOCDATE</b>: 20100322<br/><b>FILLER1</b>:  <br/><b>DOCNO</b>: 2010032202561<br/><b>DOCMULTI</b>:  <br/><b>DOCVEST</b>: NS<br/><b>SALEPRICE</b>: 0.0<br/><b>SALETYPE</b>:  <br/><b>SALEDATE</b>:  <br/><b>PORTION</b>:  <br/><b>BK1</b>:  <br/><b>BK2</b>:  <br/><b>SECTNO</b>: 29<br/><b>TOWNSHIP</b>: 20<br/><b>RANGE</b>: 61<br/><b>LANDUSE</b>: 0.0<br/><b>CAPACITY</b>: 0.0<br/><b>LANDCD1</b>:  <br/><b>LANDACRE1</b>: 1.0<br/><b>LANDVAL1</b>: 188973.0<br/><b>LANDCD2</b>:  <br/><b>LANDACRE2</b>: 0.0<br/><b>LANDVAL2</b>: 0.0<br/><b>IMPVAL</b>: 0.0<br/><b>PRCD1</b>:  <br/><b>PRVAL1</b>: 0.0<br/><b>PRCD2</b>:  <br/><b>PRVAL2</b>: 0.0<br/><b>PRCD3</b>:  <br/><b>PRVAL3</b>: 0.0<br/><b>EXMPCD</b>:  <br/><b>EXMPVAL</b>: 0.0<br/><b>LYACRES</b>: 0.0<br/><b>LYLNDVAL</b>: 173651.0<br/><b>LYIMPVAL</b>: 0.0<br/><b>LYPPVAL</b>: 0.0<br/><b>LYEXCD</b>:  <br/><b>LYEXVAL</b>: 0.0<br/><b>LY2ACRES</b>: 0.0<br/><b>LY2LNDVAL</b>: 0.0<br/><b>LY2IMPVAL</b>: 0.0<br/><b>LY2PPVAL</b>: 0.0<br/><b>LY2EXCD</b>:  <br/><b>LY2EXVAL</b>: 0.0<br/><b>OWNERNUM</b>: 0.0<br/><b>OWNERDEN</b>: 0.0<br/><b>ETALFLAG</b>: N<br/><b>UPDDATE</b>: 20231117<br/><b>LASTUPDATE</b>: 20231117<br/><b>LOTSQFT</b>: 0.0<br/><b>OLDPARCEL</b>:  <br/><b>INACTPCL</b>: 13929702002<br/><b>INACTREF</b>: 0.0<br/><b>FILLER2</b>:  <br/><b>PCLBOOK3</b>: 139<br/><b>PCL5</b>: 13929<br/><b>PCL6</b>: 139297<br/><b>PCL8</b>: 13929702<br/><b>OLDBOOK</b>: 139<br/><b>OLDPCL</b>: 139297020<br/><b>OLDPAGE</b>: 297<br/><b>OLDLOT</b>: 020<br/><b>OLDFILL</b>: 02<br/><b>ZIPMAIN</b>: 89102.0<br/><b>ZIPLUS4</b>: 1911.0<br/><b>LOCATION</b>: 000840   N RANCHO                DR  L<br/><b>STR</b>: 2920  61<br/><b>ADBOOK</b>: 0000<br/><b>ADPAGE</b>: 0000<br/><b>ADDR_OWN</b>: 840/844 RANCHO L L C            1125 CASHMAN DR                 LAS VEGAS NV 89102-1911<br/><b>ADDRESS</b>: 000840   N RANCHO                DR<br/><b>INACTNEWPC</b>:  <br/><b>LUCODE</b>: 0.0<br/><b>SHAPE_LE_1</b>: 1118.30962157<br/><b>Shape__Area</b>: 59976.486328125<br/><b>Shape__Length</b>: 1118.3096215591604]]></description>
  <Point>
    <coordinates>-115.17802594796026,36.18018806558238,0</coordinates>
  </Point>
</Placemark>
<Placemark>
  <name>0</name>
  <styleUrl>#billboard</styleUrl>
  <description><![CDATA[<b>OBJECTID_BILLBOARD</b>: 26<br/><b>LVBOARDS_</b>: 34<br/><b>LVBOARDS_I</b>: 19<br/><b>SIGN_TYPE</b>: AA<br/><b>STREET_NUM</b>: 6704<br/><b>STREET_DIR</b>: W<br/><b>STREET_NAM</b>: Cheyene<br/><b>PARCEL</b>: 13810816007<br/><b>PARCELOLD</b>: 13810816007<br/><b>APPLICANT</b>: LAMAR<br/><b>SIGN_AREA</b>: 672<br/><b>SIGN_HEIGH</b>: 30<br/><b>TAG_NUM</b>: 0<br/><b>APPLY_DATE</b>:  <br/><b>NOTES_SUP</b>:  <br/><b>NOTES_VAR</b>: V-155-96<br/><b>NOTES_RQR</b>: V-155-96(1)<br/><b>NOTES</b>:  <br/><b>SIZE_</b>: 14x48<br/><b>FIELD_CHEC</b>: 1<br/><b>FREEWAY</b>: 750<br/><b>APP_FIN</b>:  <br/><b>WARD_BILLBOARD</b>: 4<br/><b>LONGITUDE</b>: -115.24538271423744<br/><b>LATITUDE</b>: 36.21964137404821<br/><b>OBJECTID_1</b>: 778733.0<br/><b>CALC_ACRES</b>: 4.33699989<br/><b>ASSR_ACRES</b>: 4.43<br/><b>LABEL_CLAS</b>: 807.0<br/><b>PARCELTYPE</b>: 0.0<br/><b>PRCLID</b>: 13810816007<br/><b>PRCLKEY</b>: 807.0<br/><b>PRCLVER</b>: 807.0<br/><b>PCLBOOK</b>: 138<br/><b>PCLSEC</b>: 10<br/><b>PCLPAGE</b>: 8<br/><b>PCLSUBD</b>: 16<br/><b>PCLNO</b>: 007<br/><b>TAXDIST_SP</b>: 200.0<br/><b>FDPHANTOM</b>: 1918-99<br/><b>FIREMAPNO</b>: 1918.0<br/><b>CENTRACT</b>: 3412.0<br/><b>SHAPE_LENG</b>: 18534.8657796<br/><b>PRECINCT</b>: 2004.0<br/><b>COMMISSION</b>: B<br/><b>ASSEMBLY</b>: 3.0<br/><b>SENATE</b>: 3.0<br/><b>CONGRESS</b>: 4.0<br/><b>TAZ</b>: 226.0<br/><b>PERIMETER</b>: 265026.231717<br/><b>WARD_PARCEL</b>: 5<br/><b>CNTY_IS</b>: 0.0<br/><b>SHADE</b>: 113.0<br/><b>ACRES</b>: 9805.19074535<br/><b>SQ_MILES</b>: 15.32061054<br/><b>ZIP</b>: 89108.0<br/><b>OBJECTID_PARCEL</b>: 211463.0<br/><b>TAXDIST</b>: 200.0<br/><b>OWNER</b>: 95 L L C<br/><b>ADDRESS1</b>: 3711 REGULUS AVE STE 200<br/><b>ADDRESS2</b>: LAS VEGAS NV 89102<br/><b>ADDRESS3</b>:  <br/><b>ADDRESS4</b>:  <br/><b>ADDRESS5</b>:  <br/><b>NAMETAG</b>:  <br/><b>ZIPCODE</b>: 891020000.0<br/><b>COMNAME</b>:  <br/><b>STRNO</b>: 6800.0<br/><b>STRFRAC</b>:  <br/><b>STRDIR</b>: W<br/><b>STRNAME</b>: CHEYENNE<br/><b>STRTYPE</b>: AVE<br/><b>STRCITY</b>: LV<br/><b>STRUNIT</b>:  <br/><b>COMMENT1</b>: .01A TO RD 20211222:3186<br/><b>COMMENT2</b>:  <br/><b>FIXD</b>: PB00370091PTB1    L1<br/><b>SUBTAG</b>:  <br/><b>LEGAL1</b>: CHEYENNE VILLAGE SHOPPING CENTER<br/><b>LEGAL2</b>: PLAT BOOK 37 PAGE 91<br/><b>LEGAL3</b>: PT LOT 1 BLOCK 1<br/><b>LEGAL4</b>:  <br/><b>LEGAL5</b>:  <br/><b>LEGAL6</b>:  <br/><b>ASSDYR</b>: 2027.0<br/><b>CONSTYR</b>: 1985.0<br/><b>DOCDATE</b>: 20101105<br/><b>FILLER1</b>:  <br/><b>DOCNO</b>: 2010110504763<br/><b>DOCMULTI</b>:  <br/><b>DOCVEST</b>: NS<br/><b>SALEPRICE</b>: 0.0<br/><b>SALETYPE</b>:  <br/><b>SALEDATE</b>:  <br/><b>PORTION</b>:  <br/><b>BK1</b>:  <br/><b>BK2</b>:  <br/><b>SECTNO</b>: 10<br/><b>TOWNSHIP</b>: 20<br/><b>RANGE</b>: 60<br/><b>LANDUSE</b>: 355000.0<br/><b>CAPACITY</b>: 1.0<br/><b>LANDCD1</b>:  <br/><b>LANDACRE1</b>: 4.0<br/><b>LANDVAL1</b>: 607859.0<br/><b>LANDCD2</b>:  <br/><b>LANDACRE2</b>: 0.0<br/><b>LANDVAL2</b>: 0.0<br/><b>IMPVAL</b>: 991873.0<br/><b>PRCD1</b>:  <br/><b>PRVAL1</b>: 0.0<br/><b>PRCD2</b>:  <br/><b>PRVAL2</b>: 0.0<br/><b>PRCD3</b>:  <br/><b>PRVAL3</b>: 0.0<br/><b>EXMPCD</b>:  <br/><b>EXMPVAL</b>: 0.0<br/><b>LYACRES</b>: 0.0<br/><b>LYLNDVAL</b>: 540319.0<br/><b>LYIMPVAL</b>: 1017997.0<br/><b>LYPPVAL</b>: 0.0<br/><b>LYEXCD</b>:  <br/><b>LYEXVAL</b>: 0.0<br/><b>LY2ACRES</b>: 0.0<br/><b>LY2LNDVAL</b>: 0.0<br/><b>LY2IMPVAL</b>: 0.0<br/><b>LY2PPVAL</b>: 0.0<br/><b>LY2EXCD</b>:  <br/><b>LY2EXVAL</b>: 0.0<br/><b>OWNERNUM</b>: 0.0<br/><b>OWNERDEN</b>: 0.0<br/><b>ETALFLAG</b>: N<br/><b>UPDDATE</b>: 20240603<br/><b>LASTUPDATE</b>: 20240603<br/><b>LOTSQFT</b>: 0.0<br/><b>OLDPARCEL</b>:  <br/><b>INACTPCL</b>: 13810816006<br/><b>INACTREF</b>: 0.0<br/><b>FILLER2</b>:  <br/><b>PCLBOOK3</b>: 138<br/><b>PCL5</b>: 13810<br/><b>PCL6</b>: 138108<br/><b>PCL8</b>: 13810816<br/><b>OLDBOOK</b>: 138<br/><b>OLDPCL</b>: 138108160<br/><b>OLDPAGE</b>: 108<br/><b>OLDLOT</b>: 160<br/><b>OLDFILL</b>: 07<br/><b>ZIPMAIN</b>: 89102.0<br/><b>ZIPLUS4</b>: 0.0<br/><b>LOCATION</b>: 006800   W CHEYENNE              AVE L<br/><b>STR</b>: 1020  60<br/><b>ADBOOK</b>: 0037<br/><b>ADPAGE</b>: 0091<br/><b>ADDR_OWN</b>: 95 L L C                        3711 REGULUS AVE STE 200        LAS VEGAS NV 89102<br/><b>ADDRESS</b>: 006800   W CHEYENNE              AVE<br/><b>INACTNEWPC</b>:  <br/><b>LUCODE</b>: 355.0<br/><b>SHAPE_LE_1</b>: 3436.34377473<br/><b>Shape__Area</b>: 188926.408203125<br/><b>Shape__Length</b>: 3436.31359109271]]></description>
  <Point>
    <coordinates>-115.24538271423744,36.21964137404821,0</coordinates>
  </Point>
</Placemark>
<Placemark>
  <name>417</name>
  <styleUrl>#billboard</styleUrl>
  <description><![CDATA[<b>OBJECTID_BILLBOARD</b>: 27<br/><b>LVBOARDS_</b>: 35<br/><b>LVBOARDS_I</b>: 16<br/><b>SIGN_TYPE</b>: AA<br/><b>STREET_NUM</b>: 1701<br/><b>STREET_DIR</b>: N<br/><b>STREET_NAM</b>: RAINBOW<br/><b>PARCEL</b>: 13822812001<br/><b>PARCELOLD</b>: 13822803001<br/><b>APPLICANT</b>: LAMAR<br/><b>SIGN_AREA</b>: 672<br/><b>SIGN_HEIGH</b>: 40<br/><b>TAG_NUM</b>: 417<br/><b>APPLY_DATE</b>: 7/26/94<br/><b>NOTES_SUP</b>: U-55-89<br/><b>NOTES_VAR</b>:  <br/><b>NOTES_RQR</b>: RQR-12174; U-55-89(1),(2)&amp;(3)<br/><b>NOTES</b>:  <br/><b>SIZE_</b>: 14x48<br/><b>FIELD_CHEC</b>: 1<br/><b>FREEWAY</b>: 750<br/><b>APP_FIN</b>:  <br/><b>WARD_BILLBOARD</b>: 5<br/><b>LONGITUDE</b>: -115.24396222203627<br/><b>LATITUDE</b>: 36.18996922355065<br/><b>OBJECTID_1</b>: 604298.0<br/><b>CALC_ACRES</b>: 0.0<br/><b>ASSR_ACRES</b>: 14.09<br/><b>LABEL_CLAS</b>: 807.0<br/><b>PARCELTYPE</b>: 0.0<br/><b>PRCLID</b>: 13822812001<br/><b>PRCLKEY</b>: 807.0<br/><b>PRCLVER</b>: 807.0<br/><b>PCLBOOK</b>: 138<br/><b>PCLSEC</b>: 22<br/><b>PCLPAGE</b>: 8<br/><b>PCLSUBD</b>: 12<br/><b>PCLNO</b>: 001<br/><b>TAXDIST_SP</b>: 200.0<br/><b>FDPHANTOM</b>: 2218-89<br/><b>FIREMAPNO</b>: 2218.0<br/><b>CENTRACT</b>: 3422.0<br/><b>SHAPE_LENG</b>: 17582.7664083<br/><b>PRECINCT</b>: 2023.0<br/><b>COMMISSION</b>: B<br/><b>ASSEMBLY</b>: 34.0<br/><b>SENATE</b>: 6.0<br/><b>CONGRESS</b>: 4.0<br/><b>TAZ</b>: 345.0<br/><b>PERIMETER</b>: 265026.231717<br/><b>WARD_PARCEL</b>: 5<br/><b>CNTY_IS</b>: 0.0<br/><b>SHADE</b>: 113.0<br/><b>ACRES</b>: 9805.19074535<br/><b>SQ_MILES</b>: 15.32061054<br/><b>ZIP</b>: 89108.0<br/><b>OBJECTID_PARCEL</b>: 236234.0<br/><b>TAXDIST</b>: 200.0<br/><b>OWNER</b>: JERMAC<br/><b>ADDRESS1</b>: C/O B PALLUCK<br/><b>ADDRESS2</b>: 2655 S MARYLAND PKWY STE 201<br/><b>ADDRESS3</b>: LAS VEGAS NV 89109<br/><b>ADDRESS4</b>:  <br/><b>ADDRESS5</b>:  <br/><b>NAMETAG</b>:  <br/><b>ZIPCODE</b>: 891090000.0<br/><b>COMNAME</b>:  <br/><b>STRNO</b>: 1851.0<br/><b>STRFRAC</b>:  <br/><b>STRDIR</b>: N<br/><b>STRNAME</b>: RAINBOW<br/><b>STRTYPE</b>: BLVD<br/><b>STRCITY</b>: LV<br/><b>STRUNIT</b>:  <br/><b>COMMENT1</b>: SF 169-56<br/><b>COMMENT2</b>:  <br/><b>FIXD</b>: PB01370077        L1<br/><b>SUBTAG</b>:  <br/><b>LEGAL1</b>: ATHLETIC CLUB PLAZA<br/><b>LEGAL2</b>: PLAT BOOK 137 PAGE 77<br/><b>LEGAL3</b>: LOT 1<br/><b>LEGAL4</b>:  <br/><b>LEGAL5</b>:  <br/><b>LEGAL6</b>:  <br/><b>ASSDYR</b>: 2027.0<br/><b>CONSTYR</b>: 2005.0<br/><b>DOCDATE</b>: 19980318<br/><b>FILLER1</b>:  <br/><b>DOCNO</b>: 1998031802151<br/><b>DOCMULTI</b>:  <br/><b>DOCVEST</b>: NS<br/><b>SALEPRICE</b>: 0.0<br/><b>SALETYPE</b>:  <br/><b>SALEDATE</b>:  <br/><b>PORTION</b>:  <br/><b>BK1</b>:  <br/><b>BK2</b>:  <br/><b>SECTNO</b>: 22<br/><b>TOWNSHIP</b>: 20<br/><b>RANGE</b>: 60<br/><b>LANDUSE</b>: 345000.0<br/><b>CAPACITY</b>: 1.0<br/><b>LANDCD1</b>:  <br/><b>LANDACRE1</b>: 14.0<br/><b>LANDVAL1</b>: 2577792.0<br/><b>LANDCD2</b>:  <br/><b>LANDACRE2</b>: 0.0<br/><b>LANDVAL2</b>: 0.0<br/><b>IMPVAL</b>: 4804079.0<br/><b>PRCD1</b>:  <br/><b>PRVAL1</b>: 0.0<br/><b>PRCD2</b>:  <br/><b>PRVAL2</b>: 0.0<br/><b>PRCD3</b>:  <br/><b>PRVAL3</b>: 0.0<br/><b>EXMPCD</b>:  <br/><b>EXMPVAL</b>: 0.0<br/><b>LYACRES</b>: 0.0<br/><b>LYLNDVAL</b>: 2362976.0<br/><b>LYIMPVAL</b>: 4810854.0<br/><b>LYPPVAL</b>: 0.0<br/><b>LYEXCD</b>:  <br/><b>LYEXVAL</b>: 0.0<br/><b>LY2ACRES</b>: 0.0<br/><b>LY2LNDVAL</b>: 0.0<br/><b>LY2IMPVAL</b>: 0.0<br/><b>LY2PPVAL</b>: 0.0<br/><b>LY2EXCD</b>:  <br/><b>LY2EXVAL</b>: 0.0<br/><b>OWNERNUM</b>: 0.0<br/><b>OWNERDEN</b>: 0.0<br/><b>ETALFLAG</b>: N<br/><b>UPDDATE</b>: 20250915<br/><b>LASTUPDATE</b>: 20250915<br/><b>LOTSQFT</b>: 0.0<br/><b>OLDPARCEL</b>:  <br/><b>INACTPCL</b>: 13822803001<br/><b>INACTREF</b>: 0.0<br/><b>FILLER2</b>:  <br/><b>PCLBOOK3</b>: 138<br/><b>PCL5</b>: 13822<br/><b>PCL6</b>: 138228<br/><b>PCL8</b>: 13822812<br/><b>OLDBOOK</b>: 138<br/><b>OLDPCL</b>: 138228120<br/><b>OLDPAGE</b>: 228<br/><b>OLDLOT</b>: 120<br/><b>OLDFILL</b>: 01<br/><b>ZIPMAIN</b>: 89109.0<br/><b>ZIPLUS4</b>: 0.0<br/><b>LOCATION</b>: 001851   N RAINBOW               BLVDL<br/><b>STR</b>: 2220  60<br/><b>ADBOOK</b>: 0137<br/><b>ADPAGE</b>: 0077<br/><b>ADDR_OWN</b>: JERMAC                          C/O B PALLUCK                   2655 S MARYLAND PKWY STE 201    LAS VEGAS NV 89109<br/><b>ADDRESS</b>: 001851   N RAINBOW               BLVD<br/><b>INACTNEWPC</b>:  <br/><b>LUCODE</b>: 345.0<br/><b>SHAPE_LE_1</b>: 3466.06899732<br/><b>Shape__Area</b>: 614067.423828125<br/><b>Shape__Length</b>: 3466.0689973128237]]></description>
  <Point>
    <coordinates>-115.24396222203627,36.18996922355065,0</coordinates>
  </Point>
</Placemark>
<Placemark>
  <name>978</name>
  <styleUrl>#billboard</styleUrl>
  <description><![CDATA[<b>OBJECTID_BILLBOARD</b>: 40<br/><b>LVBOARDS_</b>: 50<br/><b>LVBOARDS_I</b>: 4<br/><b>SIGN_TYPE</b>: AA<br/><b>STREET_NUM</b>: 369<br/><b>STREET_DIR</b>: N<br/><b>STREET_NAM</b>: 13TH<br/><b>PARCEL</b>: 13935101001<br/><b>PARCELOLD</b>: 13935101001<br/><b>APPLICANT</b>: LAMAR<br/><b>SIGN_AREA</b>: 672<br/><b>SIGN_HEIGH</b>: 75<br/><b>TAG_NUM</b>: 978<br/><b>APPLY_DATE</b>: 6/26/95<br/><b>NOTES_SUP</b>: U-0322-94<br/><b>NOTES_VAR</b>:  <br/><b>NOTES_RQR</b>: RQR-33351; U-322-94(1)<br/><b>NOTES</b>: SDR-27197<br/><b>SIZE_</b>: 14x48<br/><b>FIELD_CHEC</b>: 1<br/><b>FREEWAY</b>: 750<br/><b>APP_FIN</b>:  <br/><b>WARD_BILLBOARD</b>: 5<br/><b>LONGITUDE</b>: -115.12939830628825<br/><b>LATITUDE</b>: 36.17019123823444<br/><b>OBJECTID_1</b>: 498122.0<br/><b>CALC_ACRES</b>: 0.0<br/><b>ASSR_ACRES</b>: 0.25<br/><b>LABEL_CLAS</b>: 701.0<br/><b>PARCELTYPE</b>: 0.0<br/><b>PRCLID</b>: 13935101001<br/><b>PRCLKEY</b>: 701.0<br/><b>PRCLVER</b>: 701.0<br/><b>PCLBOOK</b>: 139<br/><b>PCLSEC</b>: 35<br/><b>PCLPAGE</b>: 1<br/><b>PCLSUBD</b>: 01<br/><b>PCLNO</b>: 001<br/><b>TAXDIST_SP</b>: 203.0<br/><b>FDPHANTOM</b>: 2426-33<br/><b>FIREMAPNO</b>: 2426.0<br/><b>CENTRACT</b>: 403.0<br/><b>SHAPE_LENG</b>: 10852.6391327<br/><b>PRECINCT</b>: 4019.0<br/><b>COMMISSION</b>: D<br/><b>ASSEMBLY</b>: 11.0<br/><b>SENATE</b>: 2.0<br/><b>CONGRESS</b>: 1.0<br/><b>TAZ</b>: 484.0<br/><b>PERIMETER</b>: 265026.231717<br/><b>WARD_PARCEL</b>: 5<br/><b>CNTY_IS</b>: 0.0<br/><b>SHADE</b>: 113.0<br/><b>ACRES</b>: 9805.19074535<br/><b>SQ_MILES</b>: 15.32061054<br/><b>ZIP</b>: 89101.0<br/><b>OBJECTID_PARCEL</b>: 321877.0<br/><b>TAXDIST</b>: 203.0<br/><b>OWNER</b>: VEGAS OUTDOOR ADVERTISING INC<br/><b>ADDRESS1</b>: 1105 SHARP CIR<br/><b>ADDRESS2</b>: NORTH LAS VEGAS NV 89030-8055<br/><b>ADDRESS3</b>:  <br/><b>ADDRESS4</b>:  <br/><b>ADDRESS5</b>:  <br/><b>NAMETAG</b>:  <br/><b>ZIPCODE</b>: 890308055.0<br/><b>COMNAME</b>:  <br/><b>STRNO</b>: 369.0<br/><b>STRFRAC</b>:  <br/><b>STRDIR</b>: N<br/><b>STRNAME</b>: 13TH<br/><b>STRTYPE</b>: ST<br/><b>STRCITY</b>: LV<br/><b>STRUNIT</b>:  <br/><b>COMMENT1</b>: REV PB 140-65;L-20250929:1553<br/><b>COMMENT2</b>:  <br/><b>FIXD</b>: 00000000<br/><b>SUBTAG</b>:  <br/><b>LEGAL1</b>: NE4 NW4 SEC 35 20 61<br/><b>LEGAL2</b>:  <br/><b>LEGAL3</b>:  <br/><b>LEGAL4</b>:  <br/><b>LEGAL5</b>:  <br/><b>LEGAL6</b>:  <br/><b>ASSDYR</b>: 2027.0<br/><b>CONSTYR</b>: 1996.0<br/><b>DOCDATE</b>: 19951003<br/><b>FILLER1</b>:  <br/><b>DOCNO</b>: 1995100300953<br/><b>DOCMULTI</b>:  <br/><b>DOCVEST</b>: NS<br/><b>SALEPRICE</b>: 550000.0<br/><b>SALETYPE</b>: U<br/><b>SALEDATE</b>: 20250901<br/><b>PORTION</b>:  <br/><b>BK1</b>:  <br/><b>BK2</b>:  <br/><b>SECTNO</b>: 35<br/><b>TOWNSHIP</b>: 20<br/><b>RANGE</b>: 61<br/><b>LANDUSE</b>: 335000.0<br/><b>CAPACITY</b>: 1.0<br/><b>LANDCD1</b>:  <br/><b>LANDACRE1</b>: 0.0<br/><b>LANDVAL1</b>: 36209.0<br/><b>LANDCD2</b>:  <br/><b>LANDACRE2</b>: 0.0<br/><b>LANDVAL2</b>: 0.0<br/><b>IMPVAL</b>: 65955.0<br/><b>PRCD1</b>:  <br/><b>PRVAL1</b>: 0.0<br/><b>PRCD2</b>:  <br/><b>PRVAL2</b>: 0.0<br/><b>PRCD3</b>:  <br/><b>PRVAL3</b>: 0.0<br/><b>EXMPCD</b>:  <br/><b>EXMPVAL</b>: 0.0<br/><b>LYACRES</b>: 0.0<br/><b>LYLNDVAL</b>: 32398.0<br/><b>LYIMPVAL</b>: 62341.0<br/><b>LYPPVAL</b>: 0.0<br/><b>LYEXCD</b>:  <br/><b>LYEXVAL</b>: 0.0<br/><b>LY2ACRES</b>: 0.0<br/><b>LY2LNDVAL</b>: 0.0<br/><b>LY2IMPVAL</b>: 0.0<br/><b>LY2PPVAL</b>: 0.0<br/><b>LY2EXCD</b>:  <br/><b>LY2EXVAL</b>: 0.0<br/><b>OWNERNUM</b>: 0.0<br/><b>OWNERDEN</b>: 0.0<br/><b>ETALFLAG</b>: N<br/><b>UPDDATE</b>: 20250930<br/><b>LASTUPDATE</b>: 20250930<br/><b>LOTSQFT</b>: 0.0<br/><b>OLDPARCEL</b>:  <br/><b>INACTPCL</b>: 13935111182<br/><b>INACTREF</b>: 0.0<br/><b>FILLER2</b>:  <br/><b>PCLBOOK3</b>: 139<br/><b>PCL5</b>: 13935<br/><b>PCL6</b>: 139351<br/><b>PCL8</b>: 13935101<br/><b>OLDBOOK</b>: 139<br/><b>OLDPCL</b>: 139351010<br/><b>OLDPAGE</b>: 351<br/><b>OLDLOT</b>: 010<br/><b>OLDFILL</b>: 01<br/><b>ZIPMAIN</b>: 89030.0<br/><b>ZIPLUS4</b>: 8055.0<br/><b>LOCATION</b>: 000369   N 13TH                  ST  L<br/><b>STR</b>: 3520  61<br/><b>ADBOOK</b>: 0000<br/><b>ADPAGE</b>: 0000<br/><b>ADDR_OWN</b>: VEGAS OUTDOOR ADVERTISING INC   1105 SHARP CIR                  NORTH LAS VEGAS NV 89030-8055<br/><b>ADDRESS</b>: 000369   N 13TH                  ST<br/><b>INACTNEWPC</b>:  <br/><b>LUCODE</b>: 335.0<br/><b>SHAPE_LE_1</b>: 433.27664483<br/><b>Shape__Area</b>: 11069.86328125<br/><b>Shape__Length</b>: 433.27664482547044]]></description>
  <Point>
    <coordinates>-115.12939830628825,36.17019123823444,0</coordinates>
  </Point>
</Placemark>
<Placemark>
  <name>719</name>
  <styleUrl>#billboard</styleUrl>
  <description><![CDATA[<b>OBJECTID_BILLBOARD</b>: 69<br/><b>LVBOARDS_</b>: 82<br/><b>LVBOARDS_I</b>: 19<br/><b>SIGN_TYPE</b>: AA<br/><b>STREET_NUM</b>: 2320<br/><b>STREET_DIR</b>: S<br/><b>STREET_NAM</b>: RANCHO<br/><b>PARCEL</b>: 16204412005<br/><b>PARCELOLD</b>: 16204401004<br/><b>APPLICANT</b>: VIACOM<br/><b>SIGN_AREA</b>: 672<br/><b>SIGN_HEIGH</b>: 90<br/><b>TAG_NUM</b>: 719<br/><b>APPLY_DATE</b>: 1/19/95<br/><b>NOTES_SUP</b>:  <br/><b>NOTES_VAR</b>: V-154-94<br/><b>NOTES_RQR</b>: RQR-39424; RQR-24171; RQR-3705<br/><b>NOTES</b>:  <br/><b>SIZE_</b>: 14x48<br/><b>FIELD_CHEC</b>: 1<br/><b>FREEWAY</b>: 750<br/><b>APP_FIN</b>:  <br/><b>WARD_BILLBOARD</b>: 1<br/><b>LONGITUDE</b>: -115.17164804566174<br/><b>LATITUDE</b>: 36.14499737739729]]></description>
  <Point>
    <coordinates>-115.17164804566174,36.14499737739729,0</coordinates>
  </Point>
</Placemark>
<Placemark>
  <name>0</name>
  <styleUrl>#billboard</styleUrl>
  <description><![CDATA[<b>OBJECTID_BILLBOARD</b>: 81<br/><b>LVBOARDS_</b>: 94<br/><b>LVBOARDS_I</b>: 11<br/><b>SIGN_TYPE</b>: AA<br/><b>STREET_NUM</b>: 901<br/><b>STREET_DIR</b>: N<br/><b>STREET_NAM</b>: BUFFALO<br/><b>PARCEL</b>: 13828620003<br/><b>PARCELOLD</b>: 13828620001<br/><b>APPLICANT</b>:  <br/><b>SIGN_AREA</b>: 672<br/><b>SIGN_HEIGH</b>: 40<br/><b>TAG_NUM</b>: 0<br/><b>APPLY_DATE</b>: 06/19/96<br/><b>NOTES_SUP</b>:  <br/><b>NOTES_VAR</b>: V-43-96<br/><b>NOTES_RQR</b>: RQR-33738; V-43-96(1)<br/><b>NOTES</b>:  <br/><b>SIZE_</b>: 14x48<br/><b>FIELD_CHEC</b>: 1<br/><b>FREEWAY</b>: 750<br/><b>APP_FIN</b>:  <br/><b>WARD_BILLBOARD</b>: 4<br/><b>LONGITUDE</b>: -115.2601937077582<br/><b>LATITUDE</b>: 36.18199970624559<br/><b>OBJECTID_1</b>: 566147.0<br/><b>CALC_ACRES</b>: 0.0<br/><b>ASSR_ACRES</b>: 0.9<br/><b>LABEL_CLAS</b>: 807.0<br/><b>PARCELTYPE</b>: 0.0<br/><b>PRCLID</b>: 13828620003<br/><b>PRCLKEY</b>: 807.0<br/><b>PRCLVER</b>: 807.0<br/><b>PCLBOOK</b>: 138<br/><b>PCLSEC</b>: 28<br/><b>PCLPAGE</b>: 6<br/><b>PCLSUBD</b>: 20<br/><b>PCLNO</b>: 003<br/><b>TAXDIST_SP</b>: 200.0<br/><b>FDPHANTOM</b>: 2317-59<br/><b>FIREMAPNO</b>: 2317.0<br/><b>CENTRACT</b>: 3220.0<br/><b>SHAPE_LENG</b>: 23975.8016733<br/><b>PRECINCT</b>: 3762.0<br/><b>COMMISSION</b>: C<br/><b>ASSEMBLY</b>: 34.0<br/><b>SENATE</b>: 6.0<br/><b>CONGRESS</b>: 3.0<br/><b>TAZ</b>: 373.0<br/><b>PERIMETER</b>: 175071.718389<br/><b>WARD_PARCEL</b>: 2<br/><b>CNTY_IS</b>: 0.0<br/><b>SHADE</b>: 105.0<br/><b>ACRES</b>: 18966.199161<br/><b>SQ_MILES</b>: 29.63468619<br/><b>ZIP</b>: 89128.0<br/><b>OBJECTID_PARCEL</b>: 253680.0<br/><b>TAXDIST</b>: 200.0<br/><b>OWNER</b>: REBEL LAND &amp; DEVELOPMENT L L C<br/><b>ADDRESS1</b>: C/O KE ANDREWS<br/><b>ADDRESS2</b>: 2424 RIDGE RD<br/><b>ADDRESS3</b>: ROCKWALL TX 75087<br/><b>ADDRESS4</b>:  <br/><b>ADDRESS5</b>:  <br/><b>NAMETAG</b>:  <br/><b>ZIPCODE</b>: 750870000.0<br/><b>COMNAME</b>:  <br/><b>STRNO</b>: 901.0<br/><b>STRFRAC</b>:  <br/><b>STRDIR</b>: N<br/><b>STRNAME</b>: BUFFALO<br/><b>STRTYPE</b>: DR<br/><b>STRCITY</b>: LV<br/><b>STRUNIT</b>:  <br/><b>COMMENT1</b>:  <br/><b>COMMENT2</b>:  <br/><b>FIXD</b>: PB00620032PT      L1<br/><b>SUBTAG</b>:  <br/><b>LEGAL1</b>: ROCK SPRINGS VISTA COML<br/><b>LEGAL2</b>: PLAT BOOK 62 PAGE 32<br/><b>LEGAL3</b>: PT LOT 1<br/><b>LEGAL4</b>:  <br/><b>LEGAL5</b>:  <br/><b>LEGAL6</b>:  <br/><b>ASSDYR</b>: 2027.0<br/><b>CONSTYR</b>: 1998.0<br/><b>DOCDATE</b>: 20151223<br/><b>FILLER1</b>:  <br/><b>DOCNO</b>: 2015122302953<br/><b>DOCMULTI</b>:  <br/><b>DOCVEST</b>: NS<br/><b>SALEPRICE</b>: 2464500.0<br/><b>SALETYPE</b>: R<br/><b>SALEDATE</b>: 20151201<br/><b>PORTION</b>:  <br/><b>BK1</b>:  <br/><b>BK2</b>:  <br/><b>SECTNO</b>: 28<br/><b>TOWNSHIP</b>: 20<br/><b>RANGE</b>: 60<br/><b>LANDUSE</b>: 365000.0<br/><b>CAPACITY</b>: 1.0<br/><b>LANDCD1</b>:  <br/><b>LANDACRE1</b>: 1.0<br/><b>LANDVAL1</b>: 259335.0<br/><b>LANDCD2</b>:  <br/><b>LANDACRE2</b>: 0.0<br/><b>LANDVAL2</b>: 0.0<br/><b>IMPVAL</b>: 332066.0<br/><b>PRCD1</b>:  <br/><b>PRVAL1</b>: 0.0<br/><b>PRCD2</b>:  <br/><b>PRVAL2</b>: 0.0<br/><b>PRCD3</b>:  <br/><b>PRVAL3</b>: 0.0<br/><b>EXMPCD</b>:  <br/><b>EXMPVAL</b>: 0.0<br/><b>LYACRES</b>: 0.0<br/><b>LYLNDVAL</b>: 231617.0<br/><b>LYIMPVAL</b>: 336442.0<br/><b>LYPPVAL</b>: 0.0<br/><b>LYEXCD</b>:  <br/><b>LYEXVAL</b>: 0.0<br/><b>LY2ACRES</b>: 0.0<br/><b>LY2LNDVAL</b>: 0.0<br/><b>LY2IMPVAL</b>: 0.0<br/><b>LY2PPVAL</b>: 0.0<br/><b>LY2EXCD</b>:  <br/><b>LY2EXVAL</b>: 0.0<br/><b>OWNERNUM</b>: 0.0<br/><b>OWNERDEN</b>: 0.0<br/><b>ETALFLAG</b>: N<br/><b>UPDDATE</b>: 20231117<br/><b>LASTUPDATE</b>: 20231117<br/><b>LOTSQFT</b>: 0.0<br/><b>OLDPARCEL</b>:  <br/><b>INACTPCL</b>: 13828620001<br/><b>INACTREF</b>: 0.0<br/><b>FILLER2</b>:  <br/><b>PCLBOOK3</b>: 138<br/><b>PCL5</b>: 13828<br/><b>PCL6</b>: 138286<br/><b>PCL8</b>: 13828620<br/><b>OLDBOOK</b>: 138<br/><b>OLDPCL</b>: 138286200<br/><b>OLDPAGE</b>: 286<br/><b>OLDLOT</b>: 200<br/><b>OLDFILL</b>: 03<br/><b>ZIPMAIN</b>: 75087.0<br/><b>ZIPLUS4</b>: 0.0<br/><b>LOCATION</b>: 000901   N BUFFALO               DR  L<br/><b>STR</b>: 2820  60<br/><b>ADBOOK</b>: 0062<br/><b>ADPAGE</b>: 0032<br/><b>ADDR_OWN</b>: REBEL LAND &amp; DEVELOPMENT L L C  C/O KE ANDREWS                  2424 RIDGE RD                   ROCKWALL TX 75087<br/><b>ADDRESS</b>: 000901   N BUFFALO               DR<br/><b>INACTNEWPC</b>:  <br/><b>LUCODE</b>: 365.0<br/><b>SHAPE_LE_1</b>: 777.35142882<br/><b>Shape__Area</b>: 39393.7734375<br/><b>Shape__Length</b>: 777.3514288341653]]></description>
  <Point>
    <coordinates>-115.2601937077582,36.18199970624559,0</coordinates>
  </Point>
</Placemark>
<Placemark>
  <name>1029</name>
  <styleUrl>#billboard</styleUrl>
  <description><![CDATA[<b>OBJECTID_BILLBOARD</b>: 82<br/><b>LVBOARDS_</b>: 96<br/><b>LVBOARDS_I</b>: 7<br/><b>SIGN_TYPE</b>: AA<br/><b>STREET_NUM</b>: 2401<br/><b>STREET_DIR</b>: N<br/><b>STREET_NAM</b>: DECATUR<br/><b>PARCEL</b>: 13813801083<br/><b>PARCELOLD</b>: 13813801083<br/><b>APPLICANT</b>: LAMAR<br/><b>SIGN_AREA</b>: 672<br/><b>SIGN_HEIGH</b>: 40<br/><b>TAG_NUM</b>: 1029<br/><b>APPLY_DATE</b>: 7/21/95<br/><b>NOTES_SUP</b>: U-36-95<br/><b>NOTES_VAR</b>:  <br/><b>NOTES_RQR</b>: RQR-17764; RQR-4959<br/><b>NOTES</b>:  <br/><b>SIZE_</b>: 14x48<br/><b>FIELD_CHEC</b>: 1<br/><b>FREEWAY</b>: 300<br/><b>APP_FIN</b>:  <br/><b>WARD_BILLBOARD</b>: 5<br/><b>LONGITUDE</b>: -115.20609712290292<br/><b>LATITUDE</b>: 36.203369615812754<br/><b>OBJECTID_1</b>: 557181.0<br/><b>CALC_ACRES</b>: 0.0<br/><b>ASSR_ACRES</b>: 0.63<br/><b>LABEL_CLAS</b>: 701.0<br/><b>PARCELTYPE</b>: 0.0<br/><b>PRCLID</b>: 13813801083<br/><b>PRCLKEY</b>: 701.0<br/><b>PRCLVER</b>: 701.0<br/><b>PCLBOOK</b>: 138<br/><b>PCLSEC</b>: 13<br/><b>PCLPAGE</b>: 8<br/><b>PCLSUBD</b>: 01<br/><b>PCLNO</b>: 083<br/><b>TAXDIST_SP</b>: 200.0<br/><b>FDPHANTOM</b>: 2121-99<br/><b>FIREMAPNO</b>: 2121.0<br/><b>CENTRACT</b>: 3427.0<br/><b>SHAPE_LENG</b>: 15093.9943108<br/><b>PRECINCT</b>: 4000.0<br/><b>COMMISSION</b>: D<br/><b>ASSEMBLY</b>: 3.0<br/><b>SENATE</b>: 3.0<br/><b>CONGRESS</b>: 4.0<br/><b>TAZ</b>: 294.0<br/><b>PERIMETER</b>: 265026.231717<br/><b>WARD_PARCEL</b>: 5<br/><b>CNTY_IS</b>: 0.0<br/><b>SHADE</b>: 113.0<br/><b>ACRES</b>: 9805.19074535<br/><b>SQ_MILES</b>: 15.32061054<br/><b>ZIP</b>: 89108.0<br/><b>OBJECTID_PARCEL</b>: 215857.0<br/><b>TAXDIST</b>: 200.0<br/><b>OWNER</b>: FOSTER-DAY CORP<br/><b>ADDRESS1</b>: C/O R FOSTER<br/><b>ADDRESS2</b>: 2560 RED ARROW DR<br/><b>ADDRESS3</b>: LAS VEGAS NV 89135-1627<br/><b>ADDRESS4</b>:  <br/><b>ADDRESS5</b>:  <br/><b>NAMETAG</b>:  <br/><b>ZIPCODE</b>: 891351627.0<br/><b>COMNAME</b>:  <br/><b>STRNO</b>: 2401.0<br/><b>STRFRAC</b>:  <br/><b>STRDIR</b>: N<br/><b>STRNAME</b>: DECATUR<br/><b>STRTYPE</b>: BLVD<br/><b>STRCITY</b>: LV<br/><b>STRUNIT</b>:  <br/><b>COMMENT1</b>:  <br/><b>COMMENT2</b>:  <br/><b>FIXD</b>: 00000000<br/><b>SUBTAG</b>:  <br/><b>LEGAL1</b>: PT SE4 SE4 SEC 13 20 60<br/><b>LEGAL2</b>:  <br/><b>LEGAL3</b>:  <br/><b>LEGAL4</b>:  <br/><b>LEGAL5</b>:  <br/><b>LEGAL6</b>:  <br/><b>ASSDYR</b>: 2027.0<br/><b>CONSTYR</b>: 1981.0<br/><b>DOCDATE</b>: 19940131<br/><b>FILLER1</b>:  <br/><b>DOCNO</b>: 1994013102506<br/><b>DOCMULTI</b>:  <br/><b>DOCVEST</b>: NS<br/><b>SALEPRICE</b>: 477000.0<br/><b>SALETYPE</b>: R<br/><b>SALEDATE</b>: 19940101<br/><b>PORTION</b>:  <br/><b>BK1</b>:  <br/><b>BK2</b>:  <br/><b>SECTNO</b>: 13<br/><b>TOWNSHIP</b>: 20<br/><b>RANGE</b>: 60<br/><b>LANDUSE</b>: 370000.0<br/><b>CAPACITY</b>: 1.0<br/><b>LANDCD1</b>:  <br/><b>LANDACRE1</b>: 1.0<br/><b>LANDVAL1</b>: 124866.0<br/><b>LANDCD2</b>:  <br/><b>LANDACRE2</b>: 0.0<br/><b>LANDVAL2</b>: 0.0<br/><b>IMPVAL</b>: 45348.0<br/><b>PRCD1</b>:  <br/><b>PRVAL1</b>: 0.0<br/><b>PRCD2</b>:  <br/><b>PRVAL2</b>: 0.0<br/><b>PRCD3</b>:  <br/><b>PRVAL3</b>: 0.0<br/><b>EXMPCD</b>:  <br/><b>EXMPVAL</b>: 0.0<br/><b>LYACRES</b>: 0.0<br/><b>LYLNDVAL</b>: 115261.0<br/><b>LYIMPVAL</b>: 46484.0<br/><b>LYPPVAL</b>: 0.0<br/><b>LYEXCD</b>:  <br/><b>LYEXVAL</b>: 0.0<br/><b>LY2ACRES</b>: 0.0<br/><b>LY2LNDVAL</b>: 0.0<br/><b>LY2IMPVAL</b>: 0.0<br/><b>LY2PPVAL</b>: 0.0<br/><b>LY2EXCD</b>:  <br/><b>LY2EXVAL</b>: 0.0<br/><b>OWNERNUM</b>: 0.0<br/><b>OWNERDEN</b>: 0.0<br/><b>ETALFLAG</b>: N<br/><b>UPDDATE</b>: 20231117<br/><b>LASTUPDATE</b>: 20231117<br/><b>LOTSQFT</b>: 0.0<br/><b>OLDPARCEL</b>:  <br/><b>INACTPCL</b>: 13813801083<br/><b>INACTREF</b>: 0.0<br/><b>FILLER2</b>:  <br/><b>PCLBOOK3</b>: 138<br/><b>PCL5</b>: 13813<br/><b>PCL6</b>: 138138<br/><b>PCL8</b>: 13813801<br/><b>OLDBOOK</b>: 138<br/><b>OLDPCL</b>: 138138010<br/><b>OLDPAGE</b>: 138<br/><b>OLDLOT</b>: 010<br/><b>OLDFILL</b>: 83<br/><b>ZIPMAIN</b>: 89135.0<br/><b>ZIPLUS4</b>: 1627.0<br/><b>LOCATION</b>: 002401   N DECATUR               BLVDL<br/><b>STR</b>: 1320  60<br/><b>ADBOOK</b>: 0000<br/><b>ADPAGE</b>: 0000<br/><b>ADDR_OWN</b>: FOSTER-DAY CORP                 C/O R FOSTER                    2560 RED ARROW DR               LAS VEGAS NV 89135-1627<br/><b>ADDRESS</b>: 002401   N DECATUR               BLVD<br/><b>INACTNEWPC</b>:  <br/><b>LUCODE</b>: 370.0<br/><b>SHAPE_LE_1</b>: 654.48488217<br/><b>Shape__Area</b>: 27997.83984375<br/><b>Shape__Length</b>: 654.4848821560075]]></description>
  <Point>
    <coordinates>-115.20609712290292,36.203369615812754,0</coordinates>
  </Point>
</Placemark>
<Placemark>
  <name>505</name>
  <styleUrl>#billboard</styleUrl>
  <description><![CDATA[<b>OBJECTID_BILLBOARD</b>: 83<br/><b>LVBOARDS_</b>: 97<br/><b>LVBOARDS_I</b>: 5<br/><b>SIGN_TYPE</b>: AA<br/><b>STREET_NUM</b>: 2390<br/><b>STREET_DIR</b>: N<br/><b>STREET_NAM</b>: DECATUR<br/><b>PARCEL</b>: 13919101001<br/><b>PARCELOLD</b>: 13919101001<br/><b>APPLICANT</b>: LAMAR<br/><b>SIGN_AREA</b>: 672<br/><b>SIGN_HEIGH</b>: 40<br/><b>TAG_NUM</b>: 505<br/><b>APPLY_DATE</b>: 9/21/94<br/><b>NOTES_SUP</b>: U-173-94<br/><b>NOTES_VAR</b>:  <br/><b>NOTES_RQR</b>: RQR-31834;U-173-94(1)<br/><b>NOTES</b>:  <br/><b>SIZE_</b>: 14x48<br/><b>FIELD_CHEC</b>: 1<br/><b>FREEWAY</b>: 300<br/><b>APP_FIN</b>:  <br/><b>WARD_BILLBOARD</b>: 5<br/><b>LONGITUDE</b>: -115.2050809895876<br/><b>LATITUDE</b>: 36.20247390978753<br/><b>OBJECTID_1</b>: 559940.0<br/><b>CALC_ACRES</b>: 0.0<br/><b>ASSR_ACRES</b>: 0.67<br/><b>LABEL_CLAS</b>: 701.0<br/><b>PARCELTYPE</b>: 0.0<br/><b>PRCLID</b>: 13919101001<br/><b>PRCLKEY</b>: 701.0<br/><b>PRCLVER</b>: 701.0<br/><b>PCLBOOK</b>: 139<br/><b>PCLSEC</b>: 19<br/><b>PCLPAGE</b>: 1<br/><b>PCLSUBD</b>: 01<br/><b>PCLNO</b>: 001<br/><b>TAXDIST_SP</b>: 200.0<br/><b>FDPHANTOM</b>: 2222-11<br/><b>FIREMAPNO</b>: 2222.0<br/><b>CENTRACT</b>: 3428.0<br/><b>SHAPE_LENG</b>: 12854.3725801<br/><b>PRECINCT</b>: 4000.0<br/><b>COMMISSION</b>: D<br/><b>ASSEMBLY</b>: 3.0<br/><b>SENATE</b>: 3.0<br/><b>CONGRESS</b>: 4.0<br/><b>TAZ</b>: 315.0<br/><b>PERIMETER</b>: 265026.231717<br/><b>WARD_PARCEL</b>: 5<br/><b>CNTY_IS</b>: 0.0<br/><b>SHADE</b>: 113.0<br/><b>ACRES</b>: 9805.19074535<br/><b>SQ_MILES</b>: 15.32061054<br/><b>ZIP</b>: 89108.0<br/><b>OBJECTID_PARCEL</b>: 297101.0<br/><b>TAXDIST</b>: 200.0<br/><b>OWNER</b>: DHALAI AHMED<br/><b>ADDRESS1</b>: ABDULFATTAH NADYA<br/><b>ADDRESS2</b>: 6574 AMERICAN BEAUTY AVE<br/><b>ADDRESS3</b>: LAS VEGAS NV 89142<br/><b>ADDRESS4</b>:  <br/><b>ADDRESS5</b>:  <br/><b>NAMETAG</b>:  <br/><b>ZIPCODE</b>: 891420000.0<br/><b>COMNAME</b>:  <br/><b>STRNO</b>: 2390.0<br/><b>STRFRAC</b>:  <br/><b>STRDIR</b>: N<br/><b>STRNAME</b>: DECATUR<br/><b>STRTYPE</b>: BLVD<br/><b>STRCITY</b>: LV<br/><b>STRUNIT</b>:  <br/><b>COMMENT1</b>:  <br/><b>COMMENT2</b>:  <br/><b>FIXD</b>: PM00510063        L1<br/><b>SUBTAG</b>:  <br/><b>LEGAL1</b>: PARCEL MAP FILE 51 PAGE 63<br/><b>LEGAL2</b>: LOT 1<br/><b>LEGAL3</b>:  <br/><b>LEGAL4</b>:  <br/><b>LEGAL5</b>:  <br/><b>LEGAL6</b>:  <br/><b>ASSDYR</b>: 2027.0<br/><b>CONSTYR</b>: 1988.0<br/><b>DOCDATE</b>: 20200930<br/><b>FILLER1</b>:  <br/><b>DOCNO</b>: 2020093002023<br/><b>DOCMULTI</b>:  <br/><b>DOCVEST</b>: NS-NS<br/><b>SALEPRICE</b>: 1600000.0<br/><b>SALETYPE</b>: R<br/><b>SALEDATE</b>: 20200901<br/><b>PORTION</b>:  <br/><b>BK1</b>:  <br/><b>BK2</b>:  <br/><b>SECTNO</b>: 19<br/><b>TOWNSHIP</b>: 20<br/><b>RANGE</b>: 61<br/><b>LANDUSE</b>: 358000.0<br/><b>CAPACITY</b>: 1.0<br/><b>LANDCD1</b>:  <br/><b>LANDACRE1</b>: 1.0<br/><b>LANDVAL1</b>: 132792.0<br/><b>LANDCD2</b>:  <br/><b>LANDACRE2</b>: 0.0<br/><b>LANDVAL2</b>: 0.0<br/><b>IMPVAL</b>: 136841.0<br/><b>PRCD1</b>:  <br/><b>PRVAL1</b>: 0.0<br/><b>PRCD2</b>:  <br/><b>PRVAL2</b>: 0.0<br/><b>PRCD3</b>:  <br/><b>PRVAL3</b>: 0.0<br/><b>EXMPCD</b>:  <br/><b>EXMPVAL</b>: 0.0<br/><b>LYACRES</b>: 0.0<br/><b>LYLNDVAL</b>: 122577.0<br/><b>LYIMPVAL</b>: 139858.0<br/><b>LYPPVAL</b>: 0.0<br/><b>LYEXCD</b>:  <br/><b>LYEXVAL</b>: 0.0<br/><b>LY2ACRES</b>: 0.0<br/><b>LY2LNDVAL</b>: 0.0<br/><b>LY2IMPVAL</b>: 0.0<br/><b>LY2PPVAL</b>: 0.0<br/><b>LY2EXCD</b>:  <br/><b>LY2EXVAL</b>: 0.0<br/><b>OWNERNUM</b>: 0.0<br/><b>OWNERDEN</b>: 0.0<br/><b>ETALFLAG</b>: N<br/><b>UPDDATE</b>: 20231117<br/><b>LASTUPDATE</b>: 20231117<br/><b>LOTSQFT</b>: 0.0<br/><b>OLDPARCEL</b>:  <br/><b>INACTPCL</b>: 13919101001<br/><b>INACTREF</b>: 0.0<br/><b>FILLER2</b>:  <br/><b>PCLBOOK3</b>: 139<br/><b>PCL5</b>: 13919<br/><b>PCL6</b>: 139191<br/><b>PCL8</b>: 13919101<br/><b>OLDBOOK</b>: 139<br/><b>OLDPCL</b>: 139191010<br/><b>OLDPAGE</b>: 191<br/><b>OLDLOT</b>: 010<br/><b>OLDFILL</b>: 01<br/><b>ZIPMAIN</b>: 89142.0<br/><b>ZIPLUS4</b>: 0.0<br/><b>LOCATION</b>: 002390   N DECATUR               BLVDL<br/><b>STR</b>: 1920  61<br/><b>ADBOOK</b>: 0051<br/><b>ADPAGE</b>: 0063<br/><b>ADDR_OWN</b>: DHALAI AHMED                    ABDULFATTAH NADYA               6574 AMERICAN BEAUTY AVE        LAS VEGAS NV 89142<br/><b>ADDRESS</b>: 002390   N DECATUR               BLVD<br/><b>INACTNEWPC</b>:  <br/><b>LUCODE</b>: 358.0<br/><b>SHAPE_LE_1</b>: 667.33902054<br/><b>Shape__Area</b>: 29100.578125<br/><b>Shape__Length</b>: 667.3390205283508]]></description>
  <Point>
    <coordinates>-115.2050809895876,36.20247390978753,0</coordinates>
  </Point>
</Placemark>
<Placemark>
  <name>0</name>
  <styleUrl>#billboard</styleUrl>
  <description><![CDATA[<b>OBJECTID_BILLBOARD</b>: 85<br/><b>LVBOARDS_</b>: 100<br/><b>LVBOARDS_I</b>: 4<br/><b>SIGN_TYPE</b>: AA<br/><b>STREET_NUM</b>: 1060<br/><b>STREET_DIR</b>: S<br/><b>STREET_NAM</b>: RAINBOW<br/><b>PARCEL</b>: 13834819014<br/><b>PARCELOLD</b>: 13834819015<br/><b>APPLICANT</b>: LAMAR<br/><b>SIGN_AREA</b>: 672<br/><b>SIGN_HEIGH</b>: 40<br/><b>TAG_NUM</b>: 0<br/><b>APPLY_DATE</b>:  <br/><b>NOTES_SUP</b>: U-0005-97<br/><b>NOTES_VAR</b>:  <br/><b>NOTES_RQR</b>: RQR-28937; RQR-14207; U-05-97(1)<br/><b>NOTES</b>: DIR-16647<br/><b>SIZE_</b>: 14x48<br/><b>FIELD_CHEC</b>: 1<br/><b>FREEWAY</b>: 300<br/><b>APP_FIN</b>:  <br/><b>WARD_BILLBOARD</b>: 1<br/><b>LONGITUDE</b>: -115.24325429534707<br/><b>LATITUDE</b>: 36.159679188425386<br/><b>OBJECTID_1</b>: 561561.0<br/><b>CALC_ACRES</b>: 0.0<br/><b>ASSR_ACRES</b>: 0.56<br/><b>LABEL_CLAS</b>: 807.0<br/><b>PARCELTYPE</b>: 0.0<br/><b>PRCLID</b>: 13834819014<br/><b>PRCLKEY</b>: 807.0<br/><b>PRCLVER</b>: 807.0<br/><b>PCLBOOK</b>: 138<br/><b>PCLSEC</b>: 34<br/><b>PCLPAGE</b>: 8<br/><b>PCLSUBD</b>: 19<br/><b>PCLNO</b>: 014<br/><b>TAXDIST_SP</b>: 213.0<br/><b>FDPHANTOM</b>: 2418-99<br/><b>FIREMAPNO</b>: 2418.0<br/><b>CENTRACT</b>: 3006.0<br/><b>SHAPE_LENG</b>: 16870.7689187<br/><b>PRECINCT</b>: 3007.0<br/><b>COMMISSION</b>: C<br/><b>ASSEMBLY</b>: 34.0<br/><b>SENATE</b>: 6.0<br/><b>CONGRESS</b>: 4.0<br/><b>TAZ</b>: 521.0<br/><b>PERIMETER</b>: 161583.305707<br/><b>WARD_PARCEL</b>: 1<br/><b>CNTY_IS</b>: 0.0<br/><b>SHADE</b>: 83.0<br/><b>ACRES</b>: 11202.3105405<br/><b>SQ_MILES</b>: 17.50361022<br/><b>ZIP</b>: 89107.0<br/><b>OBJECTID_PARCEL</b>: 264737.0<br/><b>TAXDIST</b>: 213.0<br/><b>OWNER</b>: REBEL LAND &amp; DEVELOPMENT L L C D<br/><b>ADDRESS1</b>: C/O KE ANDREWS<br/><b>ADDRESS2</b>: 2424 RIDGE RD<br/><b>ADDRESS3</b>: ROCKWALL TX 75087<br/><b>ADDRESS4</b>:  <br/><b>ADDRESS5</b>:  <br/><b>NAMETAG</b>:  <br/><b>ZIPCODE</b>: 750870000.0<br/><b>COMNAME</b>:  <br/><b>STRNO</b>: 1080.0<br/><b>STRFRAC</b>:  <br/><b>STRDIR</b>: S<br/><b>STRNAME</b>: RAINBOW<br/><b>STRTYPE</b>: BLVD<br/><b>STRCITY</b>: LV<br/><b>STRUNIT</b>:  <br/><b>COMMENT1</b>:  <br/><b>COMMENT2</b>:  <br/><b>FIXD</b>: PB00560054PT      L1C<br/><b>SUBTAG</b>:  <br/><b>LEGAL1</b>: RAINBOW VISTA<br/><b>LEGAL2</b>: PLAT BOOK 56 PAGE 54<br/><b>LEGAL3</b>: PT LOT 1C<br/><b>LEGAL4</b>: &amp; PT LOT 2<br/><b>LEGAL5</b>:  <br/><b>LEGAL6</b>:  <br/><b>ASSDYR</b>: 2027.0<br/><b>CONSTYR</b>: 1994.0<br/><b>DOCDATE</b>: 20151223<br/><b>FILLER1</b>:  <br/><b>DOCNO</b>: 2015122303014<br/><b>DOCMULTI</b>:  <br/><b>DOCVEST</b>: NS<br/><b>SALEPRICE</b>: 693250.0<br/><b>SALETYPE</b>: R<br/><b>SALEDATE</b>: 20151201<br/><b>PORTION</b>:  <br/><b>BK1</b>:  <br/><b>BK2</b>:  <br/><b>SECTNO</b>: 34<br/><b>TOWNSHIP</b>: 20<br/><b>RANGE</b>: 60<br/><b>LANDUSE</b>: 358000.0<br/><b>CAPACITY</b>: 1.0<br/><b>LANDCD1</b>:  <br/><b>LANDACRE1</b>: 1.0<br/><b>LANDVAL1</b>: 213448.0<br/><b>LANDCD2</b>:  <br/><b>LANDACRE2</b>: 0.0<br/><b>LANDVAL2</b>: 0.0<br/><b>IMPVAL</b>: 180447.0<br/><b>PRCD1</b>:  <br/><b>PRVAL1</b>: 0.0<br/><b>PRCD2</b>:  <br/><b>PRVAL2</b>: 0.0<br/><b>PRCD3</b>:  <br/><b>PRVAL3</b>: 0.0<br/><b>EXMPCD</b>:  <br/><b>EXMPVAL</b>: 0.0<br/><b>LYACRES</b>: 0.0<br/><b>LYLNDVAL</b>: 204910.0<br/><b>LYIMPVAL</b>: 184220.0<br/><b>LYPPVAL</b>: 0.0<br/><b>LYEXCD</b>:  <br/><b>LYEXVAL</b>: 0.0<br/><b>LY2ACRES</b>: 0.0<br/><b>LY2LNDVAL</b>: 0.0<br/><b>LY2IMPVAL</b>: 0.0<br/><b>LY2PPVAL</b>: 0.0<br/><b>LY2EXCD</b>:  <br/><b>LY2EXVAL</b>: 0.0<br/><b>OWNERNUM</b>: 0.0<br/><b>OWNERDEN</b>: 0.0<br/><b>ETALFLAG</b>: N<br/><b>UPDDATE</b>: 20231117<br/><b>LASTUPDATE</b>: 20231117<br/><b>LOTSQFT</b>: 0.0<br/><b>OLDPARCEL</b>:  <br/><b>INACTPCL</b>: 13834819012<br/><b>INACTREF</b>: 0.0<br/><b>FILLER2</b>:  <br/><b>PCLBOOK3</b>: 138<br/><b>PCL5</b>: 13834<br/><b>PCL6</b>: 138348<br/><b>PCL8</b>: 13834819<br/><b>OLDBOOK</b>: 138<br/><b>OLDPCL</b>: 138348190<br/><b>OLDPAGE</b>: 348<br/><b>OLDLOT</b>: 190<br/><b>OLDFILL</b>: 14<br/><b>ZIPMAIN</b>: 75087.0<br/><b>ZIPLUS4</b>: 0.0<br/><b>LOCATION</b>: 001080   S RAINBOW               BLVDL<br/><b>STR</b>: 3420  60<br/><b>ADBOOK</b>: 0056<br/><b>ADPAGE</b>: 0054<br/><b>ADDR_OWN</b>: REBEL LAND &amp; DEVELOPMENT L L C DC/O KE ANDREWS                  2424 RIDGE RD                   ROCKWALL TX 75087<br/><b>ADDRESS</b>: 001080   S RAINBOW               BLVD<br/><b>INACTNEWPC</b>:  <br/><b>LUCODE</b>: 358.0<br/><b>SHAPE_LE_1</b>: 633.65018367<br/><b>Shape__Area</b>: 24313.2109375<br/><b>Shape__Length</b>: 633.6501836687603]]></description>
  <Point>
    <coordinates>-115.24325429534707,36.159679188425386,0</coordinates>
  </Point>
</Placemark>
<Placemark>
  <name>0</name>
  <styleUrl>#billboard</styleUrl>
  <description><![CDATA[<b>OBJECTID_BILLBOARD</b>: 89<br/><b>LVBOARDS_</b>: 107<br/><b>LVBOARDS_I</b>: 27<br/><b>SIGN_TYPE</b>: AA<br/><b>STREET_NUM</b>: 5636<br/><b>STREET_DIR</b>: W<br/><b>STREET_NAM</b>: Charleston<br/><b>PARCEL</b>: 13836408002<br/><b>PARCELOLD</b>: 13836408002<br/><b>APPLICANT</b>:  <br/><b>SIGN_AREA</b>: 672<br/><b>SIGN_HEIGH</b>: 40<br/><b>TAG_NUM</b>: 0<br/><b>APPLY_DATE</b>: 9-22-86<br/><b>NOTES_SUP</b>: U-67-86<br/><b>NOTES_VAR</b>:  <br/><b>NOTES_RQR</b>: U-67-86(1)&amp;(2)<br/><b>NOTES</b>: 1997 review incomplete, needs a review<br/><b>SIZE_</b>: 14x48<br/><b>FIELD_CHEC</b>: 1<br/><b>FREEWAY</b>: 300<br/><b>APP_FIN</b>:  <br/><b>WARD_BILLBOARD</b>: 1<br/><b>LONGITUDE</b>: -115.21836547370704<br/><b>LATITUDE</b>: 36.15933992079524<br/><b>OBJECTID_1</b>: 563387.0<br/><b>CALC_ACRES</b>: 0.0<br/><b>ASSR_ACRES</b>: 1.1<br/><b>LABEL_CLAS</b>: 701.0<br/><b>PARCELTYPE</b>: 0.0<br/><b>PRCLID</b>: 13836408002<br/><b>PRCLKEY</b>: 701.0<br/><b>PRCLVER</b>: 701.0<br/><b>PCLBOOK</b>: 138<br/><b>PCLSEC</b>: 36<br/><b>PCLPAGE</b>: 4<br/><b>PCLSUBD</b>: 08<br/><b>PCLNO</b>: 002<br/><b>TAXDIST_SP</b>: 213.0<br/><b>FDPHANTOM</b>: 2421-93<br/><b>FIREMAPNO</b>: 2421.0<br/><b>CENTRACT</b>: 107.0<br/><b>SHAPE_LENG</b>: 15976.5347855<br/><b>PRECINCT</b>: 3000.0<br/><b>COMMISSION</b>: C<br/><b>ASSEMBLY</b>: 10.0<br/><b>SENATE</b>: 3.0<br/><b>CONGRESS</b>: 4.0<br/><b>TAZ</b>: 523.0<br/><b>PERIMETER</b>: 161583.305707<br/><b>WARD_PARCEL</b>: 1<br/><b>CNTY_IS</b>: 0.0<br/><b>SHADE</b>: 83.0<br/><b>ACRES</b>: 11202.3105405<br/><b>SQ_MILES</b>: 17.50361022<br/><b>ZIP</b>: 89146.0<br/><b>OBJECTID_PARCEL</b>: 268397.0<br/><b>TAXDIST</b>: 213.0<br/><b>OWNER</b>: UPLAND SQUARE L L C<br/><b>ADDRESS1</b>: C/O BEST CO<br/><b>ADDRESS2</b>: 6450 SPRING MOUNTAIN RD # 12<br/><b>ADDRESS3</b>: LAS VEGAS NV 89146-8836<br/><b>ADDRESS4</b>:  <br/><b>ADDRESS5</b>:  <br/><b>NAMETAG</b>:  <br/><b>ZIPCODE</b>: 891468836.0<br/><b>COMNAME</b>:  <br/><b>STRNO</b>: 5650.0<br/><b>STRFRAC</b>:  <br/><b>STRDIR</b>: W<br/><b>STRNAME</b>: CHARLESTON<br/><b>STRTYPE</b>: BLVD<br/><b>STRCITY</b>: LV<br/><b>STRUNIT</b>:  <br/><b>COMMENT1</b>:  <br/><b>COMMENT2</b>:  <br/><b>FIXD</b>: 00000000<br/><b>SUBTAG</b>:  <br/><b>LEGAL1</b>: PT GOV LOT 53<br/><b>LEGAL2</b>:  <br/><b>LEGAL3</b>:  <br/><b>LEGAL4</b>:  <br/><b>LEGAL5</b>:  <br/><b>LEGAL6</b>:  <br/><b>ASSDYR</b>: 2027.0<br/><b>CONSTYR</b>: 1964.0<br/><b>DOCDATE</b>: 20000606<br/><b>FILLER1</b>:  <br/><b>DOCNO</b>: 2000060600867<br/><b>DOCMULTI</b>:  <br/><b>DOCVEST</b>: NS<br/><b>SALEPRICE</b>: 0.0<br/><b>SALETYPE</b>:  <br/><b>SALEDATE</b>:  <br/><b>PORTION</b>:  <br/><b>BK1</b>:  <br/><b>BK2</b>:  <br/><b>SECTNO</b>: 36<br/><b>TOWNSHIP</b>: 20<br/><b>RANGE</b>: 60<br/><b>LANDUSE</b>: 355000.0<br/><b>CAPACITY</b>: 1.0<br/><b>LANDCD1</b>:  <br/><b>LANDACRE1</b>: 1.0<br/><b>LANDVAL1</b>: 318641.0<br/><b>LANDCD2</b>:  <br/><b>LANDACRE2</b>: 0.0<br/><b>LANDVAL2</b>: 0.0<br/><b>IMPVAL</b>: 297607.0<br/><b>PRCD1</b>:  <br/><b>PRVAL1</b>: 0.0<br/><b>PRCD2</b>:  <br/><b>PRVAL2</b>: 0.0<br/><b>PRCD3</b>:  <br/><b>PRVAL3</b>: 0.0<br/><b>EXMPCD</b>:  <br/><b>EXMPVAL</b>: 0.0<br/><b>LYACRES</b>: 0.0<br/><b>LYLNDVAL</b>: 301871.0<br/><b>LYIMPVAL</b>: 304435.0<br/><b>LYPPVAL</b>: 0.0<br/><b>LYEXCD</b>:  <br/><b>LYEXVAL</b>: 0.0<br/><b>LY2ACRES</b>: 0.0<br/><b>LY2LNDVAL</b>: 0.0<br/><b>LY2IMPVAL</b>: 0.0<br/><b>LY2PPVAL</b>: 0.0<br/><b>LY2EXCD</b>:  <br/><b>LY2EXVAL</b>: 0.0<br/><b>OWNERNUM</b>: 0.0<br/><b>OWNERDEN</b>: 0.0<br/><b>ETALFLAG</b>: N<br/><b>UPDDATE</b>: 20231117<br/><b>LASTUPDATE</b>: 20231117<br/><b>LOTSQFT</b>: 0.0<br/><b>OLDPARCEL</b>:  <br/><b>INACTPCL</b>: 13836408002<br/><b>INACTREF</b>: 0.0<br/><b>FILLER2</b>:  <br/><b>PCLBOOK3</b>: 138<br/><b>PCL5</b>: 13836<br/><b>PCL6</b>: 138364<br/><b>PCL8</b>: 13836408<br/><b>OLDBOOK</b>: 138<br/><b>OLDPCL</b>: 138364080<br/><b>OLDPAGE</b>: 364<br/><b>OLDLOT</b>: 080<br/><b>OLDFILL</b>: 02<br/><b>ZIPMAIN</b>: 89146.0<br/><b>ZIPLUS4</b>: 8836.0<br/><b>LOCATION</b>: 005650   W CHARLESTON            BLVDL<br/><b>STR</b>: 3620  60<br/><b>ADBOOK</b>: 0000<br/><b>ADPAGE</b>: 0000<br/><b>ADDR_OWN</b>: UPLAND SQUARE L L C             C/O BEST CO                     6450 SPRING MOUNTAIN RD # 12    LAS VEGAS NV 89146-8836<br/><b>ADDRESS</b>: 005650   W CHARLESTON            BLVD<br/><b>INACTNEWPC</b>:  <br/><b>LUCODE</b>: 355.0<br/><b>SHAPE_LE_1</b>: 1080.59655333<br/><b>Shape__Area</b>: 50396.58203125<br/><b>Shape__Length</b>: 1080.5965533488327]]></description>
  <Point>
    <coordinates>-115.21836547370704,36.15933992079524,0</coordinates>
  </Point>
</Placemark>
<Placemark>
  <name>0</name>
  <styleUrl>#billboard</styleUrl>
  <description><![CDATA[<b>OBJECTID_BILLBOARD</b>: 90<br/><b>LVBOARDS_</b>: 108<br/><b>LVBOARDS_I</b>: 26<br/><b>SIGN_TYPE</b>: AA<br/><b>STREET_NUM</b>: 5600<br/><b>STREET_DIR</b>: W<br/><b>STREET_NAM</b>: Charleston<br/><b>PARCEL</b>: 13836408008<br/><b>PARCELOLD</b>: 13836408008<br/><b>APPLICANT</b>:  <br/><b>SIGN_AREA</b>: 288<br/><b>SIGN_HEIGH</b>: 40<br/><b>TAG_NUM</b>: 0<br/><b>APPLY_DATE</b>: 11-14-83<br/><b>NOTES_SUP</b>:  <br/><b>NOTES_VAR</b>:  <br/><b>NOTES_RQR</b>:  <br/><b>NOTES</b>: DONREY<br/><b>SIZE_</b>:  <br/><b>FIELD_CHEC</b>: 1<br/><b>FREEWAY</b>: 300<br/><b>APP_FIN</b>:  <br/><b>WARD_BILLBOARD</b>: 1<br/><b>LONGITUDE</b>: -115.21732795224084<br/><b>LATITUDE</b>: 36.15939838995722]]></description>
  <Point>
    <coordinates>-115.21732795224084,36.15939838995722,0</coordinates>
  </Point>
</Placemark>
<Placemark>
  <name>0</name>
  <styleUrl>#billboard</styleUrl>
  <description><![CDATA[<b>OBJECTID_BILLBOARD</b>: 92<br/><b>LVBOARDS_</b>: 110<br/><b>LVBOARDS_I</b>: 23<br/><b>SIGN_TYPE</b>: AA<br/><b>STREET_NUM</b>: 5300<br/><b>STREET_DIR</b>: W<br/><b>STREET_NAM</b>: Charleston<br/><b>PARCEL</b>: 13836803015<br/><b>PARCELOLD</b>: 13836803003<br/><b>APPLICANT</b>: DONREY<br/><b>SIGN_AREA</b>: 288<br/><b>SIGN_HEIGH</b>: 30<br/><b>TAG_NUM</b>: 0<br/><b>APPLY_DATE</b>:  <br/><b>NOTES_SUP</b>: U-84-86<br/><b>NOTES_VAR</b>:  <br/><b>NOTES_RQR</b>: U-84-86(1)&amp;(2)<br/><b>NOTES</b>: Abeyed 11/26/96, 5 yr review has not been done<br/><b>SIZE_</b>:  <br/><b>FIELD_CHEC</b>: 1<br/><b>FREEWAY</b>: 300<br/><b>APP_FIN</b>:  <br/><b>WARD_BILLBOARD</b>: 1<br/><b>LONGITUDE</b>: -115.21406238200264<br/><b>LATITUDE</b>: 36.15933613400026]]></description>
  <Point>
    <coordinates>-115.21406238200264,36.15933613400026,0</coordinates>
  </Point>
</Placemark>
<Placemark>
  <name>711</name>
  <styleUrl>#billboard</styleUrl>
  <description><![CDATA[<b>OBJECTID_BILLBOARD</b>: 94<br/><b>LVBOARDS_</b>: 113<br/><b>LVBOARDS_I</b>: 19<br/><b>SIGN_TYPE</b>: AA<br/><b>STREET_NUM</b>: 4820<br/><b>STREET_DIR</b>: W<br/><b>STREET_NAM</b>: CHARLESTON<br/><b>PARCEL</b>: 13836804008<br/><b>PARCELOLD</b>: 13836804008<br/><b>APPLICANT</b>: LAMAR<br/><b>SIGN_AREA</b>: 672<br/><b>SIGN_HEIGH</b>: 40<br/><b>TAG_NUM</b>: 711<br/><b>APPLY_DATE</b>: 1/13/95<br/><b>NOTES_SUP</b>: U-262-94<br/><b>NOTES_VAR</b>:  <br/><b>NOTES_RQR</b>: RQR-39107; 22322; 4240; 1979<br/><b>NOTES</b>:  <br/><b>SIZE_</b>: 14x48<br/><b>FIELD_CHEC</b>: 1<br/><b>FREEWAY</b>: 300<br/><b>APP_FIN</b>:  <br/><b>WARD_BILLBOARD</b>: 1<br/><b>LONGITUDE</b>: -115.20699669455132<br/><b>LATITUDE</b>: 36.159321757472995<br/><b>OBJECTID_1</b>: 553833.0<br/><b>CALC_ACRES</b>: 0.0<br/><b>ASSR_ACRES</b>: 0.72<br/><b>LABEL_CLAS</b>: 701.0<br/><b>PARCELTYPE</b>: 0.0<br/><b>PRCLID</b>: 13836804008<br/><b>PRCLKEY</b>: 701.0<br/><b>PRCLVER</b>: 701.0<br/><b>PCLBOOK</b>: 138<br/><b>PCLSEC</b>: 36<br/><b>PCLPAGE</b>: 8<br/><b>PCLSUBD</b>: 04<br/><b>PCLNO</b>: 008<br/><b>TAXDIST_SP</b>: 213.0<br/><b>FDPHANTOM</b>: 2421-99<br/><b>FIREMAPNO</b>: 2421.0<br/><b>CENTRACT</b>: 107.0<br/><b>SHAPE_LENG</b>: 15976.5347855<br/><b>PRECINCT</b>: 3000.0<br/><b>COMMISSION</b>: C<br/><b>ASSEMBLY</b>: 10.0<br/><b>SENATE</b>: 3.0<br/><b>CONGRESS</b>: 4.0<br/><b>TAZ</b>: 523.0<br/><b>PERIMETER</b>: 161583.305707<br/><b>WARD_PARCEL</b>: 1<br/><b>CNTY_IS</b>: 0.0<br/><b>SHADE</b>: 83.0<br/><b>ACRES</b>: 11202.3105405<br/><b>SQ_MILES</b>: 17.50361022<br/><b>ZIP</b>: 89146.0<br/><b>OBJECTID_PARCEL</b>: 269400.0<br/><b>TAXDIST</b>: 213.0<br/><b>OWNER</b>: CHARWEST INC<br/><b>ADDRESS1</b>: 4820 W CHARLESTON BLVD<br/><b>ADDRESS2</b>: LAS VEGAS NV 89146-1400<br/><b>ADDRESS3</b>:  <br/><b>ADDRESS4</b>:  <br/><b>ADDRESS5</b>:  <br/><b>NAMETAG</b>:  <br/><b>ZIPCODE</b>: 891461400.0<br/><b>COMNAME</b>:  <br/><b>STRNO</b>: 4820.0<br/><b>STRFRAC</b>:  <br/><b>STRDIR</b>: W<br/><b>STRNAME</b>: CHARLESTON<br/><b>STRTYPE</b>: BLVD<br/><b>STRCITY</b>: LV<br/><b>STRUNIT</b>:  <br/><b>COMMENT1</b>:  <br/><b>COMMENT2</b>:  <br/><b>FIXD</b>: 00000000<br/><b>SUBTAG</b>:  <br/><b>LEGAL1</b>: PT GOV LOT 63<br/><b>LEGAL2</b>:  <br/><b>LEGAL3</b>:  <br/><b>LEGAL4</b>:  <br/><b>LEGAL5</b>:  <br/><b>LEGAL6</b>:  <br/><b>ASSDYR</b>: 2027.0<br/><b>CONSTYR</b>: 1967.0<br/><b>DOCDATE</b>: 20000821<br/><b>FILLER1</b>:  <br/><b>DOCNO</b>: 2000082100700<br/><b>DOCMULTI</b>:  <br/><b>DOCVEST</b>: NS<br/><b>SALEPRICE</b>: 0.0<br/><b>SALETYPE</b>:  <br/><b>SALEDATE</b>:  <br/><b>PORTION</b>:  <br/><b>BK1</b>:  <br/><b>BK2</b>:  <br/><b>SECTNO</b>: 36<br/><b>TOWNSHIP</b>: 20<br/><b>RANGE</b>: 60<br/><b>LANDUSE</b>: 370000.0<br/><b>CAPACITY</b>: 1.0<br/><b>LANDCD1</b>:  <br/><b>LANDACRE1</b>: 1.0<br/><b>LANDVAL1</b>: 208564.0<br/><b>LANDCD2</b>:  <br/><b>LANDACRE2</b>: 0.0<br/><b>LANDVAL2</b>: 0.0<br/><b>IMPVAL</b>: 62866.0<br/><b>PRCD1</b>:  <br/><b>PRVAL1</b>: 0.0<br/><b>PRCD2</b>:  <br/><b>PRVAL2</b>: 0.0<br/><b>PRCD3</b>:  <br/><b>PRVAL3</b>: 0.0<br/><b>EXMPCD</b>:  <br/><b>EXMPVAL</b>: 0.0<br/><b>LYACRES</b>: 0.0<br/><b>LYLNDVAL</b>: 197587.0<br/><b>LYIMPVAL</b>: 62146.0<br/><b>LYPPVAL</b>: 0.0<br/><b>LYEXCD</b>:  <br/><b>LYEXVAL</b>: 0.0<br/><b>LY2ACRES</b>: 0.0<br/><b>LY2LNDVAL</b>: 0.0<br/><b>LY2IMPVAL</b>: 0.0<br/><b>LY2PPVAL</b>: 0.0<br/><b>LY2EXCD</b>:  <br/><b>LY2EXVAL</b>: 0.0<br/><b>OWNERNUM</b>: 0.0<br/><b>OWNERDEN</b>: 0.0<br/><b>ETALFLAG</b>: N<br/><b>UPDDATE</b>: 20231117<br/><b>LASTUPDATE</b>: 20231117<br/><b>LOTSQFT</b>: 0.0<br/><b>OLDPARCEL</b>:  <br/><b>INACTPCL</b>: 13836804008<br/><b>INACTREF</b>: 0.0<br/><b>FILLER2</b>:  <br/><b>PCLBOOK3</b>: 138<br/><b>PCL5</b>: 13836<br/><b>PCL6</b>: 138368<br/><b>PCL8</b>: 13836804<br/><b>OLDBOOK</b>: 138<br/><b>OLDPCL</b>: 138368040<br/><b>OLDPAGE</b>: 368<br/><b>OLDLOT</b>: 040<br/><b>OLDFILL</b>: 08<br/><b>ZIPMAIN</b>: 89146.0<br/><b>ZIPLUS4</b>: 1400.0<br/><b>LOCATION</b>: 004820   W CHARLESTON            BLVDL<br/><b>STR</b>: 3620  60<br/><b>ADBOOK</b>: 0000<br/><b>ADPAGE</b>: 0000<br/><b>ADDR_OWN</b>: CHARWEST INC                    4820 W CHARLESTON BLVD          LAS VEGAS NV 89146-1400<br/><b>ADDRESS</b>: 004820   W CHARLESTON            BLVD<br/><b>INACTNEWPC</b>:  <br/><b>LUCODE</b>: 370.0<br/><b>SHAPE_LE_1</b>: 754.06472998<br/><b>Shape__Area</b>: 31189.787109375<br/><b>Shape__Length</b>: 754.0647299865134]]></description>
  <Point>
    <coordinates>-115.20699669455132,36.159321757472995,0</coordinates>
  </Point>
</Placemark>
<Placemark>
  <name>347</name>
  <styleUrl>#billboard</styleUrl>
  <description><![CDATA[<b>OBJECTID_BILLBOARD</b>: 97<br/><b>LVBOARDS_</b>: 116<br/><b>LVBOARDS_I</b>: 7<br/><b>SIGN_TYPE</b>: AA<br/><b>STREET_NUM</b>: 3920<br/><b>STREET_DIR</b>: W<br/><b>STREET_NAM</b>: CHARLESTON<br/><b>PARCEL</b>: 13931801018<br/><b>PARCELOLD</b>: 13931801011<br/><b>APPLICANT</b>: LAMAR<br/><b>SIGN_AREA</b>: 672<br/><b>SIGN_HEIGH</b>: 55<br/><b>TAG_NUM</b>: 347<br/><b>APPLY_DATE</b>: 6/2/94<br/><b>NOTES_SUP</b>: U-43-94<br/><b>NOTES_VAR</b>:  <br/><b>NOTES_RQR</b>: RQR-34974; 21510; 5168; 2861<br/><b>NOTES</b>:  <br/><b>SIZE_</b>: 14x48<br/><b>FIELD_CHEC</b>: 0<br/><b>FREEWAY</b>: 300<br/><b>APP_FIN</b>:  <br/><b>WARD_BILLBOARD</b>: 1<br/><b>LONGITUDE</b>: -115.19406374055885<br/><b>LATITUDE</b>: 36.159189753512436<br/><b>OBJECTID_1</b>: 589253.0<br/><b>CALC_ACRES</b>: 0.0<br/><b>ASSR_ACRES</b>: 3.06<br/><b>LABEL_CLAS</b>: 701.0<br/><b>PARCELTYPE</b>: 0.0<br/><b>PRCLID</b>: 13931801018<br/><b>PRCLKEY</b>: 701.0<br/><b>PRCLVER</b>: 701.0<br/><b>PCLBOOK</b>: 139<br/><b>PCLSEC</b>: 31<br/><b>PCLPAGE</b>: 8<br/><b>PCLSUBD</b>: 01<br/><b>PCLNO</b>: 018<br/><b>TAXDIST_SP</b>: 213.0<br/><b>FDPHANTOM</b>: 2422-97<br/><b>FIREMAPNO</b>: 2422.0<br/><b>CENTRACT</b>: 105.0<br/><b>SHAPE_LENG</b>: 19501.1953468<br/><b>PRECINCT</b>: 3045.0<br/><b>COMMISSION</b>: C<br/><b>ASSEMBLY</b>: 10.0<br/><b>SENATE</b>: 3.0<br/><b>CONGRESS</b>: 4.0<br/><b>TAZ</b>: 524.0<br/><b>PERIMETER</b>: 161583.305707<br/><b>WARD_PARCEL</b>: 1<br/><b>CNTY_IS</b>: 0.0<br/><b>SHADE</b>: 83.0<br/><b>ACRES</b>: 11202.3105405<br/><b>SQ_MILES</b>: 17.50361022<br/><b>ZIP</b>: 89102.0<br/><b>OBJECTID_PARCEL</b>: 318029.0<br/><b>TAXDIST</b>: 213.0<br/><b>OWNER</b>: D J S DEVELOPMENT L L C<br/><b>ADDRESS1</b>: 16461 SHERMAN WAY # 140<br/><b>ADDRESS2</b>: VAN NUYS CA 91406<br/><b>ADDRESS3</b>:  <br/><b>ADDRESS4</b>:  <br/><b>ADDRESS5</b>:  <br/><b>NAMETAG</b>:  <br/><b>ZIPCODE</b>: 914060000.0<br/><b>COMNAME</b>:  <br/><b>STRNO</b>: 3920.0<br/><b>STRFRAC</b>:  <br/><b>STRDIR</b>: W<br/><b>STRNAME</b>: CHARLESTON<br/><b>STRTYPE</b>: BLVD<br/><b>STRCITY</b>: LV<br/><b>STRUNIT</b>:  <br/><b>COMMENT1</b>:  <br/><b>COMMENT2</b>:  <br/><b>FIXD</b>: 00000000<br/><b>SUBTAG</b>:  <br/><b>LEGAL1</b>: PT SW4 SE4 SEC 31 20 61<br/><b>LEGAL2</b>:  <br/><b>LEGAL3</b>:  <br/><b>LEGAL4</b>:  <br/><b>LEGAL5</b>:  <br/><b>LEGAL6</b>:  <br/><b>ASSDYR</b>: 2027.0<br/><b>CONSTYR</b>: 1972.0<br/><b>DOCDATE</b>: 20160908<br/><b>FILLER1</b>:  <br/><b>DOCNO</b>: 2016090803491<br/><b>DOCMULTI</b>:  <br/><b>DOCVEST</b>: NS<br/><b>SALEPRICE</b>: 3500000.0<br/><b>SALETYPE</b>: R<br/><b>SALEDATE</b>: 20160901<br/><b>PORTION</b>:  <br/><b>BK1</b>:  <br/><b>BK2</b>:  <br/><b>SECTNO</b>: 31<br/><b>TOWNSHIP</b>: 20<br/><b>RANGE</b>: 61<br/><b>LANDUSE</b>: 335000.0<br/><b>CAPACITY</b>: 1.0<br/><b>LANDCD1</b>:  <br/><b>LANDACRE1</b>: 3.0<br/><b>LANDVAL1</b>: 816426.0<br/><b>LANDCD2</b>:  <br/><b>LANDACRE2</b>: 0.0<br/><b>LANDVAL2</b>: 0.0<br/><b>IMPVAL</b>: 809351.0<br/><b>PRCD1</b>:  <br/><b>PRVAL1</b>: 0.0<br/><b>PRCD2</b>:  <br/><b>PRVAL2</b>: 0.0<br/><b>PRCD3</b>:  <br/><b>PRVAL3</b>: 0.0<br/><b>EXMPCD</b>:  <br/><b>EXMPVAL</b>: 0.0<br/><b>LYACRES</b>: 0.0<br/><b>LYLNDVAL</b>: 699794.0<br/><b>LYIMPVAL</b>: 826230.0<br/><b>LYPPVAL</b>: 0.0<br/><b>LYEXCD</b>:  <br/><b>LYEXVAL</b>: 0.0<br/><b>LY2ACRES</b>: 0.0<br/><b>LY2LNDVAL</b>: 0.0<br/><b>LY2IMPVAL</b>: 0.0<br/><b>LY2PPVAL</b>: 0.0<br/><b>LY2EXCD</b>:  <br/><b>LY2EXVAL</b>: 0.0<br/><b>OWNERNUM</b>: 0.0<br/><b>OWNERDEN</b>: 0.0<br/><b>ETALFLAG</b>: N<br/><b>UPDDATE</b>: 20251006<br/><b>LASTUPDATE</b>: 20251006<br/><b>LOTSQFT</b>: 0.0<br/><b>OLDPARCEL</b>:  <br/><b>INACTPCL</b>: 13931801012<br/><b>INACTREF</b>: 0.0<br/><b>FILLER2</b>:  <br/><b>PCLBOOK3</b>: 139<br/><b>PCL5</b>: 13931<br/><b>PCL6</b>: 139318<br/><b>PCL8</b>: 13931801<br/><b>OLDBOOK</b>: 139<br/><b>OLDPCL</b>: 139318010<br/><b>OLDPAGE</b>: 318<br/><b>OLDLOT</b>: 010<br/><b>OLDFILL</b>: 18<br/><b>ZIPMAIN</b>: 91406.0<br/><b>ZIPLUS4</b>: 0.0<br/><b>LOCATION</b>: 003920   W CHARLESTON            BLVDL<br/><b>STR</b>: 3120  61<br/><b>ADBOOK</b>: 0000<br/><b>ADPAGE</b>: 0000<br/><b>ADDR_OWN</b>: D J S DEVELOPMENT L L C         16461 SHERMAN WAY # 140         VAN NUYS CA 91406<br/><b>ADDRESS</b>: 003920   W CHARLESTON            BLVD<br/><b>INACTNEWPC</b>:  <br/><b>LUCODE</b>: 335.0<br/><b>SHAPE_LE_1</b>: 1494.65243231<br/><b>Shape__Area</b>: 133415.77734375<br/><b>Shape__Length</b>: 1494.6524323074348]]></description>
  <Point>
    <coordinates>-115.19406374055885,36.159189753512436,0</coordinates>
  </Point>
</Placemark>
</Folder>
</Document></kml>