OBJECTID,objectid_old,billboard_tag_no,billboard_owner,billboard_owner_tag_no,system_number,district,route,county_milepost,cumulative_milepost,county,jurisdiction,status,reason,nhs,type,direction_of_travel,number_of_faces,illuminated,changeable,electronic_variable,condition,feet_from_row,zoning,property_owner,property_address,emergency_contact,x,y,excluded_type,inspected,created_user,created_date,last_edited_user,last_edited_date,x1,y1,globalid_1
2,338.0,Pending,Lamar,791,,2.0,SR 648,,,Washoe County,City,,,MAP 21,Back to Back,Eastbound,2.0,Yes,No,,Good,26.0,Zoned Industrial,F E Choquette LLC,0 Glendale Ave. ,,-119.754335,39.52748916,Map 21,Yes,TJSmith@dot.nv.gov,1568057172000.0,BSlobe@dot.nv.gov,1568125473000.0,-119.754335,39.52748916,{BD6D5130-492E-425A-AB67-26A18ABA7CED}
6,309.0,Tribal,,,,2.0,,,,,,,,,,,,,,,,,Other,,,,-118.8083029,38.92965471,Tribal,,TJSmith@dot.nv.gov,1568057172000.0,jroberts2@dot.nv.gov,1572629068000.0,-118.8083029,38.92965471,{2E6CC5E0-FE6A-4783-925C-391D7CACAA4F}
8,342.0,Pending,Lamar,13881,,2.0,SR 648,,,Washoe County,City,,,MAP 21,Back to Back,Westbound,2.0,Yes,No,,Good,30.0,Zoned Industrial,Big Julie Inc. ,1388 Glendale Ave. ,,-119.7605949,39.52797946,Map 21,Yes,TJSmith@dot.nv.gov,1568057172000.0,BSlobe@dot.nv.gov,1580755032000.0,-119.7605949,39.52797946,{21BDCCC7-2951-4CF5-8E19-26FD1EC955CA}
13,346.0,Pending,Lamar,51,,2.0,SR 648,,,Washoe County,City,,,MAP 21,Back to Back,Eastbound,2.0,Yes,,,Good,25.0,Zoned Industrial,Jose A Garcia ,1900 E. Second St. ,,-119.7875264,39.52730924,Pending,Yes,TJSmith@dot.nv.gov,1568057172000.0,BSlobe@dot.nv.gov,1580754938000.0,-119.7875264,39.52730924,{E72C1D9B-CD6E-4634-A75A-44593F96F6B2}
20,129.0,03344,Ward Land Management and Devel,,404.0,2.0,IR 80 E,13.61,,Pershing County,,,,,,,1.0,No,No,,,,Zoned Commercial,Southern Pacific Co,,,-118.511676,40.13418443,Other,,TJSmith@dot.nv.gov,1568057172000.0,TJSmith@dot.nv.gov,1568057172000.0,-118.511676,40.13418443,{47B770BD-5809-43FB-9478-21D0233F0B75}
21,195.0,01741,The Lamar Companies,,112.0,2.0,IR-80,15.92,,Washoe County,City,Non-conforming,On residential property ,,Back to Back,Westbound,2.0,Yes,No,No,Good,400.0,Unzoned Commercial,Hatie Smith,,,-119.7697389,39.53539308,Other,,TJSmith@dot.nv.gov,1568057172000.0,jroberts2@dot.nv.gov,1575491108000.0,-119.7697389,39.53539308,{81CB5CF7-1FEC-42FF-AB7A-2E4C9EDA5F69}
27,264.0,04975,The Lamar Companies,,1663.0,2.0,US 395,29.99,,Washoe County,City,Conforming,,Interstate,Back to Back,Northbound,2.0,Yes,No,No,Good,10.0,Zoned Commercial,Charles Goodnight,"85 Lilac Ln, Reno , NV, 89512",,-119.7876096,39.54302455,Other,,TJSmith@dot.nv.gov,1568057172000.0,,1637004273000.0,-119.7876096,39.54302455,{05E5C33D-5AF8-455E-A14E-1738D9701822}
28,305.0,Tribal,,,,2.0,,,,,,,,,,,,,,,,,Other,,,,-118.8035919,38.91482803,Tribal,,TJSmith@dot.nv.gov,1568057172000.0,jroberts2@dot.nv.gov,1572628992000.0,-118.8035919,38.91482803,{2FED6734-59A7-4334-B591-41CAEB248ED7}
33,209.0,03236,Boomtown Inc,,344.0,2.0,IR-80,4.42,,Washoe County,County,Conforming,,Interstate,Back to Back,Eastbound,2.0,Yes,No,No,Good,75.0,Unzoned Commercial,Boomtown Inc.,"I-80 E, Reno, NV, 89439",,-119.9731225,39.51230391,Other,,TJSmith@dot.nv.gov,1568057172000.0,jroberts2@dot.nv.gov,1573671740000.0,-119.9731225,39.51230391,{03C4724C-F66C-4665-B3FB-42AC43FD19FC}
34,276.0,04995,The Lamar Companies,51032N,1683.0,2.0,US 395,31.17,,Washoe County,County,Conforming,,Interstate,V-Type,Southbound,2.0,Yes,No,No,Good,75.0,Zoned Commercial,Cassiday,,,-119.8332538,39.5952254,Other,,TJSmith@dot.nv.gov,1568057172000.0,jroberts2@dot.nv.gov,1574376774000.0,-119.8332538,39.5952254,{C6043392-8D85-480A-89D8-0AC36CD161F1}
35,110.0,04103,Lamar,510725/510722,965.0,2.0,US 50A,4.54,,Lyon County,County,Conforming,,Interstate Highway,Back to Back,Westbound,2.0,Yes,No,No,Average,5.0,Zoned Commercial,Thomas Ferre,,,-119.1449726,39.59181707,Other,,TJSmith@dot.nv.gov,1568057172000.0,,1610733018000.0,-119.1449726,39.59181707,{63A81E38-E109-492A-AD67-1C1834149AE4}
36,175.0,04602,Saunders Outdoor Advertising,,1445.0,2.0,IR-580,19.15,,Washoe County,City,Conforming,,Interstate,Back to Back,Northbound,2.0,Yes,Yes,No,Good,20.0,Unzoned Commercial,Farahi Investments Co,,,-119.7715099,39.44790784,Other,,TJSmith@dot.nv.gov,1568057172000.0,jroberts2@dot.nv.gov,1574459768000.0,-119.7715099,39.44790784,{7993BF43-2C47-4A5F-9ACD-385554B8DEB9}
40,94.0,04984,Brenda Dixon,,1672.0,2.0,US 95A S,13.51,,Lyon County,,,,,,,2.0,No,No,,,,Unzoned Commercial,Don and Joy Tibbals,,,-119.1790647,38.99382865,Other,,TJSmith@dot.nv.gov,1568057172000.0,TJSmith@dot.nv.gov,1568057172000.0,-119.1790647,38.99382865,{39D59C47-E3B3-47F5-A732-1CBCE6EA9B57}
44,298.0,Tribal,,,,2.0,US 50,,,,,,,,,Westbound,,,,,,,Other,,,,-118.7717087,39.47503462,Tribal,,TJSmith@dot.nv.gov,1568057172000.0,jroberts2@dot.nv.gov,1574710450000.0,-118.7717087,39.47503462,{0BE60CCF-9C9E-423D-B8A3-1EBFFFA8D545}
47,30.0,03073,KVH Properties LLC,,280.0,2.0,US 50,16.56,,Churchill County,County,Conforming,,Interstate Highway,Stacked,Westbound,2.0,No,No,No,Average,10.0,Unzoned Commercial,Smith Investment Trust,,,-118.8509749,39.48569486,Other,,TJSmith@dot.nv.gov,1568057172000.0,,1641855970000.0,-118.8509749,39.48569486,{4DC19C9B-8F8C-494C-80EE-3EA220C15598}
49,119.0,00563,,,38.0,2.0,US 95,49.34,,Mineral County,City,Conforming,,Interstate Highway,Single Face,Northbound,1.0,No,No,No,Average,10.0,Unzoned Commercial,Loftin,,,-118.6159145,38.52467244,Other,,TJSmith@dot.nv.gov,1568057172000.0,jroberts2@dot.nv.gov,1574719090000.0,-118.6159145,38.52467244,{ED6A13F6-25DE-4FC7-B6B6-24E774EFC83E}
53,122.0,04715,GP Global,,5717.0,2.0,US 95,51.47,,Mineral County,County,Conforming,,Interstate Highway,V-Type,Northbound,2.0,Yes,No,No,Good,5.0,Zoned Commercial,Eric Hamrey,,,-118.640554,38.54212697,Other,,TJSmith@dot.nv.gov,1568057172000.0,jroberts2@dot.nv.gov,1574720251000.0,-118.640554,38.54212697,{D18F8D99-9F39-4EB2-B65C-3E78F189B3FD}
56,268.0,03038,The Lamar Companies,510048S,269.0,2.0,US 395,33.89,,Washoe County,County,Conforming,,Interstate,Back to Back,,2.0,Yes,No,No,Good,10.0,Unzoned Commercial,George Butoroc,,,-119.8733953,39.61775682,Other,,TJSmith@dot.nv.gov,1568057172000.0,jroberts2@dot.nv.gov,1574372686000.0,-119.8733953,39.61775682,{3C40E4BA-3D3B-489B-AA68-074689B92EC0}
59,180.0,04813,The Lamar Companies,26132,1521.0,2.0,IR-580,20.45,,Washoe County,City,Conforming,,Interstate,V-Type,Northbound,2.0,Yes,No,No,Good,10.0,Unzoned Commercial,Ralph Durham,,,-119.7850976,39.46263715,Other,,TJSmith@dot.nv.gov,1568057172000.0,jroberts2@dot.nv.gov,1574460587000.0,-119.7850976,39.46263715,{C6179D71-26CD-494F-AC03-1743785C8866}
63,82.0,00306,Outfront Media,66034B,8.0,2.0,US 50,2.08,,Lyon County,County,Conforming,,Interstate Highway,V-Type,Westbound,2.0,No,No,No,Good,10.0,Unzoned Commercial,Walter Statton,,,-119.6463678,39.22109847,Other,,TJSmith@dot.nv.gov,1568057172000.0,,1642697228000.0,-119.6463678,39.22109847,{D554842D-A86D-4680-8133-1AF240C6A905}
68,117.0,04018,ARCFDHTNNV001 LLC,,881.0,2.0,US 95,49.28,,Mineral County,City,Conforming,,Interstate Highway,Single Face,Northbound,1.0,No,No,No,Average,10.0,Unzoned Commercial,Max Norton ,,,-118.61477,38.52469545,Other,,TJSmith@dot.nv.gov,1568057172000.0,jroberts2@dot.nv.gov,1574719044000.0,-118.61477,38.52469545,{8E7C729A-0DB3-4E47-A5B8-1AB774C80320}
75,218.0,00398,The Lamar Companies,002482,29.0,2.0,IR-80,10.17,,Washoe County,City,Conforming,,Interstate,Back to Back,Eastbound,2.0,Yes,No,No,Good,5.0,,Harrahs,,,-119.8702617,39.5192945,Other,,TJSmith@dot.nv.gov,1568057172000.0,jroberts2@dot.nv.gov,1573673831000.0,-119.8702617,39.5192945,{3B475C95-0B02-4148-A210-2F2DD37A046F}
80,155.0,5002,Yesco Outdoor Media,,5733.0,2.0,IR-80,118.69,,Pershing County,County,Conforming,,Interstate,V-Type,Eastbound,2.0,No,No,No,Good,15.0,Zoned Industrial,Travis Godon,,,-118.3276613,40.32283772,Pending,,TJSmith@dot.nv.gov,1568057172000.0,BSlobe@dot.nv.gov,1574798524000.0,-118.3276613,40.32283772,{1388AEC0-61E0-42FA-A4B4-0570F97B6BB8}
83,307.0,Tribal,,,,2.0,,,,,,,,,,,,,,,,,Other,,,,-118.805641,38.9223555,Tribal,,TJSmith@dot.nv.gov,1568057172000.0,jroberts2@dot.nv.gov,1572629022000.0,-118.805641,38.9223555,{CBB903C8-174E-479C-96DD-061D8DA7984F}
86,197.0,00359,The Lamar Companies,,25.0,2.0,IR-80,15.67,,Washoe County,City,Conforming,,Interstate,Single Face,Westbound,1.0,Yes,No,No,Good,400.0,Unzoned Commercial,Anthony Cordi,,,-119.7741527,39.5355347,Other,,TJSmith@dot.nv.gov,1568057172000.0,jroberts2@dot.nv.gov,1575491349000.0,-119.7741527,39.5355347,{65D1E08B-402B-4CCD-B94C-2E35289985B6}
96,126.0,03671,Stott Outdoor Advertising,,604.0,2.0,IR 80 E,12.97,,Pershing County,,,,,,,1.0,No,No,,,,Zoned Commercial,Santa Fe Pacific Realty Co,,,-118.5208029,40.12826732,Other,,TJSmith@dot.nv.gov,1568057172000.0,TJSmith@dot.nv.gov,1568057172000.0,-118.5208029,40.12826732,{586F19BE-29F5-4AE8-A4D1-2C9B156613D7}
100,252.0,00332,The Lamar Companies,,18.0,2.0,IR-80,20.01,,Washoe County,City,Conforming,,Interstate,Single Face,Eastbound,1.0,Yes,No,No,Average,5.0,,Southern Pacific Trans Co.,,,-119.6947808,39.52426205,Other,,TJSmith@dot.nv.gov,1568057172000.0,jroberts2@dot.nv.gov,1574700073000.0,-119.6947808,39.52426205,{227689E7-F403-4721-860F-408C4606E337}
102,316.0,Excluded,,,,2.0,,,,Lyon County,,,,,,,,,,,,,,,,,-119.243606,39.57538631,Illegal,,TJSmith@dot.nv.gov,1568057172000.0,TJSmith@dot.nv.gov,1568057172000.0,-119.243606,39.57538631,{E0933D0F-A8CD-4FA5-8C9F-3541ACE91460}
103,67.0,03204,Areana Outdoor Inc,,329.0,2.0,IR-80,3.98,,Lyon County,County,Conforming,,Interstate,Single Face,,1.0,Yes,No,No,Average,30.0,Zoned Commercial,Sonterra Development Co LLC,,,-119.2113678,39.61673559,Other,,TJSmith@dot.nv.gov,1568057172000.0,BSlobe@dot.nv.gov,1574808354000.0,-119.2113678,39.61673559,{037A459F-817F-43EF-BFC9-1D795B82BA1E}
104,178.0,04812,The Lamar Companies,26152,1520.0,2.0,IR-580,20.14,,Washoe County,City,Conforming,,Interstate,V-Type,Northbound,2.0,Yes,No,No,Good,15.0,Unzoned Commercial,Dave Harvey,,,-119.7829959,39.45836532,Other,,TJSmith@dot.nv.gov,1568057172000.0,jroberts2@dot.nv.gov,1574460341000.0,-119.7829959,39.45836532,{543C7111-8081-43EF-A34C-3E4D34412D9E}
106,241.0,03633,The Lamar Companies,026042,580.0,2.0,IR-80,16.99,,Washoe County,City,Conforming,,Interstate,V-Type,Eastbound,2.0,Yes,Yes,Yes,Good,100.0,Zoned Commercial,Time Oil Co. ,,,-119.7491457,39.53401223,Other,,TJSmith@dot.nv.gov,1568057172000.0,jroberts2@dot.nv.gov,1574699008000.0,-119.7491457,39.53401223,{AC5DB025-CDA4-46A7-BED9-41EA9180513C}
107,17.0,02210,Reagan Outdoor,306,131.0,2.0,US 50,14.61,,Carson City,City,Conforming,,Interstate Highway,Single Face,Westbound,1.0,Yes,No,No,Good,3.0,Unzoned Commercial,Artistic Fence Co,,,-119.7019086,39.18985077,Other,,TJSmith@dot.nv.gov,1568057172000.0,BSlobe@dot.nv.gov,1574198779000.0,-119.7019086,39.18985077,{B74D2020-51F9-45A3-BA3F-2C39516C9C9C}
108,325.0,Excluded,,,,2.0,,,,Lyon County,,,,,,,,,,,,,,,,,-119.1308246,38.99795838,Illegal,,TJSmith@dot.nv.gov,1568057172000.0,TJSmith@dot.nv.gov,1568057172000.0,-119.1308246,38.99795838,{59F0B4EF-16C3-4D4A-A64B-3AA8996C55B8}
111,224.0,02423,Eldorado Resorts LLC,,151.0,2.0,IR-80,12.14,,Washoe County,City,Conforming,,Interstate,Single Face,Eastbound,1.0,Yes,No,No,Average,75.0,Zoned Commercial,John Lazouol,,,-119.835671,39.52684777,Other,,TJSmith@dot.nv.gov,1568057172000.0,jroberts2@dot.nv.gov,1573675114000.0,-119.835671,39.52684777,{9B953856-6638-46CA-AEF2-19FE244F9CAF}
115,3067.0,03067,Budget Inn - Raj Bhakta,,278.0,2.0,US 95,27.38,,Churchill County,County,Conforming,,Interstate Highway,Single Face,Northbound,1.0,No,No,No,Average,0.0,Zoned Commercial,J J Barry,"1138 Lovelock Highway, Fallon, NV, 89406",,-118.7724124,39.49133325,Other,,TJSmith@dot.nv.gov,1568057172000.0,jroberts2@dot.nv.gov,1572623721000.0,-118.7724124,39.49133325,{1E10F4A5-A816-4661-828B-1707FCCF6FB9}
124,69.0,03371,Areana Outdoor Inc,,422.0,2.0,IR-80,4.19,,Lyon County,County,Conforming,,Interstate,Single Face,,1.0,Yes,No,No,Average,30.0,Zoned Commercial,Blair & Associates,,,-119.2087559,39.61867233,Other,,TJSmith@dot.nv.gov,1568057172000.0,BSlobe@dot.nv.gov,1574808165000.0,-119.2087559,39.61867233,{59233E3B-140D-43A1-BAF6-0FC80FBEE7C7}
129,12.0,04994,Lamar,5304E,1682.0,2.0,US 50,13.6,,Carson City,City,Conforming,,Interstate Highway,Back to Back,,2.0,Yes,No,No,Good,2.0,Unzoned Commercial,Bauer Herman C & H & E Trust,,,-119.7182154,39.18303434,Other,,TJSmith@dot.nv.gov,1568057172000.0,BSlobe@dot.nv.gov,1574198279000.0,-119.7182154,39.18303434,{1A708214-AC3A-411B-994E-40D7A483B0A9}
135,42.0,03221,Gas Station Property LLC,,336.0,2.0,US 50,20.67,,Churchill County,City,Conforming,,Interstate Highway,Single Face,Eastbound,1.0,No,No,No,Good,80.0,Unzoned Commercial,R Cowan,"1 S Maine St, Fallon, NV, 89406",,-118.7768698,39.47455534,Other,,TJSmith@dot.nv.gov,1568057172000.0,jroberts2@dot.nv.gov,1572548143000.0,-118.7768698,39.47455534,{4912AEC1-FF1D-493D-AD00-1348BE47321D}
137,90.0,04165,Stott Outdoor Engineering,NA,1027.0,2.0,US 50,26.34,,Lyon County,County,Conforming,,Interstate Highway,Back to Back,,2.0,No,No,No,Good,10.0,Unzoned Commercial,Luanne Dickson-Gallagher,,,-119.2765511,39.39774898,Other,Yes,TJSmith@dot.nv.gov,1568057172000.0,,1644444164000.0,-119.2765511,39.39774898,{95CB3980-DC03-4ACE-A9A7-32F05E3156E3}
141,139.0,04133,Stott Outdoor Advertising,NA ,995.0,2.0,IR-80,19.05,,Pershing County,County,Conforming,,Interstate,Back to Back,Eastbound,2.0,Yes,No,No,Average,80.0,Unzoned Commercial,Joe Popejoy,,,-118.4480175,40.19270574,Other,,TJSmith@dot.nv.gov,1568057172000.0,BSlobe@dot.nv.gov,1574797077000.0,-118.4480175,40.19270574,{7ADE5574-6465-4258-9ED8-3561A223FF00}
146,193.0,02238,The Lamar Companies,000891,134.0,2.0,IR-80,16.12,,Washoe County,City,Conforming,,Interstate,Back to Back,Westbound,2.0,Yes,No,No,Good,75.0,Unzoned Commercial,H H Byrne,,,-119.7653,39.53458575,Other,,TJSmith@dot.nv.gov,1568057172000.0,jroberts2@dot.nv.gov,1575490505000.0,-119.7653,39.53458575,{437F3CCE-53D4-4BB0-9EDF-07FF54559AAE}
147,271.0,01062,Outfront Media,04130A,66.0,2.0,US 395,34.08,,Washoe County,County,Conforming,,Interstate,Single Face,Southbound,1.0,Yes,No,No,Average,5.0,Unzoned Commercial,Wilfon George K Trustee,,,-119.8774744,39.61773397,Other,,TJSmith@dot.nv.gov,1568057172000.0,jroberts2@dot.nv.gov,1574375439000.0,-119.8774744,39.61773397,{1E454613-564C-40DD-8EB4-19CE0DB3820F}
152,64.0,03793,Yesco Outdoor Media,51075,694.0,2.0,IR-80,3.03,,Lyon County,County,Conforming,,Interstate,Back to Back,Westbound,2.0,Yes,No,No,Average,30.0,Unzoned Commercial,Galen & Margarett Hines,,,-119.2291647,39.61455768,Other,,TJSmith@dot.nv.gov,1568057172000.0,BSlobe@dot.nv.gov,1574809091000.0,-119.2291647,39.61455768,{109D03DA-B202-41ED-97CC-02D7F4389FA5}
157,207.0,03015,Donnalee Alldredge,E6,255.0,2.0,IR-80,2.64,,Washoe County,County,Conforming,,Interstate,Back to Back,,2.0,Yes,No,No,Average,25.0,Unzoned Commercial,Melba Alldredge,"365 I-80 BL, Reno, NV, 89439",,-119.998695,39.50416907,Other,,TJSmith@dot.nv.gov,1568057172000.0,jroberts2@dot.nv.gov,1573670643000.0,-119.998695,39.50416907,{A6E7BF2E-083A-4683-B4CA-0D98A4FA6434}
159,74.0,01782,"Sagebrush, LLC",NA,117.0,2.0,US 50,0.83,,Lyon County,County,Conforming,,Interstate Highway,Back to Back,Eastbound,2.0,No,No,No,Average,0.0,Zoned Commercial,Julios Bunkowski,,,-119.6682315,39.21412627,Other,,TJSmith@dot.nv.gov,1568057172000.0,,1641925335000.0,-119.6682315,39.21412627,{0097B31A-D75B-4ED0-92AB-2614A1213C76}
162,163.0,04663,Yesco Outdoor Media,,1506.0,2.0,IR-580,24.34,,Washoe County,City,Conforming,,Interstate,V-Type,Southbound,2.0,Yes,No,No,Good,100.0,Unzoned Commercial,Pestana Family Trust,,,-119.783597,39.5176528,Other,,TJSmith@dot.nv.gov,1568057172000.0,jroberts2@dot.nv.gov,1574447669000.0,-119.783597,39.5176528,{A08F733E-F15E-4AC2-AB51-097B4E9F20D2}
166,71.0,03317,The Lamar Companies,,385.0,2.0,IR-80,4.38,,Lyon County,County,Conforming,,Interstate,Single Face,Westbound,1.0,Yes,No,No,Average,15.0,Unzoned Commercial,Blair & Associates,,,-119.2059637,39.62074479,Other,,TJSmith@dot.nv.gov,1568057172000.0,BSlobe@dot.nv.gov,1574808116000.0,-119.2059637,39.62074479,{9D983BCB-A21E-419F-81B0-26E000710DD2}
167,246.0,03873,Outfront Media,66146B,757.0,2.0,IR-80,18.19,,Washoe County,City,Conforming,,Interstate,V-Type,Eastbound,2.0,Yes,No,No,Good,50.0,Zoned Commercial,Southern Pacific Trans Co.,,,-119.728181,39.52911697,Other,,TJSmith@dot.nv.gov,1568057172000.0,jroberts2@dot.nv.gov,1574699485000.0,-119.728181,39.52911697,{2E9D079B-20AB-4783-B0C6-13BDAB3C7A65}
169,2.0,04631,Rogers Media Company,,1474.0,2.0,US 50,6.61,,Carson City,City,Conforming,,Interstate Highway,Back to Back,Eastbound,2.0,Yes,No,No,Good,40.0,Unzoned Commercial,Bill Kugler,,,-119.7835675,39.11421294,Other,,TJSmith@dot.nv.gov,1568057172000.0,BSlobe@dot.nv.gov,1574192482000.0,-119.7835675,39.11421294,{9333FB66-E6CB-44C0-958B-12B273A90C90}
171,72.0,02787,,,198.0,2.0,IR-80,5.58,,Lyon County,County,Conforming,,Interstate,Single Face,Westbound,1.0,No,No,No,Average,60.0,,James Johnson,,,-119.192703,39.63046077,Other,,TJSmith@dot.nv.gov,1568057172000.0,BSlobe@dot.nv.gov,1574807714000.0,-119.192703,39.63046077,{3A271BDC-D996-4BD8-A50B-432AB5E7923C}
173,41.0,03542,Fallon/Churchill Fire Dept,,519.0,2.0,US 50,20.56,,Churchill County,City,Conforming,,Interstate Highway,Back to Back,Westbound,2.0,Yes,No,No,Good,9.0,Unzoned Commercial,Churchill County,"20 N Carson St, Fallon, NV, 89406",,-118.7781502,39.4750184,Other,,TJSmith@dot.nv.gov,1568057172000.0,,1641860752000.0,-118.7781502,39.4750184,{B3579B00-37C6-4E58-A3ED-074D0B141DFE}
174,186.0,04823,Sierra Displays,07100S,1531.0,2.0,IR-580,24.01,,Washoe County,City,Conforming,,Interstate,V-Type,,2.0,Yes,Yes,No,Good,5.0,Zoned Commercial,Linda Draper,,,-119.7809588,39.51343932,Other,,TJSmith@dot.nv.gov,1568057172000.0,jroberts2@dot.nv.gov,1574461624000.0,-119.7809588,39.51343932,{431AD98F-9FFD-4669-8A4E-04FCD39D8B23}
176,177.0,04967,Saunders Outdoor Advertising,213,1655.0,2.0,IR-580,19.94,,Washoe County,City,Conforming,,Interstate,V-Type,Northbound,2.0,Yes,No,No,Good,30.0,Unzoned Commercial,Nev-Ida Properties,,,-119.7816658,39.45570966,Other,,TJSmith@dot.nv.gov,1568057172000.0,jroberts2@dot.nv.gov,1574460236000.0,-119.7816658,39.45570966,{6A74E5E0-A0F8-4521-BA43-39E0CAF065BA}
180,247.0,03871,Outfront Media,66148B,755.0,2.0,IR-80,18.29,,Washoe County,City,Conforming,,Interstate,V-Type,Eastbound,2.0,Yes,No,No,Good,50.0,Zoned Commercial,Southern Pacific Trans Co.,,,-119.7263826,39.52894832,Other,,TJSmith@dot.nv.gov,1568057172000.0,jroberts2@dot.nv.gov,1574699537000.0,-119.7263826,39.52894832,{81FF00B3-7C38-46A8-9808-182E4FDFCE9F}
183,242.0,02835,The Lamar Companies ,510442,213.0,2.0,IR-80,17.28,,Washoe County,City,Conforming,,Interstate,Back to Back,Eastbound,2.0,Yes,No,No,Average,125.0,Zoned Commercial,John Carsten,,,-119.7435492,39.53391264,Other,,TJSmith@dot.nv.gov,1568057172000.0,jroberts2@dot.nv.gov,1574699120000.0,-119.7435492,39.53391264,{4B09636A-1788-41F8-B32C-341FF5CE1B2E}
188,54.0,04686,GP Global,,5661.0,2.0,US 50A,0.35,,Churchill County,County,Conforming,,Interstate Highway,Back to Back,Eastbound,2.0,Yes,No,No,Good,10.0,Zoned Industrial,Rene Reid,,,-119.0851499,39.5668403,Other,,TJSmith@dot.nv.gov,1568057172000.0,jroberts2@dot.nv.gov,1574706024000.0,-119.0851499,39.5668403,{A59451A0-97F7-4610-ADE4-1FF6F760576D}
191,3222.0,03222,Sierra Displays,,337.0,2.0,US 95,26.42,,Churchill County,City,Conforming,,Interstate Highway,Back to Back,Southbound,2.0,No,No,No,Good,3.0,Zoned Commercial,Kent I H Co,"241 N Maine St, Fallon, NV, 89406",,-118.7771424,39.47810781,Other,,TJSmith@dot.nv.gov,1568057172000.0,jroberts2@dot.nv.gov,1572623672000.0,-118.7771424,39.47810781,{400F27CE-E6C9-4410-AE3B-48A72224D171}
192,103.0,00305,Michael or Laura Ethridge,,7.0,2.0,US 50,24.08,,Lyon County,County,Conforming,,Interstate Highway,Single Face,Northbound,1.0,No,No,No,Good,15.0,Unzoned Commercial,Michael or Laura Ethridge,"1380 E Hwy 50, Silver Springs, NV",775-720-3223,-119.2237418,39.4173809,Other,,TJSmith@dot.nv.gov,1568057172000.0,,1643753532000.0,-119.2237418,39.4173809,{919D0D4B-1A3F-46B5-90E4-4842EB33BA9F}
204,174.0,04612,Saunders Outdoor Advertising,,1455.0,2.0,IR-580,19.08,,Washoe County,City,Conforming,,Interstate,V-Type,Southbound,2.0,Yes,No,No,Good,15.0,Unzoned Commercial,Farahi Investments Co,,,-119.7716579,39.44683697,Other,,TJSmith@dot.nv.gov,1568057172000.0,jroberts2@dot.nv.gov,1574450190000.0,-119.7716579,39.44683697,{9BEAB3EE-4B97-4DE2-8ADB-246BC8002FDC}
209,4.0,00798,Outfront Media,069014,50.0,2.0,US 50,7.28,,Carson City,City,Conforming,,Interstate Highway,Single Face,Westbound,1.0,Yes,No,No,Good,100.0,Unzoned Commercial,Carl Norris,,,-119.7741954,39.12081176,Other,,TJSmith@dot.nv.gov,1568057172000.0,BSlobe@dot.nv.gov,1574190986000.0,-119.7741954,39.12081176,{2C57D51C-0413-45DD-AE93-08CE4B166B03}
212,257.0,00330,The Lamar Companies,003752,16.0,2.0,IR-80,26.5,,Washoe County,County,Conforming,,Interstate,Back to Back,Westbound,2.0,Yes,No,No,Good,10.0,,MCCarran MP Sister,,,-119.5957936,39.54352307,Other,,TJSmith@dot.nv.gov,1568057172000.0,jroberts2@dot.nv.gov,1575487694000.0,-119.5957936,39.54352307,{23A7E716-76F6-4ADB-848E-44ACDFD4A45D}
218,222.0,02578,Outfront Media,,165.0,2.0,IR-80,11.14,,Washoe County,City,Non-conforming,Accessing from ROW ,Interstate,Single Face,Eastbound,1.0,Yes,No,No,Average,5.0,Unzoned Commercial,NA,,,-119.8542492,39.52616373,Other,,TJSmith@dot.nv.gov,1568057172000.0,jroberts2@dot.nv.gov,1573674564000.0,-119.8542492,39.52616373,{79EABDD8-3AD0-4459-AF54-43A893D66267}
226,1.0,04941,The Lamar Companies ,,1630.0,2.0,US 395,0.07,,Carson City,City,Conforming,,Interstate Highway,Back to Back,Northbound,2.0,No,No,No,Good,80.0,Unzoned Commercial,Western States Storage,,,-119.7724354,39.11401977,Other,,TJSmith@dot.nv.gov,1568057172000.0,jroberts2@dot.nv.gov,1575570713000.0,-119.7724354,39.11401977,{161E1C09-141E-47A5-AE8F-3B0FFAFB02FB}
231,206.0,03319,Riverhouse Holdings LLC,,387.0,2.0,IR-80,2.3,,Washoe County,County,Conforming,,Interstate,Back to Back,Eastbound,2.0,Yes,No,No,Average,30.0,Unzoned Commercial,Moya Lear,"I 80 E, Reno, NV, 89439",,-119.9979044,39.49925687,Other,,TJSmith@dot.nv.gov,1568057172000.0,jroberts2@dot.nv.gov,1573670330000.0,-119.9979044,39.49925687,{97D6A328-BF12-41E8-90D2-346C4235321A}
233,86.0,03789,Sbragia Enterprises,NA,691.0,2.0,US 50,5.61,,Lyon County,County,Conforming,,Interstate Highway,Stacked,Eastbound,1.0,No,No,No,Good,,Unzoned Commercial,Sbragia Enterprises,70 US-50 Dayton,,-119.5890014,39.23674043,Other,,TJSmith@dot.nv.gov,1568057172000.0,,1642179647000.0,-119.5890014,39.23674043,{1C4D9B56-0EA6-49B7-8343-46BC5DE93E84}
236,4644.0,04644,The Lamar Companies,510602,1487.0,2.0,US 95,27.07,,Churchill County,County,Conforming,,Interstate Highway,Back to Back,Northbound,2.0,Yes,No,,Good,20.0,Unzoned Commercial,Spring Valley Trust,"899 N Maine St, Fallon, NV, 89406",,-118.7753202,39.48753255,Other,,TJSmith@dot.nv.gov,1568057172000.0,,1642030099000.0,-118.7753202,39.48753255,{CE9F5D2F-CDCB-498F-B539-34034A2121FC}
242,199.0,04639,Yesco Outdoor Media,510055,1482.0,2.0,IR-80,15.43,,Washoe County,City,Conforming,,Interstate,V-Type,Westbound,2.0,Yes,Yes,Yes,Good,75.0,Unzoned Commercial,KJM Holdings LLC,"2500 Prater Way, Sparks, NV, 89431",,-119.7781306,39.53605138,Other,,TJSmith@dot.nv.gov,1568057172000.0,jroberts2@dot.nv.gov,1573666562000.0,-119.7781306,39.53605138,{0EAD4D66-55B5-4191-B14C-098C472981A6}
246,165.0,03111,The Lamar Companies,011422,293.0,2.0,IR-580,22.84,,Washoe County,City,Conforming,,Interstate,Back to Back,Southbound,2.0,Yes,No,No,Good,25.0,Unzoned Commercial,Heien Close,,,-119.7848757,39.49518225,Other,,TJSmith@dot.nv.gov,1568057172000.0,jroberts2@dot.nv.gov,1574448222000.0,-119.7848757,39.49518225,{24174A17-653B-421C-A187-219CD3B9EE79}
247,287.0,Tribal,,,,2.0,,,,,,,,,,,,,,,,,Other,,,,-119.3049971,39.61761408,Tribal,,TJSmith@dot.nv.gov,1568057172000.0,BSlobe@dot.nv.gov,1574702258000.0,-119.3049971,39.61761408,{55B43874-CC03-4529-AB0A-121750EB7DE7}
248,105.0,04690,KWS Lucky Bar,,5667.0,2.0,US 95A S,53.68,,Lyon County,,,,,,,2.0,No,No,,,,Zoned Commercial,Danielle Simpson ,"1965 Hwy 95A Fernley Nv, 89408",,-119.2322495,39.54166686,Other,,TJSmith@dot.nv.gov,1568057172000.0,TJSmith@dot.nv.gov,1568057172000.0,-119.2322495,39.54166686,{8D953D31-291C-4222-9894-2783CF6D4C8F}
252,124.0,04641,Yesco Outdoor Media,,1484.0,2.0,US 95 S,61.43,,Mineral County,,,,,,,2.0,Yes,No,,,,Unzoned Commercial,Rick Martinez,,,-118.7553338,38.6443128,Other,,TJSmith@dot.nv.gov,1568057172000.0,TJSmith@dot.nv.gov,1568057172000.0,-118.7553338,38.6443128,{F59CC8E3-996F-4CE1-B5F3-032EAF7D4126}
253,5.0,02515,Harrah's Club,,164.0,2.0,US 395,7.49,,Carson City,City,Conforming,,,Single Face,Southbound,1.0,Yes,No,No,Good,80.0,Unzoned Commercial,Harrah's,,,-119.7725953,39.12255552,Other,,TJSmith@dot.nv.gov,1568057172000.0,BSlobe@dot.nv.gov,1574191574000.0,-119.7725953,39.12255552,{2CE80CC6-8BBA-46B0-9041-14761534C84A}
258,181.0,04817,The Lamar Companies,026112,1525.0,2.0,IR-580,20.6,,Washoe County,City,Conforming,,Interstate,V-Type,Northbound,2.0,Yes,No,No,Good,10.0,Unzoned Commercial,Ralph Durham,,,-119.7860329,39.46460403,Other,,TJSmith@dot.nv.gov,1568057172000.0,jroberts2@dot.nv.gov,1574460707000.0,-119.7860329,39.46460403,{76FB1B5C-4ACD-4653-AF94-415339291F96}
259,43.0,03593,Overland Hotel,,550.0,2.0,US 50,20.78,,Churchill County,City,Conforming,,Interstate Highway,Back to Back,,2.0,Yes,No,No,Average,5.0,,Kent I H Co,,,-118.7742269,39.47474466,Other,,TJSmith@dot.nv.gov,1568057172000.0,jroberts2@dot.nv.gov,1574710385000.0,-118.7742269,39.47474466,{C50A31EB-0B8D-458F-BC12-42AD62D0A386}
260,220.0,00396,The Lamar Companies,000472,27.0,2.0,IR-80,10.29,,Washoe County,City,Conforming,,Interstate,Back to Back,Eastbound,2.0,Yes,No,No,Good,15.0,,Harrahs,,,-119.8682439,39.52030479,Other,,TJSmith@dot.nv.gov,1568057172000.0,jroberts2@dot.nv.gov,1573674091000.0,-119.8682439,39.52030479,{B4366442-B9CE-4819-9BA6-3830B259FB94}
262,166.0,04634,The Lamar Companies,027192,1477.0,2.0,IR-580,22.7,,Washoe County,City,Conforming,,Interstate,V-Type,Southbound,2.0,Yes,No,No,Good,1.0,Unzoned Commercial,Frank Kujac,,,-119.7855897,39.49320204,Other,,TJSmith@dot.nv.gov,1568057172000.0,jroberts2@dot.nv.gov,1574448417000.0,-119.7855897,39.49320204,{1DCA3157-7385-401B-AD0D-1A325F68E26D}
264,254.0,00325,The Lamar Companies,010582,13.0,2.0,IR-80,29.26,,Washoe County,County,Conforming,,Interstate,Back to Back,Eastbound,2.0,Yes,No,No,Good,5.0,,MCCarran MP Sister,,,-119.5490609,39.56116177,Other,,TJSmith@dot.nv.gov,1568057172000.0,jroberts2@dot.nv.gov,1574700913000.0,-119.5490609,39.56116177,{CBFAA8CF-CA7D-405B-8441-2D7F67F08B1A}
265,3.0,00094,The Lamar Companies,,1.0,2.0,US 50,7.21,,Carson City,City,Conforming,,Interstate Highway,Single Face,Westbound,1.0,Yes,No,No,Good,20.0,Unzoned Commercial,Custom Trailers Inc,,,-119.7751809,39.12011418,Other,Yes,TJSmith@dot.nv.gov,1568057172000.0,,1639583968000.0,-119.7751809,39.12011418,{5083FF5D-D59A-4979-A422-2C8B1E9AE158}
269,96.0,01946 -  CANCELLED 7-6-2022,,,125.0,2.0,,13.64,,Lyon County,,,,,,,2.0,No,No,,,,Unzoned Commercial,Jake Johnston,,,-119.1816615,38.99387375,Other,,TJSmith@dot.nv.gov,1568057172000.0,,1657143969000.0,-119.1816615,38.99387375,{EECEEFFD-C557-4048-B724-0518591DAD82}
270,87.0,03735,,,641.0,2.0,US 50,8.5,,Lyon County,County,Conforming,,Interstate Highway,Single Face,Westbound,1.0,No,No,No,Good,0.0,,Julios Bunkowski,,,-119.5667997,39.27326372,Other,,TJSmith@dot.nv.gov,1568057172000.0,BSlobe@dot.nv.gov,1574185033000.0,-119.5667997,39.27326372,{466AC577-3F72-4FD8-8371-0F5DE1602127}
271,169.0,03118,The Lamar Companies,012192,297.0,2.0,IR-580,22.29,,Washoe County,City,Conforming,,Interstate,Back to Back,Southbound,2.0,Yes,No,No,Good,10.0,Unzoned Commercial,Fletcher Jones,,,-119.786038,39.48752079,Other,,TJSmith@dot.nv.gov,1568057172000.0,jroberts2@dot.nv.gov,1574448763000.0,-119.786038,39.48752079,{53F7E280-701F-4F00-A978-3DF6E0A637A5}
272,14.0,04926,Lamar,53046W,1615.0,2.0,US 50,16.47,,Carson City,City,Conforming,,Interstate Highway,V-Type,Eastbound,2.0,Yes,No,No,Good,15.0,Zoned Commercial,Timothy Moran,,,-119.6834204,39.20774758,Other,,TJSmith@dot.nv.gov,1568057172000.0,BSlobe@dot.nv.gov,1574199215000.0,-119.6834204,39.20774758,{BCC2DB54-F76C-4CF3-AE5B-2A89801C2957}
274,319.0,Excluded,,,,2.0,,,,Lyon County,,,,,,,,,,,,,,,,,-119.2505078,39.59301197,Illegal,,TJSmith@dot.nv.gov,1568057172000.0,TJSmith@dot.nv.gov,1568057172000.0,-119.2505078,39.59301197,{404E076A-D15A-439B-B3B7-4851B1AE59B5}
275,147.0,04692,Areana Outdoor Inc,,5670.0,2.0,IR-80,21.68,,Pershing County,County,Conforming,,Interstate,V-Type,Westbound,2.0,No,No,No,Average,20.0,Zoned Industrial,Robert Kennerson ,,,-118.4127048,40.21914275,Other,,TJSmith@dot.nv.gov,1568057172000.0,BSlobe@dot.nv.gov,1574801906000.0,-118.4127048,40.21914275,{7F874C58-74B1-4D89-A60C-27818266FA00}
278,210.0,00805,Outfront Media,070530,51.0,2.0,IR-80,6.6,,Washoe County,County,Conforming,,Interstate,Single Face,,1.0,Yes,No,No,Good,,Zoned Commercial,Sharon Silva,"I-80 E, Reno, NV, 89439",,-119.933288,39.51061316,Other,,TJSmith@dot.nv.gov,1568057172000.0,jroberts2@dot.nv.gov,1573672131000.0,-119.933288,39.51061316,{F320FE28-194E-4E38-86CF-09C8C6CFE0EC}
280,161.0,02496,The Lamar Companies,003861,161.0,2.0,IR-580,25.42,,Washoe County,City,Conforming,,Interstate,Back to Back,Southbound,2.0,Yes,No,No,Good,,Zoned Commercial,Robert Marsh,,,-119.788356,39.53017529,Other,,TJSmith@dot.nv.gov,1568057172000.0,jroberts2@dot.nv.gov,1574446798000.0,-119.788356,39.53017529,{401EDC28-0BAD-4D90-9B55-33C07C9FC242}
288,2761.0,02761,Outfront Media,02033A,188.0,2.0,US 95,27.92,,Churchill County,County,Conforming,,Interstate Highway,Single Face,,1.0,No,No,No,Average,30.0,Other,Virgil Getto,"1505 Lovelock Highway, Fallon, NV, 89406",,-118.7724972,39.49867008,Other,,TJSmith@dot.nv.gov,1568057172000.0,jroberts2@dot.nv.gov,1572623750000.0,-118.7724972,39.49867008,{FB68116A-2053-4254-8086-2F9C6A0EE1DF}
289,37.0,03399,Stott Outdoor Advertising,,435.0,2.0,US 50,18.33,,Churchill County,County,Conforming,,Interstate Highway,V-Type,Westbound,2.0,Yes,No,No,Average,5.0,Unzoned Commercial,Southern Pacific Trans Co,,,-118.8183507,39.48098084,Other,,TJSmith@dot.nv.gov,1568057172000.0,,1641858952000.0,-118.8183507,39.48098084,{59C79E60-D9F8-4077-AAA8-341C7028DFDA}
291,173.0,04613,Saunders Outdoor Advertising,211,1456.0,2.0,IR-580,19.18,,Washoe County,City,Conforming,,Interstate,V-Type,Southbound,2.0,Yes,No,No,Good,30.0,Unzoned Commercial,Farahi Investments Co,,,-119.7732912,39.4475925,Other,,TJSmith@dot.nv.gov,1568057172000.0,jroberts2@dot.nv.gov,1574449843000.0,-119.7732912,39.4475925,{6894E2C0-094B-4360-9C78-14739203BEE5}
292,32.0,03820,The Lamar Companies,510632,715.0,2.0,US 50,16.65,,Churchill County,County,Conforming,,Interstate Highway,Back to Back,Westbound,2.0,No,No,No,Good,2.0,Unzoned Commercial,Troy & Ramona Moyle,,,-118.8490942,39.48570342,Other,,TJSmith@dot.nv.gov,1568057172000.0,,1641855947000.0,-118.8490942,39.48570342,{C1A1F96A-4BBA-4F19-98F1-333D74198138}
299,289.0,Tribal,,,,2.0,,,,,,,,,,,,,,,,,Other,,,,-119.3071937,39.61709897,Tribal,,TJSmith@dot.nv.gov,1568057172000.0,BSlobe@dot.nv.gov,1574702247000.0,-119.3071937,39.61709897,{6A4A308A-F2ED-4CF1-9AB6-02D87EDA8CBE}
302,308.0,Tribal,,,,2.0,,,,,,,,,,,,,,,,,Other,,,,-118.8064193,38.92505656,Tribal,,TJSmith@dot.nv.gov,1568057172000.0,jroberts2@dot.nv.gov,1572629039000.0,-118.8064193,38.92505656,{E28AA6F1-0EB0-4968-B1BB-3CD71B1523CB}
303,232.0,04976,The Lamar Companies,,1664.0,2.0,IR-80,14.56,,Washoe County,City,Conforming,,Interstate,Back to Back,Eastbound,2.0,Yes,No,No,Good,125.0,Unzoned Commercial,Gregory Wood,,,-119.7936978,39.53623511,Other,,TJSmith@dot.nv.gov,1568057172000.0,jroberts2@dot.nv.gov,1573676288000.0,-119.7936978,39.53623511,{06A78366-BDCC-4EA6-9E70-385F396B385C}
310,24.0,04968,Hollyhock Ent LLC,,1656.0,2.0,US 50,14.19,,Churchill County,County,Conforming,,Interstate Highway,Back to Back,Eastbound,2.0,Yes,No,No,Average,15.0,Unzoned Commercial,Jim & Jan Biffel,,,-118.8926499,39.49287692,Other,,TJSmith@dot.nv.gov,1568057172000.0,jroberts2@dot.nv.gov,1574707745000.0,-118.8926499,39.49287692,{B2ADCD07-BCED-4D71-872B-37C96EC5C45F}
312,260.0,01103,Outfront Media,,71.0,2.0,IR-80,25.8,,Washoe County,County,Conforming,,Interstate,Single Face,Westbound,1.0,Yes,Yes,No,Average,20.0,,MCCarran Ranch,,,-119.6036783,39.53575257,Other,,TJSmith@dot.nv.gov,1568057172000.0,jroberts2@dot.nv.gov,1575488034000.0,-119.6036783,39.53575257,{1352AE9B-847F-4AF9-BDB5-2FEABB5DEEED}
315,68.0,03282,Areana Outdoor Inc,,367.0,2.0,IR-80,4.08,,Lyon County,County,Conforming,,Interstate,Single Face,Westbound,1.0,Yes,No,No,Average,30.0,Zoned Commercial,Sonterra Development Co LLC,,,-119.2100272,39.6177033,Other,,TJSmith@dot.nv.gov,1568057172000.0,BSlobe@dot.nv.gov,1574808243000.0,-119.2100272,39.6177033,{F87BC2EF-4D64-47C8-A80D-0531FB920CE9}
316,88.0,04636,Lennar Reno LLC,,1479.0,2.0,US 50,11.22,,Lyon County,County,Conforming,,Interstate Highway,V-Type,Eastbound,2.0,No,No,No,Good,30.0,Unzoned Commercial,Spencer Gill,,,-119.5264715,39.29609002,Other,,TJSmith@dot.nv.gov,1568057172000.0,BSlobe@dot.nv.gov,1574185015000.0,-119.5264715,39.29609002,{1C465DEF-99FC-4FEC-B054-2F5D41758986}
317,118.0,04711,GP Global,,5707.0,2.0,US 95,49.0,,Mineral County,County,Conforming,,Interstate Highway,Back to Back,Northbound,2.0,Yes,No,No,Good,5.0,Zoned Commercial,Mac Potter,,,-118.6096511,38.52480403,Other,,TJSmith@dot.nv.gov,1568057172000.0,jroberts2@dot.nv.gov,1574718607000.0,-118.6096511,38.52480403,{B7791BB3-EEE8-4206-8F34-151C147627A3}
320,272.0,04654,,,1497.0,2.0,US 395,33.87,,Washoe County,County,Conforming,,Interstate,Back to Back,Southbound,2.0,Yes,No,No,Average,10.0,Unzoned Commercial,Maree Debard,,,-119.8735099,39.61693862,Other,,TJSmith@dot.nv.gov,1568057172000.0,,1643068586000.0,-119.8735099,39.61693862,{DC731CF7-EBA9-4E49-917A-19068A88B5F4}
326,300.0,Tribal ,,,,2.0,,,,,,,,,,,,,,,,,Other,,,,-118.8025615,38.9097113,Tribal,,TJSmith@dot.nv.gov,1568057172000.0,jroberts2@dot.nv.gov,1572628885000.0,-118.8025615,38.9097113,{7F8043A8-108D-42E0-A217-3D189B31386F}
331,256.0,01107,Viacom Outdoor,,74.0,2.0,IR-80,26.73,,Washoe County,County,Non-conforming,Access from right of way,Interstate Highway,Single Face,Westbound,1.0,Yes,No,No,Average,25.0,,MCCarran Ranch,,,-119.5923716,39.54558366,Other,,TJSmith@dot.nv.gov,1568057172000.0,jroberts2@dot.nv.gov,1575487501000.0,-119.5923716,39.54558366,{CAEB8810-0DDF-47BD-9E48-44ECA0F88CF5}
334,202.0,03210,Outfront Media,065063,331.0,2.0,IR-80,2.67,,Washoe County,County,Conforming,,Interstate,Single Face,Eastbound,1.0,Yes,No,No,Good,5.0,Unzoned Commercial,Interstate Developments,"420 Gold Ranch Rd, Reno , NV, 89439",,-120.0001715,39.50418659,Other,,TJSmith@dot.nv.gov,1568057172000.0,jroberts2@dot.nv.gov,1573668718000.0,-120.0001715,39.50418659,{41CF9D13-C7AF-4616-AE3B-0F08CCD25887}
337,7.0,04658,Outfront Media,918577,1401.0,2.0,US 50,12.4,,Carson City,City,Conforming,,Interstate Highway,Back to Back,Westbound,2.0,Yes,No,No,Good,10.0,Zoned Commercial,NDOT,,,-119.7419535,39.17466058,Other,,TJSmith@dot.nv.gov,1568057172000.0,BSlobe@dot.nv.gov,1574194737000.0,-119.7419535,39.17466058,{6F326C2C-D49A-4ED0-A0FC-2B730AD5AA1E}
340,,Pending,Lamar,000911/000921,,2.0,East Second Street,,,Washoe County,City,,,MAP 21,Back to Back,Westbound,2.0,Yes,No,No,Good,3.0,Other,Renown Businesses Inc.  ,0 Manuel St. ,,,,Map 21,Yes,BSlobe@dot.nv.gov,1570472476000.0,BSlobe@dot.nv.gov,1580754957000.0,,,{BAB573BD-103E-4B2F-A8F3-179F637F1249}
341,,999999,,,,,,,,,,,,,,,,,,,,,,,,,,,Other,,TJSmith@dot.nv.gov,1570472905000.0,TJSmith@dot.nv.gov,1570473024000.0,,,{D493549A-C520-4DCD-A93F-2D34E142ADD6}
343,,Pending,Lamar,028041,,2.0,West Second Street,,,Washoe County,City,,,MAP 21,Back to Back,Westbound,2.0,Yes,No,No,Good,15.0,Other,Dhillon on Living Trust ,975 W. 2nd St,,,,Map 21,Yes,BSlobe@dot.nv.gov,1570474264000.0,BSlobe@dot.nv.gov,1580755122000.0,,,{0AB5C002-5285-49A7-A871-466B6CEA5EA4}
344,,Pending,Lamar,002951,,2.0,Keystone Avenue,,,Washoe County,City,,,MAP 21,Back to Back,Northbound,2.0,Yes,No,No,Good,10.0,Other,Tabrizi Family Trust 2018 Trust ,236 Keystone Ave ,,,,Map 21,,BSlobe@dot.nv.gov,1570474488000.0,BSlobe@dot.nv.gov,1580755140000.0,,,{E4953AE6-7359-4C67-AB7B-0160B5BA43AC}
352,,Pending,Lamar,010715/010702,,2.0,East Moana Lane,,,Washoe County,City,,,MAP 21,Back to Back,Westbound,2.0,Yes,No,No,Good,0.0,Zoned Commercial,BMM Ski LLC ,475 E. Moana Ln. ,,,,Map 21,Yes,BSlobe@dot.nv.gov,1570741690000.0,BSlobe@dot.nv.gov,1580755194000.0,,,{DC5EC84B-F0AA-495F-A200-30256956ACBF}
354,,Pending ,Lamar ,011581/,,2.0,US 395A,,,Washoe County,City,,,MAP 21,Back to Back,Southbound,2.0,Yes,No,No,Good,0.0,Zoned Commercial,RTC Washoe County,3501 S. Virginia St. ,,,,Map 21,Yes,BSlobe@dot.nv.gov,1570742853000.0,BSlobe@dot.nv.gov,1580755206000.0,,,{52C182A0-C4FC-4501-BD84-323FBA2A2FBC}
356,,Pending ,Lamar ,004871,,2.0,US 395A,,,Washoe County,City,,,MAP 21,Back to Back,Southbound,2.0,Yes,No,No,Good,3.0,,NP Reno Convention Center LLC,0 Kietzke Ln. ,,,,Map 21,Yes,BSlobe@dot.nv.gov,1570743461000.0,BSlobe@dot.nv.gov,1580755258000.0,,,{DE86EB6D-A165-42D0-967D-3DE4B5EBAC97}
372,,None NHS,On Premise Steamboat Hotsprings,,,2.0,US 395A,,,Washoe County,,,,,Single Face,Northbound,1.0,No,No,No,Average,30.0,Other,International Community of Christ,16010 US Highway 395 S. ,,,,Other,,BSlobe@dot.nv.gov,1571349708000.0,BSlobe@dot.nv.gov,1580756051000.0,,,{DFDBF8E1-99FB-4C81-B488-377D50ACB037}
374,,None NHS,Unknown Blank Board,NA,,2.0,US 395A,,,Washoe County,,,,,Single Face,Northbound,1.0,Yes,No,No,Average,15.0,Other,William J. Simons Trust,16250 US Highway 395 S. ,,,,Other,,BSlobe@dot.nv.gov,1571349999000.0,BSlobe@dot.nv.gov,1580756070000.0,,,{671F480D-7FE0-4771-A942-2C80F4BCB852}
380,,Pending,Lamar ,009212/009202,,2.0,US 395A,,,Washoe County,,,,MAP 21,Back to Back,Southbound,2.0,Yes,No,No,Good,0.0,,,,,,,Map 21,,BSlobe@dot.nv.gov,1571420666000.0,BSlobe@dot.nv.gov,1580755835000.0,,,{1D54AB40-874F-4521-A706-2378240A8BF0}
382,,Pending,Lamar ,011011/011811/028071/028081,,2.0,US 395A,,,Washoe County,,,,MAP 21,Back to Back,Southbound,4.0,Yes,No,No,Good,2.0,,,,,,,Map 21,,BSlobe@dot.nv.gov,1571420988000.0,BSlobe@dot.nv.gov,1580755738000.0,,,{4A83673F-04A8-4572-B901-16B7B68E6C74}
383,,Pending,OutFront Media ,04381A/65982B,,2.0,US 395A,,,Washoe County,,,,MAP 21,Back to Back,Northbound,2.0,Yes,No,No,Good,8.0,,,,,,,Map 21,,BSlobe@dot.nv.gov,1571421110000.0,BSlobe@dot.nv.gov,1580755668000.0,,,{0D60701A-1EC8-47C2-8476-2B2BBA3B0901}
389,,Pending,Lamar ,021042/021052,,2.0,US 395A,,,Washoe County,,,,MAP 21,Back to Back,Southbound,2.0,Yes,No,No,Good,20.0,,,,,,,Map 21,,BSlobe@dot.nv.gov,1571421930000.0,BSlobe@dot.nv.gov,1580755601000.0,,,{60DD2600-6D40-4639-A5B9-447A740AD552}
390,,Pending,Lamar ,021062/?????,,2.0,US 395A,,,Washoe County,,,,MAP 21,Back to Back,Southbound,2.0,Yes,No,No,Good,20.0,,,,,,,Map 21,,BSlobe@dot.nv.gov,1571422044000.0,BSlobe@dot.nv.gov,1580755584000.0,,,{CC5F0933-5A86-412D-A034-277EFEA62A5B}
391,,Pending,Lamar ,025042/NA,,2.0,US 395A,,,Washoe County,,,,MAP 21,Back to Back,Northbound,2.0,No,No,No,Good,-4.0,,,,,,,Map 21,,BSlobe@dot.nv.gov,1571422234000.0,BSlobe@dot.nv.gov,1580755563000.0,,,{E9B64820-E373-4F9E-B0C0-285A8D62EA42}
395,,Tribal,,,,2.0,US 95,,,Mineral County,County,Non-conforming,Tribal,Interstate Highway,Single Face,Southbound,1.0,No,No,No,Good,,,,,,,,Tribal,,jroberts2@dot.nv.gov,1572552929000.0,jroberts2@dot.nv.gov,1572628769000.0,,,{44994F10-E49F-4BA1-AC89-1E020072BE32}
399,,Tribal,,,,2.0,US 95,,,Mineral County,County,Non-conforming,Tribal ,Interstate Highway,Single Face,Northbound,1.0,No,No,No,Average,,,,,,,,Tribal,,jroberts2@dot.nv.gov,1572553698000.0,jroberts2@dot.nv.gov,1572628837000.0,,,{7D9709EB-CD31-4FE6-ACD3-4918E84A9201}
400,,Tribal,,,,2.0,US 95,,,Lyon County,County,Non-conforming,Tribal ,Interstate Highway,Single Face,Northbound,1.0,No,No,No,Average,,,,,,,,Tribal,,jroberts2@dot.nv.gov,1572553698000.0,jroberts2@dot.nv.gov,1572553698000.0,,,{3E83960E-C39D-4728-86AB-0DF439798D5C}
405,,On Premise,Gold Ranch,,,,,,,,,,,,,,,,,,,,,,,,,,On Premise,,jroberts2@dot.nv.gov,1573670474000.0,jroberts2@dot.nv.gov,1573670489000.0,,,{C3D8D547-0FFA-451E-B706-21967F9A6D3E}
410,,Illegal ,,,,,,,,,,,,,,,,,,,,,,,,,,,Illegal,,jroberts2@dot.nv.gov,1574376186000.0,jroberts2@dot.nv.gov,1574376186000.0,,,{3A84097C-C4D7-49A1-A372-3508EBF76418}
415,,On Premise ,,,,,,,,,,,,,,,,,,,,,,,,,,,On Premise,,jroberts2@dot.nv.gov,1574376487000.0,jroberts2@dot.nv.gov,1574376487000.0,,,{03DF6E5D-B8F5-4D91-AA9D-1523390654F2}
420,,On Premise ,,,,,,,,,,,,,,,,,,,,,,,,,,,On Premise,,jroberts2@dot.nv.gov,1574462014000.0,jroberts2@dot.nv.gov,1574462014000.0,,,{45CEE383-6C22-46E3-8090-44B5CC9D2873}
426,,Illegal,,,,2.0,US 50A,,,Lyon County,County,,,Interstate Highway,Single Face,Eastbound,1.0,No,No,No,Average,0.0,,,,,,,Illegal,,BSlobe@dot.nv.gov,1574703883000.0,BSlobe@dot.nv.gov,1574703909000.0,,,{7F68CDB3-1EBB-4608-B7D1-26BD538AAE6A}
436,,Illegal ,,,,,US 95,,,,,,,,,,,,,,,,,,,,,,Illegal,,jroberts2@dot.nv.gov,1574719669000.0,jroberts2@dot.nv.gov,1574719669000.0,,,{1CC2357B-E456-4BB2-8BD0-32C3D9FCEC35}
437,,5010,Arena Outdoor ,,5746.0,2.0,IR-80,,100.90,Pershing County,County,Conforming,,Interstate,Single Face,Eastbound,1.0,No,No,No,Average,10.0,Zoned Industrial,,,,,,Other,,BSlobe@dot.nv.gov,1574794215000.0,BSlobe@dot.nv.gov,1574878600000.0,,,{931BCA92-ABB1-4D6D-B09F-493AB6CDBC0F}
439,,5014,Robert Kennerson,,5751.0,2.0,IR-80,,101.10,Pershing County,County,Conforming,,Interstate,Single Face,Eastbound,1.0,No,No,No,Average,10.0,Zoned Industrial,Arena Outdoor,,,,,Other,,BSlobe@dot.nv.gov,1574794335000.0,BSlobe@dot.nv.gov,1574878140000.0,,,{2527112F-FD20-40D6-AF4C-138CC2B20EFC}
440,,5012,Arena Outdoor ,,5748.0,2.0,IR-80,,101.20,Pershing County,County,Conforming,,Interstate,Single Face,Eastbound,1.0,No,No,No,Average,10.0,Zoned Industrial,Robert Kennerson,,,,,Other,,BSlobe@dot.nv.gov,1574794491000.0,BSlobe@dot.nv.gov,1574877849000.0,,,{D160FD59-02B7-4AE0-B529-37CE01DA4381}
441,,Illegal,Marten house museum,,,,IR-80,,,Pershing County,,Non-conforming,,Interstate,Single Face,Eastbound,1.0,No,No,No,Average,10.0,,,,,,,Other,,BSlobe@dot.nv.gov,1574795924000.0,BSlobe@dot.nv.gov,1574795924000.0,,,{AD307943-593C-4178-A32A-2B3485020F55}
445,,4685,GP Global,,5660.0,2.0,IR-80,11.64,,Pershing County,County,Conforming,,Interstate,V-Type,Westbound,2.0,Yes,No,No,Average,30.0,,,,,,,Other,,BSlobe@dot.nv.gov,1574804616000.0,BSlobe@dot.nv.gov,1574804616000.0,,,{2A1FA2A6-8EA5-415E-9447-16BD3A890B67}
446,,4699,Arena Outdoor ,,5684.0,2.0,IR-80,11.27,,Pershing County,County,Conforming,,Interstate,V-Type,Westbound,2.0,No,No,No,Average,30.0,,,,,,,Other,,BSlobe@dot.nv.gov,1574804776000.0,BSlobe@dot.nv.gov,1574804776000.0,,,{BD2DE41F-91CA-4EA4-84A1-31D327669D29}
453,,04120,The Lamar Companies ,021092,982.0,2.0,SR 659,,17.38,Washoe County,City,Conforming,,Interstate Highway,Back to Back,Northbound,2.0,Yes,No,No,Good,1.0,,,,,,,Other,,jroberts2@dot.nv.gov,1575492269000.0,,1604515638000.0,,,{1F37D7D1-CA7D-4CC5-A3CA-12DF9BEBE132}
457,,04649,Outfront Media,66116A,1492.0,2.0,SR 659,,17.60,Washoe County,City,Conforming,,,Back to Back,Northbound,2.0,Yes,No,No,Good,5.0,,,,,,,Other,,jroberts2@dot.nv.gov,1575494141000.0,,1604515690000.0,,,{0BCFAE87-F056-40EE-8163-3E87F6C13336}
458,,Illegal ,,,,,,,,,,,,,,,,,,,,,,,,,,,Illegal,,jroberts2@dot.nv.gov,1575494334000.0,jroberts2@dot.nv.gov,1575494334000.0,,,{D7B65566-B916-42FB-9A32-2595EDC74B1E}
465,,Tribal ,The Lamar Companies ,023062,,2.0,US 395,,,Douglas County,County,,,Interstate Highway,Back to Back,Southbound,2.0,Yes,No,No,Good,,,,,,,,Tribal,,jroberts2@dot.nv.gov,1575577259000.0,jroberts2@dot.nv.gov,1575577259000.0,,,{3AD02C1F-9565-43AF-A01D-3C9B71EFD237}
466,,Illegal ,,,,2.0,US 395,,,Douglas County,County,Non-conforming,On forestry land,Interstate Highway,Back to Back,Northbound,2.0,No,No,No,Average,,,,,,,,Illegal,,jroberts2@dot.nv.gov,1575577546000.0,jroberts2@dot.nv.gov,1575577546000.0,,,{2717BA3E-96B9-44FC-B10B-08F39823632B}
470,,Tribal ,,,,2.0,US 395,,,Douglas County,County,,,Interstate Highway,Back to Back,Northbound,2.0,Yes,No,No,Average,,,,,,,,Tribal,,jroberts2@dot.nv.gov,1575577835000.0,jroberts2@dot.nv.gov,1575577835000.0,,,{BAD1B344-D82C-44E3-BAF8-46D311E9DD61}
471,,Tribal ,The Lamar Companies ,015102,,2.0,US 395,,,Douglas County,County,,,Interstate Highway,Back to Back,Northbound,2.0,Yes,No,No,Good,10.0,,,,,,,Tribal,,jroberts2@dot.nv.gov,1575578413000.0,jroberts2@dot.nv.gov,1575578413000.0,,,{AD73BDE5-DF3E-4ACA-8975-2102CC4D7793}
474,,Tribal ,The Lamar Companies ,015182,,2.0,US 395,,,Douglas County,County,,,Interstate Highway,Back to Back,Northbound,2.0,Yes,No,No,Good,20.0,,,,,,,Tribal,,jroberts2@dot.nv.gov,1575578814000.0,jroberts2@dot.nv.gov,1575578990000.0,,,{9BBA7C99-BBA4-4C2B-92AB-18DF44407899}
475,,Tribal ,The Lamar Companies ,015012,,2.0,US 395,,,Douglas County,County,,,Interstate Highway,Back to Back,Southbound,2.0,Yes,No,No,Good,5.0,,,,,,,Tribal,,jroberts2@dot.nv.gov,1575578911000.0,jroberts2@dot.nv.gov,1575578911000.0,,,{B88265A0-9ABA-4D6F-8742-0EA83B40E434}
478,,Map 21,,,,2.0,SR 88,,,Douglas County,County,Non-conforming,No permit ,MAP 21,Single Face,Northbound,1.0,No,No,No,Average,1.0,,,,,,,Illegal,,jroberts2@dot.nv.gov,1575580662000.0,jroberts2@dot.nv.gov,1575580662000.0,,,{A04D077A-C8AF-4956-92AC-44854512A8AD}
479,,05069 - Cancelled 1-26-2022,Arena Outdoor,,5767.0,2.0,IR-80,25.8,,Pershing County,County,,,Interstate,Single Face,Westbound,1.0,,No,No,,30.0,,,,,,,Pending,,BSlobe@dot.nv.gov,1578496123000.0,,1645206003000.0,,,{AE6EBC40-CA89-4933-A102-3F19BBFCEB74}
483,,On Premise,Sparks Florist,,,2.0,SR 445,,,Washoe County,,Conforming,,MAP 21,Back to Back,Southbound,2.0,Yes,Yes,Yes,Good,1.0,,,,,,,On Premise,,BSlobe@dot.nv.gov,1580504281000.0,BSlobe@dot.nv.gov,1580754435000.0,,,{A6FBF181-581A-4CA7-9F1C-06F0CBDEE45D}
484,,On Premise,Reno Sparks Indian Colony,,,2.0,SR 445,,,Washoe County,,Conforming,,MAP 21,Back to Back,Northbound,2.0,,Yes,Yes,Good,3.0,,,,,,,On Premise,,BSlobe@dot.nv.gov,1580504442000.0,BSlobe@dot.nv.gov,1580754402000.0,,,{4F603E96-591D-452B-B412-0F317EE85831}
485,,On Premise,Greenbrae Commons,,,2.0,SR 445,,,Washoe County,County,Conforming,,MAP 21,Back to Back,Northbound,2.0,No,Yes,Yes,Good,5.0,,,,,,,On Premise,,BSlobe@dot.nv.gov,1580504531000.0,BSlobe@dot.nv.gov,1580754388000.0,,,{F47912C6-3ABE-4DB2-97FC-4967FA366CF0}
488,,Illegal ,Christy Corp.,,,2.0,SR 445,,,Washoe County,,Non-conforming,,MAP 21,V-Type,Northbound,2.0,No,No,No,Average,80.0,,,,,,,Illegal,,BSlobe@dot.nv.gov,1580505436000.0,BSlobe@dot.nv.gov,1580754484000.0,,,{2ACBA374-5AAB-40E3-BFC1-0D89D19F88F0}
496,,Illegal ,Best hay prices,,,2.0,SR 445,,,Washoe County,City,Non-conforming,,MAP 21,Single Face,Northbound,1.0,No,No,No,,,,,,,,,Illegal,,BSlobe@dot.nv.gov,1580506255000.0,BSlobe@dot.nv.gov,1580754585000.0,,,{D2B67ABF-01CB-45C6-9634-28B8745AB057}
498,,Illegal ,Stonebrook West Realty,,,2.0,SR 445,,,Washoe County,City,Non-conforming,,MAP 21,Back to Back,Northbound,2.0,No,No,No,Average,5.0,,,,,,,Illegal,,BSlobe@dot.nv.gov,1580506539000.0,BSlobe@dot.nv.gov,1580754606000.0,,,{44A5F652-A51B-48EA-B682-00BC23261EA7}
499,,Illegal,,,,,SR 445,,,Washoe County,City,Non-conforming,,MAP 21,Single Face,Northbound,1.0,No,No,No,Average,4.0,,,,,,,Illegal,,BSlobe@dot.nv.gov,1580506601000.0,BSlobe@dot.nv.gov,1580754653000.0,,,{A2ECF037-916E-4174-88E9-0F8885B9DCDD}
500,,Illegal ,hciproperty.com,,,2.0,SR 445,,,Washoe County,City,Non-conforming,,MAP 21,Back to Back,Northbound,2.0,No,No,No,Average,4.0,,,,,,,Illegal,,BSlobe@dot.nv.gov,1580506734000.0,BSlobe@dot.nv.gov,1580754666000.0,,,{D63C3219-E99C-4B59-9C1E-107FCE8CA61D}
501,,Illegal ,Knobblock and sons,,,2.0,SR 445,,,Washoe County,City,Non-conforming,,MAP 21,Single Face,Northbound,1.0,No,No,No,Average,4.0,,,,,,,Illegal,,BSlobe@dot.nv.gov,1580506812000.0,BSlobe@dot.nv.gov,1580754680000.0,,,{873DDF9D-BC42-445D-899C-2ED391C52988}
502,,Illegal ,Pizza Factory,,,2.0,SR 445,,,Washoe County,City,Non-conforming,,MAP 21,Single Face,Northbound,1.0,No,No,No,Bad,40.0,,,,,,,Illegal,,BSlobe@dot.nv.gov,1580506978000.0,BSlobe@dot.nv.gov,1580754708000.0,,,{CC19A783-A8F0-414B-8E68-2F1C3E488CE8}
505,,Illegal ,GlamGalsSalon.com,,,2.0,SR 445,,,Washoe County,,Non-conforming,,MAP 21,Single Face,Northbound,3.0,No,No,No,Bad,25.0,,,,,,,Illegal,,BSlobe@dot.nv.gov,1580507274000.0,BSlobe@dot.nv.gov,1580754739000.0,,,{2DC45FFC-8262-4190-807D-1D3FFD45866D}
509,,Illegal ,BJJRenoTahoe.com,,,2.0,SR 445,,,Washoe County,,Non-conforming,,MAP 21,Single Face,Northbound,1.0,No,No,No,Average,3.0,,,,,,,Illegal,,BSlobe@dot.nv.gov,1580507595000.0,BSlobe@dot.nv.gov,1580754768000.0,,,{70FA7178-EB0F-486A-9678-0EE9734D2EB1}
510,,Illegal ,Discoveries Preschool Childcare,,,2.0,SR 445,,,Washoe County,,Non-conforming,,MAP 21,Back to Back,Northbound,2.0,No,No,No,Bad,3.0,,,,,,,Illegal,,BSlobe@dot.nv.gov,1580507739000.0,BSlobe@dot.nv.gov,1580754796000.0,,,{EA5ACD3D-E8C7-4AEE-92E2-1B992784A881}
519,,On Premise,Peppermill,,,2.0,US 395A,,,Washoe County,County,,,MAP 21,V-Type,Southbound,2.0,No,Yes,Yes,Good,10.0,,,,,,,On Premise,,BSlobe@dot.nv.gov,1580763686000.0,BSlobe@dot.nv.gov,1580763780000.0,,,{D7B6CD3E-E697-4997-B923-48FAE7EB02F6}
529,,Pending,,009501,,2.0,US 395A,,,Washoe County,City,,,MAP 21,Back to Back,Southbound,2.0,Yes,No,No,Average,0.0,,,,,,,Map 21,,BSlobe@dot.nv.gov,1580765504000.0,BSlobe@dot.nv.gov,1580765631000.0,,,{0B480654-3B9B-408D-8276-2BC99AA7B4B3}
539,,Illegal ,MJ20 Tattoo,,,2.0,US 395A,,,Washoe County,City,Non-conforming,,MAP 21,Back to Back,Northbound,2.0,No,No,No,Average,20.0,,,,,,,Illegal,,BSlobe@dot.nv.gov,1580846429000.0,BSlobe@dot.nv.gov,1580846429000.0,,,{A7E36879-94A9-4711-BDF1-24DB06E2091F}
545,,Pending ,OutFront,06911B/06911A,,2.0,US 395A,,,Washoe County,City,,,MAP 21,Back to Back,Northbound,2.0,Yes,No,No,Average,0.0,,,,,,,Map 21,,BSlobe@dot.nv.gov,1580849840000.0,BSlobe@dot.nv.gov,1580849840000.0,,,{4C3BE4CF-2BDD-40EA-AF18-16FA7C70CF7D}
547,,Pending ,Lamar,028012,,2.0,US 395A,,,Washoe County,City,,,MAP 21,V-Type,Northbound,2.0,Yes,No,No,Good,20.0,,,,,,,Map 21,,BSlobe@dot.nv.gov,1580850192000.0,BSlobe@dot.nv.gov,1580850192000.0,,,{4F70C90D-AD9D-452D-AD6B-3E236F19744A}
548,,On Premise ,Suzies ,,,2.0,Kietzke Lane,,,Washoe County,,,,MAP 21,Back to Back,Southbound,2.0,Yes,No,No,Average,10.0,,,,,,,On Premise,,BSlobe@dot.nv.gov,1580927073000.0,BSlobe@dot.nv.gov,1580927073000.0,,,{8EEA93F7-5839-4934-B2FB-2E00E47AA121}
551,,Pending ,Lamar ,011171,,2.0,Kietzke Lane,,,Washoe County,,,,MAP 21,Back to Back,Northbound,3.0,Yes,No,No,Good,0.0,,,,,,,Map 21,,BSlobe@dot.nv.gov,1580927511000.0,BSlobe@dot.nv.gov,1580927511000.0,,,{B3CAEC9E-F664-4B65-A055-01C5088FE150}
552,,On Premise ,Dolan Dodge ,,,2.0,Kietzke Lane,,,Washoe County,,,,MAP 21,Back to Back,Northbound,2.0,No,Yes,Yes,Good,10.0,,,,,,,On Premise,,BSlobe@dot.nv.gov,1580927590000.0,BSlobe@dot.nv.gov,1580927590000.0,,,{F50C2430-3D5E-435D-B46A-2C2C565A379D}
557,,Pending ,Lamar ,004271,,2.0,Kietzke Lane,,,Washoe County,,,,MAP 21,Back to Back,Southbound,2.0,No,No,No,Average,5.0,,,,,,,Map 21,,BSlobe@dot.nv.gov,1580928399000.0,BSlobe@dot.nv.gov,1580928399000.0,,,{A28C23B7-9184-484A-B175-0F10735D82CB}
561,,Pending ,Lamar ,027135,,2.0,Kietzke Lane,,,Washoe County,,,,MAP 21,V-Type,Northbound,2.0,Yes,No,No,Good,10.0,,,,,,,Map 21,,BSlobe@dot.nv.gov,1580929179000.0,BSlobe@dot.nv.gov,1580929908000.0,,,{99A5FBC2-4D2D-459A-B82C-0E3726A5AF85}
563,,Pending ,OutFront,23433A,,2.0,Oddie Boulevard,,,Washoe County,,,,MAP 21,Back to Back,Eastbound,2.0,Yes,No,No,Average,60.0,,,,,,,Map 21,,BSlobe@dot.nv.gov,1580931546000.0,BSlobe@dot.nv.gov,1580931546000.0,,,{9ECF1464-C911-418B-AF0E-3246DD4C31D9}
564,,Pending,Clear Channel,000151,,2.0,Fourth Street,,,Washoe County,City,,,MAP 21,Back to Back,Eastbound,2.0,No,No,No,Average,4.0,,,,,,,Map 21,,BSlobe@dot.nv.gov,1581098980000.0,BSlobe@dot.nv.gov,1581098980000.0,,,{B586E170-4FD1-4CD2-882B-3B9EA5E912A5}
578,,05077 - Cancelled 1-26-2022,"Arena Outdoor, Inc",01102,5778.0,2.0,IR-80,24.95,,Pershing County,County,,,Interstate,Single Face,Westbound,1.0,Yes,No,No,,,Other,"Ordination of Heliotropes, LLC",,,,,Pending,,BSlobe@dot.nv.gov,1581358099000.0,,1645205900000.0,,,{4F488E8B-D49E-4384-93B9-33467C2DCEC6}
582,,On Premise,Eldorado Casino,,,2.0,Fourth Street,,,Washoe County,City,,,MAP 21,Single Face,Eastbound,1.0,No,Yes,Yes,Good,,,,,,,,On Premise,,,,,,,,{2F6380C6-AB41-427E-9A3F-2437FACAA5DE}
584,,On Premise ,Eagle Window & Door,,,2.0,Fourth Street,,,Washoe County,,,,MAP 21,Single Face,Eastbound,1.0,Yes,No,No,Bad,,,,,,,,On Premise,,,,,,,,{997E1EA6-FB71-4C8D-BEA7-1596FD64FAE2}
1396,,Tribal ,Lamar ,,,2.0,US 395,,,Douglas County,County,,,Interstate Highway,V-Type,Southbound,2.0,Yes,No,No,Good,,,,,,,,Tribal,,,1603289916000.0,,1603289916000.0,,,{353533B2-21E3-457C-A2E6-0869071C44F5}
1397,,Tribal ,Lamar,,,2.0,US 395,,,Douglas County,County,,,Interstate Highway,V-Type,Northbound,2.0,Yes,No,No,Good,,,,,,,,Tribal,,,1603290061000.0,,1603290061000.0,,,{A7564466-B2BB-47B4-B609-09626175DBFC}
1400,,,Douglas County ,,,2.0,US 395,,,Douglas County,County,,,Interstate Highway,Back to Back,Northbound,2.0,Yes,No,No,Good,,,,,,,,On Premise,,,1603293086000.0,,1603293086000.0,,,{A34B6B69-EE32-46E1-81CC-0C3C8C1F431A}
1404,,On Premise,,,,2.0,US 95A,,,Lyon County,,,,,V-Type,Southbound,4.0,No,,,,,,,,,,,On Premise,,,1603308003000.0,,1603308003000.0,,,{01472A02-328C-4C14-A20C-1879EF64ABC0}
1796,,Excluded ,,,,2.0,US 95,,,Mineral County,County,,,Interstate Highway,Single Face,Northbound,1.0,No,No,No,Average,,,,,,,,Tribal,,,1603397444000.0,,1603397444000.0,,,{83156E17-CB83-408D-9F8B-10D3D4FB79CC}
1797,,Excluded ,,,,2.0,US 95,,,Mineral County,County,,,Interstate Highway,Single Face,Northbound,1.0,No,No,No,Average,,,,,,,,Tribal,,,1603397623000.0,,1603397623000.0,,,{C0469A43-2277-4ED0-A36C-495CDB4A5A2C}
1799,,,Excluded ,,,2.0,US 95,,,Mineral County,County,,,Interstate Highway,Single Face,Northbound,1.0,No,No,No,Average,,,,,,,,Tribal,,,1603397752000.0,,1603397752000.0,,,{D02CE92E-0154-4222-94CD-22F41E0F36B3}
1801,,,Excluded ,,,2.0,US 95,,,Mineral County,County,,,Interstate Highway,Single Face,Northbound,1.0,No,No,No,Average,,,,,,,,Tribal,,,1603397882000.0,,1603397882000.0,,,{96373760-DFDE-44B4-91A0-3C22A1E455B8}
2593,,Per Kennerson on premise for sale sign,Arena Outdoor,,,2.0,IR-80,,,Pershing County,,,Per Kennerson on prem. property for sale,Interstate,Single Face,Westbound,1.0,No,Yes,No,Good,,,,,,,,On Premise,Yes,,1613583066000.0,,1614622683000.0,,,{FACCE23F-1E29-4F1B-AC06-41D75595A049}
2993,,Proposed. ,Jeff Herson,,,2.0,IR-80,,,Washoe County,City,,,Interstate,,,2.0,Yes,No,No,,,Other,,,,,,,,,1632255884000.0,,1632255884000.0,,,{CFF2EF29-6983-44E8-9518-0F2DA3D4E558}
3393,,Illegal,,,,,,,,,,Non-conforming,Illegal,,,,,,,,,,,,,,,,,,,1637007656000.0,,1637007656000.0,,,{9EDAF3CC-31E5-4240-8D1D-0CFDE6BF9696}
4193,,11111,Illegal,,,,,,,,,,,,,,,,,,,,,,,,,,Illegal,,,1641502898000.0,,1642030183000.0,,,{8C4C659A-0E93-4F63-B130-2623F44BA1EF}
4194,,22222,,,,,,,,,,,,,,,,,,,,,,,,,,,Illegal,,,1641504034000.0,,1642030280000.0,,,{53FF5086-2305-445A-A126-1E6243C7FF90}
4198,,Sys#5807 - Removed 1/28/2022,Cresh Management LLC,,5807.0,2.0,US 50,1.92,,Lyon County,County,Non-conforming,Illegal,Interstate,Back to Back,Westbound,2.0,No,No,No,Bad,10.0,Zoned Commercial,Cresh Management LLC,"5 Hwy 341, Moundhouse, NV, 89706",,,,Illegal,,,1641506151000.0,,1643909123000.0,,,{AA3F86F2-9974-4FC5-9AF7-30BF26A66BBF}
4199,,On-Premise,Tahoe Boat Stroage,,,,,,,,,,,,,,,,,,,,,,,,,,On Premise,,,1641507105000.0,,1642696997000.0,,,{013C37C5-4738-4B08-B4BE-1B1C5C2A6858}
4994,,Sys#5810 - Removed 2/7/2022,,,5810.0,2.0,US 50,5.5,,Lyon County,County,Non-conforming,Illegal,Interstate Highway,Single Face,Eastbound,1.0,No,No,No,Average,,Zoned Commercial,,,,,,Illegal,,,1642196749000.0,,1644353699000.0,,,{1959147D-E545-4876-B73C-3F8B15974695}
5395,,#ccccc,,,,,,,,,,,,,,,,,,,,,,,,,,,Illegal,,,1644274174000.0,,1644274174000.0,,,{F4193568-5D33-4FA6-A70D-440F58154D31}
5396,,#ddddd,,,,,,,,,,,,,,,,,,,,,,,,,,,Illegal,,,1644274587000.0,,1644274587000.0,,,{8B05BC39-8B02-4EE8-AF23-26FFB072AC1D}
5794,,Iron Mountain Estates,,,,,,,,,,,,,,,,,,,,,,,,,,,On Premise,,,1644361602000.0,,1644433189000.0,,,{09D784CB-CDEA-454D-AF2C-06F89749CAF0}
6193,,#kkkkk,,,,,,,,,,,,,,,,,,,,,,,,,,,Illegal,,,1644432138000.0,,1644432138000.0,,,{80EC7F61-8C60-4EDC-8814-3F479CAD7A8C}
6195,,#lllll,,,,,,,,,,,,,,,,,,,,,,,,,,,Illegal,,,1644443238000.0,,1644443238000.0,,,{396EC159-70C6-4A55-8EA2-01C067C30D94}
6199,,Craftsman Homes,,,,,,,,,,,,,,,,,,,,,,,,,,,On Premise,,,1644445226000.0,,1644445226000.0,,,{9387D99C-AFBE-4940-982B-2AE5D1786E3F}
6202,,#qqqqq,,,,,,,,,,,,,,,,,,,,,,,,,,,Illegal,,,1644446283000.0,,1644446283000.0,,,{79DBC606-4E28-488A-A70A-3DB95D810CD1}
6206,,#sssss,,,,,,,,,,,,,,,,,,,,,,,,,,,Illegal,,,1644447783000.0,,1644447783000.0,,,{1E1B870F-22F6-45DC-BD61-0CEAAD9BDBFF}
6213,,Churchill Rancho Estates,,,,,,,,,,,,,,,,,,,,,,,,,,,On Premise,,,1644449413000.0,,1644449413000.0,,,{9EE5E440-F82E-4215-8FD0-34B5E132C98F}
6597,,#AAAAA,,,,,,,,,,,,,,,,,,,,,,,,,,,Illegal,,,1644536686000.0,,1644536686000.0,,,{B35B94E0-0D97-4104-9501-3D79FDF47063}
6993,,Azzzz,,,,,,,,,,,,,,,,,,,,,,,,,,,Illegal,,,1645825674000.0,,1645825674000.0,,,{45C86EA6-6B86-45C2-B265-10716D2F386A}
7393,12345.0,Fredlund,Fredlund,,,,,,,,,,,,,,,,,,,,,,,,,,,,,1648687999000.0,,1648687999000.0,,,{63B95175-0E76-44E3-901F-051E0FDEDAA1}
1,337.0,Pending,Saunders,224,,2.0,SR 648,,,Washoe County,City,,,MAP 21,Back to Back,Eastbound,2.0,Yes,No,,Good,30.0,Zoned Industrial,Champion Family Trust,1681 Glendale Ave. ,,-119.7659645,39.52738568,Map 21,Yes,TJSmith@dot.nv.gov,1568057172000.0,BSlobe@dot.nv.gov,1580755023000.0,-119.7659645,39.52738568,{7338C744-992D-4B1F-8DC7-607AE9753274}
4,330.0,Illegal ,The Lamar Companies ,,,2.0,US 395,,,Washoe County,City,Non-conforming,Illegal ,Interstate,Back to Back,Northbound,2.0,No,No,No,Average,20.0,,,,,-119.7867773,39.54522614,Illegal,,TJSmith@dot.nv.gov,1568057172000.0,jroberts2@dot.nv.gov,1574371448000.0,-119.7867773,39.54522614,{9916C262-D425-4259-A703-8A35F16F3BD1}
7,341.0,On Premise,Craftsman Home On Premise?,NA,,2.0,SR 648,,,Washoe County,City,,On Premise??,MAP 21,Back to Back,Westbound,2.0,Yes,,,Average,20.0,Zoned Industrial,Casazza SLV LLC,990 Glendale Ave. ,,-119.7551428,39.52784245,On Premise,Yes,TJSmith@dot.nv.gov,1568057172000.0,BSlobe@dot.nv.gov,1580755055000.0,-119.7551428,39.52784245,{7970F3A2-4882-4BA4-9B7A-756937C08F74}
9,343.0,Pending,Lamar,13801,,2.0,SR 648,,,Washoe County,City,,,MAP 21,Back to Back,Westbound,2.0,Yes,No,,Good,30.0,Zoned Industrial,Glendale Nevada Small LLC. ,1750 Glendale Ave. ,,-119.7677703,39.52788323,Map 21,Yes,TJSmith@dot.nv.gov,1568057172000.0,BSlobe@dot.nv.gov,1568125778000.0,-119.7677703,39.52788323,{2FCD7CAF-377A-4781-9643-96566F1918C5}
15,317.0,Excluded,,,,2.0,,,,Lyon County,,,,,,,,,,,,,,,,,-119.2492521,39.58959188,Illegal,,TJSmith@dot.nv.gov,1568057172000.0,TJSmith@dot.nv.gov,1568057172000.0,-119.2492521,39.58959188,{28ACFFBE-555C-4024-A7BE-A1D1DCFD83C1}
22,251.0,04079,The Lamar Companies,006312,941.0,2.0,IR-80,19.91,,Washoe County,City,Conforming,,Interstate,V-Type,Eastbound,2.0,Yes,No,No,Good,10.0,Zoned Commercial,Southern Pacific Railroad,,,-119.6963124,39.52475637,Other,,TJSmith@dot.nv.gov,1568057172000.0,jroberts2@dot.nv.gov,1574699978000.0,-119.6963124,39.52475637,{1821CECC-80C6-4338-91ED-989D0EEF7468}
29,80.0,03139,Outfront Media,65806A,305.0,2.0,US 50,1.76,,Lyon County,County,Conforming,,Interstate Highway,Back to Back,Westbound,2.0,Yes,No,No,Good,1.0,Unzoned Commercial,Julios Bunkowski,,,-119.6515465,39.21953764,Other,,TJSmith@dot.nv.gov,1568057172000.0,BSlobe@dot.nv.gov,1574201336000.0,-119.6515465,39.21953764,{F0AF3448-2582-4988-9D48-6EA09B5426A0}
30,318.0,Excluded,,,,2.0,,,,Lyon County,,,,,,,,,,,,,,,,,-119.2499299,39.58948676,Illegal,,TJSmith@dot.nv.gov,1568057172000.0,TJSmith@dot.nv.gov,1568057172000.0,-119.2499299,39.58948676,{8E632EF6-00E8-4F89-8CA2-5AFF55818000}
31,312.0,Tribal,Outfront Media,66139B,695.0,2.0,IR-580,25.12,,Washoe County,City,Conforming,,Interstate,V-Type,Northbound,2.0,Yes,Yes,Yes,Good,10.0,,Joe Carter,,,-119.7833394,39.52776439,Tribal,,TJSmith@dot.nv.gov,1568057172000.0,,1603464962000.0,-119.7833394,39.52776439,{9D82EB1F-A44E-4B68-94E9-8FB8B6D37FB0}
32,179.0,04659,Saunders Outdoor Advertising,214,1502.0,2.0,IR-580,20.28,,Washoe County,City,Conforming,,Interstate,V-Type,Northbound,2.0,Yes,No,No,Good,10.0,Unzoned Commercial,Snider Family Trust,,,-119.7836449,39.46039268,Other,,TJSmith@dot.nv.gov,1568057172000.0,jroberts2@dot.nv.gov,1574460475000.0,-119.7836449,39.46039268,{034E0909-0D81-4A28-8B2C-6A189EA612CC}
37,99.0,04618,,,1461.0,2.0,US 95A N,14.01,,Lyon County,,,,,,,2.0,No,No,,,,Unzoned Commercial,Larry Warden,,,-119.1814744,38.99971719,Other,,TJSmith@dot.nv.gov,1568057172000.0,TJSmith@dot.nv.gov,1568057172000.0,-119.1814744,38.99971719,{7F5BB086-759F-46C8-A1B3-A0C4D7C2BF5F}
43,204.0,03098,Riverhouse Holdings LLC,,286.0,2.0,IR-80,2.08,,Washoe County,County,Conforming,,Interstate,Single Face,Eastbound,2.0,Yes,No,No,Good,30.0,Unzoned Commercial,Moya Lear,"I 80 E, Reno, NV, 89439",,-119.9972436,39.49610694,Other,,TJSmith@dot.nv.gov,1568057172000.0,jroberts2@dot.nv.gov,1573670050000.0,-119.9972436,39.49610694,{2292CE34-BBE4-4EA6-806C-505BBF611DC1}
46,162.0,03260,The Lamar Companies,,356.0,2.0,IR-580,25.64,,Washoe County,City,Conforming,,Interstate,Back to Back,Southbound,2.0,Yes,No,No,Good,,Unzoned Commercial,Joe Arroyo,,,-119.7853644,39.52026329,Other,,TJSmith@dot.nv.gov,1568057172000.0,jroberts2@dot.nv.gov,1574447347000.0,-119.7853644,39.52026329,{554F6004-2545-4EE2-BF3C-889788D3907F}
52,270.0,01316 Removed,Outfront Media,05058A,90.0,2.0,US 395,34.19,,Washoe County,County,Conforming,,Interstate,Single Face,,1.0,Yes,No,No,Good,20.0,Unzoned Commercial,Richard Haskins ,,,-119.8793958,39.61806866,Other,,TJSmith@dot.nv.gov,1568057172000.0,,1637002900000.0,-119.8793958,39.61806866,{80523D55-DFA8-4505-B818-65F37E5DFC71}
58,310.0,Tribal,,,,2.0,,,,,,,,,,,,,,,,,Other,,,,-118.8080806,38.93232367,Tribal,,TJSmith@dot.nv.gov,1568057172000.0,jroberts2@dot.nv.gov,1572629090000.0,-118.8080806,38.93232367,{AE60D4B3-2592-4565-B617-757A9CC6604A}
60,127.0,03394,"Pershing County Ind Park, LLC",,433.0,2.0,IR 80 E,13.07,,Pershing County,,,,,,,1.0,No,No,,,,Zoned Commercial,Southern Pacific Trans Co,,,-118.5194599,40.12914919,Other,,TJSmith@dot.nv.gov,1568057172000.0,TJSmith@dot.nv.gov,1568057172000.0,-118.5194599,40.12914919,{F963B606-5745-470A-90FB-87EE9962CF64}
64,25.0,04160 - CANCELLED 1-27-2021,Stott Outdoor Advertising,,1022.0,2.0,US 50,15.06,,Churchill County,County,Conforming,,Interstate,Back to Back,Eastbound,2.0,No,No,No,Good,15.0,Unzoned Commercial,Jack Ruppert,,,-118.8788871,39.48748967,Other,,TJSmith@dot.nv.gov,1568057172000.0,,1641853114000.0,-118.8788871,39.48748967,{CC182CFC-7C3B-488D-BCF2-59D3E4AA7682}
65,26.0,04973,KASAM Construction,,1661.0,2.0,US 50,15.11,,Churchill County,County,Conforming,,Interstate,Back to Back,Westbound,2.0,No,No,No,Average,40.0,Unzoned Commercial,Mike Revak,,,-118.8762454,39.48754679,Other,,TJSmith@dot.nv.gov,1568057172000.0,jroberts2@dot.nv.gov,1574708118000.0,-118.8762454,39.48754679,{F2FCC10A-5641-47C7-8DB1-968C7BE245F1}
67,137.0,00953,Ourfront Media,918576,56.0,2.0,IR-80,16.74,,Pershing County,County,Conforming,,Interstate,Single Face,Eastbound,1.0,No,No,No,Average,600.0,Unzoned Commercial,Southern Pacific Trans Co,,,-118.4794956,40.17167764,Other,,TJSmith@dot.nv.gov,1568057172000.0,BSlobe@dot.nv.gov,1574796537000.0,-118.4794956,40.17167764,{9DC5F7C3-6371-4DEC-AB01-8968D81D49AF}
70,265.0,02421,The Lamar Companies,,150.0,2.0,US 395,26.39,,Washoe County,City,Conforming,,Interstate,Stacked,Northbound,2.0,Yes,No,No,Average,,Unzoned Commercial,J E Cavanaugh,,,-119.7833468,39.5452527,Other,,TJSmith@dot.nv.gov,1568057172000.0,jroberts2@dot.nv.gov,1574371562000.0,-119.7833468,39.5452527,{EB7B7228-FAD4-43C0-951E-70EC21481F4D}
72,168.0,03119,The Lamar Companies,012212,298.0,2.0,IR-580,22.39,,Washoe County,City,Conforming,,Interstate,Back to Back,Southbound,2.0,Yes,No,No,Good,,Unzoned Commercial,Fletcher Jones,,,-119.7858366,39.48889907,Other,,TJSmith@dot.nv.gov,1568057172000.0,jroberts2@dot.nv.gov,1574448664000.0,-119.7858366,39.48889907,{06E227A7-DA3F-4E96-89B4-68F2B0AB2314}
73,136.0,04682,Areana Outdoor Inc,,5658.0,2.0,IR-80,14.37,,Pershing County,County,Conforming,,Interstate,Back to Back,Westbound,2.0,Yes,No,No,Average,60.0,Zoned Industrial,Robert Kennerson ,,,-118.5027678,40.14285261,Other,,TJSmith@dot.nv.gov,1568057172000.0,BSlobe@dot.nv.gov,1574803166000.0,-118.5027678,40.14285261,{65DB204A-054F-4E92-9090-5F93C6FAAADA}
77,27.0,04651,The Lamar Companies,,1494.0,2.0,US 50,15.23,,Churchill County,County,Conforming,,Interstate Highway,Back to Back,Westbound,2.0,No,No,No,Good,75.0,Unzoned Commercial,Joann Divig,,,-118.8751849,39.48736024,Other,,TJSmith@dot.nv.gov,1568057172000.0,,1641853071000.0,-118.8751849,39.48736024,{727B6CCF-D1D1-4DAA-9F53-721C4D4474F0}
78,286.0,Tribal,,,,2.0,,,,,,,,,,,,,,,,,Other,,,,-119.3061275,39.61608596,Tribal,,TJSmith@dot.nv.gov,1568057172000.0,BSlobe@dot.nv.gov,1574702197000.0,-119.3061275,39.61608596,{06C39304-9FB3-4EF9-A967-871A3CB83E39}
79,230.0,02416,El Rancho Enterprises,,148.0,2.0,IR-80,14.33,,Washoe County,City,Conforming,,Interstate,Back to Back,Eastbound,2.0,Yes,No,No,Good,125.0,Zoned Commercial,Land Improvement Co. ,,,-119.7980473,39.53613016,Other,,TJSmith@dot.nv.gov,1568057172000.0,jroberts2@dot.nv.gov,1573676074000.0,-119.7980473,39.53613016,{CAA80B35-B754-4D3D-AE74-5FA57E521E0F}
82,93.0,04176,Yerington Pauite Tribe,,1038.0,2.0,US 95A N,12.87,,Lyon County,,,,,,,2.0,No,No,,,,Unzoned Commercial,Yerington Paiute Tribe,,,-119.1649207,38.99400629,Other,,TJSmith@dot.nv.gov,1568057172000.0,TJSmith@dot.nv.gov,1568057172000.0,-119.1649207,38.99400629,{2156F2E6-3125-41F8-B169-54F6E83399EA}
88,114.0,03284,Areana Outdoor Inc,,368.0,2.0,US 50A,1.82,,Lyon County,County,Conforming,,Interstate Highway,V-Type,Westbound,2.0,No,No,No,Average,5.0,Zoned Commercial,Blair & Associates,,,-119.1949794,39.59845602,Other,,TJSmith@dot.nv.gov,1568057172000.0,jroberts2@dot.nv.gov,1574705090000.0,-119.1949794,39.59845602,{C5248159-A9EB-4630-854F-5AA5318D9C13}
92,11.0,02896,Mini Max Storage,,234.0,2.0,US 50,13.48,,Carson City,City,Conforming,,Interstate Highway,Back to Back,Eastbound,2.0,Yes,No,No,Good,40.0,Unzoned Commercial,Mini-Max Storage,,,-119.7201252,39.18145177,Other,,TJSmith@dot.nv.gov,1568057172000.0,BSlobe@dot.nv.gov,1574270589000.0,-119.7201252,39.18145177,{9ABE3249-AFCF-4E6D-9683-98F7BAE96280}
93,302.0,Tribal,,,,2.0,,,,,,,,,,,,,,,,,Other,,,,-118.8028326,38.9111241,Tribal,,TJSmith@dot.nv.gov,1568057172000.0,jroberts2@dot.nv.gov,1572628926000.0,-118.8028326,38.9111241,{2DA6FF2A-F3BB-470D-90AD-9F6C65DF0457}
97,135.0,03943,Yesco Outdoor Media,34015E,812.0,2.0,IR-80,15.61,,Pershing County,County,Conforming,,Interstate,Back to Back,Westbound,2.0,Yes,No,No,Good,20.0,Zoned Commercial,Brinkerhoff Ranch Inc,,,-118.4912986,40.1583301,Other,,TJSmith@dot.nv.gov,1568057172000.0,BSlobe@dot.nv.gov,1574802894000.0,-118.4912986,40.1583301,{B182B340-0265-4744-A161-52532C022F51}
98,194.0,01742 removed,The Lamar Companies,"000301, 010881",113.0,2.0,IR-80,15.99,,Washoe County,City,Conforming,,Interstate,Back to Back,Westbound,3.0,Yes,No,No,Good,400.0,Unzoned Commercial,May Gale ,,,-119.7678047,39.53512918,Other,,TJSmith@dot.nv.gov,1568057172000.0,,1637010667000.0,-119.7678047,39.53512918,{631E6302-46FB-4057-BE36-848C424CE928}
105,255.0,00324,The Lamar Companies,011892,12.0,2.0,IR-80,29.71,,Washoe County,County,Conforming,,Interstate,Back to Back,Eastbound,2.0,No,No,No,Good,5.0,,MCCarran MP Sister,,,-119.5412163,39.56329466,Other,,TJSmith@dot.nv.gov,1568057172000.0,jroberts2@dot.nv.gov,1574701026000.0,-119.5412163,39.56329466,{2C451E83-A982-486E-AB20-88C50FAE570C}
109,66.0,04169,Fernley Holdings LLC,,1031.0,2.0,IR-80,3.37,,Lyon County,County,Conforming,,Interstate,Single Face,Westbound,1.0,No,No,No,Bad,30.0,Zoned Commercial,Sierra Truck Holdings 1305 Mission LLC,,,-119.2223554,39.61379512,Other,,TJSmith@dot.nv.gov,1568057172000.0,BSlobe@dot.nv.gov,1574808742000.0,-119.2223554,39.61379512,{7AF5D20E-9D09-41F1-8B78-6980BAA71254}
110,142.0,03640,Saunders Outdoor Advertising,236,584.0,2.0,IR-80,19.49,,Pershing County,County,Conforming,,Interstate,Back to Back,Eastbound,2.0,Yes,No,No,Average,10.0,Unzoned Commercial,Saunders Richard ET AL,,,-118.4402831,40.1949693,Other,,TJSmith@dot.nv.gov,1568057172000.0,BSlobe@dot.nv.gov,1574797516000.0,-118.4402831,40.1949693,{B1E7276D-5292-4962-848E-628AFF7017F1}
116,33.0,04645,Jeffery Chirstiansen,,1488.0,2.0,US 50,16.71,,Churchill County,County,Conforming,,Interstate Highway,Single Face,Eastbound,1.0,Yes,No,No,Average,5.0,Unzoned Commercial,Jeff Chrisiansen,,,-118.8480315,39.48571115,Other,,TJSmith@dot.nv.gov,1568057172000.0,jroberts2@dot.nv.gov,1574708705000.0,-118.8480315,39.48571115,{E5775A53-E480-4F2C-A6CD-6DCCF94D5069}
117,57.0,04974,Stott Outdoor Engineering,,1662.0,2.0,IR-80,0.93,,Lyon County,City,Conforming,,Interstate,Back to Back,Eastbound,2.0,Yes,No,No,Good,15.0,Unzoned Commercial,Speedco Inc,,,-119.2692645,39.61580051,Other,,TJSmith@dot.nv.gov,1568057172000.0,jroberts2@dot.nv.gov,1574702422000.0,-119.2692645,39.61580051,{3DC2778F-8C81-4A48-9B7E-5A2D06E99CFF}
118,109.0,04104,Lamar,510735/510732,966.0,2.0,US 50A,4.63,,Lyon County,County,Conforming,,Interstate Highway,Back to Back,Westbound,2.0,Yes,No,No,Average,5.0,Zoned Commercial,Thomas Ferre,,,-119.1431388,39.59157302,Other,,TJSmith@dot.nv.gov,1568057172000.0,,1610733033000.0,-119.1431388,39.59157302,{FEB136BF-50F3-4028-B029-6AA6A933ED39}
119,2760.0,02760,Outfront Media,,187.0,2.0,US 95,27.74,,Churchill County,County,Conforming,,Interstate Highway,Single Face,Southbound,1.0,No,No,No,Good,10.0,Other,Virgil Getto,"1505 Lovelock Highway, Fallon, NV, 89406",,-118.7724401,39.49642826,Other,,TJSmith@dot.nv.gov,1568057172000.0,jroberts2@dot.nv.gov,1572623735000.0,-118.7724401,39.49642826,{879F3B9E-D31C-4B03-9C07-6C98B4B2B938}
120,239.0,04186,Saunders Outdoor Advertising,226,1048.0,2.0,IR-80,15.86,,Washoe County,City,Conforming,,Interstate,V-Type,Eastbound,2.0,Yes,Yes,No,Good,300.0,Unzoned Commercial,Carl Anderson,,,-119.770197,39.53296044,Other,,TJSmith@dot.nv.gov,1568057172000.0,jroberts2@dot.nv.gov,1574698656000.0,-119.770197,39.53296044,{FFCF8ACD-5616-4D34-98E2-57B7E81C6A87}
122,288.0,Tribal,,,,2.0,,,,,,,,,,,,,,,,,Other,,,,-119.3030194,39.6178127,Tribal,,TJSmith@dot.nv.gov,1568057172000.0,BSlobe@dot.nv.gov,1574702269000.0,-119.3030194,39.6178127,{A3860D75-CFAC-496A-9C0D-937D3B84CB4A}
123,76.0,01850,Dennis Hof,NA,119.0,2.0,US 50,1.13,,Lyon County,County,Conforming,,Interstate Highway,Back to Back,Eastbound,2.0,Yes,No,No,Average,4.0,Zoned Commercial,Village Builders Inc,,,-119.6634663,39.21555452,Other,,TJSmith@dot.nv.gov,1568057172000.0,,1642112323000.0,-119.6634663,39.21555452,{CFE13B9E-D504-4E32-A6F5-4E92BF3AFA93}
126,34.0,04643,The Lamar Companies,51062W,1486.0,2.0,US 50,17.04,,Churchill County,County,Conforming,,Interstate Highway,V-Type,Eastbound,2.0,Yes,No,No,Good,2.0,Unzoned Commercial,Fallon Window and Carpet,,,-118.8415729,39.48528554,Other,,TJSmith@dot.nv.gov,1568057172000.0,,1641857333000.0,-118.8415729,39.48528554,{969B4E87-0129-40C3-9E2B-4A33A3A72EFF}
128,219.0,00397,The Lamar Companies,002472,28.0,2.0,IR-80,10.24,,Washoe County,City,Conforming,,Interstate,Back to Back,Eastbound,2.0,Yes,No,No,Good,15.0,,Harrahs,,,-119.8691111,39.51985933,Other,,TJSmith@dot.nv.gov,1568057172000.0,jroberts2@dot.nv.gov,1573673953000.0,-119.8691111,39.51985933,{B16FB4DC-13C2-4167-BE90-53B17E88D53A}
134,79.0,03796,Lamar,53061W,697.0,2.0,US 50,1.75,,Lyon County,County,Conforming,,Interstate Highway,Back to Back,Eastbound,2.0,Yes,No,No,Good,10.0,Unzoned Commercial,Ray Mazy,,,-119.6519782,39.21866318,Other,,TJSmith@dot.nv.gov,1568057172000.0,BSlobe@dot.nv.gov,1574201145000.0,-119.6519782,39.21866318,{EDC5C1DF-E648-46A5-98A6-6A38879E1C9C}
136,324.0,Excluded,,,,2.0,,,,Lyon County,,,,,,,,,,,,,,,,,-119.0513097,39.02395835,Illegal,,TJSmith@dot.nv.gov,1568057172000.0,TJSmith@dot.nv.gov,1568057172000.0,-119.0513097,39.02395835,{82D58ECD-941B-4408-8858-87DC3AEC343C}
138,18.0,04997,Yesco Outdoor Media,51078W,1685.0,2.0,US 50,10.9,,Churchill County,County,Conforming,,Interstate Highway,V-Type,Eastbound,2.0,Yes,No,No,Good,50.0,Unzoned Commercial,Hines Trust,,,-118.9454916,39.5111317,Other,,TJSmith@dot.nv.gov,1568057172000.0,jroberts2@dot.nv.gov,1574706846000.0,-118.9454916,39.5111317,{42C78D36-AFDD-4671-BAEB-6608BDF8E5D0}
140,59.0,04166,Yesco Outdoor Media,510076W,1028.0,2.0,IR-80,1.67,,Lyon County,City,Conforming,,Interstate,V-Type,Eastbound,2.0,Yes,No,No,Good,30.0,Zoned Commercial,Jack Stone,,,-119.2556338,39.61435345,Other,,TJSmith@dot.nv.gov,1568057172000.0,jroberts2@dot.nv.gov,1574702697000.0,-119.2556338,39.61435345,{74EAD8BD-7E9B-4108-A806-63C11656FADD}
142,146.0,04693,Areana Outdoor Inc,,5671.0,2.0,IR-80,21.54,,Pershing County,County,Conforming,,Interstate,V-Type,Westbound,2.0,Yes,No,No,Average,15.0,Zoned Industrial,Robert Kennerson ,,,-118.4149625,40.21675972,Other,,TJSmith@dot.nv.gov,1568057172000.0,BSlobe@dot.nv.gov,1574802014000.0,-118.4149625,40.21675972,{F8270D29-92F5-463B-A87E-62616678B527}
144,192.0,03001,The Lamar Companies,002721,250.0,2.0,IR-80,16.13,,Washoe County,City,Conforming,,Interstate,Back to Back,Westbound,2.0,Yes,No,No,Good,400.0,Unzoned Commercial,Frank Humphery,,,-119.7651638,39.53537234,Other,,TJSmith@dot.nv.gov,1568057172000.0,jroberts2@dot.nv.gov,1575490657000.0,-119.7651638,39.53537234,{48A07E5A-7A15-48E0-9DDC-81E5DE366976}
145,98.0,01872,The Lamar Companies,,120.0,2.0,US 95A N,13.78,,Lyon County,,,,,,,2.0,Yes,No,,,,Unzoned Commercial,Yvonne Menisini,,,-119.1814827,38.99481493,Other,,TJSmith@dot.nv.gov,1568057172000.0,TJSmith@dot.nv.gov,1568057172000.0,-119.1814827,38.99481493,{B3A8E30B-0FF1-4C40-817B-8DD5502623FB}
150,250.0,04187,Saunders Outdoor Advertising,230,1049.0,2.0,IR-80,19.71,,Washoe County,City,Conforming,,Interstate,V-Type,Eastbound,2.0,Yes,No,No,Good,200.0,Unzoned Commercial,Carl Anderson,,,-119.7003174,39.5250717,Other,,TJSmith@dot.nv.gov,1568057172000.0,jroberts2@dot.nv.gov,1574699869000.0,-119.7003174,39.5250717,{79270564-089D-4745-B163-9A4A335493D8}
151,116.0,04168,,,1030.0,2.0,US 95,25.02,,Mineral County,County,Conforming,,Interstate Highway,Back to Back,Southbound,2.0,Yes,No,No,Average,5.0,Unzoned Commercial,Wilfred Buffington,,,-118.1823361,38.50764286,Other,,TJSmith@dot.nv.gov,1568057172000.0,jroberts2@dot.nv.gov,1574717319000.0,-118.1823361,38.50764286,{EC98B6C5-1444-4D61-A397-5DE4342B281A}
158,198.0,02486,Nav Bajwa Pony Express,,159.0,2.0,IR-80,15.6,,Washoe County,City,Conforming,,Interstate,Single Face,Westbound,1.0,Yes,No,No,Average,400.0,Unzoned Commercial,Keshmiri Pony Express ,,,-119.7752296,39.5358456,Other,,TJSmith@dot.nv.gov,1568057172000.0,jroberts2@dot.nv.gov,1575491439000.0,-119.7752296,39.5358456,{81463F6E-B934-4E67-BD76-7A94D20E5DC8}
161,291.0,Tribal,,,,2.0,,,,,,,,,,,,,,,,,Other,,,,-119.2822403,39.61903173,Tribal,,TJSmith@dot.nv.gov,1568057172000.0,BSlobe@dot.nv.gov,1574702531000.0,-119.2822403,39.61903173,{5DD25E15-5DE4-4C7B-98F0-926DE0033666}
163,6.0,02781,Reagan Outdoor,309,195.0,2.0,US 395,7.57,,Carson City,City,Conforming,,Interstate Highway,Back to Back,Northbound,2.0,Yes,No,No,Good,40.0,Unzoned Commercial,Angelo Dufur,,,-119.7707326,39.12349743,Other,,TJSmith@dot.nv.gov,1568057172000.0,BSlobe@dot.nv.gov,1574191687000.0,-119.7707326,39.12349743,{78ABBB40-2722-4AF7-8360-6264D57F891A}
164,102.0,03712,,,626.0,2.0,US 50,23.93,,Lyon County,County,Conforming,,Interstate Highway,Back to Back,Eastbound,1.0,Yes,No,No,Bad,10.0,Unzoned Commercial,NDOT,,,-119.2257267,39.4154494,Other,,TJSmith@dot.nv.gov,1568057172000.0,BSlobe@dot.nv.gov,1574204455000.0,-119.2257267,39.4154494,{808AB6E8-6E3C-4DAF-8B3E-7700292568A3}
165,315.0,Excluded,,,,2.0,,,,Mineral County,,,,,,,,,,,,,,,,,-118.6622314,38.55336208,On Premise,,TJSmith@dot.nv.gov,1568057172000.0,TJSmith@dot.nv.gov,1568057172000.0,-118.6622314,38.55336208,{F1D185A3-BA36-4C2A-9CBF-5FFA0A96E452}
172,267.0,03037 removed ,The Lamar Companies,510492,268.0,2.0,US 395,33.79,,Washoe County,County,Conforming,,Interstate,Back to Back,Northbound,2.0,Yes,No,No,Good,10.0,Unzoned Commercial,George Butoroc,,,-119.8715983,39.61743674,Other,,TJSmith@dot.nv.gov,1568057172000.0,,1637003403000.0,-119.8715983,39.61743674,{20C43C1A-C01B-42EE-A821-566F572290BC}
178,171.0,04815,The Lamar Companies,026082,1523.0,2.0,IR-580,21.56,,Washoe County,City,Conforming,,Interstate,V-Type,Southbound,2.0,Yes,No,No,Good,100.0,Unzoned Commercial,Bruce Reeves,,,-119.7909839,39.47807437,Other,,TJSmith@dot.nv.gov,1568057172000.0,jroberts2@dot.nv.gov,1574449119000.0,-119.7909839,39.47807437,{FDB66040-05F3-4228-99D5-68F98F949FAF}
179,227.0,00809,Outfront Media,069021,54.0,2.0,IR-80,12.45,,Washoe County,City,Conforming,,Interstate,Single Face,Eastbound,1.0,Yes,No,No,Average,50.0,Zoned Commercial,Frank Monroe,,,-119.8303045,39.52846615,Other,,TJSmith@dot.nv.gov,1568057172000.0,jroberts2@dot.nv.gov,1573675566000.0,-119.8303045,39.52846615,{104B5440-EBF1-4075-AB7E-9710E138FED1}
184,297.0,Tribal,,,,2.0,,,,,,,,,,,,,,,,,Other,,,,-118.8122249,39.47898186,Tribal,,TJSmith@dot.nv.gov,1568057172000.0,BSlobe@dot.nv.gov,1574709457000.0,-118.8122249,39.47898186,{19EC4D13-70CA-44E9-BCCA-77218A651159}
189,274.0,03145,The Lamar Companies,012372,307.0,2.0,US 395,33.45,,Washoe County,County,Conforming,,Interstate,Back to Back,Southbound,2.0,Yes,No,No,Good,5.0,Unzoned Commercial,Dave Montgomery,,,-119.8661166,39.61546435,Other,,TJSmith@dot.nv.gov,1568057172000.0,jroberts2@dot.nv.gov,1574375972000.0,-119.8661166,39.61546435,{CCE912D2-1A2A-4022-B201-9E4CF35F4143}
190,320.0,Excluded,,,,2.0,,,,Lyon County,,,,,,,,,,,,,,,,,-119.2443798,39.57534824,Illegal,,TJSmith@dot.nv.gov,1568057172000.0,TJSmith@dot.nv.gov,1568057172000.0,-119.2443798,39.57534824,{F2271304-139E-4A81-874A-4CD8D7E09803}
195,236.0,02789,The Lamar Companies,011525,199.0,2.0,IR-80,15.42,,Washoe County,City,Conforming,,Interstate,V-Type,Eastbound,2.0,Yes,No,No,Good,5.0,Zoned Commercial,J Morrey,,,-119.7788145,39.53468893,Other,,TJSmith@dot.nv.gov,1568057172000.0,jroberts2@dot.nv.gov,1574463278000.0,-119.7788145,39.53468893,{57E4CFEC-5DCD-479E-9016-5B67DC93873B}
196,208.0,04635,The Lamar Companies,,1478.0,2.0,IR-80,3.15,,Washoe County,County,Conforming,,Interstate,V-Type,Eastbound,2.0,Yes,No,No,Good,25.0,Zoned Commercial,Burrows Geof,"508 Crystal Park Rd, Reno, NV, 89439",,-119.9946373,39.5098553,Other,,TJSmith@dot.nv.gov,1568057172000.0,jroberts2@dot.nv.gov,1573670881000.0,-119.9946373,39.5098553,{CC5D016C-C524-4123-A8B5-5412B4AF8B08}
198,211.0,01069,Outfront Media,071075,67.0,2.0,IR-80,7.02,,Washoe County,County,Conforming,,Interstate,Side by Side,,1.0,Yes,No,No,Average,10.0,Zoned Commercial,Southern Pacific Trans Co.,"I-80 E, Reno, NV, 89439",,-119.9269019,39.5133727,Other,,TJSmith@dot.nv.gov,1568057172000.0,jroberts2@dot.nv.gov,1573672296000.0,-119.9269019,39.5133727,{01ADA67C-8376-4257-B33E-6910E351C347}
200,294.0,Excluded,Lamar,022072,,2.0,US 50,,,Carson City,City,Conforming,,Interstate Highway,V-Type,Eastbound,2.0,Yes,No,No,Good,40.0,Other,,,,-119.788198,39.11300965,Tribal,,TJSmith@dot.nv.gov,1568057172000.0,BSlobe@dot.nv.gov,1574193448000.0,-119.788198,39.11300965,{B7EA59F4-3248-4C87-865A-980AC565D1E4}
203,15.0,04936,Rogers Media Company,,1625.0,2.0,US 50,13.32,,Carson City,City,Conforming,,Interstate Highway,Back to Back,Westbound,2.0,Yes,No,No,Good,40.0,Unzoned Commercial,William Kugler,,,-119.7262625,39.17976206,Other,,TJSmith@dot.nv.gov,1568057172000.0,BSlobe@dot.nv.gov,1574197676000.0,-119.7262625,39.17976206,{CECCC80D-05D5-45D7-A654-67F51612340F}
206,77.0,03795,Lamar,53062W,696.0,2.0,US 50,1.63,,Lyon County,County,Conforming,,Interstate Highway,Back to Back,Eastbound,2.0,Yes,No,No,Good,0.0,Unzoned Commercial,Ray Mazy,,,-119.6541587,39.21815195,Other,,TJSmith@dot.nv.gov,1568057172000.0,BSlobe@dot.nv.gov,1574200765000.0,-119.6541587,39.21815195,{DC62D2E3-D8D0-49D5-82C2-A1ED4D8EE2C2}
208,140.0,03330,Saunders Outdoor Advertising,234,393.0,2.0,IR-80,19.39,,Pershing County,County,Conforming,,Interstate,Back to Back,Eastbound,2.0,Yes,No,No,Average,10.0,Unzoned Commercial,James Hess,,,-118.4420294,40.19445492,Other,,TJSmith@dot.nv.gov,1568057172000.0,BSlobe@dot.nv.gov,1574797413000.0,-118.4420294,40.19445492,{3C3FC624-6D68-4068-A4A3-8ED4A009C247}
213,73.0,02410,American Health and Leisure,NA,146.0,2.0,US 50,0.37,,Lyon County,County,Conforming,,Interstate Highway,Back to Back,Westbound,2.0,Yes,No,No,Good,5.0,Unzoned Commercial,Julios Bunkowski,,,-119.679467,39.21111516,Other,,TJSmith@dot.nv.gov,1568057172000.0,BSlobe@dot.nv.gov,1574269046000.0,-119.679467,39.21111516,{92BAAEC6-D11F-472C-808A-8244EF71A704}
214,40.0,04955,The Grid,,1644.0,2.0,US 50,19.09,,Churchill County,City,Conforming,,Interstate Highway,Back to Back,Westbound,2.0,Yes,No,No,Good,15.0,Unzoned Commercial,Gloria Cohan,,,-118.8049054,39.47762095,Other,,TJSmith@dot.nv.gov,1568057172000.0,,1641860111000.0,-118.8049054,39.47762095,{10CEE950-42E7-4DBE-8053-9A468DD8EDA6}
215,56.0,03373,"1000 Pilot Road, LLC",,424.0,2.0,IR-80,0.66,,Lyon County,County,Conforming,,Interstate,Single Face,Eastbound,1.0,No,No,No,Average,5.0,Unzoned Commercial,Sierra Truck Holdings,,,-119.2743372,39.61652926,Other,,TJSmith@dot.nv.gov,1568057172000.0,jroberts2@dot.nv.gov,1574702326000.0,-119.2743372,39.61652926,{F87B2C0B-A469-48F1-AAB8-911FC01B483C}
216,182.0,04664,Yesco Outdoor Media,510182,1507.0,2.0,IR-580,20.74,,Washoe County,City,Conforming,,Interstate,V-Type,Northbound,2.0,Yes,No,No,Good,10.0,Unzoned Commercial,Kimco Realty Site SNRV 1313,,,-119.786542,39.46666188,Other,,TJSmith@dot.nv.gov,1568057172000.0,jroberts2@dot.nv.gov,1574460847000.0,-119.786542,39.46666188,{B100430B-5788-47F8-B9EB-A2A5B4D458C7}
221,261.0,03278,Outfront Media,066115,365.0,2.0,IR-80,22.99,,Washoe County,County,Conforming,,Interstate,Single Face,Westbound,1.0,Yes,No,No,Average,1.0,,Fred & Joe Manha,,,-119.6455878,39.51371607,Other,,TJSmith@dot.nv.gov,1568057172000.0,jroberts2@dot.nv.gov,1575488365000.0,-119.6455878,39.51371607,{3E54AAFA-E658-4103-BD1C-A38C7A78E65C}
223,23.0,03456,James Biffle,,467.0,2.0,US 50,13.57,,Churchill County,County,Non-conforming,No payment ,Interstate Highway,Single Face,Eastbound,1.0,No,No,No,Average,25.0,Zoned Commercial,Clifford Raney,,,-118.9016508,39.498588,Other,,TJSmith@dot.nv.gov,1568057172000.0,jroberts2@dot.nv.gov,1574707389000.0,-118.9016508,39.498588,{ADC05933-1928-4FC2-B5A0-680F483F4EF8}
225,58.0,04959,Loves Travel Stops & Country Stores,,1648.0,2.0,IR-80,0.94,,Lyon County,County,Conforming,,Interstate,Back to Back,Westbound,2.0,Yes,No,No,Good,30.0,Unzoned Commercial,Loves Travel Stops,,,-119.2686828,39.61727772,Other,,TJSmith@dot.nv.gov,1568057172000.0,BSlobe@dot.nv.gov,1574809433000.0,-119.2686828,39.61727772,{78CAA870-6A5D-4F50-A894-51B44422E95D}
227,189.0,04805,Saunders Outdoor Advertising,229,1513.0,2.0,IR-80,19.2,,Washoe County,City,Conforming,,Interstate,Back to Back,Westbound,2.0,Yes,No,No,Good,100.0,Zoned Commercial,Paul Hollis,,,-119.7093602,39.52801379,Other,,TJSmith@dot.nv.gov,1568057172000.0,jroberts2@dot.nv.gov,1575489150000.0,-119.7093602,39.52801379,{967313EE-B942-4A94-9C07-6FC3CE00AEEC}
228,290.0,Tribal,,,,2.0,,,,,,,,,,,,,,,,,Other,,,,-119.2830529,39.61752796,Tribal,,TJSmith@dot.nv.gov,1568057172000.0,BSlobe@dot.nv.gov,1574702499000.0,-119.2830529,39.61752796,{0B1E276D-C1F5-43D4-BD81-80F1E9D8C734}
230,111.0,04102,Lamar,510715/510712,964.0,2.0,US 50A,4.45,,Lyon County,County,Conforming,,Interstate Highway,Back to Back,Westbound,2.0,Yes,No,No,Average,5.0,Zoned Commercial,Thomas Ferre,,,-119.1465402,39.591978,Other,,TJSmith@dot.nv.gov,1568057172000.0,,1610732999000.0,-119.1465402,39.591978,{9409289F-C72E-4126-92DB-9E3F533FEBB1}
232,237.0,00647,The Lamar Companies,006191,41.0,2.0,IR-80,15.54,,Washoe County,City,Conforming,,Interstate,Back to Back,Eastbound,2.0,No,No,No,Good,100.0,Unzoned Commercial,Southern Pacific Trans Co.,,,-119.776297,39.53402258,Other,,TJSmith@dot.nv.gov,1568057172000.0,jroberts2@dot.nv.gov,1574698508000.0,-119.776297,39.53402258,{642A3295-1A89-4DC4-B60A-75EDCE499CE8}
237,22.0,04677,GP Global,,5648.0,2.0,US 50,13.87,,Churchill County,County,Conforming,,Interstate Highway,Back to Back,Eastbound,2.0,Yes,No,No,Good,10.0,Zoned Commercial,Carmen Bell,,,-118.8973715,39.49580816,Other,,TJSmith@dot.nv.gov,1568057172000.0,jroberts2@dot.nv.gov,1574707541000.0,-118.8973715,39.49580816,{1F52AC48-D389-42AD-A7B4-869661D214E5}
239,70.0,03372,Areana Outdoor Inc,,423.0,2.0,IR-80,4.28,,Lyon County,County,Conforming,,Interstate,Single Face,Westbound,1.0,No,No,No,Average,30.0,Zoned Commercial,Blair & Associates,,,-119.2073796,39.61969594,Other,,TJSmith@dot.nv.gov,1568057172000.0,BSlobe@dot.nv.gov,1574808100000.0,-119.2073796,39.61969594,{84A91D5A-7DD0-40D6-A804-9D41BA7E4394}
241,225.0,01310,Outfront Media ,05047A,88.0,2.0,IR-80,12.26,,Washoe County,City,Non-conforming,Within mobile home park,Interstate,Single Face,Eastbound,1.0,Yes,No,No,Average,200.0,Unzoned Commercial,Geraldine Lyons ,,,-119.8333737,39.52694441,Other,,TJSmith@dot.nv.gov,1568057172000.0,jroberts2@dot.nv.gov,1573675318000.0,-119.8333737,39.52694441,{539B3775-49A8-41F0-A9BF-A23E05DEFC30}
245,60.0,04167,Yesco Outdoor Media,51077W,1029.0,2.0,IR-80,1.81,,Lyon County,City,Conforming,,Interstate,V-Type,,2.0,Yes,No,No,Good,20.0,Zoned Commercial,Jack Stone,,,-119.2530488,39.61437847,Other,,TJSmith@dot.nv.gov,1568057172000.0,jroberts2@dot.nv.gov,1574702752000.0,-119.2530488,39.61437847,{528267B7-E98B-4198-B2C8-50B3618B9095}
251,75.0,01765,Baron's RV & Storage LLC,NA,115.0,2.0,US 50,0.85,,Lyon County,County,Conforming,,Interstate Highway,Back to Back,Eastbound,2.0,No,No,No,Average,40.0,Zoned Commercial,Julios Bunkowski,,,-119.667996,39.21407743,Other,,TJSmith@dot.nv.gov,1568057172000.0,BSlobe@dot.nv.gov,1574200179000.0,-119.667996,39.21407743,{608766A5-E923-4337-86B4-8D0EFE9B417C}
261,259.0,01104,Outfront Media,04497A,72.0,2.0,IR-80,26.27,,Washoe County,County,Conforming,,Interstate,Single Face,Westbound,1.0,Yes,No,No,Average,75.0,,MCCarran Ranch,,,-119.5987034,39.5410602,Other,,TJSmith@dot.nv.gov,1568057172000.0,jroberts2@dot.nv.gov,1575487868000.0,-119.5987034,39.5410602,{370482A0-75E5-48AA-BC06-7EB87666FAA1}
266,201.0,04963,The Lamar Companies,027712,1651.0,2.0,IR-80,5.63,,Washoe County,County,Conforming,,Interstate,V-Type,Westbound,2.0,Yes,Yes,No,Good,50.0,Zoned Commercial,Gerald Lange,"3000 US 40 W, Verdi, NV, 89439",,-119.9503289,39.51251562,Other,,TJSmith@dot.nv.gov,1568057172000.0,jroberts2@dot.nv.gov,1573667993000.0,-119.9503289,39.51251562,{7CE17608-8927-471D-B247-4E847C9A0047}
276,221.0,01769,Outfront Media,,116.0,2.0,IR-80,10.82,,Washoe County,City,Conforming,,Interstate,Single Face,Eastbound,1.0,Yes,No,No,Good,20.0,Unzoned Commercial,Manuel Costa,,,-119.8601927,39.52453674,Other,,TJSmith@dot.nv.gov,1568057172000.0,jroberts2@dot.nv.gov,1573674377000.0,-119.8601927,39.52453674,{93E31BEC-D56F-46D9-B6DB-922C22C100E5}
279,258.0,01167,Outfront Media,,81.0,2.0,IR-80,26.32,,Washoe County,County,Conforming,,Interstate,Single Face,Westbound,1.0,Yes,No,No,Average,75.0,,MCCarran Ranch,,,-119.5982061,39.54166022,Other,,TJSmith@dot.nv.gov,1568057172000.0,jroberts2@dot.nv.gov,1575487777000.0,-119.5982061,39.54166022,{0D3A9B45-4C64-46F4-B4BE-97482533B7D0}
283,157.0,5004,Yesco Outdoor Media,34103W,5735.0,2.0,IR-80,118.67,,Pershing County,County,Conforming,,Interstate,V-Type,Eastbound,2.0,No,No,No,Good,15.0,Zoned Industrial,Travis Godon,,,-118.3294641,40.32044561,Pending,,TJSmith@dot.nv.gov,1568057172000.0,BSlobe@dot.nv.gov,1574798295000.0,-118.3294641,40.32044561,{C6C9470F-6157-4B43-9721-7D3ED70A9637}
287,65.0,04111,Stott Outdoor Engineering,,973.0,2.0,IR-80,3.11,,Lyon County,County,Conforming,,Interstate,Back to Back,Westbound,2.0,Yes,No,No,Average,40.0,Zoned Commercial,Read David,,,-119.226789,39.61425019,Other,,TJSmith@dot.nv.gov,1568057172000.0,BSlobe@dot.nv.gov,1574808913000.0,-119.226789,39.61425019,{7765FF71-9F6D-4A4A-8784-5813D31FCEAE}
296,306.0,Tribal,,,,2.0,,,,,,,,,,,,,,,,,Other,,,,-118.8037456,38.91559793,Tribal,,TJSmith@dot.nv.gov,1568057172000.0,jroberts2@dot.nv.gov,1572629005000.0,-118.8037456,38.91559793,{52B168F0-6B0B-480A-9C06-4D5D6B3C35D6}
300,279.0,04717,The Lamar Companies,510195,5719.0,2.0,US 395,28.37,,Washoe County,County,Conforming,,Interstate,V-Type,,2.0,Yes,No,No,Good,40.0,Zoned Commercial,Nathan Roach,,,-119.8063164,39.57000078,Other,,TJSmith@dot.nv.gov,1568057172000.0,jroberts2@dot.nv.gov,1574377360000.0,-119.8063164,39.57000078,{595902E2-6BB2-4416-A205-9B73156BB5F8}
301,150.0,04700,Areana Outdoor Inc,,5685.0,2.0,IR-80,39.57,,Pershing County,County,Conforming,,Interstate,V-Type,Eastbound,2.0,Yes,No,No,Average,30.0,Zoned Industrial,Robert Kennerson ,,,-118.285266,40.45386432,Other,,TJSmith@dot.nv.gov,1568057172000.0,BSlobe@dot.nv.gov,1574799461000.0,-118.285266,40.45386432,{72E2A6EB-CD50-4026-B276-95A932B490A1}
322,128.0,03673,Stott Outdoor Advertising,,605.0,2.0,IR-80,12.99,,Pershing County,County,Conforming,,Interstate,Single Face,Westbound,1.0,No,No,No,Average,15.0,Zoned Commercial,Santa Fe Pacific Realty Co,,,-118.5217767,40.12970472,Other,,TJSmith@dot.nv.gov,1568057172000.0,BSlobe@dot.nv.gov,1574804377000.0,-118.5217767,40.12970472,{DA41A811-0954-4DFB-94DC-56130FD11709}
325,283.0,Tribal,The Lamar Companies ,,,2.0,IR-580,,,Washoe County,City,,,Interstate,V-Type,Northbound,2.0,Yes,Yes,Yes,Good,,Other,,,,-119.7838803,39.5298471,Tribal,,TJSmith@dot.nv.gov,1568057172000.0,jroberts2@dot.nv.gov,1574462446000.0,-119.7838803,39.5298471,{C03D68BB-2410-4239-B012-567585733298}
327,217.0,00399,The Lamar Companies,002492,30.0,2.0,IR-80,10.04,,Washoe County,County,Conforming,,Interstate,Back to Back,,2.0,Yes,No,No,Good,1.0,,Harrahs,,,-119.8722793,39.51844147,Other,,TJSmith@dot.nv.gov,1568057172000.0,jroberts2@dot.nv.gov,1573673645000.0,-119.8722793,39.51844147,{B4C5D2B5-AD20-4136-A161-7D1AF4864F15}
333,263.0,01096,Outfront Media,07433N,70.0,2.0,IR-80,19.82,,Washoe County,County,Conforming,,Interstate,Single Face,Westbound,1.0,Yes,No,No,Average,5.0,,Harolds Club,,,-119.6974728,39.52596098,Other,,TJSmith@dot.nv.gov,1568057172000.0,jroberts2@dot.nv.gov,1575488893000.0,-119.6974728,39.52596098,{CDA26D8E-5331-41BE-A42F-853C279A2D5C}
335,266.0,03245,Outfront Media,,346.0,2.0,US 395,26.22,,Washoe County,County,Conforming,,Interstate,Back to Back,Northbound,2.0,Yes,No,No,Good,10.0,Unzoned Commercial,Cal Am Properties Inc.,,,-119.8227515,39.58658888,Other,,TJSmith@dot.nv.gov,1568057172000.0,,1637004321000.0,-119.8227515,39.58658888,{37259622-1B58-4ABC-8973-73765F61C220}
342,,Pending,Lamar,001401,,2.0,East Second Street,,,Washoe County,City,,,MAP 21,Back to Back,Eastbound,2.0,Yes,No,No,Good,5.0,Other,Perazzo Living Trust,856 E. 2nd St. ,,,,Map 21,Yes,BSlobe@dot.nv.gov,1570473384000.0,BSlobe@dot.nv.gov,1580754965000.0,,,{65E23F9B-393C-471D-B5F3-92D988B6CE1C}
346,,Pending,Lamar,002061,,2.0,Keystone Avenue,,,Washoe County,City,,,MAP 21,Back to Back,Northbound,2.0,Yes,No,No,Good,1.0,Other,Clear Channel Outdoor Inc,242 Keystone Ave ,,,,Map 21,Yes,BSlobe@dot.nv.gov,1570474789000.0,BSlobe@dot.nv.gov,1580755150000.0,,,{C31FE216-1FD3-492A-A405-657112D80756}
347,,On Premise,Dollar Loan Center,,,2.0,SR 648,,,Washoe County,City,,,MAP 21,Single Face,Southbound,1.0,Yes,No,No,Good,40.0,,MRA Keystone LLC,525 Keystone Ave ,,,,On Premise,,BSlobe@dot.nv.gov,1570475153000.0,BSlobe@dot.nv.gov,1580755169000.0,,,{6F655373-E31F-403E-9088-7BE18D9CB520}
348,,Pending,Lamar,,,2.0,East Second Street,,,Washoe County,City,,,MAP 21,Back to Back,Eastbound,1.0,Yes,No,No,Good,1.0,Other,ASI-Reno Inc. ,48 Park St. ,,,,Map 21,Yes,BSlobe@dot.nv.gov,1570476693000.0,BSlobe@dot.nv.gov,1580755005000.0,,,{2A71A973-8060-4619-984E-9A0D0E886279}
357,,Pending ,Lamar ,001202,,2.0,US 395A,,,Washoe County,City,,,MAP 21,Back to Back,Southbound,3.0,No,No,No,Good,30.0,Zoned Commercial,NP Reno Convention Center LLC,0 Kietzke Ln. ,,,,Map 21,Yes,BSlobe@dot.nv.gov,1570743740000.0,BSlobe@dot.nv.gov,1580755269000.0,,,{3B3CD681-7989-4C57-8B60-9C8A587C9446}
358,,On Premise,Lexi?,,,,,,,,,,,,V-Type,Southbound,2.0,Yes,No,No,Good,12.0,,,,,,,On Premise,Yes,BSlobe@dot.nv.gov,1570744314000.0,BSlobe@dot.nv.gov,1580755326000.0,,,{9934E323-1E32-42CC-890B-716B307B679A}
360,,None NHS,OutFront Media,23482A/23483A,,2.0,US 395A,,,,,,,,V-Type,Northbound,2.0,Yes,No,No,Good,10.0,Other,William & Patricia Garecht Trust,14500 S. Virginia St. ,,,,Other,,BSlobe@dot.nv.gov,1571348105000.0,BSlobe@dot.nv.gov,1580755917000.0,,,{7CE2C9A2-44C2-4E9F-82C5-9EE1DA25BBEA}
361,,None NHS,OutFront Media,65961B/65961A,,2.0,US 395A,,,,,,,,Back to Back,Southbound,2.0,Yes,No,No,Good,15.0,Other,Dorothy Towne Trust,15025 S. Virginia St. ,,,,Other,,BSlobe@dot.nv.gov,1571348331000.0,BSlobe@dot.nv.gov,1580755958000.0,,,{C119EDFB-A118-4D9A-AF09-6D501BC915F7}
363,,None NHS,Unknown,NA,,2.0,US 395A,,,Washoe County,,,,,Single Face,Northbound,1.0,Yes,No,No,Average,10.0,Other,Steamboat Commerce Center LLC ,14800 S. Virginia St. ,,,,Other,,BSlobe@dot.nv.gov,1571348597000.0,BSlobe@dot.nv.gov,1580755975000.0,,,{915ACA57-92E8-4C6F-BE08-9A0012C4A2A2}
364,,None NHS,Unknown / No Sign only structure,NA,,2.0,US 395A,,,Washoe County,,,,,Single Face,Southbound,1.0,No,No,No,Bad,5.0,Other,Dorothy Towne Trust,0 S. Virginia St. ,,,,Other,,BSlobe@dot.nv.gov,1571348724000.0,BSlobe@dot.nv.gov,1580755982000.0,,,{839E7CB5-2E91-48D8-8B41-78BACF8587BB}
365,,None NHS,OutFront Media ,11078A/11079A,,2.0,US 395A,,,Washoe County,,,,,Back to Back,Northbound,2.0,Yes,No,No,Average,15.0,Other,Leslie Land Company LLC ,4510 Towne Dr. ,,,,Other,,BSlobe@dot.nv.gov,1571348881000.0,BSlobe@dot.nv.gov,1580755992000.0,,,{945C452E-8BCC-4859-84FC-623D918BF05C}
368,,None NHS,OutFront Media ,11063A/07462,,2.0,US 395A,,,Washoe County,,,,,Back to Back,Northbound,2.0,Yes,No,No,Average,25.0,Other,Leslie Land Company LLC ,15820 S. Virginia St. ,,,,Other,,BSlobe@dot.nv.gov,1571349268000.0,BSlobe@dot.nv.gov,1580756020000.0,,,{F0682496-0725-4BA8-ADB8-4D7E478028BD}
371,,None NHS,Unknown Blank Board,NA,,2.0,US 395A,,,Washoe County,,,,,Single Face,Northbound,1.0,No,No,No,Bad,20.0,Other,Leslie Land Company LLC ,0 US Highway 395 S. ,,,,Other,,BSlobe@dot.nv.gov,1571349614000.0,BSlobe@dot.nv.gov,1580756043000.0,,,{3BCD91A0-1FF7-4BC9-970F-6F296980BEC2}
373,,None NHS,Lamar ,005561/005552,,2.0,US 395A,,,Washoe County,,,,,Back to Back,Northbound,2.0,Yes,No,No,Average,5.0,Other,William W Simons Trust ,16102 US Highway 395 S. ,,,,Other,,BSlobe@dot.nv.gov,1571349900000.0,BSlobe@dot.nv.gov,1580756059000.0,,,{540D1D14-94C2-4207-83D4-83CC0A3E29B5}
381,,Pending,Lamar ,008721/008711/028161/028171,,2.0,US 395A,,,Washoe County,,,,MAP 21,Back to Back,Southbound,4.0,Yes,No,No,Good,0.0,,,,,,,Map 21,,BSlobe@dot.nv.gov,1571420849000.0,BSlobe@dot.nv.gov,1580850831000.0,,,{00BAC221-4F59-42CE-B2C9-855D83B0D8E4}
384,,Pending ,Lamar ,012641,,2.0,US 395A,,,Washoe County,,,,MAP 21,Single Face,Southbound,1.0,Yes,No,Yes,Good,20.0,,,,,,,Map 21,,BSlobe@dot.nv.gov,1571421245000.0,BSlobe@dot.nv.gov,1580850608000.0,,,{7B095CD6-A8DC-4B9E-BBD0-811C648011C9}
385,,Pending ,Lamar ,001962,,2.0,US 395A,,,Washoe County,City,,,MAP 21,Single Face,Southbound,1.0,Yes,No,No,Good,30.0,,,,,,,Map 21,,BSlobe@dot.nv.gov,1571421325000.0,BSlobe@dot.nv.gov,1580850488000.0,,,{BEAE432A-59B9-45AA-B594-88BF8F82CFEF}
392,,Pending,Lamar ,026022/026012,,2.0,US 395A,,,,,,,MAP 21,Back to Back,Southbound,2.0,Yes,No,No,Good,15.0,,,,,,,Map 21,,BSlobe@dot.nv.gov,1571422635000.0,BSlobe@dot.nv.gov,1580755495000.0,,,{10C72FEA-69C0-4EE8-B029-5610D69C0334}
393,,Tribal,,,,2.0,US 95,,,Lyon County,County,Non-conforming,No permit,Interstate Highway,Single Face,Northbound,1.0,No,No,No,Good,10.0,Other,,,,,,Illegal,,jroberts2@dot.nv.gov,1572552556000.0,jroberts2@dot.nv.gov,1572628695000.0,,,{C9D28490-E204-470E-90AC-85FB1638F6D8}
394,,Tribal,,,,2.0,US 95,,,Mineral County,County,Non-conforming,Tribal,Interstate Highway,Single Face,Southbound,1.0,No,No,No,Average,,,,,,,,Tribal,,jroberts2@dot.nv.gov,1572552766000.0,jroberts2@dot.nv.gov,1572628752000.0,,,{5B1148D9-87F9-4DE8-BEAF-7CE55BA81F2E}
396,,Tribal,,,,2.0,US 95,,,Mineral County,County,Non-conforming,Tribal,Interstate Highway,Single Face,Southbound,1.0,No,No,No,Good,,,,,,,,Tribal,,jroberts2@dot.nv.gov,1572553023000.0,jroberts2@dot.nv.gov,1572628786000.0,,,{4A41D68C-2BA9-40C7-963D-58B7666866F8}
397,,Tribal,,,,2.0,US 95,,,Mineral County,County,Non-conforming,Tribal,Interstate Highway,Single Face,Northbound,2.0,No,No,No,Good,,,,,,,,Tribal,,jroberts2@dot.nv.gov,1572553165000.0,jroberts2@dot.nv.gov,1572628816000.0,,,{8A8CB772-83FB-42AD-AD7C-7CC75F091E1A}
398,,Tribal ,,,,2.0,US 95,,,Mineral County,County,Non-conforming,Tribal,Interstate Highway,Back to Back,Southbound,2.0,No,No,No,Average,,,,,,,,Tribal,,jroberts2@dot.nv.gov,1572553336000.0,jroberts2@dot.nv.gov,1572628804000.0,,,{295510C3-648B-47DC-8DC1-91D764EC500A}
403,,On Primise,Boomtown,,,,,,,,,,,,,,,,,,,,,,,,,,On Premise,,jroberts2@dot.nv.gov,1573668315000.0,jroberts2@dot.nv.gov,1573668315000.0,,,{8DB55639-0C95-47CC-A758-A34AFC41A11F}
404,,Tribal,,,,,,,,,,,,,,,,,,,,,,,,,,,Tribal,,jroberts2@dot.nv.gov,1573668751000.0,jroberts2@dot.nv.gov,1573668751000.0,,,{4AE3BD6B-F904-424B-B6CD-5BEDF4ABADE1}
407,,Illegal ,,,,,,,,,,,,,,,,,,,,,,,,,,,Illegal,,jroberts2@dot.nv.gov,1574371477000.0,jroberts2@dot.nv.gov,1574371477000.0,,,{CC1EE01E-2154-4BF6-B3FE-83CEADA497FF}
409,,Illegal ,,,,,,,,,,,,,,,,,,,,,,,,,,,Illegal,,jroberts2@dot.nv.gov,1574375772000.0,jroberts2@dot.nv.gov,1574375772000.0,,,{4A68A22A-8995-4F75-AC97-88C712AA8CB5}
412,,On Premise ,,,,,,,,,,,,,,,,,,,,,,,,,,,On Premise,,jroberts2@dot.nv.gov,1574376461000.0,jroberts2@dot.nv.gov,1574376461000.0,,,{22B2097E-8091-4829-BADA-5DF114CD4B1A}
414,,On Premise ,,,,,,,,,,,,,,,,,,,,,,,,,,,On Premise,,jroberts2@dot.nv.gov,1574376461000.0,jroberts2@dot.nv.gov,1574376461000.0,,,{DA744348-FB31-4EAC-9E85-5C2FEE2C5E16}
425,,On Premise ,,,,,IR-80,,,Lyon County,City,,,Interstate,Back to Back,Eastbound,2.0,Yes,Yes,Yes,Good,,,,,,,,On Premise,,jroberts2@dot.nv.gov,1574702478000.0,jroberts2@dot.nv.gov,1574702518000.0,,,{75852B58-308B-4F43-BD7A-4B71FEE4E68B}
427,,Illegal,,,,2.0,US 50A,,,Lyon County,County,Non-conforming,,Interstate Highway,Single Face,Eastbound,1.0,No,No,No,Average,20.0,,,,,,,Illegal,,BSlobe@dot.nv.gov,1574703993000.0,BSlobe@dot.nv.gov,1574703993000.0,,,{99C49517-08A4-44A5-90BC-9B6F406318EA}
431,,Illegal ,,,,,US 95,,,,,,,,,,2.0,,,,,,,,,,,,Illegal,,jroberts2@dot.nv.gov,1574718663000.0,jroberts2@dot.nv.gov,1574718663000.0,,,{5390279F-DDD0-4E33-A5ED-6FE6AAA73023}
444,,4687,Arena Outdoor ,,5662.0,2.0,IR-80,13.82,,Pershing County,County,Conforming,,Interstate,Single Face,Westbound,1.0,No,No,No,Average,15.0,,,,,,,Other,,BSlobe@dot.nv.gov,1574803893000.0,BSlobe@dot.nv.gov,1574803893000.0,,,{3AFEBC66-D867-48B3-938B-4A5995FD8FC1}
447,,4710,Arena Outdoor ,,5700.0,2.0,IR-80,11.13,,Pershing County,County,Conforming,,Interstate,Single Face,Westbound,1.0,No,No,No,Average,30.0,,,,,,,Other,,BSlobe@dot.nv.gov,1574805121000.0,BSlobe@dot.nv.gov,1574805121000.0,,,{2D8A787E-6063-4E21-B1BE-9157A6DE06E3}
449,,5009,The Lamar Companies,,5740.0,2.0,US 50,15.02,,Churchill County,County,Conforming,,Interstate Highway,Back to Back,Eastbound,2.0,Yes,No,No,Good,15.0,Zoned Commercial,,,,,,Other,,BSlobe@dot.nv.gov,1574879300000.0,,1641853132000.0,,,{30DC7BA9-0AF4-487A-ACBA-7229DC2B07B0}
450,,05018,GP Global,,5785.0,2.0,US 50,12.35,,Churchill County,County,Conforming,,Interstate Highway,Single Face,Eastbound,1.0,Yes,No,No,Good,15.0,Zoned Commercial,,,,,,Map 21,,BSlobe@dot.nv.gov,1574879532000.0,,1647526743000.0,,,{1632A297-3A8C-45EB-BD4E-4A7DE7F0C7C9}
452,,04116,The Lamar Companies ,,978.0,2.0,SR 659,,17.34,Washoe County,City,Conforming,,Interstate Highway,Back to Back,Southbound,2.0,No,No,No,Good,30.0,,,,,,,Other,,jroberts2@dot.nv.gov,1575492109000.0,,1604515624000.0,,,{01A81C54-767A-477D-A0F0-73F6B05E81A4}
455,,04117,The Lamar Companies ,,979.0,2.0,SR 659,,17.44,Washoe County,City,Conforming,,Interstate Highway,Back to Back,Southbound,2.0,No,No,No,Good,200.0,,,,,,,Other,,jroberts2@dot.nv.gov,1575492629000.0,,1604515651000.0,,,{3F133352-E674-4B7B-9914-529C6B18AB23}
456,,04119,The Lamar Companies ,020011,981.0,2.0,SR 659,,17.54,Washoe County,City,Conforming,,Interstate Highway,Back to Back,Southbound,3.0,No,No,No,Good,20.0,,,,,,,Other,,jroberts2@dot.nv.gov,1575494014000.0,,1604515671000.0,,,{27178901-3715-4DBA-8F53-8C7515219206}
463,,Tribal ,The Lamar Companies ,024002,,2.0,US 395,,,Douglas County,County,,,Interstate Highway,Back to Back,Southbound,2.0,Yes,No,No,Good,,,,,,,,Tribal,,jroberts2@dot.nv.gov,1575576962000.0,jroberts2@dot.nv.gov,1575576962000.0,,,{1CD9C708-2483-41F3-9918-81B3C61B4589}
464,,Tribal ,The Lamar Companies ,023082,,2.0,US 395,,,Douglas County,County,,,Interstate Highway,Back to Back,Southbound,2.0,Yes,No,No,Good,,,,,,,,Tribal,,jroberts2@dot.nv.gov,1575577061000.0,jroberts2@dot.nv.gov,1575577061000.0,,,{0E4CFE59-9F79-48D7-AC34-4B1ACC981BDE}
480,,05068,Premier Media LLC,,5768.0,2.0,Vista Boulevard,0.52,,Washoe County,City,,,MAP 21,V-Type,Northbound,2.0,Yes,No,No,Good,11.0,Zoned Industrial,PLDSPE LLC,250 Vista Boulevard,610-403-4229 Jodi,,,Map 21,,BSlobe@dot.nv.gov,1579902778000.0,,1637009930000.0,,,{13CA5680-0355-467C-973A-4B75BBEA1EBD}
482,,04121(Virginia),Lamar,011585,983.0,2.0,SR 659,,10.60,Washoe County,,,,MAP 21,Back to Back,Southbound,2.0,Yes,No,No,Good,,,,,,,,Map 21,Yes,BSlobe@dot.nv.gov,1580416702000.0,,1604515543000.0,,,{04577C33-7B5A-48DA-96FD-6DA1159CEB23}
486,,On Premise,JJ’s Sports and Spirits ,,,2.0,SR 445,,,Washoe County,County,Conforming,,MAP 21,Back to Back,Southbound,2.0,No,Yes,Yes,Good,10.0,,,,,,,On Premise,,BSlobe@dot.nv.gov,1580504599000.0,BSlobe@dot.nv.gov,1580754419000.0,,,{F4956142-7838-44C2-AD18-52A25DC7B3B0}
487,,On Premise,Richards Self Storage,,,2.0,SR 445,,,Washoe County,County,Conforming,,MAP 21,Back to Back,Northbound,2.0,No,Yes,Yes,Good,20.0,,,,,,,On Premise,,BSlobe@dot.nv.gov,1580504740000.0,BSlobe@dot.nv.gov,1580754364000.0,,,{E33AE834-4A3A-43D9-AB0C-540F2F4143D7}
495,,,Andelin Farms,,,2.0,SR 445,,,Washoe County,,Non-conforming,,MAP 21,Single Face,Northbound,1.0,No,No,No,Average,15.0,,,,,,,Illegal,,BSlobe@dot.nv.gov,1580506185000.0,,1641242916000.0,,,{8979C0D1-7328-43CC-8DAF-4B5E7B0C9603}
506,,Illegal ,Highland Estates,,,2.0,SR 445,,,Washoe County,,Non-conforming,,MAP 21,Single Face,Northbound,1.0,No,No,No,Bad,23.0,,,,,,,Illegal,,BSlobe@dot.nv.gov,1580507341000.0,BSlobe@dot.nv.gov,1580754746000.0,,,{3DCCC4C0-BA50-4443-B7E3-99945A8187F1}
508,,Illegal ,Cascadesofthesierra.com,,,2.0,SR 445,,,Washoe County,,Non-conforming,,MAP 21,Single Face,Northbound,1.0,No,No,No,Bad,15.0,,,,,,,Illegal,,BSlobe@dot.nv.gov,1580507509000.0,BSlobe@dot.nv.gov,1580754781000.0,,,{AF71B9E2-3073-4BAE-A7D2-7FF32BFF72B1}
511,,Illegal ,Don Dee Dickson,,,2.0,SR 445,,,Washoe County,,Non-conforming,,MAP 21,Back to Back,Northbound,2.0,No,No,No,Average,10.0,,,,,,,Illegal,,BSlobe@dot.nv.gov,1580508016000.0,BSlobe@dot.nv.gov,1580754830000.0,,,{CBA7C2BF-F5A4-4504-8213-742B54A14C83}
514,,Pending,Lamar,001417,,,US 395A,,,Washoe County,County,,,MAP 21,Back to Back,Northbound,2.0,No,No,No,Average,25.0,,,,,,,Map 21,,BSlobe@dot.nv.gov,1580762901000.0,BSlobe@dot.nv.gov,1580763327000.0,,,{C6353581-5F16-4B77-9EFB-9B51487696E4}
515,,On Premise,,,,2.0,US 395A,,,Washoe County,County,,,MAP 21,Back to Back,Northbound,1.0,No,No,No,Average,10.0,,,,,,,On Premise,,BSlobe@dot.nv.gov,1580763117000.0,BSlobe@dot.nv.gov,1580763204000.0,,,{19E86897-31CF-460E-9CFB-5664142C915C}
516,,On Premise,Wendy's,,,2.0,US 395A,,,Washoe County,County,,,MAP 21,Back to Back,Northbound,1.0,Yes,No,No,Average,25.0,,,,,,,On Premise,,BSlobe@dot.nv.gov,1580763227000.0,BSlobe@dot.nv.gov,1580763311000.0,,,{CEDB70E8-1961-4002-8C8A-8856ADD3E209}
517,,Pending,Clear Connection,,,2.0,US 395A,,,Washoe County,City,,,MAP 21,Back to Back,Northbound,2.0,Yes,No,No,Average,20.0,,,,,,,Map 21,,BSlobe@dot.nv.gov,1580763362000.0,BSlobe@dot.nv.gov,1580848873000.0,,,{0E7CA944-38AF-42A3-8794-9280DC9D1574}
520,,Pending,Lamar,027612,,2.0,US 395A,,,Washoe County,County,,,MAP 21,Back to Back,Southbound,2.0,Yes,No,No,Good,0.0,,,,,,,Map 21,,BSlobe@dot.nv.gov,1580763925000.0,BSlobe@dot.nv.gov,1580764013000.0,,,{CF2C9B3B-AB62-431E-A992-7C6A2872E101}
526,,Pending,Lamar,002151,,2.0,US 395A,,,Washoe County,City,,,MAP 21,Back to Back,Southbound,2.0,Yes,No,No,Average,3.0,,,,,,,Map 21,,BSlobe@dot.nv.gov,1580765007000.0,BSlobe@dot.nv.gov,1580765094000.0,,,{EE4AECF4-54C9-4069-914C-6EA7943A366B}
527,,Pending,Lamar,08081,,2.0,US 395A,,,Washoe County,City,,,MAP 21,Back to Back,Northbound,2.0,Yes,No,No,Average,0.0,,,,,,,Map 21,,BSlobe@dot.nv.gov,1580765175000.0,BSlobe@dot.nv.gov,1580765299000.0,,,{718F839F-E262-4BFA-B6D4-78300FA86F32}
531,,Pending,Lamar,010621/004042,,2.0,US 395A,,,Washoe County,City,,Southbound blank,MAP 21,V-Type,Northbound,1.0,Yes,No,No,Average,30.0,,,,,,,Map 21,,BSlobe@dot.nv.gov,1580766281000.0,BSlobe@dot.nv.gov,1580845371000.0,,,{64A3CABF-CAAE-4C30-A6A1-770DC1E68BC6}
532,,Pending,Outfront,05053A,,2.0,US 395A,,,Washoe County,City,,,MAP 21,Side by Side,Northbound,1.0,Yes,No,No,Average,20.0,,,,,,,Map 21,,BSlobe@dot.nv.gov,1580766406000.0,BSlobe@dot.nv.gov,1580766622000.0,,,{2C38F0C0-4745-4D02-8151-4FFB8E54C670}
535,,On Premise ,Reno Rock,,,2.0,US 395A,,,Washoe County,City,,,MAP 21,Single Face,Northbound,1.0,No,No,No,Bad,5.0,,,3900 N. Virginia,,,,On Premise,,BSlobe@dot.nv.gov,1580845765000.0,BSlobe@dot.nv.gov,1580845765000.0,,,{181739B4-1892-4D9F-8633-91138D24B227}
538,,,Bonanza Casino,,,2.0,US 395A,,,Washoe County,City,,,MAP 21,Back to Back,Northbound,2.0,No,Yes,Yes,Good,30.0,,,,,,,On Premise,,BSlobe@dot.nv.gov,1580846241000.0,BSlobe@dot.nv.gov,1580846241000.0,,,{2C062F34-52A4-456A-9755-7A931531256E}
542,,,GES,,,2.0,US 395A,,,Washoe County,City,,,MAP 21,Back to Back,Northbound,2.0,Yes,No,No,Good,10.0,,,,,,,On Premise,,BSlobe@dot.nv.gov,1580846914000.0,BSlobe@dot.nv.gov,1580846914000.0,,,{35AC2239-46C3-40FE-B2FC-77315CCDE9EA}
546,,On Premise ,Winners Crossing,,,2.0,US 395A,,,Washoe County,City,,,MAP 21,Back to Back,Southbound,2.0,No,Yes,Yes,Good,15.0,,,,,,,On Premise,,BSlobe@dot.nv.gov,1580849971000.0,BSlobe@dot.nv.gov,1580849971000.0,,,{2A0654E3-7B99-4A72-9D67-5A700DF7D2C1}
549,,Pending ,Lamar,000411,,2.0,Kietzke Lane,,,Washoe County,,,,MAP 21,Back to Back,Southbound,2.0,Yes,No,No,Average,0.0,,,,,,,Map 21,,BSlobe@dot.nv.gov,1580927214000.0,BSlobe@dot.nv.gov,1580927214000.0,,,{8DC849F4-0340-495B-B2F9-99D970FF914C}
553,,On Premise ,Dolan Dodge,,,2.0,Kietzke Lane,,,Washoe County,,,,MAP 21,Back to Back,Southbound,2.0,No,Yes,Yes,Good,2.0,,,,,,,On Premise,,BSlobe@dot.nv.gov,1580927742000.0,BSlobe@dot.nv.gov,1580927742000.0,,,{88FE2190-A2CD-49F2-93AE-4ED211667E81}
554,,On Premise ,Champion Chevrolet ,,,2.0,Kietzke Lane,,,Washoe County,,,,MAP 21,Back to Back,Northbound,2.0,No,Yes,Yes,Good,2.0,,,,,,,On Premise,,BSlobe@dot.nv.gov,1580927855000.0,BSlobe@dot.nv.gov,1580927855000.0,,,{17FCEA99-173D-4977-A778-6A836FFE505C}
555,,Pending ,Lamar ,010515,,2.0,Kietzke Lane,,,Washoe County,,,,MAP 21,Back to Back,Northbound,2.0,Yes,No,No,Good,15.0,,,,,,,Map 21,,BSlobe@dot.nv.gov,1580928011000.0,BSlobe@dot.nv.gov,1580928022000.0,,,{5CD34E9E-C0E9-4BC8-A114-6434EE8B025A}
560,,,Lamar ,510671/510672,,2.0,Kietzke Lane,,,Washoe County,,,,MAP 21,Back to Back,Southbound,2.0,Yes,No,No,Good,50.0,,,,,,,Map 21,,BSlobe@dot.nv.gov,1580928929000.0,BSlobe@dot.nv.gov,1580928955000.0,,,{75D482CE-1E0C-47F4-9A6F-6E678D5B5A9B}
562,,On Premise ,Grocery Outlet ,,,2.0,Oddie Boulevard,,,Washoe County,,,,MAP 21,Back to Back,Westbound,2.0,No,Yes,Yes,Good,15.0,,,,,,,On Premise,,BSlobe@dot.nv.gov,1580930780000.0,BSlobe@dot.nv.gov,1580930780000.0,,,{D140B300-5F7B-4ECC-A218-4B8466194723}
565,,Pending ,Lamar,004301/004291,,2.0,Fourth Street,,,Washoe County,,,,MAP 21,Back to Back,Eastbound,2.0,No,No,No,Average,0.0,,,,,,,Map 21,,BSlobe@dot.nv.gov,1581099116000.0,BSlobe@dot.nv.gov,1581099116000.0,,,{17953607-FA4A-46F0-8A6B-7F65DA61CDAE}
566,,Pending,Lamar,,,2.0,Fourth Street,,,Washoe County,City,,,MAP 21,Single Face,Eastbound,1.0,Yes,No,No,Average,15.0,,,,,,,Map 21,,BSlobe@dot.nv.gov,1581099570000.0,BSlobe@dot.nv.gov,1581099570000.0,,,{B7978313-DECF-4C90-8718-8CADEEA67B3A}
570,,Pending ,Lamar,00231,,2.0,Fourth Street,,,Washoe County,City,,,MAP 21,Back to Back,Eastbound,2.0,No,No,No,Average,0.0,,,,,,,Map 21,,BSlobe@dot.nv.gov,1581100749000.0,BSlobe@dot.nv.gov,1581100778000.0,,,{983988A1-D928-4EC3-83F4-5D4B507B9629}
580,,05071,"Arena Outdoor, Inc","01095,01096",,2.0,IR-80,,,Pershing County,County,,,Interstate,V-Type,Eastbound,2.0,Yes,No,No,,,Zoned Commercial,"Ordination of Heliotropes, LLC",,,,,Pending,,BSlobe@dot.nv.gov,1581358518000.0,,1602518789000.0,,,{2C8E6384-9E94-4C72-A3F0-935CB3B0EC9F}
581,,05070,"Arena Outdoor, Inc","01093, 01094",5769.0,2.0,IR-80,19.16,,Pershing County,County,,,Interstate,V-Type,Eastbound,2.0,Yes,No,No,,,Zoned Commercial,"Ordination of Heliotropes, LLC",,,,,Pending,,BSlobe@dot.nv.gov,1581358642000.0,,1602776605000.0,,,{B1784E89-2B3D-4274-887C-51B8A1045AA9}
583,,On Premise,Gold Dust West,,,2.0,Fourth Street,,,Washoe County,City,,,MAP 21,Back to Back,Westbound,2.0,No,Yes,Yes,Good,,,,,,,,On Premise,,,,,,,,{C0317255-2165-4D93-82DE-89A51435DCE2}
586,,Pending,Lamar,028042/027115,,2.0,Fourth Street,,,Washoe County,City,,,MAP 21,V-Type,Eastbound,2.0,Yes,No,No,Good,,,,,,,,Map 21,,,,,,,,{060EB336-5A08-4C4C-A9A3-9C96A9DD0407}
588,,Pending,Lamar ,028191/029011,,2.0,Fourth Street,,,Washoe County,City,,,MAP 21,V-Type,Eastbound,4.0,Yes,No,No,Good,10.0,,,,,,,Map 21,,,,,,,,{383D351C-79BC-44AF-A441-811B585683D0}
593,,,TJS TEST,,,2.0,,,,Washoe County,City,Non-conforming,,,,,,,,,,,Other,,,,,,,,,1601909435000.0,,1601909435000.0,,,{9CB7C8C2-A12E-4D5A-B622-59842CEBAAE1}
1395,,Tribal,Lamar,,,2.0,US 395,,,Douglas County,County,,,Interstate Highway,V-Type,Southbound,2.0,Yes,No,No,Good,,,,,,,,Tribal,,,1603289859000.0,,1655219204000.0,,,{894A8799-6181-46DB-8121-9AF6E7CF8F62}
1399,,Tribal ,,,,2.0,US 395,,,Douglas County,County,,,Interstate Highway,Back to Back,Southbound,2.0,,,,Bad,,,,,,,,Tribal,,,1603292910000.0,,1603292910000.0,,,{3874A7C5-BB4E-4F79-AABE-922E1582580D}
1401,,On Premise ,I Tronics Inc. ,,,2.0,US 95A,,,Lyon County,County,,,,V-Type,Northbound,2.0,No,No,No,Good,0.0,,,,,,,On Premise,,,1603304643000.0,,1603304656000.0,,,{C23783C9-C766-44E0-8409-9BA20CCDA829}
1402,,On Premise,,,,2.0,US 95A,,,Lyon County,,,,,Back to Back,Southbound,4.0,No,,,,,,,,,,,On Premise,,,1603307719000.0,,1603307719000.0,,,{FBCD5777-03F3-4246-96E5-7F776300F845}
1793,,,City of Fallon,,,2.0,US 95,,,Churchill County,City,,,Interstate Highway,Single Face,Northbound,1.0,No,No,No,Bad,0.0,,,,,,,Pending,,,1603381335000.0,,1603381335000.0,,,{AD6A3C4D-7DA8-403F-BBF2-7714A761D732}
1794,,Excluded,U.S. Army Depot,,,2.0,US 95,,,Mineral County,County,,,Interstate Highway,Single Face,Southbound,1.0,No,No,No,Good,,,,,,,,On Premise,,,1603385162000.0,,1603395647000.0,,,{2BC4E717-2261-474B-A920-7EB98132DF0F}
1795,,Excluded,,,,2.0,US 95,,,Mineral County,County,,,Interstate Highway,Single Face,Northbound,1.0,No,No,No,Bad,,,,,,,,Tribal,,,1603397330000.0,,1603397330000.0,,,{E58F5944-AC9F-417C-87ED-4E4FCC549857}
1802,,,Excluded ,,,2.0,US 95,,,Mineral County,County,,,Interstate Highway,Single Face,Northbound,1.0,No,No,No,Bad,,,,,,,,Tribal,,,1603397962000.0,,1603397962000.0,,,{B3376111-BEE5-45F8-ADF7-897E2899EE9F}
1803,,Excluded ,,,,2.0,US 95,,,Mineral County,County,,,Interstate Highway,Single Face,Northbound,1.0,No,No,No,Average,,,,,,,,Tribal,,,1603398012000.0,,1603398012000.0,,,{F7433A45-1726-4C51-B2C6-4E644D8C7F68}
3793,,Illegal ,,,,2.0,US 95,,,Mineral County,,,,,,,,,,,,,,,,,,,Illegal,,,1637098444000.0,,1637098444000.0,,,{38C4C153-1322-4980-A749-8387B379BDD8}
4196,,44444,,,,,,,,,,,,,,,,,,,,,,,,,,,Illegal,,,1641504862000.0,,1642030357000.0,,,{7011EF22-D20E-46BB-B1EE-4E3095DE3F01}
4995,,Sys#5808,,,,,,,,,,,,,,,,,,,,,,,,,,,Illegal,,,1642196834000.0,,1642199024000.0,,,{8146449F-2488-4540-B65E-785689F37559}
5393,,aaaaa,Cavalry Chapel,,,,US 50,,,,,,,,V-Type,Westbound,2.0,No,,,,,,,,,,,Illegal,,,1644272557000.0,,1644272557000.0,,,{63A93A33-992B-4864-BD26-4B95808010B8}
5394,,bbbbb,,,,,,,,,,,,,,Eastbound,,,,,,,,,,,,,Illegal,,,1644273097000.0,,1644273097000.0,,,{9F8DEDA5-DC54-466B-B92A-87AACDCEB3DD}
5397,,#eeeee,,,,,,,,,,,,,,,,,,,,,,,,,,,Illegal,,,1644275118000.0,,1644275118000.0,,,{2090F4B5-6594-4BD6-8F16-7F170F31CB73}
6197,,#nnnnn,,,,,,,,,,,,,,,,,,,,,,,,,,,Illegal,,,1644443677000.0,,1644443677000.0,,,{CED382C0-AE7D-46A1-B873-9FB26CCAE669}
6200,,S.S. Comm Church,,,,,,,,,,,,,,,,,,,,,,,,,,,On Premise,,,1644445438000.0,,1644445438000.0,,,{B90739BF-0DCB-4EAA-A181-A22DD0F3869D}
6204,,#rrrrr,,,,,,,,,,,,,,,,,,,,,,,,,,,Illegal,,,1644446691000.0,,1644446691000.0,,,{0F18C62A-51D5-42A2-81F9-4D966DAB06F9}
6209,,#ttttt,,,,,,,,,,,,,,,,,,,,,,,,,,,Illegal,,,1644448227000.0,,1644448227000.0,,,{E786E150-13E3-4037-9A60-8C154B6296E5}
6210,,Ace Mini Storage Uhaul,,,,,,,,,,,,,,,,,,,,,,,,,,,On Premise,,,1644448474000.0,,1644448474000.0,,,{78AEB74E-A5A8-4BAE-84CA-878B0C670012}
6593,,#vvvvv,,,,,,,,,,,,,,,,,,,,,,,,,,,Illegal,,,1644535246000.0,,1644535246000.0,,,{804824D7-EBC4-4223-A855-8865A8D2E1B8}
6595,,#yyyyy,,,,,,,,,,,,,,,,,,,,,,,,,,,Illegal,,,1644536225000.0,,1644536225000.0,,,{501490A8-1BEE-402E-A4FD-810BCEBD7FD2}
6600,,#DDDDD,,,,,,,,,,,,,,,,,,,,,,,,,,,Illegal,,,1644537084000.0,,1644537084000.0,,,{C4F89450-47B8-4467-83F2-51A71B4826FD}
3,339.0,Pending,Lamar,NA,,2.0,SR 648,,,Washoe County,City,,,MAP 21,Back to Back,Eastbound,2.0,No,,,Good,20.0,Zoned Industrial,Elsie L &Joseph A Burgarello Trust,50 Snider Way,,-119.7424023,39.52734231,Map 21,Yes,TJSmith@dot.nv.gov,1568057172000.0,BSlobe@dot.nv.gov,1580755091000.0,-119.7424023,39.52734231,{1F9E81ED-AEA8-4E4B-B38C-D4A155A91B5D}
5,340.0,Pending,Lamar,10911,,2.0,SR 648,,,Washoe County,City,,,MAP 21,Back to Back,Westbound,2.0,Yes,No,,Good,30.0,Zoned Industrial,Ryder Truck Rental Inc. ,450 Glendale Ave. ,,-119.7492594,39.5275099,Map 21,Yes,TJSmith@dot.nv.gov,1568057172000.0,BSlobe@dot.nv.gov,1580755065000.0,-119.7492594,39.5275099,{ADFAD1A7-DBE8-4185-B311-C825F1D2DDB2}
10,344.0,Pending,Lamar,000551/000561,,2.0,SR 648,,,Washoe County,City,,,MAP 21,Back to Back,Westbound,3.0,Yes,No,,Good,20.0,Zoned Industrial,Allegiance Properties LLC ,1920 Glendale Ave. ,,-119.7706217,39.5278484,Map 21,Yes,TJSmith@dot.nv.gov,1568057172000.0,BSlobe@dot.nv.gov,1568125837000.0,-119.7706217,39.5278484,{96034D2E-BC0B-49BF-AD8A-BFFDB4B76D63}
11,345.0,Pending,Lamar,24082,,2.0,East Second Street,,,Washoe County,City,,,MAP 21,Back to Back,Westbound,2.0,Yes,No,,Good,15.0,Other,WSCC Property II LLC ,80 Giroux St. ,,-119.7917275,39.52758903,Map 21,Yes,TJSmith@dot.nv.gov,1568057172000.0,BSlobe@dot.nv.gov,1580754948000.0,-119.7917275,39.52758903,{95798473-6DF5-4053-B057-AF37240E6417}
14,323.0,Excluded,,,,2.0,,,,Lyon County,,,,,,,,,,,,,,,,,-119.0504446,39.02442185,Illegal,,TJSmith@dot.nv.gov,1568057172000.0,TJSmith@dot.nv.gov,1568057172000.0,-119.0504446,39.02442185,{C985AE8D-7422-43DB-A72A-A46158C85F3F}
16,331.0,05008,Yesco,34107W,5732.0,2.0,IR-80,,118.7,Pershing County,County,Conforming,,Interstate,V-Type,Eastbound,2.0,No,No,No,Good,10.0,Zoned Industrial,,,,-118.5234612,40.12664062,Other,,TJSmith@dot.nv.gov,1568057172000.0,BSlobe@dot.nv.gov,1574794715000.0,-118.5234612,40.12664062,{3A5A4F2A-F751-4F27-A337-E57B64508664}
17,334.0,5019,Arena,,5754.0,2.0,IR-80,,125.10,Pershing County,County,,,Interstate,Single Face,Eastbound,1.0,No,No,No,Average,30.0,Other,Ordination of Heliotropes ,,Robert Kennerson (775)835-3825,-118.29626,40.40735,Pending,Yes,TJSmith@dot.nv.gov,1568057172000.0,BSlobe@dot.nv.gov,1568213863000.0,-118.29626,40.40735,{E07D6D36-7BEE-45C8-BE08-A790A4A38190}
19,327.0,05016,Outdoor Media LLC,,5756.0,2.0,IR-580,23.44,,Washoe County,City,Conforming,,Interstate,V-Type,Southbound,2.0,Yes,No,No,Good,20.0,Zoned Commercial,,,Bob Farahi,-119.7828904,39.50216287,Map 21,Yes,TJSmith@dot.nv.gov,1568057172000.0,,1655147075000.0,-119.7828904,39.50216287,{C8C2E4E7-5EA6-4365-A4B5-D0C7E04E10A5}
23,106.0,04691,KWS Lucky Bar,,5666.0,2.0,US 95A S,53.87,,Lyon County,,,,,,,2.0,No,No,,,,Zoned Commercial,Danielle Simpson ,"1965 Hwy 95A Fernley Nv, 89408",,-119.2329132,39.54438486,Other,,TJSmith@dot.nv.gov,1568057172000.0,TJSmith@dot.nv.gov,1568057172000.0,-119.2329132,39.54438486,{9F441793-1D3C-48A2-BAFD-BBCC53DF962B}
25,285.0,Tribal,,,,2.0,,,,,,,,,,,,,,,,,Other,,,,-119.304854,39.61613463,Tribal,,TJSmith@dot.nv.gov,1568057172000.0,BSlobe@dot.nv.gov,1574702209000.0,-119.304854,39.61613463,{CF6377DE-BA3B-4708-84F6-C3D424BEF09D}
26,8.0,04662,Taghdiri Hushmand,NA,1505.0,2.0,US 50,13.05,,Carson City,City,Conforming,,Interstate Highway,Back to Back,Westbound,2.0,Yes,No,No,Good,15.0,Unzoned Commercial,Taghdiri Hushmand,,,-119.7305361,39.17792524,Other,,TJSmith@dot.nv.gov,1568057172000.0,BSlobe@dot.nv.gov,1574197386000.0,-119.7305361,39.17792524,{34CAC9EE-AD22-4D32-82D9-B59CE137BFA3}
38,4937.0,04937,Jeffery Chirstiansen,,1626.0,2.0,US 95,26.98,,Churchill County,County,Conforming,,Interstate Highway,Back to Back,Northbound,2.0,No,No,,Average,20.0,Unzoned Commercial,Jeff Chrisiansen,"810 N Maine St, Fallon, NV, 89406",,-118.7761677,39.48643905,Other,,TJSmith@dot.nv.gov,1568057172000.0,jroberts2@dot.nv.gov,1572623690000.0,-118.7761677,39.48643905,{76C6BF26-3919-4A55-A537-E6493520FFEB}
42,313.0,Excluded,,,,2.0,,,,Mineral County,,,,,,,,,,,,,,,,,-118.6038537,38.52475915,On Premise,,TJSmith@dot.nv.gov,1568057172000.0,TJSmith@dot.nv.gov,1568057172000.0,-118.6038537,38.52475915,{221E85CE-A7E9-400A-B723-D7A87484D206}
45,151.0,04695,Areana Outdoor Inc,NA ,5678.0,2.0,IR-80,39.4,,Pershing County,County,Conforming,,Interstate,V-Type,Eastbound,2.0,No,No,No,Average,40.0,Zoned Industrial,Margery Buck,,,-118.2860916,40.45060834,Other,,TJSmith@dot.nv.gov,1568057172000.0,BSlobe@dot.nv.gov,1574799296000.0,-118.2860916,40.45060834,{31453D3C-8FE8-4CA8-872D-B3C0543274EC}
50,299.0,Excluded,,,,2.0,,,,,,,,,,,,,,,,,Other,,,,-119.1813954,39.0703293,Tribal,,TJSmith@dot.nv.gov,1568057172000.0,TJSmith@dot.nv.gov,1568057172000.0,-119.1813954,39.0703293,{59DB25A2-4BF4-49B7-935A-E0042A13CD2C}
54,62.0,04716,GP Global,,5718.0,2.0,IR-80,47.47,,Lyon County,City,Conforming,,Interstate,V-Type,Eastbound,2.0,Yes,No,No,Good,75.0,Zoned Commercial,Churchill County Chamber of Commerce,"Gazzigli Lane, Fernley, NV, 89408",,-119.2413719,39.61432881,Other,,TJSmith@dot.nv.gov,1568057172000.0,jroberts2@dot.nv.gov,1574702912000.0,-119.2413719,39.61432881,{E66000B2-3618-4B38-A331-B141AD232A48}
57,214.0,02657,Outfront Media,04169A,172.0,2.0,IR-80,8.48,,Washoe County,County,Conforming,,Interstate,Single Face,,1.0,Yes,No,No,Average,10.0,,LV Day,"225 Mae Anne Ave, Reno, NV, 89523",,-119.9007009,39.51326416,Other,,TJSmith@dot.nv.gov,1568057172000.0,jroberts2@dot.nv.gov,1573673075000.0,-119.9007009,39.51326416,{A1FBE725-34ED-41BE-B3B7-B42927E9EC0A}
61,101.0,03024,Break-A-Heart LLC,,259.0,2.0,US 95A N,25.32,,Lyon County,,,,,,,2.0,No,No,,,,Zoned Commercial,Dawson Alexander Inc. ,,,-119.1915113,39.16101399,Other,,TJSmith@dot.nv.gov,1568057172000.0,TJSmith@dot.nv.gov,1568057172000.0,-119.1915113,39.16101399,{78E822E8-0669-4A6A-AB7B-E4CD0D5347FF}
66,213.0,01084,Outfront Media,4168AD,68.0,2.0,IR-80,8.41,,Washoe County,County,Conforming,,Interstate,Single Face,,1.0,Yes,No,No,Average,5.0,,LV Day,"8385 Leroy St, Reno, NV, 89523",,-119.9021013,39.51311258,Other,,TJSmith@dot.nv.gov,1568057172000.0,jroberts2@dot.nv.gov,1573672908000.0,-119.9021013,39.51311258,{B9210D25-4147-439E-B7AF-D84E4F25B8A7}
69,185.0,04801,The Lamar Companies,026172,1509.0,2.0,IR-580,23.79,,Washoe County,City,Conforming,,Interstate,V-Type,Northbound,2.0,Yes,No,No,Good,5.0,Unzoned Commercial,Jon Jentz,,,-119.7796501,39.51048444,Other,,TJSmith@dot.nv.gov,1568057172000.0,jroberts2@dot.nv.gov,1574461515000.0,-119.7796501,39.51048444,{CF2EB771-5E4E-4E5A-9D7D-A3D98F660590}
74,196.0,00358,The Lamar Companies,001761,24.0,2.0,IR-80,15.86,,Washoe County,City,Conforming,,Interstate,Back to Back,Westbound,2.0,Yes,No,No,Good,400.0,Unzoned Commercial,Ellena Pete,,,-119.7707912,39.53539735,Other,,TJSmith@dot.nv.gov,1568057172000.0,jroberts2@dot.nv.gov,1575491182000.0,-119.7707912,39.53539735,{AA42B8E8-6AD4-4E0D-B4E3-A7BC5508C702}
76,238.0,00648,The Lamar Companies,,42.0,2.0,IR-80,16.14,,Washoe County,City,Conforming,,Interstate,Back to Back,Eastbound,2.0,Yes,No,No,Average,40.0,Zoned Commercial,Robert Guerrero,,,-119.7645182,39.53329194,Other,,TJSmith@dot.nv.gov,1568057172000.0,jroberts2@dot.nv.gov,1574698785000.0,-119.7645182,39.53329194,{23759D7A-2935-470A-84EA-DC22049FC07C}
81,149.0,04978,Stott Outdoor Advertising,,1666.0,2.0,IR-80,40.01,,Pershing County,County,Conforming,,Interstate,V-Type,Eastbound,2.0,Yes,No,No,Good,40.0,Unzoned Commercial,Stott Outdoors Advertising,,,-118.284773,40.45981538,Other,,TJSmith@dot.nv.gov,1568057172000.0,BSlobe@dot.nv.gov,1574799695000.0,-118.284773,40.45981538,{52AD9722-3C02-46DD-B091-D444B4BB1548}
84,97.0,02231,Dinis Lucky Club,,132.0,2.0,US 95A S,13.75,,Lyon County,,,,,,,1.0,No,No,,,,Unzoned Commercial,David McGowan ,,,-119.1819836,38.99467364,Other,,TJSmith@dot.nv.gov,1568057172000.0,TJSmith@dot.nv.gov,1568057172000.0,-119.1819836,38.99467364,{D630C8C7-3FE9-445E-BD4D-DA9A39720C13}
85,205.0,03099,Riverhouse Holdings LLC,,287.0,2.0,IR-80,2.18,,Washoe County,County,Conforming,,Interstate,Back to Back,Eastbound,2.0,Yes,No,No,Average,30.0,Unzoned Commercial,Moya Lear,"I 80 E, Reno, NV, 89439",,-119.9976209,39.49750089,Other,,TJSmith@dot.nv.gov,1568057172000.0,jroberts2@dot.nv.gov,1573670215000.0,-119.9976209,39.49750089,{39B31A06-0022-4C97-9289-AA09255DE0DC}
87,187.0,04814,Saunders Outdoor Advertising,216,1522.0,2.0,IR-580,24.15,,Washoe County,City,Conforming,,Interstate,V-Type,Northbound,2.0,Yes,No,No,Good,10.0,Zoned Commercial,Huckaby Properties Inc.,,,-119.7815058,39.51549802,Other,,TJSmith@dot.nv.gov,1568057172000.0,jroberts2@dot.nv.gov,1574461716000.0,-119.7815058,39.51549802,{A680F82B-59F0-443F-A3E6-DBF097A39DF3}
89,191.0,02443,The Lamar Companies,,153.0,2.0,IR-80,16.34,,Washoe County,City,Conforming,,Interstate,Single Face,Eastbound,1.0,Yes,No,No,Average,300.0,Unzoned Commercial,L Lightfoot,,,-119.7614843,39.5352031,Other,,TJSmith@dot.nv.gov,1568057172000.0,jroberts2@dot.nv.gov,1575490309000.0,-119.7614843,39.5352031,{9A2768F4-A062-43B9-8289-A9D63A172D5E}
90,156.0,5003,Yesco Outdoor Media,34104W,5734.0,2.0,IR-80,118.68,,Pershing County,County,Conforming,,Interstate,V-Type,Eastbound,2.0,No,No,No,Good,15.0,Zoned Industrial,Travis Godon,,,-118.3285211,40.32161974,Pending,,TJSmith@dot.nv.gov,1568057172000.0,BSlobe@dot.nv.gov,1574798416000.0,-118.3285211,40.32161974,{1370D029-9A94-4A54-A3C0-CB5F7CF75E50}
91,295.0,Excluded,Lamar,022052,,2.0,US 50,,,Carson City,City,Conforming,,Interstate Highway,V-Type,Eastbound,2.0,Yes,No,No,Good,40.0,Other,,,,-119.7860785,39.11330778,Tribal,,TJSmith@dot.nv.gov,1568057172000.0,BSlobe@dot.nv.gov,1574193154000.0,-119.7860785,39.11330778,{9C2CCE66-7C1A-4CC2-BC1E-E6436000FF65}
94,249.0,04629,Yesco Outdoor Media,510362,1472.0,2.0,IR-80,19.38,,Washoe County,City,Conforming,,Interstate,V-Type,Eastbound,2.0,Yes,No,No,Good,15.0,Zoned Commercial,Union Pacific Railroad Co. ,,,-119.7053796,39.52675245,Other,,TJSmith@dot.nv.gov,1568057172000.0,jroberts2@dot.nv.gov,1574699730000.0,-119.7053796,39.52675245,{B5F72891-1EFD-4BEB-BC53-BD4134E6167A}
95,269.0,03039,The Lamar Companies,510047S,270.0,2.0,US 395,33.99,,Washoe County,County,Conforming,,Interstate,Back to Back,Northbound,2.0,Yes,No,No,Good,5.0,Unzoned Commercial,George Butoroc,,,-119.8752668,39.61807054,Other,,TJSmith@dot.nv.gov,1568057172000.0,jroberts2@dot.nv.gov,1574372901000.0,-119.8752668,39.61807054,{85814C61-146F-492F-9521-BF35A27103EE}
101,39.0,04665,KW Holdings,,5024.0,2.0,US 50,18.93,,Churchill County,City,Conforming,,Interstate Highway,Back to Back,Westbound,2.0,Yes,No,No,Good,50.0,Zoned Commercial,Sharon & Micheal Risi,"2292 Reno Hwy, Fallon, NV, 89406",,-118.8074029,39.47832202,Other,,TJSmith@dot.nv.gov,1568057172000.0,jroberts2@dot.nv.gov,1574709571000.0,-118.8074029,39.47832202,{4A6D18EE-44CE-427C-A9AD-E35A4FEA4CEC}
113,160.0,02497,The Lamar Companies,003841,162.0,2.0,IR-580,25.43,,Washoe County,City,Conforming,,Interstate,Back to Back,Southbound,2.0,Yes,No,No,Good,,Zoned Commercial,Robert Marsh,,,-119.7879349,39.53054887,Other,,TJSmith@dot.nv.gov,1568057172000.0,jroberts2@dot.nv.gov,1574446692000.0,-119.7879349,39.53054887,{794CC7EB-F6B8-46DE-B062-DDC60425820F}
114,284.0,Tribal,,,,2.0,,,,,,,,,,,,,,,,,Other,,,,-119.3025696,39.61629182,Tribal,,TJSmith@dot.nv.gov,1568057172000.0,BSlobe@dot.nv.gov,1574702226000.0,-119.3025696,39.61629182,{CF90C08B-0044-472F-BE86-BF68768972EB}
121,31.0,03218,Sierra Displays,,334.0,2.0,US 50,16.59,,Churchill County,County,Conforming,,Interstate Highway,Back to Back,Eastbound,2.0,No,No,No,Average,1.0,Unzoned Commercial,Lew Parrish,,,-118.85032,39.48531547,Other,,TJSmith@dot.nv.gov,1568057172000.0,jroberts2@dot.nv.gov,1574708565000.0,-118.85032,39.48531547,{F92A3DE8-42CB-4EF3-AE4D-DA344450FA25}
125,203.0,03102,Riverhouse Holdings LLC,,288.0,2.0,IR-80,1.98,,Washoe County,County,Conforming,,Interstate,Single Face,Eastbound,1.0,Yes,No,No,Average,30.0,Unzoned Commercial,Bill Lear,"I 80 E, Reno, NV, 89439",,-119.9967522,39.4946485,Other,,TJSmith@dot.nv.gov,1568057172000.0,jroberts2@dot.nv.gov,1573669874000.0,-119.9967522,39.4946485,{5680A512-86D8-47A9-9DF4-DA2980F7FDDD}
127,81.0,03141,Outfront Media,03103A,306.0,2.0,US 50,1.85,,Lyon County,County,Conforming,,Interstate Highway,Back to Back,Eastbound,2.0,Yes,No,No,Good,30.0,Unzoned Commercial,C Durtche,,,-119.6501547,39.21911649,Other,,TJSmith@dot.nv.gov,1568057172000.0,BSlobe@dot.nv.gov,1574201473000.0,-119.6501547,39.21911649,{1A179A20-EABB-46B3-8549-CD5064C15D91}
131,296.0,Excluded,,022032,,2.0,US 50,,,Carson City,,Conforming,,Interstate Highway,V-Type,Eastbound,2.0,Yes,Yes,Yes,Good,40.0,Other,,,,-119.7844999,39.11379168,Tribal,,TJSmith@dot.nv.gov,1568057172000.0,BSlobe@dot.nv.gov,1574192759000.0,-119.7844999,39.11379168,{11F553DE-1BE1-4D18-988A-C97AEC8798D7}
132,282.0,03993,Outfront Media,,858.0,2.0,IR-580,25.31,,Washoe County,City,Conforming,,Interstate,Back to Back,Southbound,2.0,No,No,No,Good,,Zoned Commercial,Reno Sparks Indian Colony,,,-119.7854334,39.52981317,,,TJSmith@dot.nv.gov,1568057172000.0,,1637011291000.0,-119.7854334,39.52981317,{C99AF8C1-AB69-4D2B-A1D0-E3CCE1D9A88B}
133,10.0,04982,Stott Media,,1670.0,2.0,US 50,12.69,,Carson City,City,Conforming,,Interstate Highway,Back to Back,Westbound,2.0,Yes,No,No,Good,40.0,Unzoned Commercial,Polichio Family Trust,,,-119.7370501,39.17597055,Other,,TJSmith@dot.nv.gov,1568057172000.0,BSlobe@dot.nv.gov,1574197002000.0,-119.7370501,39.17597055,{79D5AAFC-793B-4C36-B556-A73434D8BE29}
139,134.0,04701,Areana Outdoor Inc,,5686.0,2.0,IR-80,14.09,,Pershing County,County,Conforming,,Interstate,V-Type,Westbound,2.0,No,No,No,Average,60.0,Zoned Industrial,Robert Kennerson ,,,-118.5058273,40.1400367,Other,,TJSmith@dot.nv.gov,1568057172000.0,BSlobe@dot.nv.gov,1574803656000.0,-118.5058273,40.1400367,{1DBBBC81-1FE0-48F5-A429-D2BD4FCFF54C}
143,143.0,03328,Areana Outdoor Inc,,391.0,2.0,IR-80,19.52,,Pershing County,County,Conforming,,Interstate,Single Face,Westbound,1.0,No,No,No,Average,60.0,Zoned Commercial,Donnan Baird,,,-118.4406428,40.19665328,Other,,TJSmith@dot.nv.gov,1568057172000.0,BSlobe@dot.nv.gov,1574802512000.0,-118.4406428,40.19665328,{CEE8EE69-7632-438A-A88B-C75D0B3E265F}
148,243.0,02794,The Lamar Companies,010745,200.0,2.0,IR-80,17.54,,Washoe County,City,Conforming,,Interstate,V-Type,Eastbound,2.0,Yes,No,No,Good,200.0,Zoned Commercial,J A Dermondy,,,-119.7395927,39.53239954,Other,,TJSmith@dot.nv.gov,1568057172000.0,jroberts2@dot.nv.gov,1574699237000.0,-119.7395927,39.53239954,{85A4D0A6-CD96-4D52-B35B-D8AC58D495A5}
153,235.0,04619,Desert Outdoor Advertising,,1462.0,2.0,IR-80,15.31,,Washoe County,City,Conforming,,,V-Type,Eastbound,2.0,Yes,No,No,Good,50.0,Zoned Commercial,Jeff Higgins ,,,-119.7809244,39.5357314,Other,,TJSmith@dot.nv.gov,1568057172000.0,jroberts2@dot.nv.gov,1574463120000.0,-119.7809244,39.5357314,{C87CE56B-1EBF-45B2-932C-AE17B8CC9B8E}
154,248.0,04661,Stott Outdoor,,1504.0,2.0,IR-80,18.93,,Washoe County,City,Conforming,,Interstate,V-Type,Eastbound,2.0,Yes,No,No,Good,200.0,Zoned Commercial,Topaz Leasing LLC,,,-119.714381,39.52716678,Other,,TJSmith@dot.nv.gov,1568057172000.0,jroberts2@dot.nv.gov,1574699635000.0,-119.714381,39.52716678,{B798481F-F96E-43A0-B733-B3FD7AA0D47E}
156,145.0,03335,Pershing County Recreation Department,,397.0,2.0,IR-80,19.62,,Pershing County,County,Conforming,,Interstate,Single Face,Westbound,1.0,No,No,No,Average,60.0,Zoned Commercial,Donnan Baird,,,-118.4389286,40.19726746,Other,,TJSmith@dot.nv.gov,1568057172000.0,BSlobe@dot.nv.gov,1574802241000.0,-118.4389286,40.19726746,{19D53263-CAD3-4704-BAD9-E54996C26B15}
168,29.0,03514,Diversified Builders,,507.0,2.0,US 50,16.05,,Churchill County,County,Conforming,,Interstate Highway,Single Face,Eastbound,1.0,No,No,No,Average,10.0,Unzoned Commercial,Dan Munoz,,,-118.8616478,39.48572623,Other,,TJSmith@dot.nv.gov,1568057172000.0,,1641854006000.0,-118.8616478,39.48572623,{E0FFE3C2-EDED-405C-B562-BB5847DDA40B}
175,234.0,02312,Outfront Media,,138.0,2.0,IR-80,15.19,,Washoe County,City,Conforming,,Interstate,Back to Back,Eastbound,2.0,Yes,No,No,Average,5.0,Zoned Commercial,Paul Ferrari,,,-119.7824759,39.53657144,Other,,TJSmith@dot.nv.gov,1568057172000.0,jroberts2@dot.nv.gov,1574463036000.0,-119.7824759,39.53657144,{2B89C31D-D832-4B5A-8F40-D64BA0557920}
177,141.0,03331,Saunders Outdoor Advertising,233,394.0,2.0,IR-80,19.39,,Pershing County,County,Conforming,,Interstate,Back to Back,Westbound,2.0,No,No,No,Average,15.0,Unzoned Commercial,James Hess,,,-118.4427321,40.19585351,Other,,TJSmith@dot.nv.gov,1568057172000.0,BSlobe@dot.nv.gov,1574802589000.0,-118.4427321,40.19585351,{091AE189-AC70-49B6-9315-E76960F03F3E}
182,138.0,03815,RW Land Properties LLC,NA ,711.0,2.0,IR-80,18.67,,Pershing County,County,Conforming,,Interstate,Single Face,Eastbound,1.0,Yes,No,No,Average,5.0,Unzoned Commercial,Charles Stangel ,,,-118.4549676,40.19069593,Other,,TJSmith@dot.nv.gov,1568057172000.0,BSlobe@dot.nv.gov,1574796908000.0,-118.4549676,40.19069593,{1B302FE4-5DFA-4085-B10A-DA21720D27BB}
185,190.0,00344,The Lamar Companies,005681,21.0,2.0,IR-80,17.02,,Washoe County,City,Conforming,,Interstate,Back to Back,Westbound,2.0,Yes,No,No,Good,200.0,Unzoned Commercial,Leslie Sorenson,,,-119.748573,39.53496962,Other,,TJSmith@dot.nv.gov,1568057172000.0,jroberts2@dot.nv.gov,1575489549000.0,-119.748573,39.53496962,{B8199B59-6CC3-4AB5-A1A6-AEA3274032E3}
186,314.0,Illegal ,,,,2.0,,,,Mineral County,,,,,,,,,,,,,,,,,-118.6563531,38.55030521,On Premise,,TJSmith@dot.nv.gov,1568057172000.0,,1603385259000.0,-118.6563531,38.55030521,{B681310E-B142-435D-BA81-C9F1E643DC55}
193,115.0,04954,,,1643.0,2.0,US 95,24.31,,Mineral County,County,Conforming,,Interstate Highway,Back to Back,Southbound,2.0,No,No,No,Average,10.0,Unzoned Commercial,Patricia Strogel,,,-118.1761759,38.50342138,Other,,TJSmith@dot.nv.gov,1568057172000.0,jroberts2@dot.nv.gov,1574717336000.0,-118.1761759,38.50342138,{EA1D73DD-844B-4BE1-A7F6-C4C638619282}
197,322.0,Excluded,,,,2.0,,,,Lyon County,,,,,,,,,,,,,,,,,-119.0492365,39.02502343,Illegal,,TJSmith@dot.nv.gov,1568057172000.0,TJSmith@dot.nv.gov,1568057172000.0,-119.0492365,39.02502343,{97A92004-5599-4322-843E-DB1A707AE16F}
199,46.0,04114,Greater Austin Chamber of Comm,,976.0,2.0,US 50 W,68.22,,Churchill County,,,,,,,1.0,No,No,,,,Other,Charles Lowery,,,-118.0185238,39.2917457,Other,,TJSmith@dot.nv.gov,1568057172000.0,TJSmith@dot.nv.gov,1568057172000.0,-118.0185238,39.2917457,{274FD231-AF67-48AE-8ED9-A3B220E3ECA0}
202,36.0,03821,The Lamar Companies,51064W,716.0,2.0,US 50,18.28,,Churchill County,County,Conforming,,Interstate Highway,Back to Back,Eastbound,2.0,No,No,No,Good,1.0,Unzoned Commercial,Gerry Wallace,,,-118.8193606,39.48079946,Other,,TJSmith@dot.nv.gov,1568057172000.0,,1641858944000.0,-118.8193606,39.48079946,{2F957C10-E5B0-4C6F-8DF7-CBA7B4F39163}
205,304.0,Tribal,,,,2.0,,,,,,,,,,,,,,,,,Other,,,,-118.803149,38.91281882,Tribal,,TJSmith@dot.nv.gov,1568057172000.0,jroberts2@dot.nv.gov,1572628978000.0,-118.803149,38.91281882,{017FD9F0-B8A6-4292-BE7C-A7BBEA140902}
207,125.0,03351,Pershing County Recreation Department,,410.0,2.0,IR 80 E,12.89,,Pershing County,,,,,,,1.0,No,No,,,,Zoned Commercial,Southern Pacific Co,,,-118.5220608,40.12752434,Other,,TJSmith@dot.nv.gov,1568057172000.0,TJSmith@dot.nv.gov,1568057172000.0,-118.5220608,40.12752434,{6641B609-A43A-420C-B4FB-ABC451879E2D}
210,153.0,04725,Areana Outdoor Inc,,5731.0,2.0,IR 80 E,13.44,,Pershing County,,,,,,,2.0,Yes,No,,,,Zoned Industrial,Robert Kennerson ,,,-118.513973,40.13252433,Other,,TJSmith@dot.nv.gov,1568057172000.0,TJSmith@dot.nv.gov,1568057172000.0,-118.513973,40.13252433,{D42CA7F8-4730-491E-BD7F-DB54D9EA1C3A}
211,200.0,02411,The Lamar Company,51003W,147.0,2.0,IR-80,14.4,,Washoe County,City,Conforming,,Interstate,V-Type,Westbound,2.0,Yes,No,No,Good,50.0,Unzoned Commercial,Harold Mathisen,"1436 E Ninth St, Reno, NV, 89512",,-119.7963722,39.53689811,Other,,TJSmith@dot.nv.gov,1568057172000.0,jroberts2@dot.nv.gov,1573666961000.0,-119.7963722,39.53689811,{19CCD57A-9A9A-474E-A764-AAA75F0A4A5B}
219,277.0,03055,Western Outdoor Advertising,,274.0,2.0,US 395,30.95,,Washoe County,County,Conforming,,Interstate,Back to Back,Southbound,2.0,Yes,No,No,Good,25.0,Zoned Commercial,Silver State Thrift,,,-119.8307237,39.59299103,Other,,TJSmith@dot.nv.gov,1568057172000.0,jroberts2@dot.nv.gov,1574376932000.0,-119.8307237,39.59299103,{C228D9A6-F5E6-4CD7-8161-A39CCADE9F6E}
220,123.0,04642,Yesco Outdoor Media,,1485.0,2.0,US 95 S,61.51,,Mineral County,,,,,,,2.0,Yes,No,,,,Unzoned Commercial,Rick Martinez,,,-118.7553145,38.64308623,Other,,TJSmith@dot.nv.gov,1568057172000.0,TJSmith@dot.nv.gov,1568057172000.0,-118.7553145,38.64308623,{55E86663-E818-482E-B037-D5D1610E2693}
222,275.0,03002,Western Outdoor Advertising,,251.0,2.0,US 395,33.35,,Washoe County,County,Conforming,,Interstate,Back to Back,Southbound,2.0,Yes,No,No,Average,50.0,Unzoned Commercial,Dave Montgomery,,,-119.8643191,39.61501877,Other,,TJSmith@dot.nv.gov,1568057172000.0,jroberts2@dot.nv.gov,1574376084000.0,-119.8643191,39.61501877,{E10E55B8-609A-46D7-AB53-B4A134E572DD}
229,233.0,01984,Outfront Media,74115B,128.0,2.0,IR-80,15.02,,Washoe County,City,Conforming,,Interstate,Back to Back,Eastbound,2.0,Yes,No,No,Average,5.0,Zoned Commercial,Paul Ferrari,,,-119.7855701,39.53696372,Other,,TJSmith@dot.nv.gov,1568057172000.0,jroberts2@dot.nv.gov,1574462947000.0,-119.7855701,39.53696372,{58C9BDCD-890E-4495-BC50-C58FCCF03B99}
235,13.0,04824,Lamar,,1532.0,2.0,US 50,14.94,,Carson City,City,Conforming,,Interstate Highway,V-Type,Eastbound,2.0,Yes,No,No,Good,20.0,Zoned Commercial,Donald Denton,,,-119.6954478,39.19148073,Other,,TJSmith@dot.nv.gov,1568057172000.0,BSlobe@dot.nv.gov,1574198976000.0,-119.6954478,39.19148073,{1EBBC3AB-0B02-417F-9959-E782CED7C3FF}
238,91.0,04617,Stott Outdoor Engineering,,1460.0,2.0,US 50,30.59,,Lyon County,County,Conforming,,Interstate Highway,Back to Back,Westbound,2.0,No,No,No,Average,15.0,Unzoned Commercial,Casey Investments,,,-119.2056155,39.42361564,Other,,TJSmith@dot.nv.gov,1568057172000.0,BSlobe@dot.nv.gov,1574810936000.0,-119.2056155,39.42361564,{5714E0FD-C27D-4FEB-BDC6-C2E882917853}
244,293.0,Tribal,,,,2.0,,,,,,,,,,,,,,,,,Other,,,,-119.2800779,39.61729279,Tribal,,TJSmith@dot.nv.gov,1568057172000.0,BSlobe@dot.nv.gov,1574702511000.0,-119.2800779,39.61729279,{5D7ABC15-3C82-4862-A6CC-A8B813047847}
249,21.0,04633,Yesco Outdoor Media,,1476.0,2.0,US 50,13.6,,Churchill County,County,Conforming,,Interstate Highway,V-Type,Westbound,2.0,Yes,No,No,Good,1.0,Unzoned Commercial,Rockhound Investments,,,-118.9008289,39.49865597,Other,,TJSmith@dot.nv.gov,1568057172000.0,jroberts2@dot.nv.gov,1574707460000.0,-118.9008289,39.49865597,{6DE69233-F595-49FF-83CC-AF2E5C5E762D}
250,152.0,04724,Areana Outdoor Inc,,5730.0,2.0,IR 80 E,13.3,,Pershing County,,,,,,,2.0,Yes,No,,,,Zoned Industrial,Robert Kennerson ,,,-118.5164501,40.13098283,Other,,TJSmith@dot.nv.gov,1568057172000.0,TJSmith@dot.nv.gov,1568057172000.0,-118.5164501,40.13098283,{B85F4958-89DA-4531-B78F-DC9DE037095A}
254,281.0,Tribal,,,,2.0,,,,,,,,,,,,,,,,,Other,,,,-119.7582814,39.42828885,Tribal,,TJSmith@dot.nv.gov,1568057172000.0,jroberts2@dot.nv.gov,1574454484000.0,-119.7582814,39.42828885,{C623EBB8-B5FB-4FFF-B6B7-DB8E6FD44658}
255,229.0,00810 Removed 11/19,The Lamar Companies,,55.0,2.0,,12.53,,Washoe County,,,,,,,2.0,Yes,No,,,,Unzoned Commercial,Premier Development Co.,,,-119.8290829,39.52937891,Other,,TJSmith@dot.nv.gov,1568057172000.0,jroberts2@dot.nv.gov,1573675748000.0,-119.8290829,39.52937891,{38EE7F57-9D5F-4217-A076-B17EFE7E6E6F}
256,301.0,Tribal,,,,2.0,,,,,,,,,,,,,,,,,Other,,,,-118.8027153,38.91036177,Tribal,,TJSmith@dot.nv.gov,1568057172000.0,jroberts2@dot.nv.gov,1572628905000.0,-118.8027153,38.91036177,{F45D7B0F-6074-4725-8E90-D1042DEBFB76}
257,245.0,03872,Outfront Media,66147B,756.0,2.0,IR-80,18.08,,Washoe County,City,Conforming,,Interstate,V-Type,Eastbound,2.0,Yes,No,No,Good,100.0,Zoned Commercial,Southern Pacific Trans Co.,,,-119.7301486,39.52938802,Other,,TJSmith@dot.nv.gov,1568057172000.0,jroberts2@dot.nv.gov,1574699424000.0,-119.7301486,39.52938802,{05E53157-CBE4-4BA8-853D-A690DF128E4C}
267,61.0,04657,Yesco Outdoor Media,51079W,1500.0,2.0,IR-80,2.0,,Lyon County,City,Conforming,,Interstate,V-Type,Eastbound,2.0,Yes,No,No,Good,75.0,Zoned Commercial,NDOT,,,-119.2491986,39.61447574,Other,,TJSmith@dot.nv.gov,1568057172000.0,jroberts2@dot.nv.gov,1574702835000.0,-119.2491986,39.61447574,{D0A752C5-5682-402A-80AB-AA64372F4013}
268,176.0,04821,The Lamar Companies,026192,1529.0,2.0,IR-580,19.75,,Washoe County,City,Conforming,,Interstate,V-Type,,2.0,Yes,No,No,Good,10.0,Unzoned Commercial,Norm Arroyo,,,-119.7802237,39.45335203,Other,,TJSmith@dot.nv.gov,1568057172000.0,jroberts2@dot.nv.gov,1574460114000.0,-119.7802237,39.45335203,{5439C498-409A-4070-90A0-E7693A292137}
273,107.0,01120,Outfront Media,005978,79.0,2.0,US 50A,59.43,,Lyon County,City,Conforming,,Interstate Highway,Single Face,Eastbound,1.0,No,No,No,Average,0.0,Unzoned Commercial,A W Knutson,,,-119.2314839,39.60427184,Other,,TJSmith@dot.nv.gov,1568057172000.0,jroberts2@dot.nv.gov,1574703709000.0,-119.2314839,39.60427184,{9C0D5EF1-DA28-4BC5-9729-B5943F469654}
277,121.0,04098,Hawthorne Shell,,960.0,2.0,US 95,50.59,,Mineral County,City,Conforming,,Interstate Highway,Single Face,Southbound,1.0,Yes,No,No,Average,10.0,Unzoned Commercial,Mineral County - Race Track,,,-118.6279597,38.53449844,Other,,TJSmith@dot.nv.gov,1568057172000.0,jroberts2@dot.nv.gov,1574719607000.0,-118.6279597,38.53449844,{19ABF4BA-4363-4868-9B8D-E7AAAB7CAD10}
281,19.0,04159,Stott Outdoor Advertising,,1021.0,2.0,US 50,11.64,,Churchill County,County,Conforming,,Interstate Highway,Back to Back,Eastbound,2.0,Yes,No,No,Average,20.0,Unzoned Commercial,Ruth Keith,,,-118.9335401,39.51006875,Other,,TJSmith@dot.nv.gov,1568057172000.0,jroberts2@dot.nv.gov,1574706984000.0,-118.9335401,39.51006875,{3A623939-B0A6-4C64-ABA0-DC5B0C8D2B77}
282,108.0,03634,Gopher Construction Inc,,581.0,2.0,US 50A,60.2,,Lyon County,City,Conforming,,Interstate Highway,V-Type,,3.0,No,No,No,Average,30.0,Unzoned Commercial,Blair & Associates,,,-119.2196984,39.60917204,Other,,TJSmith@dot.nv.gov,1568057172000.0,jroberts2@dot.nv.gov,1574703364000.0,-119.2196984,39.60917204,{37AAA0D6-8B36-4CF4-A7FE-AE3D3086CCDC}
284,154.0,5001,Yesco Outdoor Media,34106W,5732.0,2.0,IR-80,118.7,,Pershing County,County,Conforming,,Interstate,V-Type,Eastbound,2.0,No,No,No,Good,15.0,Zoned Industrial,Travis Godon,,,-118.3266862,40.32403582,Pending,,TJSmith@dot.nv.gov,1568057172000.0,BSlobe@dot.nv.gov,1574798644000.0,-118.3266862,40.32403582,{60B44004-34EC-488F-A623-BEEDD598EEAD}
285,215.0,00401,The Lamar Companies,002512,32.0,2.0,IR-80,9.9,,Washoe County,County,Conforming,,Interstate,Back to Back,Eastbound,2.0,Yes,No,No,Average,5.0,,Harrahs ,,,-119.8747339,39.51767297,Other,,TJSmith@dot.nv.gov,1568057172000.0,jroberts2@dot.nv.gov,1573673373000.0,-119.8747339,39.51767297,{DE32C318-D24E-450E-A30A-E4F834C63B98}
286,35.0,03645,GP Global LLC,,587.0,2.0,US 50,17.25,,Churchill County,County,Conforming,,,Single Face,Westbound,1.0,No,No,No,Average,10.0,Unzoned Commercial,Robin Mills,,,-118.8379887,39.48567989,Other,,TJSmith@dot.nv.gov,1568057172000.0,,1641857652000.0,-118.8379887,39.48567989,{3E48F8BB-B29F-4981-8339-E6E44BE03455}
290,85.0,03822,Sbragia Enterprises,NA,717.0,2.0,US 50,5.49,,Lyon County,County,Conforming,,Interstate Highway,Stacked,Eastbound,1.0,No,No,No,Good,4.0,Unzoned Commercial,Joe Sbragia,120 US-50 Dayton,,-119.5896626,39.23533245,Other,,TJSmith@dot.nv.gov,1568057172000.0,,1644353749000.0,-119.5896626,39.23533245,{72A5612C-CB92-4465-8704-CD7F60159A0B}
293,188.0,04080,The Lamar Companies,,942.0,2.0,IR-580,25.68,,Washoe County,City,Conforming,,Interstate,V-Type,Northbound,2.0,Yes,No,No,Good,400.0,Zoned Commercial,Kenneth Ross,,,-119.7859979,39.53477061,Other,,TJSmith@dot.nv.gov,1568057172000.0,jroberts2@dot.nv.gov,1574462618000.0,-119.7859979,39.53477061,{1FB0E421-F45C-4F9B-B7B8-B9108F03A5B2}
297,278.0,00438,The Lamar Companies,002812,34.0,2.0,US 395,30.18,,Washoe County,County,Conforming,,Interstate,Back to Back,Southbound,2.0,Yes,No,No,Average,10.0,Zoned Commercial,D Janssen,,,-119.8256908,39.58807333,Other,,TJSmith@dot.nv.gov,1568057172000.0,jroberts2@dot.nv.gov,1574377094000.0,-119.8256908,39.58807333,{92CCDC7A-E667-43B5-BE7D-A7E8E46EFAFB}
304,158.0,02803,The Lamar Companies,024032,202.0,2.0,IR-580,25.75,,Washoe County,City,Conforming,,Interstate,Single Face,Southbound,1.0,Yes,No,No,Good,1.0,Zoned Commercial,Wells Cargo Inc.,,,-119.7900962,39.53549407,Other,,TJSmith@dot.nv.gov,1568057172000.0,jroberts2@dot.nv.gov,1573676756000.0,-119.7900962,39.53549407,{57C7450B-AC8B-4DE1-80B5-B87DC56BC827}
305,113.0,03234,Areana Outdoor Inc,,343.0,2.0,US 50A,2.11,,Lyon County,County,Conforming,,Interstate Highway,Single Face,Westbound,1.0,No,No,No,Average,5.0,Zoned Commercial,Sonterra Development Co LLC,,,-119.1896259,39.59774894,Other,,TJSmith@dot.nv.gov,1568057172000.0,jroberts2@dot.nv.gov,1574705135000.0,-119.1896259,39.59774894,{F6F6F836-603E-4073-B6FE-E2D0F21D9172}
306,172.0,03657,The Lamar Companies,021002,594.0,2.0,IR-580,19.27,,Washoe County,City,Conforming,,Interstate,Back to Back,Southbound,2.0,Yes,No,No,Good,200.0,Unzoned Commercial,Farahi Bahram (Qaulity Inn),,,-119.7745976,39.44764744,Other,,TJSmith@dot.nv.gov,1568057172000.0,jroberts2@dot.nv.gov,1574449968000.0,-119.7745976,39.44764744,{DDC2F078-9111-400C-8437-A6FCD7FC2F52}
307,63.0,03792,Yesco Outdoor Media,51074,693.0,2.0,IR-80,2.9,,Lyon County,County,Conforming,,Interstate,Back to Back,Westbound,2.0,Yes,No,No,Average,30.0,Unzoned Commercial,Galen & Margarett Hines,,,-119.2309486,39.61478022,Other,,TJSmith@dot.nv.gov,1568057172000.0,BSlobe@dot.nv.gov,1574809204000.0,-119.2309486,39.61478022,{EE34515E-161A-440B-A1B9-AD0D13EAEC95}
308,9.0,04825,Lamar,53042W,1533.0,2.0,US 50,12.16,,Carson City,City,Conforming,,Interstate Highway,Back to Back,Eastbound,2.0,Yes,No,No,Good,50.0,Zoned Commercial,Tri-Star Housing,,,-119.7460463,39.17301199,Other,,TJSmith@dot.nv.gov,1568057172000.0,BSlobe@dot.nv.gov,1574195044000.0,-119.7460463,39.17301199,{68453CA1-68B2-4778-9A06-E019A4CB82FE}
309,183.0,03377,The Lamar Companies,,426.0,2.0,IR-580,20.99,,Washoe County,City,Conforming,,Interstate,Back to Back,Northbound,2.0,Yes,No,No,Good,,Unzoned Commercial,Lawrence Gianninni,,,-119.7858711,39.47059356,Other,,TJSmith@dot.nv.gov,1568057172000.0,jroberts2@dot.nv.gov,1574460956000.0,-119.7858711,39.47059356,{00F69577-566E-44CA-937C-CCA0F0E116AE}
313,170.0,03117,The Lamar Companies,012172,296.0,2.0,IR-580,22.19,,Washoe County,City,Conforming,,Interstate,Back to Back,,2.0,Yes,No,No,Good,10.0,Unzoned Commercial,Fletcher Jones,,,-119.7862744,39.48614962,Other,,TJSmith@dot.nv.gov,1568057172000.0,jroberts2@dot.nv.gov,1574448883000.0,-119.7862744,39.48614962,{A25F9B86-AA50-462A-8E4E-AAD32C36B930}
314,55.0,02261,,,135.0,2.0,US 395,16.7,,Douglas County,County,Conforming,,Interstate Highway,Single Face,Northbound,1.0,No,No,No,Average,,,Arthur Settlemeyer,,,-119.6978163,38.89023344,Other,,TJSmith@dot.nv.gov,1568057172000.0,,1639673341000.0,-119.6978163,38.89023344,{D5ABEDD7-8C40-4610-9230-B9EF54180D75}
319,130.0,04683,Areana Outdoor Inc,,5659.0,2.0,IR-80,13.82,,Pershing County,County,Conforming,,Interstate,V-Type,Westbound,2.0,No,No,No,Average,80.0,Zoned Industrial,Robert Kennerson ,,,-118.5134757,40.13554422,Other,,TJSmith@dot.nv.gov,1568057172000.0,BSlobe@dot.nv.gov,1574804223000.0,-118.5134757,40.13554422,{58E4E60A-517A-48C4-A57C-CAE31EB2939F}
321,38.0,04616,Hollyhock Ent LLC,,1459.0,2.0,US 50,18.47,,Churchill County,County,Conforming,,Interstate Highway,Back to Back,Eastbound,2.0,Yes,No,No,Average,2.0,Unzoned Commercial,Louis J Carrica,,,-118.8164895,39.48009942,Other,,TJSmith@dot.nv.gov,1568057172000.0,jroberts2@dot.nv.gov,1574709428000.0,-118.8164895,39.48009942,{5332AA18-F25E-4616-9A41-AD75E931A30B}
324,240.0,00633,The Lamar Companies,,40.0,2.0,IR-80,16.08,,Washoe County,City,Conforming,,Interstate,Stacked,Eastbound,4.0,No,No,No,Average,500.0,Zoned Commercial,Norris Fuel Co.,,,-119.7663252,39.53164271,Other,,TJSmith@dot.nv.gov,1568057172000.0,jroberts2@dot.nv.gov,1574698867000.0,-119.7663252,39.53164271,{78BCADC7-8492-476C-8F97-E1E1DA4A33E4}
328,231.0,02436,Stott Outdoor,,152.0,2.0,IR-80,14.43,,Washoe County,City,Conforming,,Interstate,Back to Back,Eastbound,2.0,Yes,No,No,Good,125.0,Unzoned Commercial,L Madsen,,,-119.79616,39.53614926,Other,,TJSmith@dot.nv.gov,1568057172000.0,jroberts2@dot.nv.gov,1573676208000.0,-119.79616,39.53614926,{66BA283E-5C6C-4A05-ABEE-D4C3814134EB}
336,144.0,03332,Saunders Outdoor Advertising,238,395.0,2.0,IR-80,19.59,,Pershing County,County,Conforming,,Interstate,Back to Back,Eastbound,2.0,Yes,No,No,Average,10.0,Unzoned Commercial,James Hess,,,-118.4385858,40.19555516,Other,,TJSmith@dot.nv.gov,1568057172000.0,BSlobe@dot.nv.gov,1574797611000.0,-118.4385858,40.19555516,{8D45D450-0453-4520-8CE5-BB111E1D9096}
338,,05022,GP Global,NA,5761.0,2.0,US 50A,,,Churchill County,County,,,Interstate Highway,Back to Back,Eastbound,2.0,Yes,No,,Good,90.0,Zoned Industrial,,,,,,Pending,Yes,BSlobe@dot.nv.gov,1568231256000.0,,1622044155000.0,,,{A4DBC424-A08E-4C03-84BA-D034BFF9007B}
345,,Pending,Lamar ,008091/008101,,2.0,Keystone Avenue,,,Washoe County,City,,,MAP 21,,Southbound,3.0,Yes,No,No,Good,1.0,Zoned Industrial,Wildflower LLC ,221 Keystone Ave ,,,,Map 21,Yes,BSlobe@dot.nv.gov,1570474607000.0,BSlobe@dot.nv.gov,1580755132000.0,,,{8ED33DFF-8EB6-4DDD-A811-E4A7E292C884}
349,,Pending ,Lamar,008351,,2.0,East Second Street,,,Washoe County,City,,,MAP 21,Back to Back,Eastbound,2.0,Yes,No,No,Good,1.0,Other,Tec Properties LLC,690 E. 2nd St. ,,,,Map 21,Yes,BSlobe@dot.nv.gov,1570476816000.0,BSlobe@dot.nv.gov,1580754993000.0,,,{E2D835AB-EB50-4BA6-8FEA-BB32FF458DB0}
350,,Pending,,003291,,2.0,East Second Street,,,Washoe County,City,,,MAP 21,Single Face,Eastbound,1.0,Yes,No,No,Good,0.0,Other,Chew Family Trust,711 E. 2nd St. ,,,,Map 21,Yes,BSlobe@dot.nv.gov,1570477120000.0,BSlobe@dot.nv.gov,1580754985000.0,,,{CA7CFF07-BDEB-4CF1-A39F-E5C4F08B3A33}
351,,Pending,Lamar,003001,,2.0,East Second Street,,,Washoe County,City,,,MAP 21,Single Face,Eastbound,1.0,Yes,No,No,Good,1.0,Other,David E & Katherine A Jackson ,826 E. 2nd St. ,,,,Map 21,Yes,BSlobe@dot.nv.gov,1570477367000.0,BSlobe@dot.nv.gov,1580754975000.0,,,{75B18415-9DAF-4441-B4E6-CF29FEDE035C}
353,,Pending,Lamar ,,,2.0,East Moana Lane,,,Washoe County,City,,,MAP 21,V-Type,Westbound,2.0,Yes,No,No,Good,30.0,Zoned Commercial,RTC Washoe County,3501 S. Virginia St. ,,,,Map 21,Yes,BSlobe@dot.nv.gov,1570742527000.0,BSlobe@dot.nv.gov,1580755214000.0,,,{250E8125-86EE-4529-BF87-DDDFD751FF26}
355,,Pending ,Lamar ,011261/011271,,2.0,US 395A,,,Washoe County,City,,,MAP 21,Back to Back,Southbound,2.0,Yes,No,No,Good,0.0,Zoned Commercial,NP Reno Convention Center LLC,0 Kietzke Ln. ,,,,Map 21,Yes,BSlobe@dot.nv.gov,1570743343000.0,BSlobe@dot.nv.gov,1580755250000.0,,,{601C6B63-AC50-4B98-B78A-C67C02A95B9E}
359,,None NHS,OutFront Media,11076A/11077A,,2.0,US 395A,,,Washoe County,,,,,Back to Back,Northbound,2.0,Yes,No,No,Good,10.0,Other,William & Patricia Garecht,14500 S. Virginia St. ,,,,Other,,BSlobe@dot.nv.gov,1571348009000.0,BSlobe@dot.nv.gov,1580755950000.0,,,{9FEB52F9-4E00-4350-A943-B478C2DD2764}
362,,None NHS,Lamar ,028062/028052,,2.0,US 395A,,,Washoe County,,,,,V-Type,Northbound,2.0,Yes,No,No,Good,2.0,Other,Steamboat Commerce Center LLC ,14800 S. Virginia St. ,,,,Other,,BSlobe@dot.nv.gov,1571348481000.0,BSlobe@dot.nv.gov,1580755967000.0,,,{0378596E-017D-4888-B767-E1274294CB4E}
366,,None NHS,OutFront Media ,11082/11083A,,2.0,US 395A,,,Washoe County,,,,,Back to Back,Southbound,2.0,Yes,No,No,Average,4.0,Other,Dorothy Towne Trust,0 S. Virginia St. ,,,,Other,,BSlobe@dot.nv.gov,1571348984000.0,BSlobe@dot.nv.gov,1580756003000.0,,,{BC520C0A-4F5C-49C1-85B8-E632590E1A38}
367,,None NHS,OutFront Media ,11062A/03145A,,2.0,US 395A,,,Washoe County,,,,,Back to Back,Northbound,2.0,Yes,No,No,Average,5.0,Other,Leslie Land Company LLC ,15820 S. Virginia St. ,,,,Other,,BSlobe@dot.nv.gov,1571349183000.0,BSlobe@dot.nv.gov,1580756010000.0,,,{611AAB7A-A30B-4112-8ACB-B9A3F49275BE}
369,,None NHS,Unknown Blank Board,NA,,2.0,US 395A,,,Washoe County,,,,,Single Face,Southbound,1.0,No,No,No,Bad,40.0,Other,Dorothy Towne Trust ,0 S. Virginia St. ,,,,Other,,BSlobe@dot.nv.gov,1571349367000.0,BSlobe@dot.nv.gov,1580756027000.0,,,{ACF9C814-13FB-48B0-8D61-CC21EB27DB9A}
370,,None NHS,OutFront Media ,07290N,,2.0,US 395A,,,Washoe County,,,,,Single Face,Southbound,1.0,No,No,No,Average,3.0,Other,Dorothy Towne Trust ,0 S. Virginia St. ,,,,Other,,BSlobe@dot.nv.gov,1571349494000.0,BSlobe@dot.nv.gov,1580756035000.0,,,{448F6169-2FB2-4830-8507-BDF8FF9D8BE8}
375,,On Premise,MHC 70 LLC ,NA,,2.0,US 395A,,,Washoe County,,,,,V-Type,Southbound,2.0,Yes,No,No,Average,5.0,Other,MHC 70 LLC ,205 US Highway 395 S. ,,,,On Premise,,BSlobe@dot.nv.gov,1571410899000.0,BSlobe@dot.nv.gov,1580756094000.0,,,{21266293-84FE-46FC-9FC3-DD1437D30C7C}
376,,None NHS,The Lamar Companies ,,,2.0,US 395A,,,Washoe County,,,,,Back to Back,Southbound,3.0,Yes,No,No,Good,20.0,Other,Hershel Rosenbaum,435 US Highway 395 S. ,,,,Other,,BSlobe@dot.nv.gov,1571411212000.0,BSlobe@dot.nv.gov,1580756108000.0,,,{551C1F72-66BA-4118-9067-DDFDADDA1F0D}
377,,None NHS,Yesco,,,2.0,US 395A,,,Washoe County,,,,,Back to Back,Southbound,2.0,Yes,No,No,Good,2.0,Other,Canine Rehab Center & Sanctuary Inc. ,555 US Highway 395A,,,,Other,,BSlobe@dot.nv.gov,1571411397000.0,BSlobe@dot.nv.gov,1580756123000.0,,,{CAA319F6-66F3-4C9A-800A-A726ABD75721}
378,,None NHS,OutFront Media ,,,2.0,US 395A,,,Washoe County,,,,,Back to Back,Southbound,2.0,Yes,No,No,Good,10.0,Other,Atherton Living Trust,0 US Highway 395 S. ,,,,Other,,BSlobe@dot.nv.gov,1571411719000.0,BSlobe@dot.nv.gov,1580756134000.0,,,{E6044087-9BFC-4FC3-ADDF-C37914A87D76}
379,,Pending,Lamar ,001471/001481,,2.0,US 395A,,,Washoe County,,,,MAP 21,Back to Back,Southbound,2.0,No,No,Yes,Average,10.0,,,,,,,Map 21,,BSlobe@dot.nv.gov,1571420452000.0,BSlobe@dot.nv.gov,1580755859000.0,,,{7C3C4954-FD30-4E9E-9AE3-BC2C3C7F9981}
386,,Pending ,Lamar ,021032,,2.0,US 395A,,,Washoe County,,,,MAP 21,Back to Back,Northbound,2.0,Yes,No,No,Good,10.0,,,,,,,Map 21,,BSlobe@dot.nv.gov,1571421514000.0,BSlobe@dot.nv.gov,1580850442000.0,,,{45EA21FA-4CA9-46B7-ACAA-DA0F67240BED}
387,,Pending ,Lamar ,001971,,2.0,US 395A,,,Washoe County,,,,MAP 21,Single Face,Southbound,1.0,Yes,No,No,Good,20.0,,,,,,,Map 21,,BSlobe@dot.nv.gov,1571421595000.0,BSlobe@dot.nv.gov,1580850395000.0,,,{2F8599C8-3D6D-4B3A-BCB6-DBFAF59E27F2}
388,,Pending,Lamar ,021022/026052,,2.0,US 395A,,,Washoe County,,,,MAP 21,Back to Back,Northbound,2.0,Yes,No,No,Good,2.0,,,,,,,Map 21,,BSlobe@dot.nv.gov,1571421703000.0,BSlobe@dot.nv.gov,1580755647000.0,,,{15187448-1E06-4B05-A61B-DF3C0D44B405}
401,,Tribal,,,,2.0,US 95,,,Lyon County,County,Non-conforming,Tribal,Interstate Highway,Back to Back,Northbound,2.0,No,No,No,Good,,,,,,,,On Premise,,jroberts2@dot.nv.gov,1572553870000.0,jroberts2@dot.nv.gov,1572553870000.0,,,{4BC49A8A-59A8-4624-8D14-B443E20702A6}
402,,Tribal ,,,,2.0,US 95,,,Mineral County,County,Non-conforming,Tribal ,Interstate Highway,Single Face,Southbound,1.0,No,No,No,Average,,,,,,,,Tribal,,jroberts2@dot.nv.gov,1572554109000.0,jroberts2@dot.nv.gov,1572628851000.0,,,{5AFD7BCC-ECB1-4834-951E-C36C06BE87EB}
408,,On Premise ,DRI,,,,,,,,,,,,,,,,,,,,,,,,,,On Premise,,jroberts2@dot.nv.gov,1574371857000.0,jroberts2@dot.nv.gov,1574371857000.0,,,{537956DF-3635-45DD-9298-A8EFB194D515}
413,,On Premise ,,,,,,,,,,,,,,,,,,,,,,,,,,,On Premise,,jroberts2@dot.nv.gov,1574376461000.0,jroberts2@dot.nv.gov,1574376461000.0,,,{45D00A33-20D2-441F-8F38-C55A404909D9}
416,,Illegal ,The Lamar Companies,,,2.0,US 395,,,,,,,,,Southbound,,,,,,,,,,,,,Illegal,,jroberts2@dot.nv.gov,1574377723000.0,jroberts2@dot.nv.gov,1574377723000.0,,,{2AA5A726-7FFA-488C-8B91-B6DB7B2EC281}
417,,05083,The Lamar Companies ,,5759.0,2.0,IR-580,,,Washoe County,City,Conforming,Approved by Headquaters,Interstate,Back to Back,Northbound,2.0,Yes,No,No,Good,,Other,,,,,,Pending,,jroberts2@dot.nv.gov,1574458778000.0,,1634747890000.0,,,{30213535-364A-4367-90A2-DC9998395A9A}
418,,On Premise ,,,,,,,,,,,,,,Northbound,2.0,Yes,Yes,Yes,,,,,,,,,On Premise,,jroberts2@dot.nv.gov,1574461887000.0,jroberts2@dot.nv.gov,1574462145000.0,,,{E053745D-2DB2-4B3F-A7D6-D2C1F3BBE78A}
419,,On Premise ,,,,,,,,,,,,,,Northbound,2.0,Yes,Yes,Yes,,,,,,,,,On Premise,,jroberts2@dot.nv.gov,1574461911000.0,jroberts2@dot.nv.gov,1574462126000.0,,,{EFD40FDD-152B-4535-AA31-ADA8EEDB7F8C}
421,,On Premise ,,,,,,,,,,,,,,,,,,,,,,,,,,,On Premise,,jroberts2@dot.nv.gov,1574462103000.0,jroberts2@dot.nv.gov,1574462103000.0,,,{CB508E88-87BA-45A8-ADE7-AF630FD6A891}
422,,Pending,Lamar,009421,,2.0,IR-580,,,Washoe County,City,Conforming,,Interstate,Back to Back,Northbound,3.0,No,No,No,Average,400.0,,,,,,,Illegal,,jroberts2@dot.nv.gov,1574462780000.0,BSlobe@dot.nv.gov,1581099290000.0,,,{FE5C068F-A10F-4A86-ADD8-CA73EC5CFFF3}
430,,Illegal ,,,,2.0,US 50,,,Churchill County,City,Non-conforming,Illegal ,Interstate Highway,Back to Back,Westbound,2.0,No,No,No,,,,,,,,,Other,,jroberts2@dot.nv.gov,1574710500000.0,jroberts2@dot.nv.gov,1574710500000.0,,,{05C840B4-C61F-4D0C-9760-C5D2F3746743}
433,,05017,GP Global,,5750.0,2.0,US 95,,,Mineral County,County,Conforming,,Interstate Highway,Back to Back,Northbound,2.0,Yes,No,No,Good,5.0,,,,,,,Other,,jroberts2@dot.nv.gov,1574718896000.0,jroberts2@dot.nv.gov,1574718896000.0,,,{93E59AA7-A486-466A-A1F3-DF2926BFDCBF}
435,,Illegal ,,,,,US 95,,,,,,,,,,,,,,,,,,,,,,Illegal,,jroberts2@dot.nv.gov,1574719650000.0,jroberts2@dot.nv.gov,1574719650000.0,,,{380548F5-8140-4A1A-8E5D-DC5C0DB8E55F}
438,,5015,Arena Outdoor ,,5752.0,2.0,IR-80,,100.95,Pershing County,County,Conforming,,Interstate,Single Face,Eastbound,1.0,No,No,No,Average,10.0,Zoned Industrial,,,,,,Other,,BSlobe@dot.nv.gov,1574794261000.0,BSlobe@dot.nv.gov,1574878370000.0,,,{2C693D16-72A7-4E18-84F8-A842F46F6734}
443,,4706,Arena,,5697.0,2.0,IR-80,14.25,,Pershing County,County,Conforming,,Interstate,Back to Back,Westbound,2.0,No,No,No,Average,60.0,,,,,,,Other,,BSlobe@dot.nv.gov,1574803530000.0,BSlobe@dot.nv.gov,1574803530000.0,,,{42CCBFC1-6087-4A27-9AF8-D6EA0FEECD14}
448,,4694,Arena Outdoor ,,5672.0,2.0,IR-80,10.99,,Pershing County,County,Conforming,,Interstate,V-Type,Westbound,2.0,No,No,No,Average,30.0,,,,,,,Other,,BSlobe@dot.nv.gov,1574805244000.0,BSlobe@dot.nv.gov,1574805244000.0,,,{95CBAE41-B0D5-4634-BC7B-D17582573FEA}
451,,5013,Arena Outdoor ,NA,5745.0,2.0,IR-80,16.75,,Pershing County,County,Conforming,,Interstate,V-Type,Westbound,2.0,Yes,No,No,Good,40.0,Zoned Industrial,,,,,,Other,,BSlobe@dot.nv.gov,1574880064000.0,BSlobe@dot.nv.gov,1578503343000.0,,,{02440C9F-5641-4DCE-92B9-C21FDC2724C2}
454,,04650,,,1493.0,2.0,SR 659,,17.27,Washoe County,City,Conforming,,Interstate Highway,Back to Back,Northbound,2.0,Yes,No,No,Good,10.0,,,,,,,Other,,jroberts2@dot.nv.gov,1575492478000.0,,1604515596000.0,,,{CC62B648-EC00-429F-9ECB-C428223E1160}
459,,04930,The Lamar Companies ,026215,1619.0,2.0,SR 659,,17.95,Washoe County,City,Non-conforming,Switched to Electronic Variable ,Interstate Highway,Back to Back,Northbound,2.0,Yes,Yes,Yes,Good,20.0,,,,,,,Other,,jroberts2@dot.nv.gov,1575494515000.0,,1604515710000.0,,,{B457C9E2-DF8C-4731-B7D4-B629E6E20B47}
460,,04931,The Lamar Companies ,028032,1620.0,2.0,SR 659,,18.01,Washoe County,City,Conforming,,Interstate Highway,V-Type,Southbound,2.0,Yes,No,No,Good,10.0,,,,,,,Other,,jroberts2@dot.nv.gov,1575494674000.0,,1604515727000.0,,,{1D21DF50-8B22-415B-8ADE-AD6705C3C2D7}
461,,Tribal,Outfront Media ,66008A,,2.0,US 395,,,Douglas County,County,,,Interstate Highway,Back to Back,Northbound,2.0,Yes,No,No,Good,,,,,,,,Tribal,,jroberts2@dot.nv.gov,1575576656000.0,jroberts2@dot.nv.gov,1575576656000.0,,,{BEEF1AA0-2FEE-4083-8AE6-AF2BB3BF2CC9}
462,,Tribal ,Outfront Media ,66008D,,2.0,US 395,,,Douglas County,County,,,Interstate Highway,Back to Back,Northbound,2.0,Yes,No,No,Average,,,,,,,,Tribal,,jroberts2@dot.nv.gov,1575576762000.0,jroberts2@dot.nv.gov,1575576762000.0,,,{8FA1B388-352C-417D-94B2-DF88F7326C40}
473,,Tribal ,,,,2.0,US 395,,,Douglas County,County,,,Interstate Highway,Single Face,Northbound,1.0,Yes,No,No,Average,,,,,,,,Tribal,,jroberts2@dot.nv.gov,1575578653000.0,jroberts2@dot.nv.gov,1575578653000.0,,,{68685A16-3719-4976-987E-ABF300BE29E7}
477,,Illegal ,Big Reds,,,2.0,SR 88,,,Douglas County,County,Non-conforming,No permit,MAP 21,Single Face,Northbound,1.0,No,No,No,Average,0.0,,,,,,,Illegal,,jroberts2@dot.nv.gov,1575580050000.0,jroberts2@dot.nv.gov,1575580050000.0,,,{0357FE7E-38C4-42D5-92DC-AD8398004FA9}
481,,Pending ,Lamar,037212,,2.0,Vista Boulevard,,,Washoe County,City,Conforming,,,V-Type,Southbound,2.0,Yes,Yes,Yes,Good,20.0,Zoned Industrial,,,,,,Map 21,,BSlobe@dot.nv.gov,1580153268000.0,BSlobe@dot.nv.gov,1580754870000.0,,,{2BD1E4F0-BD8B-46C1-A8F8-E501FBBF998A}
489,,,Kiley Ranch Lennar.com,,,2.0,SR 445,,,Washoe County,County,Non-conforming,,MAP 21,Back to Back,Northbound,2.0,,,,,,,,,,,,Illegal,,BSlobe@dot.nv.gov,1580505503000.0,BSlobe@dot.nv.gov,1580754493000.0,,,{77818AB4-73DA-4B03-8D74-B3F117A40F90}
491,,Illegal ,Kiley Ranch,,,2.0,SR 445,,,Washoe County,County,Non-conforming,,MAP 21,Back to Back,Northbound,2.0,,,,,,,,,,,,Illegal,,BSlobe@dot.nv.gov,1580505735000.0,BSlobe@dot.nv.gov,1580754512000.0,,,{B1E1DFB4-BCEF-4665-8E81-D4811167A5AA}
492,,Illegal ,Kiley Ranch,,,2.0,SR 445,,,Washoe County,County,Non-conforming,,MAP 21,Back to Back,Northbound,2.0,No,,,,,,,,,,,Illegal,,BSlobe@dot.nv.gov,1580505791000.0,BSlobe@dot.nv.gov,1580754523000.0,,,{E098AD58-2F03-4E6D-B796-B19F8EAEEC16}
493,,Illegal ,Kiley Ranch,,,2.0,SR 445,,,Washoe County,County,Non-conforming,,MAP 21,Back to Back,Northbound,2.0,,,,,,,,,,,,Illegal,,BSlobe@dot.nv.gov,1580505852000.0,BSlobe@dot.nv.gov,1580754543000.0,,,{BD74BE8A-2DAB-44F7-8ACB-E6668B9943BE}
494,,On Premise,Red Hawk,,,2.0,SR 445,,,Washoe County,City,Conforming,,MAP 21,Back to Back,Northbound,2.0,No,No,No,Average,3.0,,,,,,,On Premise,,BSlobe@dot.nv.gov,1580506094000.0,BSlobe@dot.nv.gov,1580754560000.0,,,{F9ACFF03-1772-4944-823E-CAACD4F67EB1}
497,,Illegal,Ferrari Lund,,,2.0,SR 445,,,Washoe County,City,Non-conforming,,MAP 21,Single Face,Northbound,1.0,No,No,No,Average,10.0,,,,,,,Illegal,,BSlobe@dot.nv.gov,1580506342000.0,BSlobe@dot.nv.gov,1580754594000.0,,,{4A07C500-B8D0-49DE-9EB1-CCF7DD89F8FC}
503,,Illegal ,Green Mountain Janitorial,,,2.0,SR 445,,,Washoe County,,Non-conforming,,MAP 21,Single Face,Northbound,1.0,No,No,No,Bad,30.0,,,,,,,Illegal,,BSlobe@dot.nv.gov,1580507064000.0,BSlobe@dot.nv.gov,1580754719000.0,,,{BB831A17-504C-470E-8561-C84D1EC8DCD7}
504,,Illegal ,JR Electric LLC,,,2.0,SR 445,,,Washoe County,,Non-conforming,,MAP 21,Single Face,Northbound,1.0,No,No,No,Bad,28.0,,,,,,,Illegal,,BSlobe@dot.nv.gov,1580507150000.0,BSlobe@dot.nv.gov,1580754729000.0,,,{A310F1B2-9CA6-4B2C-B83C-A53208E1B7B2}
507,,Illegal ,All about chiropractic ,,,2.0,SR 445,,,Washoe County,,Non-conforming,,MAP 21,Single Face,Northbound,3.0,No,No,No,Bad,20.0,,,,,,,Illegal,,BSlobe@dot.nv.gov,1580507421000.0,BSlobe@dot.nv.gov,1580754759000.0,,,{D332EA3E-0995-47A0-AA5E-CB78197D7C94}
513,,Illegal ,RyderShadowRidge.com,,,2.0,SR 445,,,Washoe County,,Non-conforming,,MAP 21,Back to Back,Northbound,1.0,No,No,No,Average,20.0,,,,,,,Illegal,,BSlobe@dot.nv.gov,1580508321000.0,BSlobe@dot.nv.gov,1580754845000.0,,,{CCC916ED-26AB-4B3E-B1DE-B72A11812859}
522,,Pending,Clear Channel,02591,,2.0,US 395A,,,Washoe County,City,,,MAP 21,Back to Back,Southbound,4.0,Yes,No,No,Average,3.0,,,,,,,Map 21,,BSlobe@dot.nv.gov,1580764237000.0,BSlobe@dot.nv.gov,1580764330000.0,,,{47A44DA7-46B8-4DC9-9164-ACFEFA1FA61B}
523,,Pending,Lamar,012531/012521,,2.0,US 395A,,,Washoe County,City,,,MAP 21,Back to Back,Northbound,4.0,Yes,No,No,Good,3.0,,,,,,,Map 21,,BSlobe@dot.nv.gov,1580764426000.0,BSlobe@dot.nv.gov,1580764533000.0,,,{3144CA51-55BE-441F-A97E-B1F67F44C02F}
530,,Pending,Sierra Displays,,,2.0,US 395A,,,Washoe County,City,,,MAP 21,Side by Side,Northbound,1.0,No,No,No,Good,2.0,,,,,,,Map 21,,BSlobe@dot.nv.gov,1580765898000.0,BSlobe@dot.nv.gov,1580848286000.0,,,{3D247A52-E4CF-4E18-8CBF-BD757F61590C}
533,,Pending,Lamar,019911,,2.0,US 395A,,,Washoe County,City,,,MAP 21,Single Face,Northbound,2.0,Yes,No,No,Average,20.0,,,,,,,Map 21,,BSlobe@dot.nv.gov,1580766533000.0,BSlobe@dot.nv.gov,1580766611000.0,,,{512CA61F-D7E7-413D-8036-A3C2275401E3}
536,,,Shamrock Storage ,,,2.0,US 395A,,,Washoe County,City,,,MAP 21,Single Face,Northbound,1.0,No,No,No,Bad,10.0,,,,,,,On Premise,,BSlobe@dot.nv.gov,1580845857000.0,BSlobe@dot.nv.gov,1580845857000.0,,,{62118932-4A36-4511-99E1-BD65DB17B4C0}
540,,Pending,Fantasia Pet Resort,,,2.0,US 395A,,,Washoe County,City,Non-conforming,,MAP 21,Single Face,Northbound,1.0,No,No,No,Average,80.0,,,,,,,Map 21,,BSlobe@dot.nv.gov,1580846675000.0,BSlobe@dot.nv.gov,1580846675000.0,,,{0565BDCC-27B2-4634-A6BF-E367AB69F8A4}
541,,Pending,Lamar,003282,,2.0,US 395A,,,Washoe County,City,,,MAP 21,Back to Back,Northbound,3.0,Yes,No,No,Average,30.0,,,,,,,Map 21,,BSlobe@dot.nv.gov,1580846787000.0,BSlobe@dot.nv.gov,1580847211000.0,,,{6C3AD83E-EF41-4A1E-AB74-E4CB18BC8B23}
544,,Pending ,Lamar,010921,,2.0,US 395A,,,Washoe County,City,,,MAP 21,Back to Back,Northbound,2.0,Yes,No,No,Average,0.0,,,,,,,Map 21,,BSlobe@dot.nv.gov,1580849626000.0,BSlobe@dot.nv.gov,1580849626000.0,,,{F6A636DE-66EE-4A7B-91AD-AD721484CCB5}
550,,Pending,Lamar ,,,2.0,Kietzke Lane,,,Washoe County,,,,MAP 21,Back to Back,Southbound,2.0,Yes,No,No,Good,50.0,,,,,,,Map 21,,BSlobe@dot.nv.gov,1580927288000.0,BSlobe@dot.nv.gov,1580927288000.0,,,{120B6C43-95D1-4413-9417-A9E47B6659ED}
558,,Pending ,Lamar ,019211/009221,,2.0,Kietzke Lane,,,Washoe County,,,,MAP 21,Back to Back,Southbound,3.0,Yes,No,No,Average,10.0,,,,,,,Map 21,,BSlobe@dot.nv.gov,1580928554000.0,BSlobe@dot.nv.gov,1580928554000.0,,,{F25AB892-B36A-4963-81E9-CD7DEC653786}
559,,Pending ,Lamar ,019231/019251,,2.0,Kietzke Lane,,,Washoe County,,,,MAP 21,Back to Back,Northbound,4.0,Yes,No,No,Good,10.0,,,,,,,Map 21,,BSlobe@dot.nv.gov,1580928766000.0,BSlobe@dot.nv.gov,1580928766000.0,,,{135312CA-1FCF-4933-932B-B17518912455}
567,,Pending ,Lamar,003661,,2.0,Fourth Street,,,Washoe County,,,,MAP 21,Back to Back,Westbound,1.0,Yes,No,No,Average,60.0,,,,,,,Map 21,,BSlobe@dot.nv.gov,1581099796000.0,BSlobe@dot.nv.gov,1581099968000.0,,,{00CBF057-45D8-4595-806A-A4EAAEAE59D8}
568,,Pending,Lamar,000531,,2.0,Fourth Street,,,Washoe County,City,,,MAP 21,Back to Back,Eastbound,2.0,No,No,No,Average,0.0,,,,,,,Map 21,,BSlobe@dot.nv.gov,1581099891000.0,BSlobe@dot.nv.gov,1581099891000.0,,,{E6198FD4-2094-453D-B2C1-A6163906A989}
569,,Pending,,,,2.0,Fourth Street,,,Washoe County,,,,MAP 21,Single Face,Eastbound,1.0,No,No,No,Average,5.0,,,,,,,Map 21,,BSlobe@dot.nv.gov,1581100241000.0,BSlobe@dot.nv.gov,1581100477000.0,,,{3008DE9D-0357-49CF-85E6-B7E53BBEB7DD}
572,,Pending ,Lamar ,010191,,2.0,Fourth Street,,,Washoe County,City,,,MAP 21,Back to Back,Westbound,2.0,Yes,No,No,Average,2.0,,,,,,,Map 21,,BSlobe@dot.nv.gov,1581101035000.0,BSlobe@dot.nv.gov,1581101035000.0,,,{70F3CB46-0585-45C5-B6DC-CC35C9847412}
573,,05072 - Cancelled 1-26-2022,"Arena Outdoor, Inc",01097,5773.0,2.0,IR-80,25.8,,Pershing County,County,,,,Single Face,Westbound,1.0,Yes,No,No,,,Other,"Ordination of Heliotropes, LLC",,,,,Pending,,BSlobe@dot.nv.gov,1581357315000.0,,1645205841000.0,,,{5E6CD85B-CD7A-4FAC-9527-BE9E2A14860A}
574,,05073 - Cancelled 1-26-2022,"Arena Outdoor, Inc",01098,5774.0,2.0,IR-80,,,Pershing County,County,,,Interstate,Single Face,Westbound,1.0,Yes,No,No,,,Other,"Ordination of Heliotropes, LLC",,,,,Pending,,BSlobe@dot.nv.gov,1581357484000.0,,1645205855000.0,,,{0638C34F-FC9D-4361-A3D9-DF2860028226}
575,,05074 - Cancelled 1-26-2022,"Arena Outdoor, Inc",01099,5775.0,2.0,IR-80,24.48,,Pershing County,County,,,Interstate,Single Face,Westbound,1.0,Yes,No,No,,,Other,Ordination of Heliotropes ,,,,,Pending,,BSlobe@dot.nv.gov,1581357682000.0,,1645205867000.0,,,{BEDD51B3-9ABA-4E62-B5F9-B27D0861997B}
576,,05075 - Cancelled 1-26-2022,"Arena Outdoor, Inc",01100,5776.0,2.0,IR-80,25.31,,Pershing County,County,,,Interstate,Single Face,Westbound,1.0,Yes,No,No,,,Other,"Ordination of Heliotropes, LLC",,,,,Pending,,BSlobe@dot.nv.gov,1581357873000.0,,1645205878000.0,,,{655F18EF-1EA1-4122-B847-B5AE87B0F37A}
579,,05078 - Cancelled 1-26-2022,"Arena Outdoor, Inc",01103,5779.0,2.0,IR-80,24.8,,Pershing County,County,,,Interstate,Single Face,Westbound,1.0,Yes,No,No,,,Other,"Ordination of Heliotropes, LLC",,,,,Pending,,BSlobe@dot.nv.gov,1581358218000.0,,1645205921000.0,,,{90DC9BA8-9600-49AE-AA15-C94943F62E8F}
585,,On Premise ,Eagle Window and Door Company,,,2.0,Fourth Street,,,Washoe County,,,,MAP 21,Single Face,Eastbound,1.0,Yes,No,No,Average,,,,,,,,On Premise,,,,,,,,{0D35C054-137B-4767-8E02-DA378DD41154}
587,,Pending,Unknown ,,,2.0,Fourth Street,,,Washoe County,City,,,MAP 21,Single Face,Eastbound,1.0,No,No,No,Average,10.0,,,,,,,Map 21,,,,,,,,{C3858131-2CBD-4C83-9E5B-CD7CCB446FA2}
993,,Sys#5809,,,,2.0,US 50,0.7,,Lyon County,County,Non-conforming,,Interstate Highway,Stacked,Westbound,4.0,Yes,Yes,Yes,Good,10.0,,,,,,,Illegal,,,1603204718000.0,,1642627595000.0,,,{D203D943-938B-4BA4-86EF-C7C605703FBD}
1393,,Tribal,,,,2.0,US 395,,,Douglas County,County,,,Interstate Highway,Back to Back,Northbound,2.0,Yes,No,No,Good,,,,,,,,Tribal,,,1603289699000.0,,1603289699000.0,,,{7FE94A16-3C09-4B30-A382-ADD6EAB0C324}
1394,,Tribal,Lamar,,,2.0,US 395,,,Douglas County,County,,,Interstate Highway,V-Type,Northbound,2.0,No,Yes,Yes,,,,,,,,,Tribal,,,1603289758000.0,,1603289758000.0,,,{1C3B5C7C-5D00-4E9B-86C8-B04102CB73E1}
1398,,,Douglas County,,,2.0,US 395,,,Douglas County,County,,,MAP 21,Back to Back,Southbound,2.0,No,No,No,,,,,,,,,Map 21,,,1603291534000.0,,1603291534000.0,,,{674B82F6-CDAE-4B9D-B063-AF0CC8A50B7C}
1403,,No Message (On Premise),,,,2.0,US 95A,,,Lyon County,,,,,V-Type,Southbound,4.0,Yes,,,Bad,10.0,,,,,,,On Premise,,,1603307878000.0,,1603307878000.0,,,{F63AE45D-3BA8-4AD7-BF89-CD401ED2F75B}
1798,,Excluded ,,,,2.0,US 95,,,Mineral County,County,,,Interstate Highway,Single Face,Northbound,1.0,No,No,No,Average,,,,,,,,Tribal,,,1603397686000.0,,1603397686000.0,,,{274DFCAC-1CD8-4DC5-AD4C-CD014AB82ECB}
1800,,,Excluded ,,,2.0,US 95,,,Mineral County,County,,,Interstate Highway,Single Face,Northbound,1.0,No,No,No,Average,,,,,,,,Tribal,,,1603397815000.0,,1603397815000.0,,,{920D9331-EFB3-439B-9FCA-CC1C4249867C}
1804,,,Excluded ,,,2.0,US 95,,,Mineral County,County,,,Interstate Highway,Single Face,Southbound,1.0,No,No,No,Bad,,,,,,,,Tribal,,,1603398105000.0,,1603398105000.0,,,{BD8253AA-8A49-48E0-A7DF-D211C336EA15}
4195,,33333,,,,,,,,,,,,,,,,,,,,,,,,,,,Illegal,,,1641504454000.0,,1642030328000.0,,,{22D609B9-662D-4DD3-BCF8-C770093F7197}
4593,,Sys#5806,Richard Fraige,,5806.0,2.0,US 50,1.14,,Lyon County,County,Non-conforming,Illegal,Interstate,Back to Back,Eastbound,2.0,No,No,No,Average,,,Richard Fraige,"10117 E Hwy 50, Moundhouse, NV, 89706",,,,Illegal,,,1642112630000.0,,1642112630000.0,,,{9991B0C4-3A0A-4860-B17F-AFAC6EEA2E3D}
4993,,99999,,,,,,,,,,,,,,,,,,,,,,,,,,,Illegal,,,1642193642000.0,,1642193771000.0,,,{995B33DC-2AD4-4625-A5B1-ACCEE4B4C8F6}
5398,,#fffff,,,,,,,,,,,,,,,,,,,,,,,,,,,Illegal,,,1644275256000.0,,1644275256000.0,,,{D2BAFC15-5043-41BD-BED2-D74915BF786B}
5400,,#hhhhh,,,,,,,,,,,,,,,,,,,,,,,,,,,Illegal,,,1644276619000.0,,1644276619000.0,,,{97F38D9D-AD69-46D6-82A7-CA1F9CC71543}
5793,,#iiiii,,,,,,,,,,,,,,,,,,,,,,,,,,,Illegal,,,1644360147000.0,,1644360147000.0,,,{571F5537-28F5-4FD8-86CC-BEB4EAC06D93}
5795,,#jjjjj,,,,,,,,,,,,,,,,,,,,,,,,,,,Illegal,,,1644361826000.0,,1644443084000.0,,,{EC56DD49-7504-435E-9C02-C818A84AB5A6}
6194,,On Primise,,,,,,,,,,,,,,,,,,,,,,,,,,,On Premise,,,1644432756000.0,,1645203790000.0,,,{4FB3119E-F716-492B-A131-AA38A0591D3E}
6196,,#mmmmm,,,,,,,,,,,,,,,,,,,,,,,,,,,Illegal,,,1644443557000.0,,1644443557000.0,,,{0DCD2005-5711-4A41-9974-C05C743EEB95}
6198,,#ooooo,,,,,,,,,,,,,,,,,,,,,,,,,,,Illegal,,,1644445027000.0,,1644445027000.0,,,{7703E986-DFAB-42F3-AE64-BF09CDA9E208}
6205,,Stagecoach Market,,,,,,,,,,,,,,,,,,,,,,,,,,,On Premise,,,1644446757000.0,,1644446757000.0,,,{0BD3F646-A719-4F71-855E-A3ED90206AE4}
6207,,Carson Plains Casino,,,,,,,,,,,,,,,,,,,,,,,,,,,On Premise,,,1644447946000.0,,1644447946000.0,,,{0AEEDEEF-F88A-4A61-95CB-DFD5482E7C63}
6208,,East 50 Bar,,,,,,,,,,,,,,,,,,,,,,,,,,,On Premise,,,1644448122000.0,,1644448122000.0,,,{379C9DD2-F984-4108-8F36-BD44E6DB4FDA}
6211,,#wwwww,,,,,,,,,,,,,,,,,,,,,,,,,,,Illegal,,,1644448857000.0,,1644448857000.0,,,{C4268F54-69CD-467F-A3F6-DDBB4A45E3F8}
6212,,#uuuuu,,,,,,,,,,,,,,,,,,,,,,,,,,,Illegal,,,1644449352000.0,,1644516794000.0,,,{25808B8D-7371-4E6C-9F37-CB3B2CFDCBBE}
6596,,#zzzzz,,,,,,,,,,,,,,,,,,,,,,,,,,,Illegal,,,1644536425000.0,,1644536425000.0,,,{7CC86216-FD42-44F7-B339-E0ED79337FA9}
12,311.0,Tribal,,,,2.0,,,,,,,,,,,,,,,,,Other,,,,-118.8087146,38.93271599,Tribal,,TJSmith@dot.nv.gov,1568057172000.0,jroberts2@dot.nv.gov,1572629123000.0,-118.8087146,38.93271599,{07266ED2-6E62-4C0C-9AD5-E95F2377FAC6}
18,335.0,05021,Arena ,,5760.0,2.0,IR-80,124.6,124.6,Pershing County,County,Conforming,,Interstate,Single Face,Eastbound,1.0,No,No,No,Average,30.0,Other,Ordination of Heliotropes,,Robert Kennerson (775)835-3825,-118.29785,40.40036,Pending,Yes,TJSmith@dot.nv.gov,1568057172000.0,BSlobe@dot.nv.gov,1568213804000.0,-118.29785,40.40036,{38E903F8-1912-4758-A432-F659EE3B399C}
24,120.0,04140,Sunrise Valley RV Park,,1002.0,2.0,US 95,50.51,,Mineral County,City,Conforming,,Interstate Highway,Single Face,Southbound,1.0,No,No,No,Average,10.0,Unzoned Commercial,George Brown,,,-118.6269948,38.53402262,Other,,TJSmith@dot.nv.gov,1568057172000.0,jroberts2@dot.nv.gov,1574719516000.0,-118.6269948,38.53402262,{37F65B18-D958-4E64-81E6-F7A34D50F156}
39,28.0,04684,Ron Giovanetti,,5654.0,2.0,US 50,15.89,,Churchill County,County,Conforming,,Interstate Highway,Stacked,Eastbound,2.0,No,No,No,Good,15.0,Zoned Commercial,Ron Giovanetti,,,-118.8630364,39.48529666,Other,,TJSmith@dot.nv.gov,1568057172000.0,jroberts2@dot.nv.gov,1574708309000.0,-118.8630364,39.48529666,{F2D132C3-70A8-4FBD-8A8B-F4F6C69B32C6}
41,262.0,01311,Outfront Media,05052A,89.0,2.0,IR-80,19.9,,Washoe County,County,Conforming,,Interstate,Single Face,Westbound,1.0,Yes,No,No,Average,20.0,,Henry Casci,,,-119.6963316,39.52557114,Other,,TJSmith@dot.nv.gov,1568057172000.0,jroberts2@dot.nv.gov,1575488907000.0,-119.6963316,39.52557114,{C5EB6CDA-1E4D-430D-A2BC-FB6930448881}
48,253.0,00329,The Lamar Companies,010592,15.0,2.0,IR-80,26.72,,Washoe County,County,Conforming,,Interstate,Back to Back,Eastbound,2.0,Yes,No,No,Average,10.0,,MCCarran MP Sister,,,-119.5920328,39.54490126,Other,,TJSmith@dot.nv.gov,1568057172000.0,jroberts2@dot.nv.gov,1574700567000.0,-119.5920328,39.54490126,{F3690945-F006-4BCB-8528-EDEB22D2E410}
51,95.0,04190,Kimberly R Bull,,1052.0,2.0,US 95A S,13.57,,Lyon County,,,,,,,2.0,No,No,,,,Unzoned Commercial,Don and Joy Tibbals,,,-119.1802924,38.99383215,Other,,TJSmith@dot.nv.gov,1568057172000.0,TJSmith@dot.nv.gov,1568057172000.0,-119.1802924,38.99383215,{85AD402F-3F00-4843-B732-F448E808467B}
62,20.0,04988,Western Nevada Community College,,1676.0,2.0,US 50,13.2,,Churchill County,County,Conforming,,Interstate Highway,Back to Back,Eastbound,2.0,No,No,No,Average,10.0,Unzoned Commercial,Fallon Funny Farms LLC,,,-118.9071351,39.50189304,Other,,TJSmith@dot.nv.gov,1568057172000.0,BSlobe@dot.nv.gov,1574707303000.0,-118.9071351,39.50189304,{06BF8B83-BE65-4BCF-B6A7-FE90DD22B20F}
71,292.0,Tribal,,,,2.0,,,,,,,,,,,,,,,,,Other,,,,-119.2790745,39.61879052,Tribal,,TJSmith@dot.nv.gov,1568057172000.0,BSlobe@dot.nv.gov,1574702521000.0,-119.2790745,39.61879052,{FED3B0CC-6FF1-49D1-B0E0-E813ADF5707C}
99,228.0,00959 Removed 11/19,Outfront Media,,57.0,2.0,,12.5,,Washoe County,,,,,,,1.0,Yes,No,,,,Unzoned Commercial,Premier Development Co.,,,-119.8293972,39.52901865,Other,,TJSmith@dot.nv.gov,1568057172000.0,jroberts2@dot.nv.gov,1573675728000.0,-119.8293972,39.52901865,{BB2D08B6-4A15-40FA-B2DA-F8ACBE576BDF}
112,89.0,04952,Stanton Park Development,,1641.0,2.0,US 50,11.56,,Lyon County,County,Conforming,,Interstate Highway,Back to Back,Westbound,2.0,No,No,No,Good,40.0,Unzoned Commercial,Stanton Park Development,,,-119.5225984,39.29944608,Other,Yes,TJSmith@dot.nv.gov,1568057172000.0,BSlobe@dot.nv.gov,1574185005000.0,-119.5225984,39.29944608,{1F7ECB2B-2761-44A5-99BE-F234CDD79DEE}
130,273.0,03116,The Lamar Companies,012252,295.0,2.0,US 395,33.57,,Washoe County,County,Conforming,,Interstate,Back to Back,Southbound,2.0,Yes,No,No,Good,30.0,Unzoned Commercial,Dave Montgomery,,,-119.8678835,39.61571262,Other,,TJSmith@dot.nv.gov,1568057172000.0,jroberts2@dot.nv.gov,1574375875000.0,-119.8678835,39.61571262,{80F8A019-1784-49BA-BFBE-ED47AB20DC0C}
149,167.0,03120,The Lamar Companies,012232,299.0,2.0,IR-580,22.49,,Washoe County,City,Conforming,,Interstate,V-Type,Southbound,2.0,Yes,No,No,Good,10.0,Unzoned Commercial,Fletcher Jones,,,-119.7856285,39.49028404,Other,,TJSmith@dot.nv.gov,1568057172000.0,jroberts2@dot.nv.gov,1574448563000.0,-119.7856285,39.49028404,{8758F0C1-375E-44DB-BB90-F076ADF07815}
155,84.0,03898,Lyon County,,776.0,2.0,US 50,5.18,,Lyon County,County,Conforming,,Interstate Highway,Back to Back,Westbound,2.0,Yes,Yes,Yes,Good,2.0,Unzoned Commercial,Lyon County,River St.,,-119.5930052,39.23192395,Other,Yes,TJSmith@dot.nv.gov,1568057172000.0,,1644353889000.0,-119.5930052,39.23192395,{28701317-B164-42EC-A993-F95E17B0FC3D}
160,104.0,04689,KWS Lucky Bar,,5668.0,2.0,US 95A S,53.65,,Lyon County,,,,,,,2.0,No,No,,,,Zoned Commercial,Danielle Simpson ,"1965 Hwy 95A Fernley Nv, 89408",,-119.2321999,39.54118103,Other,,TJSmith@dot.nv.gov,1568057172000.0,TJSmith@dot.nv.gov,1568057172000.0,-119.2321999,39.54118103,{944C1895-4F75-48FE-B064-FE36DA2182A0}
170,159.0,04609,Saunders Outdoor Advertising,219,1452.0,2.0,IR-580,25.65,,Washoe County,City,Conforming,,Interstate,V-Type,Southbound,2.0,Yes,No,No,Good,25.0,Unzoned Commercial,Paul Ferrari,,,-119.7888923,39.5342856,Other,,TJSmith@dot.nv.gov,1568057172000.0,jroberts2@dot.nv.gov,1573676915000.0,-119.7888923,39.5342856,{ABD2AE7C-5C6A-4FEB-9DB0-F18DB5810B3D}
181,280.0,04605,Saunders Outdoor Advertising,221,1448.0,2.0,US 395,27.39,,Washoe County,City,Conforming,,Interstate,V-Type,,2.0,Yes,No,No,Good,15.0,Unzoned Commercial,Kathryn Huntington,,,-119.7911451,39.55827679,Other,,TJSmith@dot.nv.gov,1568057172000.0,jroberts2@dot.nv.gov,1574377635000.0,-119.7911451,39.55827679,{35C33F7A-F189-4884-AE36-EA1647DF21EC}
187,16.0,04942,Yesco Outdoor Media,53044E,1631.0,2.0,US 50,14.23,,Carson City,City,Conforming,,Interstate Highway,Back to Back,Westbound,2.0,Yes,No,No,Good,25.0,Zoned Commercial,Paul & Yolanda Fischer,,,-119.7076914,39.18743556,Other,,TJSmith@dot.nv.gov,1568057172000.0,BSlobe@dot.nv.gov,1574198498000.0,-119.7076914,39.18743556,{73E7BBBC-5EB4-47CB-9B78-FD15C782FFE8}
194,148.0,04697,Areana Outdoor Inc,,5680.0,2.0,IR-80,39.77,,Pershing County,County,Conforming,,Interstate,V-Type,Eastbound,2.0,No,No,No,Good,20.0,Zoned Industrial,Robert Kennerson ,,,-118.2850965,40.45618589,Other,,TJSmith@dot.nv.gov,1568057172000.0,BSlobe@dot.nv.gov,1574799579000.0,-118.2850965,40.45618589,{AB03710D-BBB1-4216-BE25-FA7946642126}
201,83.0,03802,Sweet Deal LLC,NA,700.0,2.0,US 50,0.54,,Lyon County,County,Conforming,,Interstate Highway,Back to Back,Eastbound,2.0,Yes,No,No,Good,10.0,Unzoned Commercial,Sweet Deal LLC,,,-119.6731242,39.21253894,Other,,TJSmith@dot.nv.gov,1568057172000.0,BSlobe@dot.nv.gov,1574199860000.0,-119.6731242,39.21253894,{7F18E9AA-108C-41ED-B82F-EB28BC1D5848}
217,53.0,04678,GP Global,NA ,5647.0,2.0,US 50A,6.1,,Churchill County,County,Conforming,,Interstate Highway,Back to Back,Eastbound,2.0,Yes,No,No,Good,10.0,Zoned Commercial,Kim Lampron,"10 Bench Rd, Fallon, NV, 89406",,-118.9888665,39.53561714,Other,,TJSmith@dot.nv.gov,1568057172000.0,BSlobe@dot.nv.gov,1574706529000.0,-118.9888665,39.53561714,{0309C736-BDAB-45A9-B3BA-F893EF3DF4CA}
224,44.0,03220,Sierra Displays,,335.0,2.0,US 50,20.8,,Churchill County,City,Conforming,,Interstate Highway,Back to Back,Westbound,2.0,No,No,No,Good,5.0,Unzoned Commercial,Kent I H Co,,,-118.7737771,39.4747705,Other,,TJSmith@dot.nv.gov,1568057172000.0,jroberts2@dot.nv.gov,1574710297000.0,-118.7737771,39.4747705,{653CEF8D-7452-4474-8968-E83ECFA7F4FB}
234,226.0,00808,Outfront Media,069036,53.0,2.0,IR-80,12.39,,Washoe County,City,Conforming,,Interstate,Single Face,,1.0,Yes,No,No,Average,200.0,Zoned Commercial,Frank Monroe,,,-119.8311785,39.52801707,Other,,TJSmith@dot.nv.gov,1568057172000.0,jroberts2@dot.nv.gov,1573675408000.0,-119.8311785,39.52801707,{4A4D58AB-7ED7-47DF-B290-FBE2F67A609E}
243,303.0,Tribal,,,,2.0,,,,,,,,,,,,,,,,,Other,,,,-118.8029917,38.91195119,Tribal,,TJSmith@dot.nv.gov,1568057172000.0,jroberts2@dot.nv.gov,1572628953000.0,-118.8029917,38.91195119,{6F4C9A68-A49D-46E3-BBDB-E94C8B47D26C}
263,112.0,04101,Lamar,510705/510702,963.0,2.0,US 50A,4.36,,Lyon County,County,Conforming,,Interstate Highway,Back to Back,Westbound,2.0,Yes,No,No,Average,5.0,Zoned Commercial,Thomas Ferre,,,-119.1482905,39.59222607,Other,,TJSmith@dot.nv.gov,1568057172000.0,,1610732980000.0,-119.1482905,39.59222607,{B7580116-AEE3-464A-90D7-F3351ACC3082}
294,326.0,Excluded,,,,2.0,,,,Lyon County,,,,,,,,,,,,,,,,,-119.1797186,38.99418522,Illegal,,TJSmith@dot.nv.gov,1568057172000.0,TJSmith@dot.nv.gov,1568057172000.0,-119.1797186,38.99418522,{FD4AFD82-30D4-4732-B6D3-EB7082217E04}
295,78.0,04653,V&T Management LLC,,1496.0,2.0,US 50,1.7,,Lyon County,County,Conforming,,Interstate Highway,Back to Back,Westbound,2.0,Yes,Yes,Yes,Good,10.0,Unzoned Commercial,V&T Management,,,-119.6529807,39.21912419,Other,,TJSmith@dot.nv.gov,1568057172000.0,BSlobe@dot.nv.gov,1574200990000.0,-119.6529807,39.21912419,{27BC7B7A-C09E-429C-8B67-EB4BB9A5670B}
298,133.0,04676,Areana Outdoor Inc,,5624.0,2.0,IR-80,13.92,,Pershing County,County,Conforming,,Interstate,Single Face,Westbound,1.0,No,No,No,Average,30.0,Zoned Industrial,Robert Kennerson ,,,-118.5085964,40.13802174,Other,,TJSmith@dot.nv.gov,1568057172000.0,BSlobe@dot.nv.gov,1574803743000.0,-118.5085964,40.13802174,{ABE527C7-52DD-4D4F-87A1-FD66A231958D}
311,184.0,04628,Reno Tahoe Intrntnl Airport,,1471.0,2.0,IR-580,23.12,,Washoe County,City,Conforming,,Interstate,V-Type,Northbound,2.0,Yes,No,No,Good,125.0,Unzoned Commercial,Reno Tahoe Intl Airport,,,-119.782918,39.4993361,Other,,TJSmith@dot.nv.gov,1568057172000.0,jroberts2@dot.nv.gov,1574461362000.0,-119.782918,39.4993361,{34EE455A-44FD-4A1B-8102-EEEC205889A9}
318,244.0,04194,Sierra Displays,07522W,1056.0,2.0,IR-80,17.68,,Washoe County,City,Conforming,,Interstate,Back to Back,Eastbound,2.0,Yes,No,No,Good,100.0,Zoned Commercial,Thiessens Family Trust,,,-119.7370462,39.53187519,Other,,TJSmith@dot.nv.gov,1568057172000.0,jroberts2@dot.nv.gov,1574699331000.0,-119.7370462,39.53187519,{E17EBD24-67A2-404D-B3E8-F44D88995F08}
323,223.0,04604,Saunders Outdoor Advertising,222,1447.0,2.0,IR-80,12.03,,Washoe County,City,Conforming,,Interstate,Back to Back,Eastbound,2.0,Yes,No,No,Good,50.0,Zoned Commercial,Games Family Trust,,,-119.8377367,39.5267883,Other,,TJSmith@dot.nv.gov,1568057172000.0,jroberts2@dot.nv.gov,1573674902000.0,-119.8377367,39.5267883,{D12D9766-90E8-4406-AB31-F1EAD07AC1AA}
332,216.0,00400,The Lamar Companies,002502,31.0,2.0,IR-80,9.99,,Washoe County,County,Conforming,,Interstate,Single Face,,1.0,Yes,No,No,Good,5.0,,Harrahs,,,-119.8731841,39.51812032,Other,,TJSmith@dot.nv.gov,1568057172000.0,jroberts2@dot.nv.gov,1573673525000.0,-119.8731841,39.51812032,{7AB9383A-DCAB-4B22-B0B1-F097F32E34D1}
406,,Unknown Poles up no board,NA,,,2.0,US 50,,,Carson City,,Non-conforming,,Interstate Highway,Single Face,Eastbound,,,,No,Bad,40.0,,,,,,,Other,,BSlobe@dot.nv.gov,1574192359000.0,BSlobe@dot.nv.gov,1574192359000.0,,,{F9226A9B-D593-4C05-B3B2-FF19ED5CB155}
411,,On Premise ,,,,,,,,,,,,,,,,,,,,,,,,,,,On Premise,,jroberts2@dot.nv.gov,1574376394000.0,jroberts2@dot.nv.gov,1574376394000.0,,,{3F48C9C7-8145-4648-B688-FEB1740410DA}
423,,Illegal,Mustang Ranch ,,,2.0,IR-80,,,Washoe County,County,Non-conforming,,Interstate,Single Face,Eastbound,1.0,No,No,No,Average,10.0,,,,,,,Illegal,,BSlobe@dot.nv.gov,1574700785000.0,BSlobe@dot.nv.gov,1574700785000.0,,,{056791B6-5BA4-482D-8359-EBBD9D858782}
424,,Illegal,Mustang Ranch,,,2.0,IR-80,,,Washoe County,County,Non-conforming,,Interstate,Single Face,Eastbound,1.0,No,No,No,Average,10.0,,,,,,,Illegal,,BSlobe@dot.nv.gov,1574700862000.0,BSlobe@dot.nv.gov,1574700862000.0,,,{84FF1E33-AEAE-4AB3-86F3-F469DA56F76C}
429,,Illegal ,,,,,US 50,,,,,,,,,Eastbound,,,,,,,,,,,,,Illegal,,jroberts2@dot.nv.gov,1574709208000.0,jroberts2@dot.nv.gov,1574709208000.0,,,{D53A3F5B-CFB1-4B26-80CC-EA1778735C9A}
432,,Illegal ,,,,,US 95,,,,,,,,,,2.0,,,,,,,,,,,,Illegal,,jroberts2@dot.nv.gov,1574718741000.0,jroberts2@dot.nv.gov,1574718741000.0,,,{19D7DEA1-1445-46D1-AFE7-EC98CD0A15D1}
434,,Illegal ,,,,,US 95,,,,,,,,,,,,,,,,,,,,,,Illegal,,jroberts2@dot.nv.gov,1574719631000.0,jroberts2@dot.nv.gov,1574719631000.0,,,{5CAC9E6E-0797-4EB0-8EB4-FB655B4DD1AA}
442,,4977,Scott Outdoor,NA ,1665.0,2.0,IR-80,39.89,,Pershing County,County,Conforming,,Interstate,V-Type,Eastbound,2.0,Yes,No,No,Good,30.0,,,,,,,Other,,BSlobe@dot.nv.gov,1574799914000.0,BSlobe@dot.nv.gov,1574799914000.0,,,{3CBD14DA-4D93-4AFC-862D-F4458F351D64}
472,,Tribal ,The Lamar Companies ,015092,,2.0,US 395,,,Douglas County,County,,,Interstate Highway,Back to Back,Southbound,2.0,Yes,No,No,Good,10.0,,,,,,,Tribal,,jroberts2@dot.nv.gov,1575578539000.0,jroberts2@dot.nv.gov,1575578539000.0,,,{3F1EED7A-D3FB-44F5-A8D7-EB7EDF9B854B}
476,,02752 Map 21,Carson Valley 4H,,,2.0,SR 88,,,Douglas County,County,Non-conforming,No permit,MAP 21,Single Face,Northbound,1.0,No,No,No,Average,4.0,,,,,,,Map 21,,jroberts2@dot.nv.gov,1575579869000.0,,1639678400000.0,,,{5F825989-355E-4638-B246-F5BD0C185445}
490,,Illegal ,Kiley Ranch,,,2.0,SR 445,,,Washoe County,,Non-conforming,,MAP 21,Back to Back,Northbound,2.0,,,,,,,,,,,,Illegal,,BSlobe@dot.nv.gov,1580505556000.0,BSlobe@dot.nv.gov,1580754502000.0,,,{27B41D7E-CDD0-4956-A44F-FA180601B097}
512,,Illegal ,Don Dee Dickson,,,2.0,SR 445,,,Washoe County,,Non-conforming,,MAP 21,Back to Back,Northbound,2.0,No,No,No,Average,15.0,,,,,,,Other,,BSlobe@dot.nv.gov,1580508078000.0,BSlobe@dot.nv.gov,1580508078000.0,,,{9FEBAFCF-76A5-43FD-8A3C-F81262493122}
518,,Pending,Clear Connection,004651,,2.0,US 395A,,,Washoe County,County,,,MAP 21,Back to Back,Northbound,2.0,Yes,No,No,Average,5.0,,,,,,,Map 21,,BSlobe@dot.nv.gov,1580763571000.0,BSlobe@dot.nv.gov,1580848827000.0,,,{59DD73D1-09A5-43D5-84E1-F0E85C884200}
521,,Pending,Lamar,027101,,2.0,US 395A,,,Washoe County,City,,,MAP 21,Back to Back,Northbound,2.0,Yes,No,No,Good,5.0,,,,,,,Map 21,,BSlobe@dot.nv.gov,1580764091000.0,BSlobe@dot.nv.gov,1580764177000.0,,,{8644FFB7-F028-47C3-B05D-F209BD4F05D6}
524,,Pending,Clear Channel,,,2.0,US 395A,,,Washoe County,City,,,MAP 21,Back to Back,Northbound,2.0,Yes,No,No,Average,15.0,,,,,,,Map 21,,BSlobe@dot.nv.gov,1580764624000.0,BSlobe@dot.nv.gov,1580764753000.0,,,{CC2A2227-7804-4A05-A202-F51F67F248DC}
525,,Pending,Lamar,011485,,2.0,US 395A,,,Washoe County,City,,,MAP 21,Back to Back,Northbound,2.0,Yes,No,No,Good,2.0,,,,,,,Map 21,,BSlobe@dot.nv.gov,1580764846000.0,BSlobe@dot.nv.gov,1580765001000.0,,,{EA3D8815-B173-4DEE-8E10-FC0BC1254A96}
528,,Pending,,003331,,2.0,US 395A,,,Washoe County,City,,,MAP 21,Back to Back,Northbound,2.0,Yes,No,No,Average,5.0,,,,,,,Map 21,,BSlobe@dot.nv.gov,1580765369000.0,BSlobe@dot.nv.gov,1580765499000.0,,,{8DBF1398-58A3-482D-A9FF-FE9B7A1CBC30}
534,,On Premise,Reno Rock,,,2.0,US 395A,,,Washoe County,City,,,MAP 21,Single Face,Northbound,1.0,No,No,No,Bad,5.0,,,,,,,On Premise,,BSlobe@dot.nv.gov,1580845625000.0,BSlobe@dot.nv.gov,1580845625000.0,,,{0532B70E-C662-40B9-9E9D-E92F6B17D9A1}
537,,Pending ,Unknown,,,2.0,US 395A,,,Washoe County,City,,,MAP 21,Back to Back,Southbound,2.0,Yes,No,No,Average,10.0,,,,,,,Map 21,,BSlobe@dot.nv.gov,1580846150000.0,BSlobe@dot.nv.gov,1580846150000.0,,,{E4D9ED20-BABC-4D4E-BF7A-EAA6F5373CEC}
543,,Pending,,,,2.0,US 395A,,,Washoe County,City,,,MAP 21,Single Face,Northbound,1.0,No,No,No,Average,5.0,,,,,,,Map 21,,BSlobe@dot.nv.gov,1580848234000.0,BSlobe@dot.nv.gov,1580848234000.0,,,{4830D50F-7C73-4D2C-96AC-EA2046F95F25}
556,,On Premise ,Rackley Auto Group,,,2.0,Kietzke Lane,,,Washoe County,,,,MAP 21,Back to Back,Northbound,2.0,No,Yes,Yes,Good,0.0,,,,,,,On Premise,,BSlobe@dot.nv.gov,1580928132000.0,BSlobe@dot.nv.gov,1580928132000.0,,,{424632B9-4A30-4B12-A280-FB496411C1C7}
571,,Pending,Lamar ,,,2.0,Fourth Street,,,Washoe County,City,,,MAP 21,Single Face,Westbound,1.0,No,No,No,Average,2.0,,,,,,,Map 21,,BSlobe@dot.nv.gov,1581100876000.0,BSlobe@dot.nv.gov,1581100876000.0,,,{97AC44D8-0514-4AA7-AD7E-FE4C9A8E03A4}
577,,05076 - Cancelled 1-26-2022,"Arena Outdoor, Inc",01101,5777.0,2.0,IR-80,25.14,,Pershing County,County,,,Interstate,Single Face,Westbound,1.0,Yes,No,No,,,Other,"Ordination of Heliotropes, LLC",,,,,Pending,,BSlobe@dot.nv.gov,1581357988000.0,,1645205890000.0,,,{D1159E0E-E616-4561-BB77-F8B2337B4563}
589,,05020,Arena Outdoor ,,5755.0,2.0,IR-80,,,Pershing County,County,Conforming,,Interstate,Single Face,Eastbound,1.0,No,No,No,Average,30.0,Other,Ordination of Heliotropes ,,,,,Pending,Yes,,,,,,,{1FFB3FC1-0209-46F6-9039-EF7B414449EF}
591,,03066,GP Global,,,2.0,US 50,,,Churchill County,County,Non-conforming,,,,,,,,,,,,,,,,,Pending,,,,,1641860949000.0,,,{3E35AD99-9A50-40D0-93B4-F26651FEDADE}
5399,,#ggggg,,,,,,,,,,,,,,,,,,,,,,,,,,,Illegal,,,1644275724000.0,,1644275724000.0,,,{21D032F0-D673-4CBE-AAF4-EA7C1C81E16C}
6203,,Big Dawg Auto,,,,,,,,,,,,,,,,,,,,,,,,,,,On Premise,,,1644446568000.0,,1644446568000.0,,,{86714928-67F5-462A-A062-FDC99F03AA6E}
6594,,#xxxxx,,,,,,,,,,,,,,,,,,,,,,,,,,,Illegal,,,1644535757000.0,,1644535757000.0,,,{3D5A3C52-29D5-4C60-9182-F9C45653F28B}
329,212.0,03461 - CANCELLED,Outfront Media,11071A,472.0,2.0,IR-80,8.04,,Washoe County,County,Non-conforming,Accessing from ROW,Interstate,Back to Back,Eastbound,2.0,Yes,No,No,Average,3.0,Unzoned Commercial,Castellanos Richard,"I-80 E, Reno, NV, 89439",,-119.9091691,39.51318306,Other,,TJSmith@dot.nv.gov,1568057172000.0,doverbay@dot.nv.gov,1741290668000.0,-119.9091691,39.51318306,{375E1315-7806-44C2-8A69-85CDD02221D5}
