<?xml version="1.0" encoding="UTF-8"?>
<kml xmlns="http://www.opengis.net/kml/2.2">
  <Document>
    <name>lv-billboards_2026-02-04</name>
    <description>Exported from Nevada Nexus</description>
    <Placemark>
      <name>005501     DREXEL                RD</name>
      <description><![CDATA[<b>OBJECTID:</b> 1<br/><b>LVBOARDS_:</b> 2<br/><b>LVBOARDS_I:</b> 1<br/><b>SIGN_TYPE:</b> 37<br/><b>STREET_NUM:</b> 5501<br/><b>STREET_DIR:</b>  <br/><b>STREET_NAM:</b> Drexel<br/><b>PARCEL:</b> 12534501003<br/><b>PARCELOLD:</b> 12534501003<br/><b>APPLICANT:</b> Fletcher Jones<br/><b>SIGN_AREA:</b> 219<br/><b>SIGN_HEIGH:</b> 30<br/><b>TAG_NUM:</b> 0<br/><b>APPLY_DATE:</b>  <br/><b>NOTES_SUP:</b> U-35-93<br/><b>NOTES_VAR:</b> VAR-1550<br/><b>NOTES_RQR:</b> RQR-29149: RQR-2814; U-35-93(2)<br/><b>NOTES:</b>  <br/><b>SIZE_:</b> 12.5x17.5<br/><b>FIELD_CHEC:</b> 1]]></description>
      <Point>
        <coordinates>-115.25180079289345,36.262649061872246,0</coordinates>
      </Point>
    </Placemark>
    <Placemark>
      <name>12535401001</name>
      <description><![CDATA[<b>OBJECTID:</b> 2<br/><b>LVBOARDS_:</b> 6<br/><b>LVBOARDS_I:</b> 12<br/><b>SIGN_TYPE:</b> AA<br/><b>STREET_NUM:</b> 4950<br/><b>STREET_DIR:</b> N<br/><b>STREET_NAM:</b> RANCHO<br/><b>PARCEL:</b> 12535401001<br/><b>PARCELOLD:</b> 12535401001<br/><b>APPLICANT:</b> LAMAR<br/><b>SIGN_AREA:</b> 672<br/><b>SIGN_HEIGH:</b> 40<br/><b>TAG_NUM:</b> 963<br/><b>APPLY_DATE:</b> 6/14/95<br/><b>NOTES_SUP:</b> U-37-95<br/><b>NOTES_VAR:</b>  <br/><b>NOTES_RQR:</b> RQR-18680; RQR-9375; RQR-5166<br/><b>NOTES:</b>  <br/><b>SIZE_:</b> 14x48<br/><b>FIELD_CHEC:</b> 1]]></description>
      <Point>
        <coordinates>-115.24194943722554,36.25063566373091,0</coordinates>
      </Point>
    </Placemark>
    <Placemark>
      <name>003901   N RANCHO                DR</name>
      <description><![CDATA[<b>OBJECTID:</b> 4<br/><b>LVBOARDS_:</b> 8<br/><b>LVBOARDS_I:</b> 13<br/><b>SIGN_TYPE:</b>  <br/><b>STREET_NUM:</b> 3901<br/><b>STREET_DIR:</b> N<br/><b>STREET_NAM:</b> Rancho<br/><b>PARCEL:</b> 13812110004<br/><b>PARCELOLD:</b> 13812110004<br/><b>APPLICANT:</b> Clear Channel Outdoor<br/><b>SIGN_AREA:</b> 672<br/><b>SIGN_HEIGH:</b> 40<br/><b>TAG_NUM:</b> 0<br/><b>APPLY_DATE:</b>  <br/><b>NOTES_SUP:</b> U-10-97<br/><b>NOTES_VAR:</b>  <br/><b>NOTES_RQR:</b> RQR-39501; 22126; 4270; U-10-97(1)<br/><b>NOTES:</b>  <br/><b>SIZE_:</b> 14x48<br/><b>FIELD_CHEC:</b> 1]]></description>
      <Point>
        <coordinates>-115.22328021217717,36.228945660462394,0</coordinates>
      </Point>
    </Placemark>
    <Placemark>
      <name>003901   N RANCHO                DR</name>
      <description><![CDATA[<b>OBJECTID:</b> 5<br/><b>LVBOARDS_:</b> 9<br/><b>LVBOARDS_I:</b> 18<br/><b>SIGN_TYPE:</b>  <br/><b>STREET_NUM:</b> 3901<br/><b>STREET_DIR:</b> N<br/><b>STREET_NAM:</b> Rancho<br/><b>PARCEL:</b> 13812110005<br/><b>PARCELOLD:</b> 13812110004<br/><b>APPLICANT:</b> Clear Channel Outdoor<br/><b>SIGN_AREA:</b> 288<br/><b>SIGN_HEIGH:</b> 40<br/><b>TAG_NUM:</b> 0<br/><b>APPLY_DATE:</b>  <br/><b>NOTES_SUP:</b>  <br/><b>NOTES_VAR:</b>  <br/><b>NOTES_RQR:</b>  <br/><b>NOTES:</b>  <br/><b>SIZE_:</b>  <br/><b>FIELD_CHEC:</b> 1]]></description>
      <Point>
        <coordinates>-115.22265551396453,36.22819434414714,0</coordinates>
      </Point>
    </Placemark>
    <Placemark>
      <name>003340   N RANCHO                DR</name>
      <description><![CDATA[<b>OBJECTID:</b> 6<br/><b>LVBOARDS_:</b> 10<br/><b>LVBOARDS_I:</b> 16<br/><b>SIGN_TYPE:</b>  <br/><b>STREET_NUM:</b> 3340<br/><b>STREET_DIR:</b> N<br/><b>STREET_NAM:</b> Rancho<br/><b>PARCEL:</b> 13812810004<br/><b>PARCELOLD:</b> 13812810004<br/><b>APPLICANT:</b> Clear Channel Outdoor<br/><b>SIGN_AREA:</b> 672<br/><b>SIGN_HEIGH:</b> 50<br/><b>TAG_NUM:</b> 1234<br/><b>APPLY_DATE:</b>  <br/><b>NOTES_SUP:</b> U-119-95<br/><b>NOTES_VAR:</b>  <br/><b>NOTES_RQR:</b> RQR-32723<br/><b>NOTES:</b>  <br/><b>SIZE_:</b> 14x48<br/><b>FIELD_CHEC:</b> 1]]></description>
      <Point>
        <coordinates>-115.21392336346344,36.21960970314395,0</coordinates>
      </Point>
    </Placemark>
    <Placemark>
      <name>003200   N RANCHO                DR</name>
      <description><![CDATA[<b>OBJECTID:</b> 7<br/><b>LVBOARDS_:</b> 11<br/><b>LVBOARDS_I:</b> 8<br/><b>SIGN_TYPE:</b> AA<br/><b>STREET_NUM:</b> 3282<br/><b>STREET_DIR:</b> N<br/><b>STREET_NAM:</b> RANCHO<br/><b>PARCEL:</b> 13812810042<br/><b>PARCELOLD:</b> 13812810042<br/><b>APPLICANT:</b> LAMAR<br/><b>SIGN_AREA:</b> 672<br/><b>SIGN_HEIGH:</b> 40<br/><b>TAG_NUM:</b> 756<br/><b>APPLY_DATE:</b> 2/3/95<br/><b>NOTES_SUP:</b> U-288-94<br/><b>NOTES_VAR:</b>  <br/><b>NOTES_RQR:</b> U-288-94(1)<br/><b>NOTES:</b>  <br/><b>SIZE_:</b> 14x48<br/><b>FIELD_CHEC:</b> 1]]></description>
      <Point>
        <coordinates>-115.2129763279711,36.218440837194834,0</coordinates>
      </Point>
    </Placemark>
    <Placemark>
      <name>003201   N RANCHO                DR</name>
      <description><![CDATA[<b>OBJECTID:</b> 8<br/><b>LVBOARDS_:</b> 12<br/><b>LVBOARDS_I:</b> 7<br/><b>SIGN_TYPE:</b> AA<br/><b>STREET_NUM:</b> 3201<br/><b>STREET_DIR:</b> N<br/><b>STREET_NAM:</b> RANCHO<br/><b>PARCEL:</b> 13812801011<br/><b>PARCELOLD:</b> 13812801011<br/><b>APPLICANT:</b> LAMAR<br/><b>SIGN_AREA:</b> 672<br/><b>SIGN_HEIGH:</b> 40<br/><b>TAG_NUM:</b> 754<br/><b>APPLY_DATE:</b> 2/1/95<br/><b>NOTES_SUP:</b> U-0260-94<br/><b>NOTES_VAR:</b>  <br/><b>NOTES_RQR:</b> RQR-24332; RQR-6792; U-260-94(1)<br/><b>NOTES:</b>  <br/><b>SIZE_:</b> 14x48<br/><b>FIELD_CHEC:</b> 1]]></description>
      <Point>
        <coordinates>-115.21295117271086,36.21754137202783,0</coordinates>
      </Point>
    </Placemark>
    <Placemark>
      <name>003100   N RANCHO                DR</name>
      <description><![CDATA[<b>OBJECTID:</b> 9<br/><b>LVBOARDS_:</b> 13<br/><b>LVBOARDS_I:</b> 11<br/><b>SIGN_TYPE:</b> AA<br/><b>STREET_NUM:</b> 0<br/><b>STREET_DIR:</b> N<br/><b>STREET_NAM:</b> Rancho<br/><b>PARCEL:</b> 13813505001<br/><b>PARCELOLD:</b> 13813505001<br/><b>APPLICANT:</b> Clear Channel Outdoor<br/><b>SIGN_AREA:</b> 288<br/><b>SIGN_HEIGH:</b> 30<br/><b>TAG_NUM:</b> 0<br/><b>APPLY_DATE:</b>  <br/><b>NOTES_SUP:</b>  <br/><b>NOTES_VAR:</b>  <br/><b>NOTES_RQR:</b>  <br/><b>NOTES:</b> North Las Vegas<br/><b>SIZE_:</b> 12x24<br/><b>FIELD_CHEC:</b> 1]]></description>
      <Point>
        <coordinates>-115.20859062397312,36.21384865551859,0</coordinates>
      </Point>
    </Placemark>
    <Placemark>
      <name>002901   N RANCHO                DR</name>
      <description><![CDATA[<b>OBJECTID:</b> 10<br/><b>LVBOARDS_:</b> 14<br/><b>LVBOARDS_I:</b> 5<br/><b>SIGN_TYPE:</b> AA<br/><b>STREET_NUM:</b> 2951<br/><b>STREET_DIR:</b> N<br/><b>STREET_NAM:</b> RANCHO<br/><b>PARCEL:</b> 13813601019<br/><b>PARCELOLD:</b> 13813601002<br/><b>APPLICANT:</b> Rancho Oasis<br/><b>SIGN_AREA:</b> 672<br/><b>SIGN_HEIGH:</b> 40<br/><b>TAG_NUM:</b> 936<br/><b>APPLY_DATE:</b> 6/2/95<br/><b>NOTES_SUP:</b>  <br/><b>NOTES_VAR:</b> V-23-95<br/><b>NOTES_RQR:</b> RQR-29275; RQR-2785<br/><b>NOTES:</b>  <br/><b>SIZE_:</b> 14x48<br/><b>FIELD_CHEC:</b> 1]]></description>
      <Point>
        <coordinates>-115.20862998620505,36.212871024985155,0</coordinates>
      </Point>
    </Placemark>
    <Placemark>
      <name>002901   N RANCHO                DR</name>
      <description><![CDATA[<b>OBJECTID:</b> 11<br/><b>LVBOARDS_:</b> 15<br/><b>LVBOARDS_I:</b> 5<br/><b>SIGN_TYPE:</b> AA<br/><b>STREET_NUM:</b> 2901<br/><b>STREET_DIR:</b> N<br/><b>STREET_NAM:</b> RANCHO<br/><b>PARCEL:</b> 13813601019<br/><b>PARCELOLD:</b> 13813601002<br/><b>APPLICANT:</b> Rancho Oasis<br/><b>SIGN_AREA:</b> 672<br/><b>SIGN_HEIGH:</b> 40<br/><b>TAG_NUM:</b> 937<br/><b>APPLY_DATE:</b> 6/2/95<br/><b>NOTES_SUP:</b>  <br/><b>NOTES_VAR:</b> V-23-95<br/><b>NOTES_RQR:</b> RQR-29275; RQR-2785<br/><b>NOTES:</b>  <br/><b>SIZE_:</b> 14x48<br/><b>FIELD_CHEC:</b> 1]]></description>
      <Point>
        <coordinates>-115.20801256637981,36.212191134720726,0</coordinates>
      </Point>
    </Placemark>
    <Placemark>
      <name>002750   N DECATUR               BLVD</name>
      <description><![CDATA[<b>OBJECTID:</b> 12<br/><b>LVBOARDS_:</b> 16<br/><b>LVBOARDS_I:</b> 1<br/><b>SIGN_TYPE:</b> AA<br/><b>STREET_NUM:</b> 2750<br/><b>STREET_DIR:</b> N<br/><b>STREET_NAM:</b> Decatur<br/><b>PARCEL:</b> 13918302002<br/><b>PARCELOLD:</b> 13918302002<br/><b>APPLICANT:</b> Clear Channel Outdoor<br/><b>SIGN_AREA:</b> 672<br/><b>SIGN_HEIGH:</b> 40<br/><b>TAG_NUM:</b> 0<br/><b>APPLY_DATE:</b> 03/20/91<br/><b>NOTES_SUP:</b> U-30-91<br/><b>NOTES_VAR:</b>  <br/><b>NOTES_RQR:</b> RQR-33320; U-30-91(1)<br/><b>NOTES:</b>  <br/><b>SIZE_:</b> 14x48<br/><b>FIELD_CHEC:</b> 1]]></description>
      <Point>
        <coordinates>-115.20473639544936,36.20873471373469,0</coordinates>
      </Point>
    </Placemark>
    <Placemark>
      <name>002401   N RANCHO                DR</name>
      <description><![CDATA[<b>OBJECTID:</b> 13<br/><b>LVBOARDS_:</b> 17<br/><b>LVBOARDS_I:</b> 7<br/><b>SIGN_TYPE:</b>  <br/><b>STREET_NUM:</b> 0<br/><b>STREET_DIR:</b>  <br/><b>STREET_NAM:</b>  <br/><b>PARCEL:</b> 13918403002<br/><b>PARCELOLD:</b> 13918403001<br/><b>APPLICANT:</b> LAMAR<br/><b>SIGN_AREA:</b> 672<br/><b>SIGN_HEIGH:</b> 40<br/><b>TAG_NUM:</b> 0<br/><b>APPLY_DATE:</b>  <br/><b>NOTES_SUP:</b> U-21-97<br/><b>NOTES_VAR:</b>  <br/><b>NOTES_RQR:</b> RQR-21509; U-21-97(1)<br/><b>NOTES:</b>  <br/><b>SIZE_:</b> 14x48<br/><b>FIELD_CHEC:</b> 1]]></description>
      <Point>
        <coordinates>-115.19958238489771,36.20304985323829,0</coordinates>
      </Point>
    </Placemark>
    <Placemark>
      <name>002151   N RANCHO                DR</name>
      <description><![CDATA[<b>OBJECTID:</b> 14<br/><b>LVBOARDS_:</b> 18<br/><b>LVBOARDS_I:</b> 6<br/><b>SIGN_TYPE:</b> AA<br/><b>STREET_NUM:</b> 2151<br/><b>STREET_DIR:</b> N<br/><b>STREET_NAM:</b> RANCHO<br/><b>PARCEL:</b> 13919103002<br/><b>PARCELOLD:</b> 13919103001<br/><b>APPLICANT:</b> Clear Channel Outdoor<br/><b>SIGN_AREA:</b> 672<br/><b>SIGN_HEIGH:</b> 40<br/><b>TAG_NUM:</b> 0<br/><b>APPLY_DATE:</b>  <br/><b>NOTES_SUP:</b> U-29-96<br/><b>NOTES_VAR:</b>  <br/><b>NOTES_RQR:</b> RQR-33341<br/><b>NOTES:</b>  <br/><b>SIZE_:</b> 14x48<br/><b>FIELD_CHEC:</b> 1]]></description>
      <Point>
        <coordinates>-115.19655052346677,36.19966258234122,0</coordinates>
      </Point>
    </Placemark>
    <Placemark>
      <name>13919705001</name>
      <description><![CDATA[<b>OBJECTID:</b> 15<br/><b>LVBOARDS_:</b> 21<br/><b>LVBOARDS_I:</b> 9<br/><b>SIGN_TYPE:</b> AA<br/><b>STREET_NUM:</b> 1998<br/><b>STREET_DIR:</b> N<br/><b>STREET_NAM:</b> RANCHO<br/><b>PARCEL:</b> 13919705001<br/><b>PARCELOLD:</b> 13919705001<br/><b>APPLICANT:</b> Rancho Allen<br/><b>SIGN_AREA:</b> 672<br/><b>SIGN_HEIGH:</b> 40<br/><b>TAG_NUM:</b> 1722<br/><b>APPLY_DATE:</b> 10-3-96<br/><b>NOTES_SUP:</b> U-80-96<br/><b>NOTES_VAR:</b>  <br/><b>NOTES_RQR:</b> RQR-34410;RQR-18896; RQR-5741<br/><b>NOTES:</b>  <br/><b>SIZE_:</b> 14x48<br/><b>FIELD_CHEC:</b> 1]]></description>
      <Point>
        <coordinates>-115.19141945534493,36.194969268178305,0</coordinates>
      </Point>
    </Placemark>
    <Placemark>
      <name>001999   N RANCHO                DR</name>
      <description><![CDATA[<b>OBJECTID:</b> 16<br/><b>LVBOARDS_:</b> 22<br/><b>LVBOARDS_I:</b> 8<br/><b>SIGN_TYPE:</b>  <br/><b>STREET_NUM:</b> 1999<br/><b>STREET_DIR:</b> N<br/><b>STREET_NAM:</b> Rancho<br/><b>PARCEL:</b> 13919703005<br/><b>PARCELOLD:</b> 13919703005<br/><b>APPLICANT:</b> Clear Channel Outdoor<br/><b>SIGN_AREA:</b> 672<br/><b>SIGN_HEIGH:</b> 40<br/><b>TAG_NUM:</b> 0<br/><b>APPLY_DATE:</b>  <br/><b>NOTES_SUP:</b> U-36-87<br/><b>NOTES_VAR:</b>  <br/><b>NOTES_RQR:</b> RQR-23936; U-36-87(1),(2)&amp;(3)<br/><b>NOTES:</b>  <br/><b>SIZE_:</b> 14x48<br/><b>FIELD_CHEC:</b> 1]]></description>
      <Point>
        <coordinates>-115.19268691633057,36.19545456050423,0</coordinates>
      </Point>
    </Placemark>
    <Placemark>
      <name>13919705001</name>
      <description><![CDATA[<b>OBJECTID:</b> 17<br/><b>LVBOARDS_:</b> 24<br/><b>LVBOARDS_I:</b> 11<br/><b>SIGN_TYPE:</b> AA<br/><b>STREET_NUM:</b> 1852<br/><b>STREET_DIR:</b> N<br/><b>STREET_NAM:</b> RANCHO<br/><b>PARCEL:</b> 13919705001<br/><b>PARCELOLD:</b> 13919705001<br/><b>APPLICANT:</b> Rancho Allen<br/><b>SIGN_AREA:</b> 672<br/><b>SIGN_HEIGH:</b> 40<br/><b>TAG_NUM:</b> 1723<br/><b>APPLY_DATE:</b> 10-3-96<br/><b>NOTES_SUP:</b> U-80-96<br/><b>NOTES_VAR:</b>  <br/><b>NOTES_RQR:</b> RQR-34410;RQR-18896; RQR-5741<br/><b>NOTES:</b>  <br/><b>SIZE_:</b> 14x48<br/><b>FIELD_CHEC:</b> 1]]></description>
      <Point>
        <coordinates>-115.19007594830158,36.19346953796312,0</coordinates>
      </Point>
    </Placemark>
    <Placemark>
      <name>001767   N RANCHO                DR</name>
      <description><![CDATA[<b>OBJECTID:</b> 18<br/><b>LVBOARDS_:</b> 26<br/><b>LVBOARDS_I:</b> 3<br/><b>SIGN_TYPE:</b> AA<br/><b>STREET_NUM:</b> 1767<br/><b>STREET_DIR:</b> N<br/><b>STREET_NAM:</b> RANCHO<br/><b>PARCEL:</b> 13919812018<br/><b>PARCELOLD:</b> 13919812018<br/><b>APPLICANT:</b> ?<br/><b>SIGN_AREA:</b> 672<br/><b>SIGN_HEIGH:</b> 40<br/><b>TAG_NUM:</b> 404<br/><b>APPLY_DATE:</b> 7/19/94<br/><b>NOTES_SUP:</b> U-109-94<br/><b>NOTES_VAR:</b>  <br/><b>NOTES_RQR:</b> RQR-30162;RQR-2891<br/><b>NOTES:</b>  <br/><b>SIZE_:</b> 14x48<br/><b>FIELD_CHEC:</b> 1]]></description>
      <Point>
        <coordinates>-115.18927375640756,36.191755442181986,0</coordinates>
      </Point>
    </Placemark>
    <Placemark>
      <name>001600   N RANCHO                DR</name>
      <description><![CDATA[<b>OBJECTID:</b> 19<br/><b>LVBOARDS_:</b> 27<br/><b>LVBOARDS_I:</b> 1<br/><b>SIGN_TYPE:</b> AA<br/><b>STREET_NUM:</b> 1600<br/><b>STREET_DIR:</b> N<br/><b>STREET_NAM:</b> RANCHO<br/><b>PARCEL:</b> 13920411005<br/><b>PARCELOLD:</b> 13920411005<br/><b>APPLICANT:</b> LAMAR<br/><b>SIGN_AREA:</b> 672<br/><b>SIGN_HEIGH:</b> 40<br/><b>TAG_NUM:</b> 860<br/><b>APPLY_DATE:</b> 4/18/95<br/><b>NOTES_SUP:</b> U-314-94<br/><b>NOTES_VAR:</b>  <br/><b>NOTES_RQR:</b> RQR-22270; RQR-4242<br/><b>NOTES:</b>  <br/><b>SIZE_:</b> 14x48<br/><b>FIELD_CHEC:</b> 1]]></description>
      <Point>
        <coordinates>-115.18574553633376,36.18880789122421,0</coordinates>
      </Point>
    </Placemark>
    <Placemark>
      <name>000840   N RANCHO                DR</name>
      <description><![CDATA[<b>OBJECTID:</b> 20<br/><b>LVBOARDS_:</b> 28<br/><b>LVBOARDS_I:</b> 4<br/><b>SIGN_TYPE:</b> AA<br/><b>STREET_NUM:</b> 840<br/><b>STREET_DIR:</b> N<br/><b>STREET_NAM:</b> Rancho<br/><b>PARCEL:</b> 13929702002<br/><b>PARCELOLD:</b> 13929702002<br/><b>APPLICANT:</b> VIACOM<br/><b>SIGN_AREA:</b> 672<br/><b>SIGN_HEIGH:</b> 40<br/><b>TAG_NUM:</b> 820<br/><b>APPLY_DATE:</b> 3/16/95<br/><b>NOTES_SUP:</b> U-319-94<br/><b>NOTES_VAR:</b>  <br/><b>NOTES_RQR:</b> RQR-31809; U-319-94(1)<br/><b>NOTES:</b>  <br/><b>SIZE_:</b> 14x48<br/><b>FIELD_CHEC:</b> 1]]></description>
      <Point>
        <coordinates>-115.17802594796026,36.18018806558238,0</coordinates>
      </Point>
    </Placemark>
    <Placemark>
      <name>000816   N RANCHO                DR</name>
      <description><![CDATA[<b>OBJECTID:</b> 21<br/><b>LVBOARDS_:</b> 29<br/><b>LVBOARDS_I:</b> 8<br/><b>SIGN_TYPE:</b>  <br/><b>STREET_NUM:</b> 816<br/><b>STREET_DIR:</b> N<br/><b>STREET_NAM:</b> Rancho<br/><b>PARCEL:</b> 13929704001<br/><b>PARCELOLD:</b> 13929704001<br/><b>APPLICANT:</b> LAMAR<br/><b>SIGN_AREA:</b> 672<br/><b>SIGN_HEIGH:</b> 40<br/><b>TAG_NUM:</b> 1239<br/><b>APPLY_DATE:</b> 12/6/95<br/><b>NOTES_SUP:</b> U-107-95<br/><b>NOTES_VAR:</b>  <br/><b>NOTES_RQR:</b> RQR-6250; RQR-1738<br/><b>NOTES:</b>  <br/><b>SIZE_:</b> 14x48<br/><b>FIELD_CHEC:</b> 1]]></description>
      <Point>
        <coordinates>-115.17701268439204,36.17925128825309,0</coordinates>
      </Point>
    </Placemark>
    <Placemark>
      <name>000601   N RANCHO                DR</name>
      <description><![CDATA[<b>OBJECTID:</b> 22<br/><b>LVBOARDS_:</b> 30<br/><b>LVBOARDS_I:</b> 7<br/><b>SIGN_TYPE:</b>  <br/><b>STREET_NUM:</b> 601<br/><b>STREET_DIR:</b> N<br/><b>STREET_NAM:</b> Rancho<br/><b>PARCEL:</b> 13929703003<br/><b>PARCELOLD:</b> 13929703003<br/><b>APPLICANT:</b> Clear Channel Outdoor<br/><b>SIGN_AREA:</b> 672<br/><b>SIGN_HEIGH:</b> 40<br/><b>TAG_NUM:</b> 0<br/><b>APPLY_DATE:</b>  <br/><b>NOTES_SUP:</b> U-34-66<br/><b>NOTES_VAR:</b>  <br/><b>NOTES_RQR:</b>  <br/><b>NOTES:</b>  <br/><b>SIZE_:</b> 14x48<br/><b>FIELD_CHEC:</b> 1]]></description>
      <Point>
        <coordinates>-115.17660306996044,36.17759945565127,0</coordinates>
      </Point>
    </Placemark>
    <Placemark>
      <name>13929801004</name>
      <description><![CDATA[<b>OBJECTID:</b> 23<br/><b>LVBOARDS_:</b> 31<br/><b>LVBOARDS_I:</b> 11<br/><b>SIGN_TYPE:</b>  <br/><b>STREET_NUM:</b> 2401<br/><b>STREET_DIR:</b> W<br/><b>STREET_NAM:</b> Bonanza<br/><b>PARCEL:</b> 13929801004<br/><b>PARCELOLD:</b> 13929801004<br/><b>APPLICANT:</b> LAMAR<br/><b>SIGN_AREA:</b> 672<br/><b>SIGN_HEIGH:</b> 0<br/><b>TAG_NUM:</b> 0<br/><b>APPLY_DATE:</b>  <br/><b>NOTES_SUP:</b>  <br/><b>NOTES_VAR:</b>  <br/><b>NOTES_RQR:</b>  <br/><b>NOTES:</b>  <br/><b>SIZE_:</b> 14x48<br/><b>FIELD_CHEC:</b> 1]]></description>
      <Point>
        <coordinates>-115.17302622590556,36.17608775663644,0</coordinates>
      </Point>
    </Placemark>
    <Placemark>
      <name>002220   W CHARLESTON            BLVD</name>
      <description><![CDATA[<b>OBJECTID:</b> 24<br/><b>LVBOARDS_:</b> 32<br/><b>LVBOARDS_I:</b> 11<br/><b>SIGN_TYPE:</b>  <br/><b>STREET_NUM:</b> 2220<br/><b>STREET_DIR:</b> W<br/><b>STREET_NAM:</b> Charleston<br/><b>PARCEL:</b> 13932804010<br/><b>PARCELOLD:</b> 13932804010<br/><b>APPLICANT:</b>  <br/><b>SIGN_AREA:</b> 672<br/><b>SIGN_HEIGH:</b> 40<br/><b>TAG_NUM:</b> 0<br/><b>APPLY_DATE:</b> 11-10-83<br/><b>NOTES_SUP:</b>  <br/><b>NOTES_VAR:</b>  <br/><b>NOTES_RQR:</b>  <br/><b>NOTES:</b> DONREY<br/><b>SIZE_:</b> 14x48<br/><b>FIELD_CHEC:</b> 0]]></description>
      <Point>
        <coordinates>-115.17256777024807,36.15940571153706,0</coordinates>
      </Point>
    </Placemark>
    <Placemark>
      <name>006800   W CHEYENNE              AVE</name>
      <description><![CDATA[<b>OBJECTID:</b> 26<br/><b>LVBOARDS_:</b> 34<br/><b>LVBOARDS_I:</b> 19<br/><b>SIGN_TYPE:</b> AA<br/><b>STREET_NUM:</b> 6704<br/><b>STREET_DIR:</b> W<br/><b>STREET_NAM:</b> Cheyene<br/><b>PARCEL:</b> 13810816007<br/><b>PARCELOLD:</b> 13810816007<br/><b>APPLICANT:</b> LAMAR<br/><b>SIGN_AREA:</b> 672<br/><b>SIGN_HEIGH:</b> 30<br/><b>TAG_NUM:</b> 0<br/><b>APPLY_DATE:</b>  <br/><b>NOTES_SUP:</b>  <br/><b>NOTES_VAR:</b> V-155-96<br/><b>NOTES_RQR:</b> V-155-96(1)<br/><b>NOTES:</b>  <br/><b>SIZE_:</b> 14x48<br/><b>FIELD_CHEC:</b> 1]]></description>
      <Point>
        <coordinates>-115.24538271423744,36.21964137404821,0</coordinates>
      </Point>
    </Placemark>
    <Placemark>
      <name>001851   N RAINBOW               BLVD</name>
      <description><![CDATA[<b>OBJECTID:</b> 27<br/><b>LVBOARDS_:</b> 35<br/><b>LVBOARDS_I:</b> 16<br/><b>SIGN_TYPE:</b> AA<br/><b>STREET_NUM:</b> 1701<br/><b>STREET_DIR:</b> N<br/><b>STREET_NAM:</b> RAINBOW<br/><b>PARCEL:</b> 13822812001<br/><b>PARCELOLD:</b> 13822803001<br/><b>APPLICANT:</b> LAMAR<br/><b>SIGN_AREA:</b> 672<br/><b>SIGN_HEIGH:</b> 40<br/><b>TAG_NUM:</b> 417<br/><b>APPLY_DATE:</b> 7/26/94<br/><b>NOTES_SUP:</b> U-55-89<br/><b>NOTES_VAR:</b>  <br/><b>NOTES_RQR:</b> RQR-12174; U-55-89(1),(2)&amp;(3)<br/><b>NOTES:</b>  <br/><b>SIZE_:</b> 14x48<br/><b>FIELD_CHEC:</b> 1]]></description>
      <Point>
        <coordinates>-115.24396222203627,36.18996922355065,0</coordinates>
      </Point>
    </Placemark>
    <Placemark>
      <name>001501     ROCK SPRINGS          DR</name>
      <description><![CDATA[<b>OBJECTID:</b> 28<br/><b>LVBOARDS_:</b> 36<br/><b>LVBOARDS_I:</b> 15<br/><b>SIGN_TYPE:</b>  <br/><b>STREET_NUM:</b> 0<br/><b>STREET_DIR:</b>  <br/><b>STREET_NAM:</b>  <br/><b>PARCEL:</b> 13827501001<br/><b>PARCELOLD:</b> 13827501001<br/><b>APPLICANT:</b> LAMAR<br/><b>SIGN_AREA:</b> 672<br/><b>SIGN_HEIGH:</b> 55<br/><b>TAG_NUM:</b> 0<br/><b>APPLY_DATE:</b>  <br/><b>NOTES_SUP:</b> U-65-92<br/><b>NOTES_VAR:</b>  <br/><b>NOTES_RQR:</b> RQR-34975; RQR-21508; U-65-92(1)&amp;(2)<br/><b>NOTES:</b>  <br/><b>SIZE_:</b> 14x48<br/><b>FIELD_CHEC:</b> 1]]></description>
      <Point>
        <coordinates>-115.24502372554277,36.18829342474012,0</coordinates>
      </Point>
    </Placemark>
    <Placemark>
      <name>001399   N RAINBOW               BLVD</name>
      <description><![CDATA[<b>OBJECTID:</b> 29<br/><b>LVBOARDS_:</b> 37<br/><b>LVBOARDS_I:</b> 16<br/><b>SIGN_TYPE:</b>  <br/><b>STREET_NUM:</b> 1399<br/><b>STREET_DIR:</b>  <br/><b>STREET_NAM:</b> Rainbow<br/><b>PARCEL:</b> 13827502007<br/><b>PARCELOLD:</b> 13827502002<br/><b>APPLICANT:</b>  <br/><b>SIGN_AREA:</b> 672<br/><b>SIGN_HEIGH:</b> 40<br/><b>TAG_NUM:</b> 1435<br/><b>APPLY_DATE:</b> 4/22/96<br/><b>NOTES_SUP:</b> U-138-90<br/><b>NOTES_VAR:</b> V-86-95<br/><b>NOTES_RQR:</b> RQR-25872; V-86-95(1)&amp;(2)<br/><b>NOTES:</b>  <br/><b>SIZE_:</b> 14x48<br/><b>FIELD_CHEC:</b> 1]]></description>
      <Point>
        <coordinates>-115.24392657891643,36.18671933466476,0</coordinates>
      </Point>
    </Placemark>
    <Placemark>
      <name>000000</name>
      <description><![CDATA[<b>OBJECTID:</b> 30<br/><b>LVBOARDS_:</b> 38<br/><b>LVBOARDS_I:</b> 6<br/><b>SIGN_TYPE:</b>  <br/><b>STREET_NUM:</b> 192<br/><b>STREET_DIR:</b> N<br/><b>STREET_NAM:</b> Wallace<br/><b>PARCEL:</b> 13826801009<br/><b>PARCELOLD:</b> 13826801009<br/><b>APPLICANT:</b> Clear Channel Outdoor<br/><b>SIGN_AREA:</b> 672<br/><b>SIGN_HEIGH:</b> 65<br/><b>TAG_NUM:</b> 0<br/><b>APPLY_DATE:</b>  <br/><b>NOTES_SUP:</b>  <br/><b>NOTES_VAR:</b>  <br/><b>NOTES_RQR:</b>  <br/><b>NOTES:</b> SDR-35904;L-0343-05, moved US95 widening;L-4725-04<br/><b>SIZE_:</b> 14x48<br/><b>FIELD_CHEC:</b> 1]]></description>
      <Point>
        <coordinates>-115.2262092902601,36.17465611322832,0</coordinates>
      </Point>
    </Placemark>
    <Placemark>
      <name>002021   W BONANZA               RD</name>
      <description><![CDATA[<b>OBJECTID:</b> 31<br/><b>LVBOARDS_:</b> 40<br/><b>LVBOARDS_I:</b> 26<br/><b>SIGN_TYPE:</b> 45<br/><b>STREET_NUM:</b> 2017<br/><b>STREET_DIR:</b> W<br/><b>STREET_NAM:</b> Bonanza<br/><b>PARCEL:</b> 13928401001<br/><b>PARCELOLD:</b> 13928410023<br/><b>APPLICANT:</b> Clear Channel Outdoor<br/><b>SIGN_AREA:</b> 672<br/><b>SIGN_HEIGH:</b> 70<br/><b>TAG_NUM:</b> 0<br/><b>APPLY_DATE:</b> 5/20/04<br/><b>NOTES_SUP:</b> SUP-12936<br/><b>NOTES_VAR:</b>  <br/><b>NOTES_RQR:</b> RQR-28136<br/><b>NOTES:</b> L-4724-04<br/><b>SIZE_:</b> 14x48<br/><b>FIELD_CHEC:</b> 1]]></description>
      <Point>
        <coordinates>-115.16885222324741,36.17661105434822,0</coordinates>
      </Point>
    </Placemark>
    <Placemark>
      <name>001785   W BONANZA               RD</name>
      <description><![CDATA[<b>OBJECTID:</b> 32<br/><b>LVBOARDS_:</b> 41<br/><b>LVBOARDS_I:</b> 25<br/><b>SIGN_TYPE:</b> 45<br/><b>STREET_NUM:</b> 1915<br/><b>STREET_DIR:</b> W<br/><b>STREET_NAM:</b> Bonanza<br/><b>PARCEL:</b> 13928412001<br/><b>PARCELOLD:</b> 13928401024<br/><b>APPLICANT:</b> LAMAR<br/><b>SIGN_AREA:</b> 672<br/><b>SIGN_HEIGH:</b> 40<br/><b>TAG_NUM:</b> 0<br/><b>APPLY_DATE:</b>  <br/><b>NOTES_SUP:</b>  <br/><b>NOTES_VAR:</b>  <br/><b>NOTES_RQR:</b>  <br/><b>NOTES:</b> L-4521-03, moved US 95 widening<br/><b>SIZE_:</b> 14x48<br/><b>FIELD_CHEC:</b> 1]]></description>
      <Point>
        <coordinates>-115.16695329175157,36.17652211149712,0</coordinates>
      </Point>
    </Placemark>
    <Placemark>
      <name>001001   W BONANZA               RD</name>
      <description><![CDATA[<b>OBJECTID:</b> 33<br/><b>LVBOARDS_:</b> 43<br/><b>LVBOARDS_I:</b> 16<br/><b>SIGN_TYPE:</b> 45<br/><b>STREET_NUM:</b> 0<br/><b>STREET_DIR:</b>  <br/><b>STREET_NAM:</b>  <br/><b>PARCEL:</b> 13928801003<br/><b>PARCELOLD:</b> 13928801003<br/><b>APPLICANT:</b> Clear Channel Outdoor<br/><b>SIGN_AREA:</b> 672<br/><b>SIGN_HEIGH:</b> 40<br/><b>TAG_NUM:</b> 0<br/><b>APPLY_DATE:</b>  <br/><b>NOTES_SUP:</b>  <br/><b>NOTES_VAR:</b>  <br/><b>NOTES_RQR:</b>  <br/><b>NOTES:</b>  <br/><b>SIZE_:</b> 14x48<br/><b>FIELD_CHEC:</b> 1]]></description>
      <Point>
        <coordinates>-115.1594353024526,36.17560730900197,0</coordinates>
      </Point>
    </Placemark>
    <Placemark>
      <name>000800   W MESQUITE              AVE</name>
      <description><![CDATA[<b>OBJECTID:</b> 34<br/><b>LVBOARDS_:</b> 44<br/><b>LVBOARDS_I:</b> 13<br/><b>SIGN_TYPE:</b> 45<br/><b>STREET_NUM:</b> 720<br/><b>STREET_DIR:</b> W<br/><b>STREET_NAM:</b> Mesquite<br/><b>PARCEL:</b> 13928802001<br/><b>PARCELOLD:</b> 13928802001<br/><b>APPLICANT:</b> LAMAR<br/><b>SIGN_AREA:</b> 672<br/><b>SIGN_HEIGH:</b> 70<br/><b>TAG_NUM:</b> 0<br/><b>APPLY_DATE:</b>  <br/><b>NOTES_SUP:</b> U-77-97<br/><b>NOTES_VAR:</b>  <br/><b>NOTES_RQR:</b>  <br/><b>NOTES:</b>  <br/><b>SIZE_:</b> 14x48<br/><b>FIELD_CHEC:</b> 1]]></description>
      <Point>
        <coordinates>-115.1525814426174,36.174621949777844,0</coordinates>
      </Point>
    </Placemark>
    <Placemark>
      <name>000601   W BONANZA               RD</name>
      <description><![CDATA[<b>OBJECTID:</b> 35<br/><b>LVBOARDS_:</b> 45<br/><b>LVBOARDS_I:</b> 34<br/><b>SIGN_TYPE:</b>  <br/><b>STREET_NUM:</b> 0<br/><b>STREET_DIR:</b>  <br/><b>STREET_NAM:</b>  <br/><b>PARCEL:</b> 13927401006<br/><b>PARCELOLD:</b> 13927401006<br/><b>APPLICANT:</b> Clear Channel Outdoor<br/><b>SIGN_AREA:</b> 672<br/><b>SIGN_HEIGH:</b> 0<br/><b>TAG_NUM:</b> 0<br/><b>APPLY_DATE:</b>  <br/><b>NOTES_SUP:</b>  <br/><b>NOTES_VAR:</b>  <br/><b>NOTES_RQR:</b>  <br/><b>NOTES:</b>  <br/><b>SIZE_:</b> 14x48<br/><b>FIELD_CHEC:</b> 1]]></description>
      <Point>
        <coordinates>-115.14945055958542,36.17540724559924,0</coordinates>
      </Point>
    </Placemark>
    <Placemark>
      <name>000420   W MESQUITE              AVE</name>
      <description><![CDATA[<b>OBJECTID:</b> 36<br/><b>LVBOARDS_:</b> 46<br/><b>LVBOARDS_I:</b> 33<br/><b>SIGN_TYPE:</b>  <br/><b>STREET_NUM:</b> 420<br/><b>STREET_DIR:</b> W<br/><b>STREET_NAM:</b> Mesquite<br/><b>PARCEL:</b> 13927401022<br/><b>PARCELOLD:</b> 13927401022<br/><b>APPLICANT:</b>  <br/><b>SIGN_AREA:</b> 672<br/><b>SIGN_HEIGH:</b> 0<br/><b>TAG_NUM:</b> 0<br/><b>APPLY_DATE:</b>  <br/><b>NOTES_SUP:</b>  <br/><b>NOTES_VAR:</b>  <br/><b>NOTES_RQR:</b>  <br/><b>NOTES:</b> DONREY<br/><b>SIZE_:</b> 14x48<br/><b>FIELD_CHEC:</b> 1]]></description>
      <Point>
        <coordinates>-115.14771485702892,36.175918127900864,0</coordinates>
      </Point>
    </Placemark>
    <Placemark>
      <name>13927401031</name>
      <description><![CDATA[<b>OBJECTID:</b> 37<br/><b>LVBOARDS_:</b> 47<br/><b>LVBOARDS_I:</b> 32<br/><b>SIGN_TYPE:</b>  <br/><b>STREET_NUM:</b> 0<br/><b>STREET_DIR:</b>  <br/><b>STREET_NAM:</b>  <br/><b>PARCEL:</b> 13927401031<br/><b>PARCELOLD:</b> 13927401024<br/><b>APPLICANT:</b> VIACOM<br/><b>SIGN_AREA:</b> 672<br/><b>SIGN_HEIGH:</b> 40<br/><b>TAG_NUM:</b> 0<br/><b>APPLY_DATE:</b>  <br/><b>NOTES_SUP:</b> U-22-92<br/><b>NOTES_VAR:</b> V-46-92<br/><b>NOTES_RQR:</b> RQR-34324;RQR-13616; RQR-6345; RQR-1909<br/><b>NOTES:</b> ROC-18260; DIR-14084<br/><b>SIZE_:</b> 14x48<br/><b>FIELD_CHEC:</b> 1]]></description>
      <Point>
        <coordinates>-115.14587125965681,36.17579062831658,0</coordinates>
      </Point>
    </Placemark>
    <Placemark>
      <name>000429   N MAIN                  ST</name>
      <description><![CDATA[<b>OBJECTID:</b> 38<br/><b>LVBOARDS_:</b> 48<br/><b>LVBOARDS_I:</b> 40<br/><b>SIGN_TYPE:</b>  <br/><b>STREET_NUM:</b> 429<br/><b>STREET_DIR:</b> N<br/><b>STREET_NAM:</b> Bonanza<br/><b>PARCEL:</b> 13927403002<br/><b>PARCELOLD:</b> 13927403002<br/><b>APPLICANT:</b> LAMAR<br/><b>SIGN_AREA:</b> 672<br/><b>SIGN_HEIGH:</b> 0<br/><b>TAG_NUM:</b> 0<br/><b>APPLY_DATE:</b> 10-3-83<br/><b>NOTES_SUP:</b>  <br/><b>NOTES_VAR:</b>  <br/><b>NOTES_RQR:</b>  <br/><b>NOTES:</b>  <br/><b>SIZE_:</b> 14x48<br/><b>FIELD_CHEC:</b> 1]]></description>
      <Point>
        <coordinates>-115.1431682834683,36.17562171840167,0</coordinates>
      </Point>
    </Placemark>
    <Placemark>
      <name>000650   E BONANZA               RD</name>
      <description><![CDATA[<b>OBJECTID:</b> 39<br/><b>LVBOARDS_:</b> 49<br/><b>LVBOARDS_I:</b> 26<br/><b>SIGN_TYPE:</b>  <br/><b>STREET_NUM:</b> 650<br/><b>STREET_DIR:</b> E<br/><b>STREET_NAM:</b> Bonanza<br/><b>PARCEL:</b> 13927804003<br/><b>PARCELOLD:</b> 13927804003<br/><b>APPLICANT:</b> LAMAR<br/><b>SIGN_AREA:</b> 672<br/><b>SIGN_HEIGH:</b> 60<br/><b>TAG_NUM:</b> 0<br/><b>APPLY_DATE:</b>  <br/><b>NOTES_SUP:</b> U-33-88<br/><b>NOTES_VAR:</b>  <br/><b>NOTES_RQR:</b> RQR-32716; U-33-88(1)<br/><b>NOTES:</b>  <br/><b>SIZE_:</b> 14x48<br/><b>FIELD_CHEC:</b> 1]]></description>
      <Point>
        <coordinates>-115.13553098689061,36.173938298022016,0</coordinates>
      </Point>
    </Placemark>
    <Placemark>
      <name>000369   N 13TH                  ST</name>
      <description><![CDATA[<b>OBJECTID:</b> 40<br/><b>LVBOARDS_:</b> 50<br/><b>LVBOARDS_I:</b> 4<br/><b>SIGN_TYPE:</b> AA<br/><b>STREET_NUM:</b> 369<br/><b>STREET_DIR:</b> N<br/><b>STREET_NAM:</b> 13TH<br/><b>PARCEL:</b> 13935101001<br/><b>PARCELOLD:</b> 13935101001<br/><b>APPLICANT:</b> LAMAR<br/><b>SIGN_AREA:</b> 672<br/><b>SIGN_HEIGH:</b> 75<br/><b>TAG_NUM:</b> 978<br/><b>APPLY_DATE:</b> 6/26/95<br/><b>NOTES_SUP:</b> U-0322-94<br/><b>NOTES_VAR:</b>  <br/><b>NOTES_RQR:</b> RQR-33351; U-322-94(1)<br/><b>NOTES:</b> SDR-27197<br/><b>SIZE_:</b> 14x48<br/><b>FIELD_CHEC:</b> 1]]></description>
      <Point>
        <coordinates>-115.12939830628825,36.17019123823444,0</coordinates>
      </Point>
    </Placemark>
    <Placemark>
      <name>13936502003</name>
      <description><![CDATA[<b>OBJECTID:</b> 41<br/><b>LVBOARDS_:</b> 51<br/><b>LVBOARDS_I:</b> 7<br/><b>SIGN_TYPE:</b>  <br/><b>STREET_NUM:</b> 3300<br/><b>STREET_DIR:</b> E<br/><b>STREET_NAM:</b> Bonanza<br/><b>PARCEL:</b> 13936502003<br/><b>PARCELOLD:</b> 13936502003<br/><b>APPLICANT:</b> LAMAR<br/><b>SIGN_AREA:</b> 672<br/><b>SIGN_HEIGH:</b> 57<br/><b>TAG_NUM:</b> 0<br/><b>APPLY_DATE:</b>  <br/><b>NOTES_SUP:</b> U-34-96<br/><b>NOTES_VAR:</b>  <br/><b>NOTES_RQR:</b>  <br/><b>NOTES:</b> 5 yr review has not been done<br/><b>SIZE_:</b> 14x48<br/><b>FIELD_CHEC:</b> 1]]></description>
      <Point>
        <coordinates>-115.10468733511179,36.1681099799496,0</coordinates>
      </Point>
    </Placemark>
    <Placemark>
      <name>13936502003</name>
      <description><![CDATA[<b>OBJECTID:</b> 42<br/><b>LVBOARDS_:</b> 52<br/><b>LVBOARDS_I:</b> 8<br/><b>SIGN_TYPE:</b>  <br/><b>STREET_NUM:</b> 3300<br/><b>STREET_DIR:</b> E<br/><b>STREET_NAM:</b> Bonanza<br/><b>PARCEL:</b> 13936502003<br/><b>PARCELOLD:</b> 13936502003<br/><b>APPLICANT:</b> LAMAR<br/><b>SIGN_AREA:</b> 672<br/><b>SIGN_HEIGH:</b> 57<br/><b>TAG_NUM:</b> 0<br/><b>APPLY_DATE:</b>  <br/><b>NOTES_SUP:</b> U-34-96<br/><b>NOTES_VAR:</b>  <br/><b>NOTES_RQR:</b>  <br/><b>NOTES:</b> 5 yr review has not been done<br/><b>SIZE_:</b> 14x48<br/><b>FIELD_CHEC:</b> 1]]></description>
      <Point>
        <coordinates>-115.10282053857517,36.16799596933011,0</coordinates>
      </Point>
    </Placemark>
    <Placemark>
      <name>13936502003</name>
      <description><![CDATA[<b>OBJECTID:</b> 43<br/><b>LVBOARDS_:</b> 53<br/><b>LVBOARDS_I:</b> 9<br/><b>SIGN_TYPE:</b>  <br/><b>STREET_NUM:</b> 3300<br/><b>STREET_DIR:</b> E<br/><b>STREET_NAM:</b> Bonanza<br/><b>PARCEL:</b> 13936502003<br/><b>PARCELOLD:</b> 13936502003<br/><b>APPLICANT:</b> LAMAR<br/><b>SIGN_AREA:</b> 672<br/><b>SIGN_HEIGH:</b> 57<br/><b>TAG_NUM:</b> 0<br/><b>APPLY_DATE:</b>  <br/><b>NOTES_SUP:</b> U-34-96<br/><b>NOTES_VAR:</b>  <br/><b>NOTES_RQR:</b>  <br/><b>NOTES:</b> 5 yr review has not been done<br/><b>SIZE_:</b> 14x48<br/><b>FIELD_CHEC:</b> 1]]></description>
      <Point>
        <coordinates>-115.10089624279603,36.1678557904009,0</coordinates>
      </Point>
    </Placemark>
    <Placemark>
      <name>13936502003</name>
      <description><![CDATA[<b>OBJECTID:</b> 44<br/><b>LVBOARDS_:</b> 54<br/><b>LVBOARDS_I:</b> 10<br/><b>SIGN_TYPE:</b>  <br/><b>STREET_NUM:</b> 3300<br/><b>STREET_DIR:</b> E<br/><b>STREET_NAM:</b> Bonanza<br/><b>PARCEL:</b> 13936502003<br/><b>PARCELOLD:</b> 13936502003<br/><b>APPLICANT:</b> LAMAR<br/><b>SIGN_AREA:</b> 672<br/><b>SIGN_HEIGH:</b> 70<br/><b>TAG_NUM:</b> 0<br/><b>APPLY_DATE:</b>  <br/><b>NOTES_SUP:</b> U-34-96<br/><b>NOTES_VAR:</b>  <br/><b>NOTES_RQR:</b>  <br/><b>NOTES:</b> SDR-27195<br/><b>SIZE_:</b> 14x48<br/><b>FIELD_CHEC:</b> 1]]></description>
      <Point>
        <coordinates>-115.09897900293043,36.167389983341614,0</coordinates>
      </Point>
    </Placemark>
    <Placemark>
      <name>002800     MARLIN                AVE</name>
      <description><![CDATA[<b>OBJECTID:</b> 45<br/><b>LVBOARDS_:</b> 55<br/><b>LVBOARDS_I:</b> 6<br/><b>SIGN_TYPE:</b>  <br/><b>STREET_NUM:</b> 2800<br/><b>STREET_DIR:</b>  <br/><b>STREET_NAM:</b> Marlin<br/><b>PARCEL:</b> 13936213001<br/><b>PARCELOLD:</b> 13936213001<br/><b>APPLICANT:</b> LAMAR<br/><b>SIGN_AREA:</b> 672<br/><b>SIGN_HEIGH:</b> 80<br/><b>TAG_NUM:</b> 1124<br/><b>APPLY_DATE:</b> 9/25/95<br/><b>NOTES_SUP:</b> U-41-95<br/><b>NOTES_VAR:</b>  <br/><b>NOTES_RQR:</b> RQR-36250; RQR-5170<br/><b>NOTES:</b> SDR-27196<br/><b>SIZE_:</b> 14x48<br/><b>FIELD_CHEC:</b> 1]]></description>
      <Point>
        <coordinates>-115.1114913531298,36.167233285495136,0</coordinates>
      </Point>
    </Placemark>
    <Placemark>
      <name>002421     STEWART               AVE</name>
      <description><![CDATA[<b>OBJECTID:</b> 46<br/><b>LVBOARDS_:</b> 56<br/><b>LVBOARDS_I:</b> 27<br/><b>SIGN_TYPE:</b>  <br/><b>STREET_NUM:</b> 2421<br/><b>STREET_DIR:</b> E<br/><b>STREET_NAM:</b> Stewart<br/><b>PARCEL:</b> 13935612044<br/><b>PARCELOLD:</b> 13935612044<br/><b>APPLICANT:</b> Clear Channel Outdoor<br/><b>SIGN_AREA:</b> 672<br/><b>SIGN_HEIGH:</b> 75<br/><b>TAG_NUM:</b> 0<br/><b>APPLY_DATE:</b>  <br/><b>NOTES_SUP:</b> U-0029-87<br/><b>NOTES_VAR:</b>  <br/><b>NOTES_RQR:</b> RQR-29719; RQR-1793<br/><b>NOTES:</b>  <br/><b>SIZE_:</b> 14x48<br/><b>FIELD_CHEC:</b> 1]]></description>
      <Point>
        <coordinates>-115.11632385438844,36.166926026258466,0</coordinates>
      </Point>
    </Placemark>
    <Placemark>
      <name>000000</name>
      <description><![CDATA[<b>OBJECTID:</b> 47<br/><b>LVBOARDS_:</b> 57<br/><b>LVBOARDS_I:</b> 26<br/><b>SIGN_TYPE:</b>  <br/><b>STREET_NUM:</b> 2015<br/><b>STREET_DIR:</b> E<br/><b>STREET_NAM:</b> Stewart<br/><b>PARCEL:</b> 13935611087<br/><b>PARCELOLD:</b> 13935611087<br/><b>APPLICANT:</b>  <br/><b>SIGN_AREA:</b> 672<br/><b>SIGN_HEIGH:</b> 65<br/><b>TAG_NUM:</b> 0<br/><b>APPLY_DATE:</b>  <br/><b>NOTES_SUP:</b>  <br/><b>NOTES_VAR:</b> V-96-92<br/><b>NOTES_RQR:</b>  <br/><b>NOTES:</b> 5 yr review has not been done<br/><b>SIZE_:</b> 14x48<br/><b>FIELD_CHEC:</b> 1]]></description>
      <Point>
        <coordinates>-115.12107515127127,36.16685858549427,0</coordinates>
      </Point>
    </Placemark>
    <Placemark>
      <name>000339   N 13TH                  ST</name>
      <description><![CDATA[<b>OBJECTID:</b> 48<br/><b>LVBOARDS_:</b> 58<br/><b>LVBOARDS_I:</b> 10<br/><b>SIGN_TYPE:</b>  <br/><b>STREET_NUM:</b> 339<br/><b>STREET_DIR:</b> N<br/><b>STREET_NAM:</b> 13th<br/><b>PARCEL:</b> 13935201003<br/><b>PARCELOLD:</b> 13935212005<br/><b>APPLICANT:</b> LAMAR<br/><b>SIGN_AREA:</b> 672<br/><b>SIGN_HEIGH:</b> 50<br/><b>TAG_NUM:</b> 0<br/><b>APPLY_DATE:</b>  <br/><b>NOTES_SUP:</b>  <br/><b>NOTES_VAR:</b>  <br/><b>NOTES_RQR:</b>  <br/><b>NOTES:</b> Z-70-91<br/><b>SIZE_:</b> 14x48<br/><b>FIELD_CHEC:</b> 1]]></description>
      <Point>
        <coordinates>-115.12940070840129,36.16947362961888,0</coordinates>
      </Point>
    </Placemark>
    <Placemark>
      <name>13927401031</name>
      <description><![CDATA[<b>OBJECTID:</b> 49<br/><b>LVBOARDS_:</b> 59<br/><b>LVBOARDS_I:</b> 39<br/><b>SIGN_TYPE:</b>  <br/><b>STREET_NUM:</b> 0<br/><b>STREET_DIR:</b>  <br/><b>STREET_NAM:</b>  <br/><b>PARCEL:</b> 13927401031<br/><b>PARCELOLD:</b> 13927410003<br/><b>APPLICANT:</b> LAMAR<br/><b>SIGN_AREA:</b> 672<br/><b>SIGN_HEIGH:</b> 72<br/><b>TAG_NUM:</b> 0<br/><b>APPLY_DATE:</b>  <br/><b>NOTES_SUP:</b> U-238-91<br/><b>NOTES_VAR:</b>  <br/><b>NOTES_RQR:</b> RQR-30641;RQR-13989; RQR-6252; RQR-1993<br/><b>NOTES:</b>  <br/><b>SIZE_:</b> 14x48<br/><b>FIELD_CHEC:</b> 1]]></description>
      <Point>
        <coordinates>-115.14618098815782,36.17520023792622,0</coordinates>
      </Point>
    </Placemark>
    <Placemark>
      <name>000000</name>
      <description><![CDATA[<b>OBJECTID:</b> 50<br/><b>LVBOARDS_:</b> 60<br/><b>LVBOARDS_I:</b> 35<br/><b>SIGN_TYPE:</b>  <br/><b>STREET_NUM:</b> 0<br/><b>STREET_DIR:</b>  <br/><b>STREET_NAM:</b>  <br/><b>PARCEL:</b> 13927410005<br/><b>PARCELOLD:</b> 13927410004<br/><b>APPLICANT:</b> Clear Channel Outdoor<br/><b>SIGN_AREA:</b> 672<br/><b>SIGN_HEIGH:</b> 0<br/><b>TAG_NUM:</b> 0<br/><b>APPLY_DATE:</b>  <br/><b>NOTES_SUP:</b> U-94-98; Z-100-97<br/><b>NOTES_VAR:</b>  <br/><b>NOTES_RQR:</b> RQR-35268; 21345; 11403; 5683; 1974<br/><b>NOTES:</b>  <br/><b>SIZE_:</b> 14x48<br/><b>FIELD_CHEC:</b> 1]]></description>
      <Point>
        <coordinates>-115.14965134343953,36.173888654459965,0</coordinates>
      </Point>
    </Placemark>
    <Placemark>
      <name>000000</name>
      <description><![CDATA[<b>OBJECTID:</b> 51<br/><b>LVBOARDS_:</b> 61<br/><b>LVBOARDS_I:</b> 36<br/><b>SIGN_TYPE:</b>  <br/><b>STREET_NUM:</b> 0<br/><b>STREET_DIR:</b>  <br/><b>STREET_NAM:</b>  <br/><b>PARCEL:</b> 13927410005<br/><b>PARCELOLD:</b> 13927410004<br/><b>APPLICANT:</b> Clear Channel Outdoor<br/><b>SIGN_AREA:</b> 672<br/><b>SIGN_HEIGH:</b> 0<br/><b>TAG_NUM:</b> 0<br/><b>APPLY_DATE:</b>  <br/><b>NOTES_SUP:</b> U-94-98; Z-100-97<br/><b>NOTES_VAR:</b>  <br/><b>NOTES_RQR:</b> RQR-35268; 21345; 11403; 5683; 1974<br/><b>NOTES:</b>  <br/><b>SIZE_:</b> 14x48<br/><b>FIELD_CHEC:</b> 1]]></description>
      <Point>
        <coordinates>-115.15132411280888,36.17344676277354,0</coordinates>
      </Point>
    </Placemark>
    <Placemark>
      <name>000205   S GRAND CENTRAL         PKWY</name>
      <description><![CDATA[<b>OBJECTID:</b> 52<br/><b>LVBOARDS_:</b> 62<br/><b>LVBOARDS_I:</b> 22<br/><b>SIGN_TYPE:</b>  <br/><b>STREET_NUM:</b> 0<br/><b>STREET_DIR:</b>  <br/><b>STREET_NAM:</b>  <br/><b>PARCEL:</b> 13933511004<br/><b>PARCELOLD:</b> 13933511002<br/><b>APPLICANT:</b> VIACOM<br/><b>SIGN_AREA:</b> 672<br/><b>SIGN_HEIGH:</b> 0<br/><b>TAG_NUM:</b> 0<br/><b>APPLY_DATE:</b>  <br/><b>NOTES_SUP:</b> U-94-98; Z-100-97; U-314-91<br/><b>NOTES_VAR:</b>  <br/><b>NOTES_RQR:</b> RQR-34844; 21496; 12065; 6003; 1974<br/><b>NOTES:</b>  <br/><b>SIZE_:</b> 14x48<br/><b>FIELD_CHEC:</b> 1]]></description>
      <Point>
        <coordinates>-115.154954007921,36.17214643556873,0</coordinates>
      </Point>
    </Placemark>
    <Placemark>
      <name>13933710003</name>
      <description><![CDATA[<b>OBJECTID:</b> 53<br/><b>LVBOARDS_:</b> 63<br/><b>LVBOARDS_I:</b> 31<br/><b>SIGN_TYPE:</b>  <br/><b>STREET_NUM:</b> 0<br/><b>STREET_DIR:</b>  <br/><b>STREET_NAM:</b>  <br/><b>PARCEL:</b> 13933710003<br/><b>PARCELOLD:</b> 13933710001<br/><b>APPLICANT:</b> Clear Channel Outdoor<br/><b>SIGN_AREA:</b> 672<br/><b>SIGN_HEIGH:</b> 40<br/><b>TAG_NUM:</b> 0<br/><b>APPLY_DATE:</b>  <br/><b>NOTES_SUP:</b> Z-100-97; U-315-91<br/><b>NOTES_VAR:</b>  <br/><b>NOTES_RQR:</b> RQR-1974<br/><b>NOTES:</b>  <br/><b>SIZE_:</b> 14x48<br/><b>FIELD_CHEC:</b> 1]]></description>
      <Point>
        <coordinates>-115.15929421569862,36.16528956177029,0</coordinates>
      </Point>
    </Placemark>
    <Placemark>
      <name>13933710003</name>
      <description><![CDATA[<b>OBJECTID:</b> 54<br/><b>LVBOARDS_:</b> 64<br/><b>LVBOARDS_I:</b> 32<br/><b>SIGN_TYPE:</b>  <br/><b>STREET_NUM:</b> 0<br/><b>STREET_DIR:</b>  <br/><b>STREET_NAM:</b>  <br/><b>PARCEL:</b> 13933710003<br/><b>PARCELOLD:</b> 13933710001<br/><b>APPLICANT:</b> Clear Channel Outdoor<br/><b>SIGN_AREA:</b> 1200<br/><b>SIGN_HEIGH:</b> 50<br/><b>TAG_NUM:</b> 0<br/><b>APPLY_DATE:</b>  <br/><b>NOTES_SUP:</b> SUP-10134<br/><b>NOTES_VAR:</b> VAR-10409<br/><b>NOTES_RQR:</b> RQR-33270<br/><b>NOTES:</b> Z-100-97; RQR-1974<br/><b>SIZE_:</b> 20x60<br/><b>FIELD_CHEC:</b> 1]]></description>
      <Point>
        <coordinates>-115.15967159932765,36.16229713082343,0</coordinates>
      </Point>
    </Placemark>
    <Placemark>
      <name>16204602011</name>
      <description><![CDATA[<b>OBJECTID:</b> 55<br/><b>LVBOARDS_:</b> 66<br/><b>LVBOARDS_I:</b> 25<br/><b>SIGN_TYPE:</b>  <br/><b>STREET_NUM:</b> 1500<br/><b>STREET_DIR:</b> S<br/><b>STREET_NAM:</b> Western<br/><b>PARCEL:</b> 16204602011<br/><b>PARCELOLD:</b> 16204602011<br/><b>APPLICANT:</b>  <br/><b>SIGN_AREA:</b> 672<br/><b>SIGN_HEIGH:</b> 30<br/><b>TAG_NUM:</b> 0<br/><b>APPLY_DATE:</b>  <br/><b>NOTES_SUP:</b>  <br/><b>NOTES_VAR:</b> V-93-91<br/><b>NOTES_RQR:</b> V-93-91(1)<br/><b>NOTES:</b>  <br/><b>SIZE_:</b> 14x48<br/><b>FIELD_CHEC:</b> 1]]></description>
      <Point>
        <coordinates>-115.16113986378998,36.15442029987873,0</coordinates>
      </Point>
    </Placemark>
    <Placemark>
      <name>16204602010</name>
      <description><![CDATA[<b>OBJECTID:</b> 56<br/><b>LVBOARDS_:</b> 67<br/><b>LVBOARDS_I:</b> 25<br/><b>SIGN_TYPE:</b>  <br/><b>STREET_NUM:</b> 1508<br/><b>STREET_DIR:</b> S<br/><b>STREET_NAM:</b> Western<br/><b>PARCEL:</b> 16204602010<br/><b>PARCELOLD:</b> 16204602010<br/><b>APPLICANT:</b>  <br/><b>SIGN_AREA:</b> 672<br/><b>SIGN_HEIGH:</b> 0<br/><b>TAG_NUM:</b> 0<br/><b>APPLY_DATE:</b>  <br/><b>NOTES_SUP:</b>  <br/><b>NOTES_VAR:</b> V-93-91<br/><b>NOTES_RQR:</b> V-93-91(1)<br/><b>NOTES:</b>  <br/><b>SIZE_:</b> 14x48<br/><b>FIELD_CHEC:</b> 1]]></description>
      <Point>
        <coordinates>-115.1621847852937,36.15305371414366,0</coordinates>
      </Point>
    </Placemark>
    <Placemark>
      <name>001604   W OAKEY                 BLVD</name>
      <description><![CDATA[<b>OBJECTID:</b> 57<br/><b>LVBOARDS_:</b> 68<br/><b>LVBOARDS_I:</b> 30<br/><b>SIGN_TYPE:</b>  <br/><b>STREET_NUM:</b> 1604<br/><b>STREET_DIR:</b> W<br/><b>STREET_NAM:</b> Oakey<br/><b>PARCEL:</b> 16204602009<br/><b>PARCELOLD:</b> 16204602009<br/><b>APPLICANT:</b>  <br/><b>SIGN_AREA:</b> 672<br/><b>SIGN_HEIGH:</b> 40<br/><b>TAG_NUM:</b> 0<br/><b>APPLY_DATE:</b>  <br/><b>NOTES_SUP:</b>  <br/><b>NOTES_VAR:</b>  <br/><b>NOTES_RQR:</b>  <br/><b>NOTES:</b> DONREY<br/><b>SIZE_:</b> 14x48<br/><b>FIELD_CHEC:</b> 1]]></description>
      <Point>
        <coordinates>-115.1628190001645,36.15235282936895,0</coordinates>
      </Point>
    </Placemark>
    <Placemark>
      <name>16204301008</name>
      <description><![CDATA[<b>OBJECTID:</b> 60<br/><b>LVBOARDS_:</b> 71<br/><b>LVBOARDS_I:</b> 28<br/><b>SIGN_TYPE:</b>  <br/><b>STREET_NUM:</b> 2002<br/><b>STREET_DIR:</b>  <br/><b>STREET_NAM:</b> Highland<br/><b>PARCEL:</b> 16204301008<br/><b>PARCELOLD:</b> 16204301008<br/><b>APPLICANT:</b> Clear Channel Outdoor<br/><b>SIGN_AREA:</b> 672<br/><b>SIGN_HEIGH:</b> 65<br/><b>TAG_NUM:</b> 0<br/><b>APPLY_DATE:</b>  <br/><b>NOTES_SUP:</b>  <br/><b>NOTES_VAR:</b> V-26-88<br/><b>NOTES_RQR:</b> RQR-35243; 21344; 6150; 1704<br/><b>NOTES:</b>  <br/><b>SIZE_:</b> 14x48<br/><b>FIELD_CHEC:</b> 1]]></description>
      <Point>
        <coordinates>-115.16635562975641,36.14893567419091,0</coordinates>
      </Point>
    </Placemark>
    <Placemark>
      <name>002801     WESTWOOD              DR</name>
      <description><![CDATA[<b>OBJECTID:</b> 61<br/><b>LVBOARDS_:</b> 74<br/><b>LVBOARDS_I:</b> 14<br/><b>SIGN_TYPE:</b>  <br/><b>STREET_NUM:</b> 2801<br/><b>STREET_DIR:</b> W<br/><b>STREET_NAM:</b> Westwood<br/><b>PARCEL:</b> 16208604001<br/><b>PARCELOLD:</b> 16208604001<br/><b>APPLICANT:</b> LAMAR<br/><b>SIGN_AREA:</b> 672<br/><b>SIGN_HEIGH:</b> 55<br/><b>TAG_NUM:</b> 0<br/><b>APPLY_DATE:</b>  <br/><b>NOTES_SUP:</b>  <br/><b>NOTES_VAR:</b> VAR-4733<br/><b>NOTES_RQR:</b>  <br/><b>NOTES:</b> L-4119-04<br/><b>SIZE_:</b> 14x48<br/><b>FIELD_CHEC:</b> 1]]></description>
      <Point>
        <coordinates>-115.17423597013898,36.140013241490706,0</coordinates>
      </Point>
    </Placemark>
    <Placemark>
      <name>16208604002</name>
      <description><![CDATA[<b>OBJECTID:</b> 62<br/><b>LVBOARDS_:</b> 75<br/><b>LVBOARDS_I:</b> 15<br/><b>SIGN_TYPE:</b>  <br/><b>STREET_NUM:</b> 0<br/><b>STREET_DIR:</b>  <br/><b>STREET_NAM:</b>  <br/><b>PARCEL:</b> 16208604002<br/><b>PARCELOLD:</b> 16208604002<br/><b>APPLICANT:</b>  <br/><b>SIGN_AREA:</b> 672<br/><b>SIGN_HEIGH:</b> 0<br/><b>TAG_NUM:</b> 0<br/><b>APPLY_DATE:</b>  <br/><b>NOTES_SUP:</b>  <br/><b>NOTES_VAR:</b>  <br/><b>NOTES_RQR:</b>  <br/><b>NOTES:</b> DONREY<br/><b>SIZE_:</b> 14x48<br/><b>FIELD_CHEC:</b> 1]]></description>
      <Point>
        <coordinates>-115.17517443669786,36.13886899261493,0</coordinates>
      </Point>
    </Placemark>
    <Placemark>
      <name>003215   S RANCHO                DR</name>
      <description><![CDATA[<b>OBJECTID:</b> 63<br/><b>LVBOARDS_:</b> 76<br/><b>LVBOARDS_I:</b> 22<br/><b>SIGN_TYPE:</b>  <br/><b>STREET_NUM:</b> 3260<br/><b>STREET_DIR:</b> S<br/><b>STREET_NAM:</b> Rancho<br/><b>PARCEL:</b> 16208418002<br/><b>PARCELOLD:</b> 16208401004<br/><b>APPLICANT:</b> LAMAR<br/><b>SIGN_AREA:</b> 672<br/><b>SIGN_HEIGH:</b> 70<br/><b>TAG_NUM:</b> 0<br/><b>APPLY_DATE:</b> 11/30/95<br/><b>NOTES_SUP:</b> U-101-95<br/><b>NOTES_VAR:</b>  <br/><b>NOTES_RQR:</b> RQR-33287; RQR-5513<br/><b>NOTES:</b>  <br/><b>SIZE_:</b> 14x48<br/><b>FIELD_CHEC:</b> 1]]></description>
      <Point>
        <coordinates>-115.18128139948597,36.13046024928758,0</coordinates>
      </Point>
    </Placemark>
    <Placemark>
      <name>16208702002</name>
      <description><![CDATA[<b>OBJECTID:</b> 64<br/><b>LVBOARDS_:</b> 77<br/><b>LVBOARDS_I:</b> 20<br/><b>SIGN_TYPE:</b>  <br/><b>STREET_NUM:</b> 2900<br/><b>STREET_DIR:</b> W<br/><b>STREET_NAM:</b> Sirus<br/><b>PARCEL:</b> 16208702002<br/><b>PARCELOLD:</b> 16208702002<br/><b>APPLICANT:</b>  <br/><b>SIGN_AREA:</b> 672<br/><b>SIGN_HEIGH:</b> 40<br/><b>TAG_NUM:</b> 0<br/><b>APPLY_DATE:</b> 06/15/94<br/><b>NOTES_SUP:</b>  <br/><b>NOTES_VAR:</b> V-58-94<br/><b>NOTES_RQR:</b>  <br/><b>NOTES:</b>  <br/><b>SIZE_:</b> 14x48<br/><b>FIELD_CHEC:</b> 1]]></description>
      <Point>
        <coordinates>-115.18045381609855,36.133601728880684,0</coordinates>
      </Point>
    </Placemark>
    <Placemark>
      <name>16208702002</name>
      <description><![CDATA[<b>OBJECTID:</b> 65<br/><b>LVBOARDS_:</b> 78<br/><b>LVBOARDS_I:</b> 20<br/><b>SIGN_TYPE:</b>  <br/><b>STREET_NUM:</b> 2900<br/><b>STREET_DIR:</b> W<br/><b>STREET_NAM:</b> Sirus<br/><b>PARCEL:</b> 16208702002<br/><b>PARCELOLD:</b> 16208702002<br/><b>APPLICANT:</b>  <br/><b>SIGN_AREA:</b> 672<br/><b>SIGN_HEIGH:</b> 40<br/><b>TAG_NUM:</b> 0<br/><b>APPLY_DATE:</b> 8/11/94<br/><b>NOTES_SUP:</b> U-168-92<br/><b>NOTES_VAR:</b> V-58-94<br/><b>NOTES_RQR:</b> RQR-26324; RQR-1143<br/><b>NOTES:</b>  <br/><b>SIZE_:</b> 14x48<br/><b>FIELD_CHEC:</b> 1]]></description>
      <Point>
        <coordinates>-115.17962559428366,36.135142880753996,0</coordinates>
      </Point>
    </Placemark>
    <Placemark>
      <name>16208610104</name>
      <description><![CDATA[<b>OBJECTID:</b> 66<br/><b>LVBOARDS_:</b> 79<br/><b>LVBOARDS_I:</b> 18<br/><b>SIGN_TYPE:</b>  <br/><b>STREET_NUM:</b> 2800<br/><b>STREET_DIR:</b> S<br/><b>STREET_NAM:</b> Rancho<br/><b>PARCEL:</b> 16208610104<br/><b>PARCELOLD:</b> 16208602006<br/><b>APPLICANT:</b>  <br/><b>SIGN_AREA:</b> 672<br/><b>SIGN_HEIGH:</b> 65<br/><b>TAG_NUM:</b> 0<br/><b>APPLY_DATE:</b>  <br/><b>NOTES_SUP:</b>  <br/><b>NOTES_VAR:</b> V-01-87<br/><b>NOTES_RQR:</b> V-01-87(1)&amp;(2)<br/><b>NOTES:</b> 2 yr review has not been done<br/><b>SIZE_:</b> 14x48<br/><b>FIELD_CHEC:</b> 1]]></description>
      <Point>
        <coordinates>-115.17791599296882,36.1374248628189,0</coordinates>
      </Point>
    </Placemark>
    <Placemark>
      <name>16208610104</name>
      <description><![CDATA[<b>OBJECTID:</b> 67<br/><b>LVBOARDS_:</b> 80<br/><b>LVBOARDS_I:</b> 17<br/><b>SIGN_TYPE:</b>  <br/><b>STREET_NUM:</b> 2800<br/><b>STREET_DIR:</b> S<br/><b>STREET_NAM:</b> Rancho<br/><b>PARCEL:</b> 16208610104<br/><b>PARCELOLD:</b> 16208602006<br/><b>APPLICANT:</b>  <br/><b>SIGN_AREA:</b> 672<br/><b>SIGN_HEIGH:</b> 65<br/><b>TAG_NUM:</b> 0<br/><b>APPLY_DATE:</b> 12/04/86<br/><b>NOTES_SUP:</b>  <br/><b>NOTES_VAR:</b> V-104-86<br/><b>NOTES_RQR:</b>  <br/><b>NOTES:</b>  <br/><b>SIZE_:</b> 14x48<br/><b>FIELD_CHEC:</b> 1]]></description>
      <Point>
        <coordinates>-115.17678143354485,36.13866125750686,0</coordinates>
      </Point>
    </Placemark>
    <Placemark>
      <name>16208610104</name>
      <description><![CDATA[<b>OBJECTID:</b> 68<br/><b>LVBOARDS_:</b> 81<br/><b>LVBOARDS_I:</b> 16<br/><b>SIGN_TYPE:</b>  <br/><b>STREET_NUM:</b> 2800<br/><b>STREET_DIR:</b> S<br/><b>STREET_NAM:</b> Rancho<br/><b>PARCEL:</b> 16208610104<br/><b>PARCELOLD:</b> 16208602006<br/><b>APPLICANT:</b>  <br/><b>SIGN_AREA:</b> 672<br/><b>SIGN_HEIGH:</b> 65<br/><b>TAG_NUM:</b> 0<br/><b>APPLY_DATE:</b> 12/07/86<br/><b>NOTES_SUP:</b>  <br/><b>NOTES_VAR:</b> V-104-86<br/><b>NOTES_RQR:</b>  <br/><b>NOTES:</b>  <br/><b>SIZE_:</b> 14x48<br/><b>FIELD_CHEC:</b> 1]]></description>
      <Point>
        <coordinates>-115.17600046941605,36.13985223185314,0</coordinates>
      </Point>
    </Placemark>
    <Placemark>
      <name>16204412005</name>
      <description><![CDATA[<b>OBJECTID:</b> 69<br/><b>LVBOARDS_:</b> 82<br/><b>LVBOARDS_I:</b> 19<br/><b>SIGN_TYPE:</b> AA<br/><b>STREET_NUM:</b> 2320<br/><b>STREET_DIR:</b> S<br/><b>STREET_NAM:</b> RANCHO<br/><b>PARCEL:</b> 16204412005<br/><b>PARCELOLD:</b> 16204401004<br/><b>APPLICANT:</b> VIACOM<br/><b>SIGN_AREA:</b> 672<br/><b>SIGN_HEIGH:</b> 90<br/><b>TAG_NUM:</b> 719<br/><b>APPLY_DATE:</b> 1/19/95<br/><b>NOTES_SUP:</b>  <br/><b>NOTES_VAR:</b> V-154-94<br/><b>NOTES_RQR:</b> RQR-39424; RQR-24171; RQR-3705<br/><b>NOTES:</b>  <br/><b>SIZE_:</b> 14x48<br/><b>FIELD_CHEC:</b> 1]]></description>
      <Point>
        <coordinates>-115.17164804566174,36.14499737739729,0</coordinates>
      </Point>
    </Placemark>
    <Placemark>
      <name>13933701005</name>
      <description><![CDATA[<b>OBJECTID:</b> 70<br/><b>LVBOARDS_:</b> 83<br/><b>LVBOARDS_I:</b> 30<br/><b>SIGN_TYPE:</b>  <br/><b>STREET_NUM:</b> 0<br/><b>STREET_DIR:</b>  <br/><b>STREET_NAM:</b>  <br/><b>PARCEL:</b> 13933701005<br/><b>PARCELOLD:</b> 13933701005<br/><b>APPLICANT:</b> LAMAR<br/><b>SIGN_AREA:</b> 72<br/><b>SIGN_HEIGH:</b> 20<br/><b>TAG_NUM:</b> 0<br/><b>APPLY_DATE:</b>  <br/><b>NOTES_SUP:</b>  <br/><b>NOTES_VAR:</b>  <br/><b>NOTES_RQR:</b>  <br/><b>NOTES:</b>  <br/><b>SIZE_:</b>  <br/><b>FIELD_CHEC:</b> 1]]></description>
      <Point>
        <coordinates>-115.16065671813251,36.16448518879474,0</coordinates>
      </Point>
    </Placemark>
    <Placemark>
      <name>13933701005</name>
      <description><![CDATA[<b>OBJECTID:</b> 71<br/><b>LVBOARDS_:</b> 84<br/><b>LVBOARDS_I:</b> 28<br/><b>SIGN_TYPE:</b>  <br/><b>STREET_NUM:</b> 0<br/><b>STREET_DIR:</b>  <br/><b>STREET_NAM:</b>  <br/><b>PARCEL:</b> 13933701005<br/><b>PARCELOLD:</b> 13933701005<br/><b>APPLICANT:</b>  <br/><b>SIGN_AREA:</b> 672<br/><b>SIGN_HEIGH:</b> 40<br/><b>TAG_NUM:</b> 0<br/><b>APPLY_DATE:</b>  <br/><b>NOTES_SUP:</b>  <br/><b>NOTES_VAR:</b>  <br/><b>NOTES_RQR:</b>  <br/><b>NOTES:</b> DONREY<br/><b>SIZE_:</b> 14x48<br/><b>FIELD_CHEC:</b> 1]]></description>
      <Point>
        <coordinates>-115.1606121816381,36.16516966623629,0</coordinates>
      </Point>
    </Placemark>
    <Placemark>
      <name>13933601003</name>
      <description><![CDATA[<b>OBJECTID:</b> 72<br/><b>LVBOARDS_:</b> 85<br/><b>LVBOARDS_I:</b> 26<br/><b>SIGN_TYPE:</b>  <br/><b>STREET_NUM:</b> 351<br/><b>STREET_DIR:</b> S<br/><b>STREET_NAM:</b> Martin L King<br/><b>PARCEL:</b> 13933601003<br/><b>PARCELOLD:</b> 13933601003<br/><b>APPLICANT:</b> LAMAR<br/><b>SIGN_AREA:</b> 672<br/><b>SIGN_HEIGH:</b> 40<br/><b>TAG_NUM:</b> 0<br/><b>APPLY_DATE:</b> 5-31-83<br/><b>NOTES_SUP:</b>  <br/><b>NOTES_VAR:</b>  <br/><b>NOTES_RQR:</b>  <br/><b>NOTES:</b>  <br/><b>SIZE_:</b> 14x48<br/><b>FIELD_CHEC:</b> 1]]></description>
      <Point>
        <coordinates>-115.15992117770752,36.167592543981904,0</coordinates>
      </Point>
    </Placemark>
    <Placemark>
      <name>13933501012</name>
      <description><![CDATA[<b>OBJECTID:</b> 73<br/><b>LVBOARDS_:</b> 86<br/><b>LVBOARDS_I:</b> 20<br/><b>SIGN_TYPE:</b>  <br/><b>STREET_NUM:</b> 0<br/><b>STREET_DIR:</b>  <br/><b>STREET_NAM:</b>  <br/><b>PARCEL:</b> 13933501012<br/><b>PARCELOLD:</b> 13933501012<br/><b>APPLICANT:</b> Clear Channel Outdoor<br/><b>SIGN_AREA:</b> 288<br/><b>SIGN_HEIGH:</b> 0<br/><b>TAG_NUM:</b> 0<br/><b>APPLY_DATE:</b>  <br/><b>NOTES_SUP:</b> U-159-89<br/><b>NOTES_VAR:</b>  <br/><b>NOTES_RQR:</b> RQR-31586;RQR-3732<br/><b>NOTES:</b> SDR-71228<br/><b>SIZE_:</b>  <br/><b>FIELD_CHEC:</b> 1]]></description>
      <Point>
        <coordinates>-115.159613973886,36.169872878106425,0</coordinates>
      </Point>
    </Placemark>
    <Placemark>
      <name>13933510007</name>
      <description><![CDATA[<b>OBJECTID:</b> 74<br/><b>LVBOARDS_:</b> 87<br/><b>LVBOARDS_I:</b> 19<br/><b>SIGN_TYPE:</b>  <br/><b>STREET_NUM:</b> 275<br/><b>STREET_DIR:</b> S<br/><b>STREET_NAM:</b> Martin L. King<br/><b>PARCEL:</b> 13933510007<br/><b>PARCELOLD:</b> 13933510006<br/><b>APPLICANT:</b> DONREY<br/><b>SIGN_AREA:</b> 672<br/><b>SIGN_HEIGH:</b> 0<br/><b>TAG_NUM:</b> 0<br/><b>APPLY_DATE:</b>  <br/><b>NOTES_SUP:</b>  <br/><b>NOTES_VAR:</b>  <br/><b>NOTES_RQR:</b>  <br/><b>NOTES:</b>  <br/><b>SIZE_:</b> 14x48<br/><b>FIELD_CHEC:</b> 1]]></description>
      <Point>
        <coordinates>-115.15792861612108,36.172306189029875,0</coordinates>
      </Point>
    </Placemark>
    <Placemark>
      <name>000073   S MARTIN L KING         BLVD</name>
      <description><![CDATA[<b>OBJECTID:</b> 75<br/><b>LVBOARDS_:</b> 88<br/><b>LVBOARDS_I:</b> 20<br/><b>SIGN_TYPE:</b> 45<br/><b>STREET_NUM:</b> 81<br/><b>STREET_DIR:</b> S<br/><b>STREET_NAM:</b> Martin L. King<br/><b>PARCEL:</b> 13933510002<br/><b>PARCELOLD:</b> 13933510002<br/><b>APPLICANT:</b> DONREY<br/><b>SIGN_AREA:</b> 672<br/><b>SIGN_HEIGH:</b> 0<br/><b>TAG_NUM:</b> 0<br/><b>APPLY_DATE:</b>  <br/><b>NOTES_SUP:</b>  <br/><b>NOTES_VAR:</b> V-20-91<br/><b>NOTES_RQR:</b> RQR-33830; V-20-91(1)&amp;(2)<br/><b>NOTES:</b>  <br/><b>SIZE_:</b> 14x48<br/><b>FIELD_CHEC:</b> 1]]></description>
      <Point>
        <coordinates>-115.1579940607996,36.173644371741965,0</coordinates>
      </Point>
    </Placemark>
    <Placemark>
      <name>000800   W MESQUITE              AVE</name>
      <description><![CDATA[<b>OBJECTID:</b> 76<br/><b>LVBOARDS_:</b> 89<br/><b>LVBOARDS_I:</b> 13<br/><b>SIGN_TYPE:</b> 45<br/><b>STREET_NUM:</b> 720<br/><b>STREET_DIR:</b> W<br/><b>STREET_NAM:</b> Mesquite<br/><b>PARCEL:</b> 13928802001<br/><b>PARCELOLD:</b> 13928802001<br/><b>APPLICANT:</b> LAMAR<br/><b>SIGN_AREA:</b> 672<br/><b>SIGN_HEIGH:</b> 85<br/><b>TAG_NUM:</b> 0<br/><b>APPLY_DATE:</b>  <br/><b>NOTES_SUP:</b> U-77-97<br/><b>NOTES_VAR:</b>  <br/><b>NOTES_RQR:</b>  <br/><b>NOTES:</b>  <br/><b>SIZE_:</b> 14x48<br/><b>FIELD_CHEC:</b> 1]]></description>
      <Point>
        <coordinates>-115.15186406318129,36.17606737962347,0</coordinates>
      </Point>
    </Placemark>
    <Placemark>
      <name>001405     A                     ST</name>
      <description><![CDATA[<b>OBJECTID:</b> 78<br/><b>LVBOARDS_:</b> 91<br/><b>LVBOARDS_I:</b> 10<br/><b>SIGN_TYPE:</b>  <br/><b>STREET_NUM:</b> 1405<br/><b>STREET_DIR:</b> N<br/><b>STREET_NAM:</b> A St.<br/><b>PARCEL:</b> 13927501003<br/><b>PARCELOLD:</b> 10490008<br/><b>APPLICANT:</b> LAMAR<br/><b>SIGN_AREA:</b> 672<br/><b>SIGN_HEIGH:</b> 80<br/><b>TAG_NUM:</b> 1322<br/><b>APPLY_DATE:</b> 1/31/96<br/><b>NOTES_SUP:</b>  <br/><b>NOTES_VAR:</b> V-131-90<br/><b>NOTES_RQR:</b> RQR-33286; RQR-5732<br/><b>NOTES:</b>  <br/><b>SIZE_:</b> 14x48<br/><b>FIELD_CHEC:</b> 1]]></description>
      <Point>
        <coordinates>-115.14292881070149,36.18619704404504,0</coordinates>
      </Point>
    </Placemark>
    <Placemark>
      <name>000000</name>
      <description><![CDATA[<b>OBJECTID:</b> 79<br/><b>LVBOARDS_:</b> 92<br/><b>LVBOARDS_I:</b> 24<br/><b>SIGN_TYPE:</b>  <br/><b>STREET_NUM:</b> 616<br/><b>STREET_DIR:</b>  <br/><b>STREET_NAM:</b> H St.<br/><b>PARCEL:</b> 13927310069<br/><b>PARCELOLD:</b> 13927310069<br/><b>APPLICANT:</b> Eagle<br/><b>SIGN_AREA:</b> 672<br/><b>SIGN_HEIGH:</b> 85<br/><b>TAG_NUM:</b> 0<br/><b>APPLY_DATE:</b>  <br/><b>NOTES_SUP:</b>  <br/><b>NOTES_VAR:</b> V-66-97<br/><b>NOTES_RQR:</b> RQR-32901; V-66-97(1)<br/><b>NOTES:</b>  <br/><b>SIZE_:</b> 14x48<br/><b>FIELD_CHEC:</b> 1]]></description>
      <Point>
        <coordinates>-115.15133824234972,36.177760553956844,0</coordinates>
      </Point>
    </Placemark>
    <Placemark>
      <name>13928801010</name>
      <description><![CDATA[<b>OBJECTID:</b> 80<br/><b>LVBOARDS_:</b> 93<br/><b>LVBOARDS_I:</b> 15<br/><b>SIGN_TYPE:</b> 45<br/><b>STREET_NUM:</b> 831<br/><b>STREET_DIR:</b> W<br/><b>STREET_NAM:</b> Bonanza<br/><b>PARCEL:</b> 13928801010<br/><b>PARCELOLD:</b> 13928801010<br/><b>APPLICANT:</b> Clear Channel Outdoor<br/><b>SIGN_AREA:</b> 672<br/><b>SIGN_HEIGH:</b> 40<br/><b>TAG_NUM:</b> 0<br/><b>APPLY_DATE:</b>  <br/><b>NOTES_SUP:</b> U-86-86<br/><b>NOTES_VAR:</b>  <br/><b>NOTES_RQR:</b> RQR-33344; U-86-86(1)&amp;(2)<br/><b>NOTES:</b>  <br/><b>SIZE_:</b> 14x48<br/><b>FIELD_CHEC:</b> 1]]></description>
      <Point>
        <coordinates>-115.15270280972318,36.176808424098404,0</coordinates>
      </Point>
    </Placemark>
    <Placemark>
      <name>000901   N BUFFALO               DR</name>
      <description><![CDATA[<b>OBJECTID:</b> 81<br/><b>LVBOARDS_:</b> 94<br/><b>LVBOARDS_I:</b> 11<br/><b>SIGN_TYPE:</b> AA<br/><b>STREET_NUM:</b> 901<br/><b>STREET_DIR:</b> N<br/><b>STREET_NAM:</b> BUFFALO<br/><b>PARCEL:</b> 13828620003<br/><b>PARCELOLD:</b> 13828620001<br/><b>APPLICANT:</b>  <br/><b>SIGN_AREA:</b> 672<br/><b>SIGN_HEIGH:</b> 40<br/><b>TAG_NUM:</b> 0<br/><b>APPLY_DATE:</b> 06/19/96<br/><b>NOTES_SUP:</b>  <br/><b>NOTES_VAR:</b> V-43-96<br/><b>NOTES_RQR:</b> RQR-33738; V-43-96(1)<br/><b>NOTES:</b>  <br/><b>SIZE_:</b> 14x48<br/><b>FIELD_CHEC:</b> 1]]></description>
      <Point>
        <coordinates>-115.2601937077582,36.18199970624559,0</coordinates>
      </Point>
    </Placemark>
    <Placemark>
      <name>002401   N DECATUR               BLVD</name>
      <description><![CDATA[<b>OBJECTID:</b> 82<br/><b>LVBOARDS_:</b> 96<br/><b>LVBOARDS_I:</b> 7<br/><b>SIGN_TYPE:</b> AA<br/><b>STREET_NUM:</b> 2401<br/><b>STREET_DIR:</b> N<br/><b>STREET_NAM:</b> DECATUR<br/><b>PARCEL:</b> 13813801083<br/><b>PARCELOLD:</b> 13813801083<br/><b>APPLICANT:</b> LAMAR<br/><b>SIGN_AREA:</b> 672<br/><b>SIGN_HEIGH:</b> 40<br/><b>TAG_NUM:</b> 1029<br/><b>APPLY_DATE:</b> 7/21/95<br/><b>NOTES_SUP:</b> U-36-95<br/><b>NOTES_VAR:</b>  <br/><b>NOTES_RQR:</b> RQR-17764; RQR-4959<br/><b>NOTES:</b>  <br/><b>SIZE_:</b> 14x48<br/><b>FIELD_CHEC:</b> 1]]></description>
      <Point>
        <coordinates>-115.20609712290292,36.203369615812754,0</coordinates>
      </Point>
    </Placemark>
    <Placemark>
      <name>002390   N DECATUR               BLVD</name>
      <description><![CDATA[<b>OBJECTID:</b> 83<br/><b>LVBOARDS_:</b> 97<br/><b>LVBOARDS_I:</b> 5<br/><b>SIGN_TYPE:</b> AA<br/><b>STREET_NUM:</b> 2390<br/><b>STREET_DIR:</b> N<br/><b>STREET_NAM:</b> DECATUR<br/><b>PARCEL:</b> 13919101001<br/><b>PARCELOLD:</b> 13919101001<br/><b>APPLICANT:</b> LAMAR<br/><b>SIGN_AREA:</b> 672<br/><b>SIGN_HEIGH:</b> 40<br/><b>TAG_NUM:</b> 505<br/><b>APPLY_DATE:</b> 9/21/94<br/><b>NOTES_SUP:</b> U-173-94<br/><b>NOTES_VAR:</b>  <br/><b>NOTES_RQR:</b> RQR-31834;U-173-94(1)<br/><b>NOTES:</b>  <br/><b>SIZE_:</b> 14x48<br/><b>FIELD_CHEC:</b> 1]]></description>
      <Point>
        <coordinates>-115.2050809895876,36.20247390978753,0</coordinates>
      </Point>
    </Placemark>
    <Placemark>
      <name>13824215006</name>
      <description><![CDATA[<b>OBJECTID:</b> 84<br/><b>LVBOARDS_:</b> 99<br/><b>LVBOARDS_I:</b> 7<br/><b>SIGN_TYPE:</b>  <br/><b>STREET_NUM:</b> 5910<br/><b>STREET_DIR:</b> W<br/><b>STREET_NAM:</b> Lake Mead<br/><b>PARCEL:</b> 13824215006<br/><b>PARCELOLD:</b> 13824215002<br/><b>APPLICANT:</b>  <br/><b>SIGN_AREA:</b> 96<br/><b>SIGN_HEIGH:</b> 30<br/><b>TAG_NUM:</b> 1276<br/><b>APPLY_DATE:</b> 12/28/95<br/><b>NOTES_SUP:</b>  <br/><b>NOTES_VAR:</b> V-92-95<br/><b>NOTES_RQR:</b> 5 yr review has not been done<br/><b>NOTES:</b> Burger King sign only<br/><b>SIZE_:</b>  <br/><b>FIELD_CHEC:</b> 9]]></description>
      <Point>
        <coordinates>-115.22309999188826,36.19591710955913,0</coordinates>
      </Point>
    </Placemark>
    <Placemark>
      <name>001080   S RAINBOW               BLVD</name>
      <description><![CDATA[<b>OBJECTID:</b> 85<br/><b>LVBOARDS_:</b> 100<br/><b>LVBOARDS_I:</b> 4<br/><b>SIGN_TYPE:</b> AA<br/><b>STREET_NUM:</b> 1060<br/><b>STREET_DIR:</b> S<br/><b>STREET_NAM:</b> RAINBOW<br/><b>PARCEL:</b> 13834819014<br/><b>PARCELOLD:</b> 13834819015<br/><b>APPLICANT:</b> LAMAR<br/><b>SIGN_AREA:</b> 672<br/><b>SIGN_HEIGH:</b> 40<br/><b>TAG_NUM:</b> 0<br/><b>APPLY_DATE:</b>  <br/><b>NOTES_SUP:</b> U-0005-97<br/><b>NOTES_VAR:</b>  <br/><b>NOTES_RQR:</b> RQR-28937; RQR-14207; U-05-97(1)<br/><b>NOTES:</b> DIR-16647<br/><b>SIZE_:</b> 14x48<br/><b>FIELD_CHEC:</b> 1]]></description>
      <Point>
        <coordinates>-115.24325429534707,36.159679188425386,0</coordinates>
      </Point>
    </Placemark>
    <Placemark>
      <name>006651   W CHARLESTON            BLVD</name>
      <description><![CDATA[<b>OBJECTID:</b> 86<br/><b>LVBOARDS_:</b> 101<br/><b>LVBOARDS_I:</b> 29<br/><b>SIGN_TYPE:</b>  <br/><b>STREET_NUM:</b> 6611<br/><b>STREET_DIR:</b> W<br/><b>STREET_NAM:</b> Charleston<br/><b>PARCEL:</b> 16302104001<br/><b>PARCELOLD:</b> 16302104001<br/><b>APPLICANT:</b> LAMAR<br/><b>SIGN_AREA:</b> 672<br/><b>SIGN_HEIGH:</b> 40<br/><b>TAG_NUM:</b> 1072<br/><b>APPLY_DATE:</b> 8/21/95<br/><b>NOTES_SUP:</b> U-27-95<br/><b>NOTES_VAR:</b>  <br/><b>NOTES_RQR:</b> RQR-30595;RQR-5169<br/><b>NOTES:</b>  <br/><b>SIZE_:</b> 14x48<br/><b>FIELD_CHEC:</b> 0]]></description>
      <Point>
        <coordinates>-115.23906904934813,36.158910362850044,0</coordinates>
      </Point>
    </Placemark>
    <Placemark>
      <name>001000   S TORREY PINES          DR</name>
      <description><![CDATA[<b>OBJECTID:</b> 87<br/><b>LVBOARDS_:</b> 102<br/><b>LVBOARDS_I:</b> 8<br/><b>SIGN_TYPE:</b>  <br/><b>STREET_NUM:</b> 1000<br/><b>STREET_DIR:</b> S<br/><b>STREET_NAM:</b> Torrey Pines<br/><b>PARCEL:</b> 13835402011<br/><b>PARCELOLD:</b> 13835402011<br/><b>APPLICANT:</b>  <br/><b>SIGN_AREA:</b> 288<br/><b>SIGN_HEIGH:</b> 0<br/><b>TAG_NUM:</b> 0<br/><b>APPLY_DATE:</b>  <br/><b>NOTES_SUP:</b>  <br/><b>NOTES_VAR:</b>  <br/><b>NOTES_RQR:</b>  <br/><b>NOTES:</b> DONREY<br/><b>SIZE_:</b>  <br/><b>FIELD_CHEC:</b> 0]]></description>
      <Point>
        <coordinates>-115.23477850384413,36.159806798476936,0</coordinates>
      </Point>
    </Placemark>
    <Placemark>
      <name>006151   W CHARLESTON            BLVD</name>
      <description><![CDATA[<b>OBJECTID:</b> 88<br/><b>LVBOARDS_:</b> 105<br/><b>LVBOARDS_I:</b> 20<br/><b>SIGN_TYPE:</b>  <br/><b>STREET_NUM:</b> 6151<br/><b>STREET_DIR:</b> W<br/><b>STREET_NAM:</b> Charleston<br/><b>PARCEL:</b> 16301101001<br/><b>PARCELOLD:</b> 16301101002<br/><b>APPLICANT:</b>  <br/><b>SIGN_AREA:</b> 288<br/><b>SIGN_HEIGH:</b> 40<br/><b>TAG_NUM:</b> 0<br/><b>APPLY_DATE:</b> 10-24-84<br/><b>NOTES_SUP:</b>  <br/><b>NOTES_VAR:</b>  <br/><b>NOTES_RQR:</b>  <br/><b>NOTES:</b> DONREY<br/><b>SIZE_:</b>  <br/><b>FIELD_CHEC:</b> 0]]></description>
      <Point>
        <coordinates>-115.22481834345253,36.15903723874172,0</coordinates>
      </Point>
    </Placemark>
    <Placemark>
      <name>005650   W CHARLESTON            BLVD</name>
      <description><![CDATA[<b>OBJECTID:</b> 89<br/><b>LVBOARDS_:</b> 107<br/><b>LVBOARDS_I:</b> 27<br/><b>SIGN_TYPE:</b> AA<br/><b>STREET_NUM:</b> 5636<br/><b>STREET_DIR:</b> W<br/><b>STREET_NAM:</b> Charleston<br/><b>PARCEL:</b> 13836408002<br/><b>PARCELOLD:</b> 13836408002<br/><b>APPLICANT:</b>  <br/><b>SIGN_AREA:</b> 672<br/><b>SIGN_HEIGH:</b> 40<br/><b>TAG_NUM:</b> 0<br/><b>APPLY_DATE:</b> 9-22-86<br/><b>NOTES_SUP:</b> U-67-86<br/><b>NOTES_VAR:</b>  <br/><b>NOTES_RQR:</b> U-67-86(1)&amp;(2)<br/><b>NOTES:</b> 1997 review incomplete, needs a review<br/><b>SIZE_:</b> 14x48<br/><b>FIELD_CHEC:</b> 1]]></description>
      <Point>
        <coordinates>-115.21836547370704,36.15933992079524,0</coordinates>
      </Point>
    </Placemark>
    <Placemark>
      <name>13836408008</name>
      <description><![CDATA[<b>OBJECTID:</b> 90<br/><b>LVBOARDS_:</b> 108<br/><b>LVBOARDS_I:</b> 26<br/><b>SIGN_TYPE:</b> AA<br/><b>STREET_NUM:</b> 5600<br/><b>STREET_DIR:</b> W<br/><b>STREET_NAM:</b> Charleston<br/><b>PARCEL:</b> 13836408008<br/><b>PARCELOLD:</b> 13836408008<br/><b>APPLICANT:</b>  <br/><b>SIGN_AREA:</b> 288<br/><b>SIGN_HEIGH:</b> 40<br/><b>TAG_NUM:</b> 0<br/><b>APPLY_DATE:</b> 11-14-83<br/><b>NOTES_SUP:</b>  <br/><b>NOTES_VAR:</b>  <br/><b>NOTES_RQR:</b>  <br/><b>NOTES:</b> DONREY<br/><b>SIZE_:</b>  <br/><b>FIELD_CHEC:</b> 1]]></description>
      <Point>
        <coordinates>-115.21732795224084,36.15939838995722,0</coordinates>
      </Point>
    </Placemark>
    <Placemark>
      <name>005301   W CHARLESTON            BLVD</name>
      <description><![CDATA[<b>OBJECTID:</b> 91<br/><b>LVBOARDS_:</b> 109<br/><b>LVBOARDS_I:</b> 25<br/><b>SIGN_TYPE:</b>  <br/><b>STREET_NUM:</b> 5301<br/><b>STREET_DIR:</b> W<br/><b>STREET_NAM:</b> Charleston<br/><b>PARCEL:</b> 16301501011<br/><b>PARCELOLD:</b> 16301501005<br/><b>APPLICANT:</b> Clear Channel Outdoor<br/><b>SIGN_AREA:</b> 672<br/><b>SIGN_HEIGH:</b> 40<br/><b>TAG_NUM:</b> 0<br/><b>APPLY_DATE:</b> 06/07/89<br/><b>NOTES_SUP:</b>  <br/><b>NOTES_VAR:</b> V-23-89<br/><b>NOTES_RQR:</b> RQR-30592;RQR-17662; RQR-12232, V-23-89(1),(2)&amp;(3)<br/><b>NOTES:</b>  <br/><b>SIZE_:</b> 14x48<br/><b>FIELD_CHEC:</b> 1]]></description>
      <Point>
        <coordinates>-115.21511580017983,36.158911273941726,0</coordinates>
      </Point>
    </Placemark>
    <Placemark>
      <name>13836803015</name>
      <description><![CDATA[<b>OBJECTID:</b> 92<br/><b>LVBOARDS_:</b> 110<br/><b>LVBOARDS_I:</b> 23<br/><b>SIGN_TYPE:</b> AA<br/><b>STREET_NUM:</b> 5300<br/><b>STREET_DIR:</b> W<br/><b>STREET_NAM:</b> Charleston<br/><b>PARCEL:</b> 13836803015<br/><b>PARCELOLD:</b> 13836803003<br/><b>APPLICANT:</b> DONREY<br/><b>SIGN_AREA:</b> 288<br/><b>SIGN_HEIGH:</b> 30<br/><b>TAG_NUM:</b> 0<br/><b>APPLY_DATE:</b>  <br/><b>NOTES_SUP:</b> U-84-86<br/><b>NOTES_VAR:</b>  <br/><b>NOTES_RQR:</b> U-84-86(1)&amp;(2)<br/><b>NOTES:</b> Abeyed 11/26/96, 5 yr review has not been done<br/><b>SIZE_:</b>  <br/><b>FIELD_CHEC:</b> 1]]></description>
      <Point>
        <coordinates>-115.21406238200264,36.15933613400026,0</coordinates>
      </Point>
    </Placemark>
    <Placemark>
      <name>005231   W CHARLESTON            BLVD</name>
      <description><![CDATA[<b>OBJECTID:</b> 93<br/><b>LVBOARDS_:</b> 111<br/><b>LVBOARDS_I:</b> 26<br/><b>SIGN_TYPE:</b>  <br/><b>STREET_NUM:</b> 5200<br/><b>STREET_DIR:</b> W<br/><b>STREET_NAM:</b> Charleston<br/><b>PARCEL:</b> 16301502014<br/><b>PARCELOLD:</b> 16301502002<br/><b>APPLICANT:</b>  <br/><b>SIGN_AREA:</b> 288<br/><b>SIGN_HEIGH:</b> 40<br/><b>TAG_NUM:</b> 0<br/><b>APPLY_DATE:</b>  <br/><b>NOTES_SUP:</b>  <br/><b>NOTES_VAR:</b>  <br/><b>NOTES_RQR:</b>  <br/><b>NOTES:</b> DONREY<br/><b>SIZE_:</b> 12x24<br/><b>FIELD_CHEC:</b> 1]]></description>
      <Point>
        <coordinates>-115.21205989382943,36.15892888040091,0</coordinates>
      </Point>
    </Placemark>
    <Placemark>
      <name>004820   W CHARLESTON            BLVD</name>
      <description><![CDATA[<b>OBJECTID:</b> 94<br/><b>LVBOARDS_:</b> 113<br/><b>LVBOARDS_I:</b> 19<br/><b>SIGN_TYPE:</b> AA<br/><b>STREET_NUM:</b> 4820<br/><b>STREET_DIR:</b> W<br/><b>STREET_NAM:</b> CHARLESTON<br/><b>PARCEL:</b> 13836804008<br/><b>PARCELOLD:</b> 13836804008<br/><b>APPLICANT:</b> LAMAR<br/><b>SIGN_AREA:</b> 672<br/><b>SIGN_HEIGH:</b> 40<br/><b>TAG_NUM:</b> 711<br/><b>APPLY_DATE:</b> 1/13/95<br/><b>NOTES_SUP:</b> U-262-94<br/><b>NOTES_VAR:</b>  <br/><b>NOTES_RQR:</b> RQR-39107; 22322; 4240; 1979<br/><b>NOTES:</b>  <br/><b>SIZE_:</b> 14x48<br/><b>FIELD_CHEC:</b> 1]]></description>
      <Point>
        <coordinates>-115.20699669455132,36.159321757472995,0</coordinates>
      </Point>
    </Placemark>
    <Placemark>
      <name>004717   W CHARLESTON            BLVD</name>
      <description><![CDATA[<b>OBJECTID:</b> 95<br/><b>LVBOARDS_:</b> 114<br/><b>LVBOARDS_I:</b> 28<br/><b>SIGN_TYPE:</b>  <br/><b>STREET_NUM:</b> 4717<br/><b>STREET_DIR:</b> W<br/><b>STREET_NAM:</b> Charleston<br/><b>PARCEL:</b> 16206102001<br/><b>PARCELOLD:</b> 16206102001<br/><b>APPLICANT:</b>  <br/><b>SIGN_AREA:</b> 672<br/><b>SIGN_HEIGH:</b> 40<br/><b>TAG_NUM:</b> 0<br/><b>APPLY_DATE:</b> 2/11/85<br/><b>NOTES_SUP:</b>  <br/><b>NOTES_VAR:</b>  <br/><b>NOTES_RQR:</b>  <br/><b>NOTES:</b> MARTIN<br/><b>SIZE_:</b> 14x48<br/><b>FIELD_CHEC:</b> 1]]></description>
      <Point>
        <coordinates>-115.20551963969592,36.158592065619025,0</coordinates>
      </Point>
    </Placemark>
    <Placemark>
      <name>13931801009</name>
      <description><![CDATA[<b>OBJECTID:</b> 96<br/><b>LVBOARDS_:</b> 115<br/><b>LVBOARDS_I:</b> 14<br/><b>SIGN_TYPE:</b>  <br/><b>STREET_NUM:</b> 4100<br/><b>STREET_DIR:</b> W<br/><b>STREET_NAM:</b> Charleston<br/><b>PARCEL:</b> 13931801009<br/><b>PARCELOLD:</b> 13931801009<br/><b>APPLICANT:</b> Clear Channel Outdoor<br/><b>SIGN_AREA:</b> 672<br/><b>SIGN_HEIGH:</b> 40<br/><b>TAG_NUM:</b> 0<br/><b>APPLY_DATE:</b>  <br/><b>NOTES_SUP:</b> U-216-90<br/><b>NOTES_VAR:</b>  <br/><b>NOTES_RQR:</b> RQR-39097; 21349; 12233; 5939<br/><b>NOTES:</b>  <br/><b>SIZE_:</b> 14x48<br/><b>FIELD_CHEC:</b> 1]]></description>
      <Point>
        <coordinates>-115.1954272852132,36.1592379515499,0</coordinates>
      </Point>
    </Placemark>
    <Placemark>
      <name>003920   W CHARLESTON            BLVD</name>
      <description><![CDATA[<b>OBJECTID:</b> 97<br/><b>LVBOARDS_:</b> 116<br/><b>LVBOARDS_I:</b> 7<br/><b>SIGN_TYPE:</b> AA<br/><b>STREET_NUM:</b> 3920<br/><b>STREET_DIR:</b> W<br/><b>STREET_NAM:</b> CHARLESTON<br/><b>PARCEL:</b> 13931801018<br/><b>PARCELOLD:</b> 13931801011<br/><b>APPLICANT:</b> LAMAR<br/><b>SIGN_AREA:</b> 672<br/><b>SIGN_HEIGH:</b> 55<br/><b>TAG_NUM:</b> 347<br/><b>APPLY_DATE:</b> 6/2/94<br/><b>NOTES_SUP:</b> U-43-94<br/><b>NOTES_VAR:</b>  <br/><b>NOTES_RQR:</b> RQR-34974; 21510; 5168; 2861<br/><b>NOTES:</b>  <br/><b>SIZE_:</b> 14x48<br/><b>FIELD_CHEC:</b> 0]]></description>
      <Point>
        <coordinates>-115.19406374055885,36.159189753512436,0</coordinates>
      </Point>
    </Placemark>
    <Placemark>
      <name>000241   W CHARLESTON            BLVD</name>
      <description><![CDATA[<b>OBJECTID:</b> 98<br/><b>LVBOARDS_:</b> 118<br/><b>LVBOARDS_I:</b> 22<br/><b>SIGN_TYPE:</b>  <br/><b>STREET_NUM:</b> 0<br/><b>STREET_DIR:</b>  <br/><b>STREET_NAM:</b>  <br/><b>PARCEL:</b> 16204504011<br/><b>PARCELOLD:</b> 16204504009<br/><b>APPLICANT:</b>  <br/><b>SIGN_AREA:</b> 672<br/><b>SIGN_HEIGH:</b> 40<br/><b>TAG_NUM:</b> 0<br/><b>APPLY_DATE:</b>  <br/><b>NOTES_SUP:</b>  <br/><b>NOTES_VAR:</b>  <br/><b>NOTES_RQR:</b>  <br/><b>NOTES:</b> DONREY<br/><b>SIZE_:</b> 14x48<br/><b>FIELD_CHEC:</b> 0]]></description>
      <Point>
        <coordinates>-115.15679008799594,36.15864302702181,0</coordinates>
      </Point>
    </Placemark>
    <Placemark>
      <name>001001     IRON HORSE            CT</name>
      <description><![CDATA[<b>OBJECTID:</b> 99<br/><b>LVBOARDS_:</b> 119<br/><b>LVBOARDS_I:</b> 33<br/><b>SIGN_TYPE:</b>  <br/><b>STREET_NUM:</b> 1001<br/><b>STREET_DIR:</b>  <br/><b>STREET_NAM:</b> Iron Hourse<br/><b>PARCEL:</b> 13933810004<br/><b>PARCELOLD:</b> 13933810004<br/><b>APPLICANT:</b> Clear Channel Outdoor<br/><b>SIGN_AREA:</b> 288<br/><b>SIGN_HEIGH:</b> 30<br/><b>TAG_NUM:</b> 0<br/><b>APPLY_DATE:</b>  <br/><b>NOTES_SUP:</b>  <br/><b>NOTES_VAR:</b>  <br/><b>NOTES_RQR:</b>  <br/><b>NOTES:</b>  <br/><b>SIZE_:</b>  <br/><b>FIELD_CHEC:</b> 0]]></description>
      <Point>
        <coordinates>-115.15650045063138,36.159111513317605,0</coordinates>
      </Point>
    </Placemark>
    <Placemark>
      <name>001022   S COMMERCE              ST</name>
      <description><![CDATA[<b>OBJECTID:</b> 100<br/><b>LVBOARDS_:</b> 120<br/><b>LVBOARDS_I:</b> 34<br/><b>SIGN_TYPE:</b>  <br/><b>STREET_NUM:</b> 1022<br/><b>STREET_DIR:</b>  <br/><b>STREET_NAM:</b> Commerce<br/><b>PARCEL:</b> 13933801018<br/><b>PARCELOLD:</b> 13933801014<br/><b>APPLICANT:</b> Clear Channel Outdoor<br/><b>SIGN_AREA:</b> 288<br/><b>SIGN_HEIGH:</b> 30<br/><b>TAG_NUM:</b> 0<br/><b>APPLY_DATE:</b>  <br/><b>NOTES_SUP:</b>  <br/><b>NOTES_VAR:</b>  <br/><b>NOTES_RQR:</b>  <br/><b>NOTES:</b>  <br/><b>SIZE_:</b>  <br/><b>FIELD_CHEC:</b> 1]]></description>
      <Point>
        <coordinates>-115.1559300888646,36.15913202741148,0</coordinates>
      </Point>
    </Placemark>
    <Placemark>
      <name>16202110014</name>
      <description><![CDATA[<b>OBJECTID:</b> 101<br/><b>LVBOARDS_:</b> 122<br/><b>LVBOARDS_I:</b> 14<br/><b>SIGN_TYPE:</b>  <br/><b>STREET_NUM:</b> 1292<br/><b>STREET_DIR:</b> E<br/><b>STREET_NAM:</b> Charleston<br/><b>PARCEL:</b> 16202110014<br/><b>PARCELOLD:</b> 16202110001<br/><b>APPLICANT:</b> Clear Channel Outdoor<br/><b>SIGN_AREA:</b> 288<br/><b>SIGN_HEIGH:</b> 40<br/><b>TAG_NUM:</b> 1953<br/><b>APPLY_DATE:</b> 1/7/96<br/><b>NOTES_SUP:</b>  <br/><b>NOTES_VAR:</b> V-0068-90<br/><b>NOTES_RQR:</b> RQR-29809; RQR-15054; V-68-90(1)<br/><b>NOTES:</b>  <br/><b>SIZE_:</b> 12x24<br/><b>FIELD_CHEC:</b> 1]]></description>
      <Point>
        <coordinates>-115.13578844772121,36.15866661776559,0</coordinates>
      </Point>
    </Placemark>
    <Placemark>
      <name>001524   E CHARLESTON            BLVD</name>
      <description><![CDATA[<b>OBJECTID:</b> 102<br/><b>LVBOARDS_:</b> 123<br/><b>LVBOARDS_I:</b> 16<br/><b>SIGN_TYPE:</b>  <br/><b>STREET_NUM:</b> 1524<br/><b>STREET_DIR:</b> E<br/><b>STREET_NAM:</b> Charleston<br/><b>PARCEL:</b> 16202111001<br/><b>PARCELOLD:</b> 16202111001<br/><b>APPLICANT:</b>  <br/><b>SIGN_AREA:</b> 288<br/><b>SIGN_HEIGH:</b> 40<br/><b>TAG_NUM:</b> 0<br/><b>APPLY_DATE:</b>  <br/><b>NOTES_SUP:</b>  <br/><b>NOTES_VAR:</b>  <br/><b>NOTES_RQR:</b>  <br/><b>NOTES:</b> DONREY<br/><b>SIZE_:</b> 12x24<br/><b>FIELD_CHEC:</b> 1]]></description>
      <Point>
        <coordinates>-115.13235826619368,36.15869632444194,0</coordinates>
      </Point>
    </Placemark>
    <Placemark>
      <name>001548   E CHARLESTON            BLVD</name>
      <description><![CDATA[<b>OBJECTID:</b> 103<br/><b>LVBOARDS_:</b> 124<br/><b>LVBOARDS_I:</b> 16<br/><b>SIGN_TYPE:</b>  <br/><b>STREET_NUM:</b> 1548<br/><b>STREET_DIR:</b> E<br/><b>STREET_NAM:</b> Charleston<br/><b>PARCEL:</b> 16202111039<br/><b>PARCELOLD:</b> 16202111039<br/><b>APPLICANT:</b>  <br/><b>SIGN_AREA:</b> 288<br/><b>SIGN_HEIGH:</b> 40<br/><b>TAG_NUM:</b> 0<br/><b>APPLY_DATE:</b>  <br/><b>NOTES_SUP:</b>  <br/><b>NOTES_VAR:</b>  <br/><b>NOTES_RQR:</b>  <br/><b>NOTES:</b> DONREY<br/><b>SIZE_:</b> 12x24<br/><b>FIELD_CHEC:</b> 1]]></description>
      <Point>
        <coordinates>-115.1315544059115,36.15868637146662,0</coordinates>
      </Point>
    </Placemark>
    <Placemark>
      <name>001647   E CHARLESTON            BLVD</name>
      <description><![CDATA[<b>OBJECTID:</b> 104<br/><b>LVBOARDS_:</b> 125<br/><b>LVBOARDS_I:</b> 18<br/><b>SIGN_TYPE:</b>  <br/><b>STREET_NUM:</b> 1647<br/><b>STREET_DIR:</b> E<br/><b>STREET_NAM:</b> Charleston<br/><b>PARCEL:</b> 13935413031<br/><b>PARCELOLD:</b> 13935413031<br/><b>APPLICANT:</b>  <br/><b>SIGN_AREA:</b> 288<br/><b>SIGN_HEIGH:</b> 40<br/><b>TAG_NUM:</b> 0<br/><b>APPLY_DATE:</b>  <br/><b>NOTES_SUP:</b>  <br/><b>NOTES_VAR:</b>  <br/><b>NOTES_RQR:</b>  <br/><b>NOTES:</b> DONREY<br/><b>SIZE_:</b> 12x24<br/><b>FIELD_CHEC:</b> 1]]></description>
      <Point>
        <coordinates>-115.12941922730124,36.159063233750075,0</coordinates>
      </Point>
    </Placemark>
    <Placemark>
      <name>001636   E CHARLESTON            BLVD</name>
      <description><![CDATA[<b>OBJECTID:</b> 105<br/><b>LVBOARDS_:</b> 126<br/><b>LVBOARDS_I:</b> 16<br/><b>SIGN_TYPE:</b>  <br/><b>STREET_NUM:</b> 1636<br/><b>STREET_DIR:</b> E<br/><b>STREET_NAM:</b> Charleston<br/><b>PARCEL:</b> 16202113005<br/><b>PARCELOLD:</b> 16202113005<br/><b>APPLICANT:</b>  <br/><b>SIGN_AREA:</b> 288<br/><b>SIGN_HEIGH:</b> 40<br/><b>TAG_NUM:</b> 0<br/><b>APPLY_DATE:</b>  <br/><b>NOTES_SUP:</b>  <br/><b>NOTES_VAR:</b>  <br/><b>NOTES_RQR:</b>  <br/><b>NOTES:</b> DONREY<br/><b>SIZE_:</b> 12x24<br/><b>FIELD_CHEC:</b> 1]]></description>
      <Point>
        <coordinates>-115.12910245279849,36.158672317738066,0</coordinates>
      </Point>
    </Placemark>
    <Placemark>
      <name>001707   E CHARLESTON            BLVD</name>
      <description><![CDATA[<b>OBJECTID:</b> 106<br/><b>LVBOARDS_:</b> 127<br/><b>LVBOARDS_I:</b> 19<br/><b>SIGN_TYPE:</b>  <br/><b>STREET_NUM:</b> 1707<br/><b>STREET_DIR:</b> E<br/><b>STREET_NAM:</b> Charleston<br/><b>PARCEL:</b> 13935413159<br/><b>PARCELOLD:</b> 13935413159<br/><b>APPLICANT:</b>  <br/><b>SIGN_AREA:</b> 672<br/><b>SIGN_HEIGH:</b> 40<br/><b>TAG_NUM:</b> 0<br/><b>APPLY_DATE:</b>  <br/><b>NOTES_SUP:</b>  <br/><b>NOTES_VAR:</b>  <br/><b>NOTES_RQR:</b>  <br/><b>NOTES:</b> DONREY<br/><b>SIZE_:</b> 14x48<br/><b>FIELD_CHEC:</b> 1]]></description>
      <Point>
        <coordinates>-115.12857807860445,36.15903095396918,0</coordinates>
      </Point>
    </Placemark>
    <Placemark>
      <name>001800     LEWIS                 AVE</name>
      <description><![CDATA[<b>OBJECTID:</b> 107<br/><b>LVBOARDS_:</b> 128<br/><b>LVBOARDS_I:</b> 18<br/><b>SIGN_TYPE:</b>  <br/><b>STREET_NUM:</b> 1800<br/><b>STREET_DIR:</b> E<br/><b>STREET_NAM:</b> Lewis<br/><b>PARCEL:</b> 13935814001<br/><b>PARCELOLD:</b> 13935814001<br/><b>APPLICANT:</b>  <br/><b>SIGN_AREA:</b> 288<br/><b>SIGN_HEIGH:</b> 30<br/><b>TAG_NUM:</b> 0<br/><b>APPLY_DATE:</b>  <br/><b>NOTES_SUP:</b>  <br/><b>NOTES_VAR:</b>  <br/><b>NOTES_RQR:</b>  <br/><b>NOTES:</b> DONREY<br/><b>SIZE_:</b> 12x24<br/><b>FIELD_CHEC:</b> 1]]></description>
      <Point>
        <coordinates>-115.12484520690957,36.15971579951311,0</coordinates>
      </Point>
    </Placemark>
    <Placemark>
      <name>001813   E CHARLESTON            BLVD</name>
      <description><![CDATA[<b>OBJECTID:</b> 108<br/><b>LVBOARDS_:</b> 129<br/><b>LVBOARDS_I:</b> 23<br/><b>SIGN_TYPE:</b>  <br/><b>STREET_NUM:</b> 1813<br/><b>STREET_DIR:</b> E<br/><b>STREET_NAM:</b> Charleston<br/><b>PARCEL:</b> 13935814016<br/><b>PARCELOLD:</b> 13935814016<br/><b>APPLICANT:</b> Clear Channel Outdoor<br/><b>SIGN_AREA:</b> 672<br/><b>SIGN_HEIGH:</b> 40<br/><b>TAG_NUM:</b> 0<br/><b>APPLY_DATE:</b>  <br/><b>NOTES_SUP:</b>  <br/><b>NOTES_VAR:</b>  <br/><b>NOTES_RQR:</b>  <br/><b>NOTES:</b>  <br/><b>SIZE_:</b> 14x48<br/><b>FIELD_CHEC:</b> 1]]></description>
      <Point>
        <coordinates>-115.12412590357647,36.15905765582619,0</coordinates>
      </Point>
    </Placemark>
    <Placemark>
      <name>001924   E CHARLESTON            BLVD</name>
      <description><![CDATA[<b>OBJECTID:</b> 109<br/><b>LVBOARDS_:</b> 130<br/><b>LVBOARDS_I:</b> 17<br/><b>SIGN_TYPE:</b>  <br/><b>STREET_NUM:</b> 1924<br/><b>STREET_DIR:</b> E<br/><b>STREET_NAM:</b> Charleston<br/><b>PARCEL:</b> 16202512005<br/><b>PARCELOLD:</b> 16202512005<br/><b>APPLICANT:</b>  <br/><b>SIGN_AREA:</b> 288<br/><b>SIGN_HEIGH:</b> 40<br/><b>TAG_NUM:</b> 0<br/><b>APPLY_DATE:</b>  <br/><b>NOTES_SUP:</b>  <br/><b>NOTES_VAR:</b>  <br/><b>NOTES_RQR:</b>  <br/><b>NOTES:</b> DONREY<br/><b>SIZE_:</b> 12x24<br/><b>FIELD_CHEC:</b> 1]]></description>
      <Point>
        <coordinates>-115.12233522552414,36.15863934945429,0</coordinates>
      </Point>
    </Placemark>
    <Placemark>
      <name>002032   E CHARLESTON            BLVD</name>
      <description><![CDATA[<b>OBJECTID:</b> 110<br/><b>LVBOARDS_:</b> 131<br/><b>LVBOARDS_I:</b> 19<br/><b>SIGN_TYPE:</b>  <br/><b>STREET_NUM:</b> 2028<br/><b>STREET_DIR:</b> E<br/><b>STREET_NAM:</b> Charleston<br/><b>PARCEL:</b> 16202512012<br/><b>PARCELOLD:</b> 16202512012<br/><b>APPLICANT:</b>  <br/><b>SIGN_AREA:</b> 672<br/><b>SIGN_HEIGH:</b> 40<br/><b>TAG_NUM:</b> 0<br/><b>APPLY_DATE:</b>  <br/><b>NOTES_SUP:</b>  <br/><b>NOTES_VAR:</b>  <br/><b>NOTES_RQR:</b>  <br/><b>NOTES:</b> DONREY<br/><b>SIZE_:</b> 14x48<br/><b>FIELD_CHEC:</b> 1]]></description>
      <Point>
        <coordinates>-115.11975676774622,36.158657545936585,0</coordinates>
      </Point>
    </Placemark>
    <Placemark>
      <name>002520     FREMONT               ST</name>
      <description><![CDATA[<b>OBJECTID:</b> 111<br/><b>LVBOARDS_:</b> 132<br/><b>LVBOARDS_I:</b> 3<br/><b>SIGN_TYPE:</b>  <br/><b>STREET_NUM:</b> 2550<br/><b>STREET_DIR:</b> E<br/><b>STREET_NAM:</b> Femont<br/><b>PARCEL:</b> 16201111014<br/><b>PARCELOLD:</b> 16201111015<br/><b>APPLICANT:</b>  <br/><b>SIGN_AREA:</b> 288<br/><b>SIGN_HEIGH:</b> 40<br/><b>TAG_NUM:</b> 0<br/><b>APPLY_DATE:</b>  <br/><b>NOTES_SUP:</b>  <br/><b>NOTES_VAR:</b>  <br/><b>NOTES_RQR:</b>  <br/><b>NOTES:</b> YESCO<br/><b>SIZE_:</b> 14x48<br/><b>FIELD_CHEC:</b> 0]]></description>
      <Point>
        <coordinates>-115.11477351908424,36.1570349743046,0</coordinates>
      </Point>
    </Placemark>
    <Placemark>
      <name>13935804009</name>
      <description><![CDATA[<b>OBJECTID:</b> 112<br/><b>LVBOARDS_:</b> 134<br/><b>LVBOARDS_I:</b> 24<br/><b>SIGN_TYPE:</b>  <br/><b>STREET_NUM:</b> 2217<br/><b>STREET_DIR:</b> E<br/><b>STREET_NAM:</b> Fremont<br/><b>PARCEL:</b> 13935804009<br/><b>PARCELOLD:</b> 13935804009<br/><b>APPLICANT:</b> LAMAR<br/><b>SIGN_AREA:</b> 672<br/><b>SIGN_HEIGH:</b> 30<br/><b>TAG_NUM:</b> 0<br/><b>APPLY_DATE:</b>  <br/><b>NOTES_SUP:</b>  <br/><b>NOTES_VAR:</b>  <br/><b>NOTES_RQR:</b>  <br/><b>NOTES:</b> Non-conforming 300ft.<br/><b>SIZE_:</b> 14x48<br/><b>FIELD_CHEC:</b> 1]]></description>
      <Point>
        <coordinates>-115.1187078652832,36.16007595113599,0</coordinates>
      </Point>
    </Placemark>
    <Placemark>
      <name>13935804009</name>
      <description><![CDATA[<b>OBJECTID:</b> 113<br/><b>LVBOARDS_:</b> 135<br/><b>LVBOARDS_I:</b> 25<br/><b>SIGN_TYPE:</b>  <br/><b>STREET_NUM:</b> 2217<br/><b>STREET_DIR:</b> E<br/><b>STREET_NAM:</b> Fremont<br/><b>PARCEL:</b> 13935804009<br/><b>PARCELOLD:</b> 13935804010<br/><b>APPLICANT:</b> LAMAR<br/><b>SIGN_AREA:</b> 672<br/><b>SIGN_HEIGH:</b> 40<br/><b>TAG_NUM:</b> 0<br/><b>APPLY_DATE:</b>  <br/><b>NOTES_SUP:</b>  <br/><b>NOTES_VAR:</b>  <br/><b>NOTES_RQR:</b>  <br/><b>NOTES:</b> Non-conforming 300ft.<br/><b>SIZE_:</b> 14x48<br/><b>FIELD_CHEC:</b> 1]]></description>
      <Point>
        <coordinates>-115.11837713517444,36.16026207998075,0</coordinates>
      </Point>
    </Placemark>
    <Placemark>
      <name>000145   N BRUCE                 ST</name>
      <description><![CDATA[<b>OBJECTID:</b> 114<br/><b>LVBOARDS_:</b> 138<br/><b>LVBOARDS_I:</b> 14<br/><b>SIGN_TYPE:</b>  <br/><b>STREET_NUM:</b> 145<br/><b>STREET_DIR:</b> N<br/><b>STREET_NAM:</b> Bruce<br/><b>PARCEL:</b> 13935312059<br/><b>PARCELOLD:</b> 13935312059<br/><b>APPLICANT:</b>  <br/><b>SIGN_AREA:</b> 0<br/><b>SIGN_HEIGH:</b> 0<br/><b>TAG_NUM:</b> 0<br/><b>APPLY_DATE:</b>  <br/><b>NOTES_SUP:</b>  <br/><b>NOTES_VAR:</b>  <br/><b>NOTES_RQR:</b>  <br/><b>NOTES:</b> ????<br/><b>SIZE_:</b>  <br/><b>FIELD_CHEC:</b> 0]]></description>
      <Point>
        <coordinates>-115.12528978159399,36.164414659786004,0</coordinates>
      </Point>
    </Placemark>
    <Placemark>
      <name>13934611004</name>
      <description><![CDATA[<b>OBJECTID:</b> 115<br/><b>LVBOARDS_:</b> 139<br/><b>LVBOARDS_I:</b> 33<br/><b>SIGN_TYPE:</b>  <br/><b>STREET_NUM:</b> 500<br/><b>STREET_DIR:</b>  <br/><b>STREET_NAM:</b> Fremont<br/><b>PARCEL:</b> 13934611004<br/><b>PARCELOLD:</b> 13934611004<br/><b>APPLICANT:</b> LAMAR<br/><b>SIGN_AREA:</b> 50<br/><b>SIGN_HEIGH:</b> 20<br/><b>TAG_NUM:</b> 0<br/><b>APPLY_DATE:</b>  <br/><b>NOTES_SUP:</b>  <br/><b>NOTES_VAR:</b>  <br/><b>NOTES_RQR:</b>  <br/><b>NOTES:</b> Permit # 11881see documentation CODEENF-54974<br/><b>SIZE_:</b> 5x10<br/><b>FIELD_CHEC:</b> 0]]></description>
      <Point>
        <coordinates>-115.14041309134208,36.16928343748013,0</coordinates>
      </Point>
    </Placemark>
    <Placemark>
      <name>006070   W SAHARA                AVE</name>
      <description><![CDATA[<b>OBJECTID:</b> 116<br/><b>LVBOARDS_:</b> 141<br/><b>LVBOARDS_I:</b> 17<br/><b>SIGN_TYPE:</b> AA<br/><b>STREET_NUM:</b> 6070<br/><b>STREET_DIR:</b> W<br/><b>STREET_NAM:</b> SAHARA<br/><b>PARCEL:</b> 16301401010<br/><b>PARCELOLD:</b> 16301401010<br/><b>APPLICANT:</b> LAMAR<br/><b>SIGN_AREA:</b> 672<br/><b>SIGN_HEIGH:</b> 40<br/><b>TAG_NUM:</b> 805<br/><b>APPLY_DATE:</b> 3/10/95<br/><b>NOTES_SUP:</b> U-315-94<br/><b>NOTES_VAR:</b>  <br/><b>NOTES_RQR:</b> RQR-39215; RQR-22271; RQR-4238<br/><b>NOTES:</b>  <br/><b>SIZE_:</b> 14x48<br/><b>FIELD_CHEC:</b> 0]]></description>
      <Point>
        <coordinates>-115.22473061139264,36.14468367320473,0</coordinates>
      </Point>
    </Placemark>
    <Placemark>
      <name>004401   W SAHARA                AVE</name>
      <description><![CDATA[<b>OBJECTID:</b> 117<br/><b>LVBOARDS_:</b> 142<br/><b>LVBOARDS_I:</b> 9<br/><b>SIGN_TYPE:</b>  <br/><b>STREET_NUM:</b> 0<br/><b>STREET_DIR:</b>  <br/><b>STREET_NAM:</b>  <br/><b>PARCEL:</b> 16207101019<br/><b>PARCELOLD:</b> 16207101013<br/><b>APPLICANT:</b> LAMAR<br/><b>SIGN_AREA:</b> 672<br/><b>SIGN_HEIGH:</b> 55<br/><b>TAG_NUM:</b> 0<br/><b>APPLY_DATE:</b>  <br/><b>NOTES_SUP:</b>  <br/><b>NOTES_VAR:</b>  <br/><b>NOTES_RQR:</b>  <br/><b>NOTES:</b>  <br/><b>SIZE_:</b> 14x48<br/><b>FIELD_CHEC:</b> 0]]></description>
      <Point>
        <coordinates>-115.20038237843846,36.14419959428174,0</coordinates>
      </Point>
    </Placemark>
    <Placemark>
      <name>003920   W SAHARA                AVE</name>
      <description><![CDATA[<b>OBJECTID:</b> 118<br/><b>LVBOARDS_:</b> 143<br/><b>LVBOARDS_I:</b> 42<br/><b>SIGN_TYPE:</b>  <br/><b>STREET_NUM:</b> 3920<br/><b>STREET_DIR:</b> W<br/><b>STREET_NAM:</b> Sahara<br/><b>PARCEL:</b> 16206801005<br/><b>PARCELOLD:</b> 16206801005<br/><b>APPLICANT:</b> LAMAR<br/><b>SIGN_AREA:</b> 672<br/><b>SIGN_HEIGH:</b> 40<br/><b>TAG_NUM:</b> 1240<br/><b>APPLY_DATE:</b> 12/6/95<br/><b>NOTES_SUP:</b>  <br/><b>NOTES_VAR:</b> V-136-95<br/><b>NOTES_RQR:</b> RQR-31588;RQR-11432; V-136-95(1)<br/><b>NOTES:</b>  <br/><b>SIZE_:</b> 14x48<br/><b>FIELD_CHEC:</b> 0]]></description>
      <Point>
        <coordinates>-115.19343712957266,36.14474083213131,0</coordinates>
      </Point>
    </Placemark>
    <Placemark>
      <name>003800   W SAHARA                AVE</name>
      <description><![CDATA[<b>OBJECTID:</b> 119<br/><b>LVBOARDS_:</b> 144<br/><b>LVBOARDS_I:</b> 42<br/><b>SIGN_TYPE:</b>  <br/><b>STREET_NUM:</b> 3810<br/><b>STREET_DIR:</b> W<br/><b>STREET_NAM:</b> Sahara<br/><b>PARCEL:</b> 16206801008<br/><b>PARCELOLD:</b> 16206801008<br/><b>APPLICANT:</b> CLEAR CHANNEL OUTDOOR<br/><b>SIGN_AREA:</b> 672<br/><b>SIGN_HEIGH:</b> 40<br/><b>TAG_NUM:</b> 0<br/><b>APPLY_DATE:</b> 06/21/89<br/><b>NOTES_SUP:</b>  <br/><b>NOTES_VAR:</b> V-46-97; V-46-89<br/><b>NOTES_RQR:</b> RQR-33797<br/><b>NOTES:</b>  <br/><b>SIZE_:</b> 14x48<br/><b>FIELD_CHEC:</b> 0]]></description>
      <Point>
        <coordinates>-115.1913761553741,36.144695782583725,0</coordinates>
      </Point>
    </Placemark>
    <Placemark>
      <name>003641   W SAHARA                AVE</name>
      <description><![CDATA[<b>OBJECTID:</b> 120<br/><b>LVBOARDS_:</b> 145<br/><b>LVBOARDS_I:</b> 12<br/><b>SIGN_TYPE:</b>  <br/><b>STREET_NUM:</b> 3641<br/><b>STREET_DIR:</b> W<br/><b>STREET_NAM:</b> Sahara<br/><b>PARCEL:</b> 16208101007<br/><b>PARCELOLD:</b> 16208101002<br/><b>APPLICANT:</b> LAMAR<br/><b>SIGN_AREA:</b> 672<br/><b>SIGN_HEIGH:</b> 55<br/><b>TAG_NUM:</b> 1746<br/><b>APPLY_DATE:</b>  <br/><b>NOTES_SUP:</b> U-40-96<br/><b>NOTES_VAR:</b>  <br/><b>NOTES_RQR:</b> RQR-33828; U-40-96(1)<br/><b>NOTES:</b>  <br/><b>SIZE_:</b> 14x48<br/><b>FIELD_CHEC:</b> 0]]></description>
      <Point>
        <coordinates>-115.18974233224439,36.14410428016174,0</coordinates>
      </Point>
    </Placemark>
    <Placemark>
      <name>003209   W SAHARA                AVE</name>
      <description><![CDATA[<b>OBJECTID:</b> 121<br/><b>LVBOARDS_:</b> 146<br/><b>LVBOARDS_I:</b> 1<br/><b>SIGN_TYPE:</b> AA<br/><b>STREET_NUM:</b> 3209<br/><b>STREET_DIR:</b> W<br/><b>STREET_NAM:</b> SAHARA<br/><b>PARCEL:</b> 16208104001<br/><b>PARCELOLD:</b> 16208104001<br/><b>APPLICANT:</b> LAMAR<br/><b>SIGN_AREA:</b> 672<br/><b>SIGN_HEIGH:</b> 50<br/><b>TAG_NUM:</b> 78<br/><b>APPLY_DATE:</b> 11-18-93<br/><b>NOTES_SUP:</b> U-200-93<br/><b>NOTES_VAR:</b>  <br/><b>NOTES_RQR:</b> RQR-32733; U-200-93(1)<br/><b>NOTES:</b>  <br/><b>SIZE_:</b> 14x48<br/><b>FIELD_CHEC:</b> 0]]></description>
      <Point>
        <coordinates>-115.18513753364203,36.14405768709289,0</coordinates>
      </Point>
    </Placemark>
    <Placemark>
      <name>003101   W SAHARA                AVE</name>
      <description><![CDATA[<b>OBJECTID:</b> 122<br/><b>LVBOARDS_:</b> 147<br/><b>LVBOARDS_I:</b> 3<br/><b>SIGN_TYPE:</b> AA<br/><b>STREET_NUM:</b> 3101<br/><b>STREET_DIR:</b> W<br/><b>STREET_NAM:</b> SAHARA<br/><b>PARCEL:</b> 16208104004<br/><b>PARCELOLD:</b> 16208104004<br/><b>APPLICANT:</b> LAMAR<br/><b>SIGN_AREA:</b> 672<br/><b>SIGN_HEIGH:</b> 55<br/><b>TAG_NUM:</b> 253<br/><b>APPLY_DATE:</b> 3/24/94<br/><b>NOTES_SUP:</b> U-271-93<br/><b>NOTES_VAR:</b>  <br/><b>NOTES_RQR:</b> RQR-33734; U-271-91(1)&amp;(2)<br/><b>NOTES:</b>  <br/><b>SIZE_:</b> 14x48<br/><b>FIELD_CHEC:</b> 0]]></description>
      <Point>
        <coordinates>-115.18396460688962,36.14410097249766,0</coordinates>
      </Point>
    </Placemark>
    <Placemark>
      <name>002921   W SAHARA                AVE</name>
      <description><![CDATA[<b>OBJECTID:</b> 123<br/><b>LVBOARDS_:</b> 148<br/><b>LVBOARDS_I:</b> 13<br/><b>SIGN_TYPE:</b>  <br/><b>STREET_NUM:</b> 2921<br/><b>STREET_DIR:</b> W<br/><b>STREET_NAM:</b> Sahara<br/><b>PARCEL:</b> 16208501001<br/><b>PARCELOLD:</b> 16208501001<br/><b>APPLICANT:</b> Clear Channel Outdoor<br/><b>SIGN_AREA:</b> 672<br/><b>SIGN_HEIGH:</b> 55<br/><b>TAG_NUM:</b> 0<br/><b>APPLY_DATE:</b>  <br/><b>NOTES_SUP:</b> U-107-90<br/><b>NOTES_VAR:</b>  <br/><b>NOTES_RQR:</b> RQR-33272; RQR-4021; RQR-1701<br/><b>NOTES:</b>  <br/><b>SIZE_:</b> 14x48<br/><b>FIELD_CHEC:</b> 0]]></description>
      <Point>
        <coordinates>-115.18185926653115,36.14395848226474,0</coordinates>
      </Point>
    </Placemark>
    <Placemark>
      <name>002625   W SAHARA                AVE</name>
      <description><![CDATA[<b>OBJECTID:</b> 124<br/><b>LVBOARDS_:</b> 149<br/><b>LVBOARDS_I:</b> 7<br/><b>SIGN_TYPE:</b> AA<br/><b>STREET_NUM:</b> 2625<br/><b>STREET_DIR:</b> W<br/><b>STREET_NAM:</b> SAHARA<br/><b>PARCEL:</b> 16208502013<br/><b>PARCELOLD:</b> 16208502001<br/><b>APPLICANT:</b> LAMAR<br/><b>SIGN_AREA:</b> 672<br/><b>SIGN_HEIGH:</b> 40<br/><b>TAG_NUM:</b> 543<br/><b>APPLY_DATE:</b> 10/13/94<br/><b>NOTES_SUP:</b> U-141-94<br/><b>NOTES_VAR:</b>  <br/><b>NOTES_RQR:</b> RQR-1740<br/><b>NOTES:</b>  <br/><b>SIZE_:</b> 14x48<br/><b>FIELD_CHEC:</b> 0]]></description>
      <Point>
        <coordinates>-115.17697641838592,36.14403500016427,0</coordinates>
      </Point>
    </Placemark>
    <Placemark>
      <name>16209110020</name>
      <description><![CDATA[<b>OBJECTID:</b> 125<br/><b>LVBOARDS_:</b> 150<br/><b>LVBOARDS_I:</b> 7<br/><b>SIGN_TYPE:</b>  <br/><b>STREET_NUM:</b> 2560<br/><b>STREET_DIR:</b> S<br/><b>STREET_NAM:</b> Highland<br/><b>PARCEL:</b> 16209110020<br/><b>PARCELOLD:</b> 16209110020<br/><b>APPLICANT:</b> NEVADA<br/><b>SIGN_AREA:</b> 672<br/><b>SIGN_HEIGH:</b> 40<br/><b>TAG_NUM:</b> 1594<br/><b>APPLY_DATE:</b> 8/1/96<br/><b>NOTES_SUP:</b> U-55-95<br/><b>NOTES_VAR:</b>  <br/><b>NOTES_RQR:</b> U-55-95(1)<br/><b>NOTES:</b> 4 yr review has not been done<br/><b>SIZE_:</b> 14x48<br/><b>FIELD_CHEC:</b> 1]]></description>
      <Point>
        <coordinates>-115.16909093389263,36.142984733174664,0</coordinates>
      </Point>
    </Placemark>
    <Placemark>
      <name>16209110019</name>
      <description><![CDATA[<b>OBJECTID:</b> 126<br/><b>LVBOARDS_:</b> 151<br/><b>LVBOARDS_I:</b> 3<br/><b>SIGN_TYPE:</b> AA<br/><b>STREET_NUM:</b> 2550<br/><b>STREET_DIR:</b> S<br/><b>STREET_NAM:</b> HIGHLAND<br/><b>PARCEL:</b> 16209110019<br/><b>PARCELOLD:</b> 16209110019<br/><b>APPLICANT:</b> LAMAR<br/><b>SIGN_AREA:</b> 672<br/><b>SIGN_HEIGH:</b> 55<br/><b>TAG_NUM:</b> 709<br/><b>APPLY_DATE:</b> 1/12/95<br/><b>NOTES_SUP:</b> U-265-94<br/><b>NOTES_VAR:</b>  <br/><b>NOTES_RQR:</b> RQR-39106; 22324; 4243; 1978<br/><b>NOTES:</b>  <br/><b>SIZE_:</b> 14x48<br/><b>FIELD_CHEC:</b> 1]]></description>
      <Point>
        <coordinates>-115.16806572458243,36.1433454818149,0</coordinates>
      </Point>
    </Placemark>
    <Placemark>
      <name>000000</name>
      <description><![CDATA[<b>OBJECTID:</b> 127<br/><b>LVBOARDS_:</b> 152<br/><b>LVBOARDS_I:</b> 6<br/><b>SIGN_TYPE:</b> AA<br/><b>STREET_NUM:</b> 1516<br/><b>STREET_DIR:</b>  <br/><b>STREET_NAM:</b> SCOTLAND<br/><b>PARCEL:</b> 16204404016<br/><b>PARCELOLD:</b> 16204404015<br/><b>APPLICANT:</b> LAMAR<br/><b>SIGN_AREA:</b> 672<br/><b>SIGN_HEIGH:</b> 40<br/><b>TAG_NUM:</b> 0<br/><b>APPLY_DATE:</b>  <br/><b>NOTES_SUP:</b>  <br/><b>NOTES_VAR:</b>  <br/><b>NOTES_RQR:</b>  <br/><b>NOTES:</b>  <br/><b>SIZE_:</b> 14x48<br/><b>FIELD_CHEC:</b> 1]]></description>
      <Point>
        <coordinates>-115.16783701407665,36.14475348031133,0</coordinates>
      </Point>
    </Placemark>
    <Placemark>
      <name>002441     WESTERN               AVE</name>
      <description><![CDATA[<b>OBJECTID:</b> 128<br/><b>LVBOARDS_:</b> 153<br/><b>LVBOARDS_I:</b> 8<br/><b>SIGN_TYPE:</b> AA<br/><b>STREET_NUM:</b> 2441<br/><b>STREET_DIR:</b>  <br/><b>STREET_NAM:</b> Western<br/><b>PARCEL:</b> 16204406012<br/><b>PARCELOLD:</b> 16204406012<br/><b>APPLICANT:</b>  <br/><b>SIGN_AREA:</b> 672<br/><b>SIGN_HEIGH:</b> 75<br/><b>TAG_NUM:</b> 0<br/><b>APPLY_DATE:</b> 02/26/81<br/><b>NOTES_SUP:</b>  <br/><b>NOTES_VAR:</b> V-01-81<br/><b>NOTES_RQR:</b>  <br/><b>NOTES:</b>  <br/><b>SIZE_:</b> 14x48<br/><b>FIELD_CHEC:</b> 1]]></description>
      <Point>
        <coordinates>-115.1661990245482,36.14428720848073,0</coordinates>
      </Point>
    </Placemark>
    <Placemark>
      <name>002466     INDUSTRIAL            RD</name>
      <description><![CDATA[<b>OBJECTID:</b> 129<br/><b>LVBOARDS_:</b> 154<br/><b>LVBOARDS_I:</b> 38<br/><b>SIGN_TYPE:</b>  <br/><b>STREET_NUM:</b> 2466<br/><b>STREET_DIR:</b> S<br/><b>STREET_NAM:</b> Industrial<br/><b>PARCEL:</b> 16204407001<br/><b>PARCELOLD:</b> 16204407001<br/><b>APPLICANT:</b> Clear Channel Outdoor<br/><b>SIGN_AREA:</b> 672<br/><b>SIGN_HEIGH:</b> 40<br/><b>TAG_NUM:</b> 0<br/><b>APPLY_DATE:</b>  <br/><b>NOTES_SUP:</b>  <br/><b>NOTES_VAR:</b>  <br/><b>NOTES_RQR:</b>  <br/><b>NOTES:</b>  <br/><b>SIZE_:</b> 14x48<br/><b>FIELD_CHEC:</b> 1]]></description>
      <Point>
        <coordinates>-115.16507784578158,36.14424192514962,0</coordinates>
      </Point>
    </Placemark>
    <Placemark>
      <name>000336   W SAHARA                AVE</name>
      <description><![CDATA[<b>OBJECTID:</b> 130<br/><b>LVBOARDS_:</b> 155<br/><b>LVBOARDS_I:</b> 21<br/><b>SIGN_TYPE:</b> AA<br/><b>STREET_NUM:</b> 336<br/><b>STREET_DIR:</b> W<br/><b>STREET_NAM:</b> SAHARA<br/><b>PARCEL:</b> 16204807002<br/><b>PARCELOLD:</b> 16204807002<br/><b>APPLICANT:</b> LAMAR<br/><b>SIGN_AREA:</b> 672<br/><b>SIGN_HEIGH:</b> 40<br/><b>TAG_NUM:</b> 1030<br/><b>APPLY_DATE:</b> 7/20/95<br/><b>NOTES_SUP:</b> U-52-95<br/><b>NOTES_VAR:</b>  <br/><b>NOTES_RQR:</b> RQR-37772; 18679; 5767; 1222<br/><b>NOTES:</b>  <br/><b>SIZE_:</b> 14x48<br/><b>FIELD_CHEC:</b> 1]]></description>
      <Point>
        <coordinates>-115.1625236295339,36.14419412110156,0</coordinates>
      </Point>
    </Placemark>
    <Placemark>
      <name>002400   S LAS VEGAS             BLVD</name>
      <description><![CDATA[<b>OBJECTID:</b> 132<br/><b>LVBOARDS_:</b> 158<br/><b>LVBOARDS_I:</b> 41<br/><b>SIGN_TYPE:</b>  <br/><b>STREET_NUM:</b> 2400<br/><b>STREET_DIR:</b> S<br/><b>STREET_NAM:</b> Las Vegas<br/><b>PARCEL:</b> 16204812003<br/><b>PARCELOLD:</b> 16204812003<br/><b>APPLICANT:</b> LAMAR<br/><b>SIGN_AREA:</b> 672<br/><b>SIGN_HEIGH:</b> 40<br/><b>TAG_NUM:</b> 0<br/><b>APPLY_DATE:</b>  <br/><b>NOTES_SUP:</b>  <br/><b>NOTES_VAR:</b>  <br/><b>NOTES_RQR:</b>  <br/><b>NOTES:</b> No Case History<br/><b>SIZE_:</b> 14x48<br/><b>FIELD_CHEC:</b> 0]]></description>
      <Point>
        <coordinates>-115.15748339781933,36.14395118898997,0</coordinates>
      </Point>
    </Placemark>
    <Placemark>
      <name>16203413023</name>
      <description><![CDATA[<b>OBJECTID:</b> 133<br/><b>LVBOARDS_:</b> 160<br/><b>LVBOARDS_I:</b> 40<br/><b>SIGN_TYPE:</b>  <br/><b>STREET_NUM:</b> 208<br/><b>STREET_DIR:</b> E<br/><b>STREET_NAM:</b> Sahara<br/><b>PARCEL:</b> 16203413023<br/><b>PARCELOLD:</b> 16203413023<br/><b>APPLICANT:</b> Orion Outdoor Media<br/><b>SIGN_AREA:</b> 672<br/><b>SIGN_HEIGH:</b> 40<br/><b>TAG_NUM:</b> 0<br/><b>APPLY_DATE:</b> 08/06/03<br/><b>NOTES_SUP:</b> SUP-2467<br/><b>NOTES_VAR:</b> VAR-2468<br/><b>NOTES_RQR:</b> RQR-30447;RQR-6777<br/><b>NOTES:</b>  <br/><b>SIZE_:</b> 14x48<br/><b>FIELD_CHEC:</b> 1]]></description>
      <Point>
        <coordinates>-115.15395526592484,36.1439334121589,0</coordinates>
      </Point>
    </Placemark>
    <Placemark>
      <name>000308   E SAHARA                AVE</name>
      <description><![CDATA[<b>OBJECTID:</b> 134<br/><b>LVBOARDS_:</b> 161<br/><b>LVBOARDS_I:</b> 36<br/><b>SIGN_TYPE:</b>  <br/><b>STREET_NUM:</b> 308<br/><b>STREET_DIR:</b> E<br/><b>STREET_NAM:</b> Sahara<br/><b>PARCEL:</b> 16203414025<br/><b>PARCELOLD:</b> 16203414025<br/><b>APPLICANT:</b>  <br/><b>SIGN_AREA:</b> 672<br/><b>SIGN_HEIGH:</b> 40<br/><b>TAG_NUM:</b> 0<br/><b>APPLY_DATE:</b>  <br/><b>NOTES_SUP:</b>  <br/><b>NOTES_VAR:</b>  <br/><b>NOTES_RQR:</b>  <br/><b>NOTES:</b> DONREY<br/><b>SIZE_:</b> 14x48<br/><b>FIELD_CHEC:</b> 0]]></description>
      <Point>
        <coordinates>-115.15295934944477,36.14398945448528,0</coordinates>
      </Point>
    </Placemark>
    <Placemark>
      <name>000308   E SAHARA                AVE</name>
      <description><![CDATA[<b>OBJECTID:</b> 135<br/><b>LVBOARDS_:</b> 162<br/><b>LVBOARDS_I:</b> 37<br/><b>SIGN_TYPE:</b>  <br/><b>STREET_NUM:</b> 410<br/><b>STREET_DIR:</b> E<br/><b>STREET_NAM:</b> Sahara<br/><b>PARCEL:</b> 16203414025<br/><b>PARCELOLD:</b> 16203414025<br/><b>APPLICANT:</b>  <br/><b>SIGN_AREA:</b> 672<br/><b>SIGN_HEIGH:</b> 40<br/><b>TAG_NUM:</b> 0<br/><b>APPLY_DATE:</b>  <br/><b>NOTES_SUP:</b>  <br/><b>NOTES_VAR:</b>  <br/><b>NOTES_RQR:</b>  <br/><b>NOTES:</b> DONREY<br/><b>SIZE_:</b> 14x48<br/><b>FIELD_CHEC:</b> 0]]></description>
      <Point>
        <coordinates>-115.15202816513096,36.14399160343503,0</coordinates>
      </Point>
    </Placemark>
    <Placemark>
      <name>000438   E SAHARA                AVE</name>
      <description><![CDATA[<b>OBJECTID:</b> 136<br/><b>LVBOARDS_:</b> 163<br/><b>LVBOARDS_I:</b> 38<br/><b>SIGN_TYPE:</b>  <br/><b>STREET_NUM:</b> 438<br/><b>STREET_DIR:</b> E<br/><b>STREET_NAM:</b> Sahara<br/><b>PARCEL:</b> 16203416024<br/><b>PARCELOLD:</b> 16203416024<br/><b>APPLICANT:</b>  <br/><b>SIGN_AREA:</b> 672<br/><b>SIGN_HEIGH:</b> 40<br/><b>TAG_NUM:</b> 0<br/><b>APPLY_DATE:</b>  <br/><b>NOTES_SUP:</b>  <br/><b>NOTES_VAR:</b>  <br/><b>NOTES_RQR:</b>  <br/><b>NOTES:</b> DONREY<br/><b>SIZE_:</b> 14x48<br/><b>FIELD_CHEC:</b> 0]]></description>
      <Point>
        <coordinates>-115.15094494393914,36.1439708523456,0</coordinates>
      </Point>
    </Placemark>
    <Placemark>
      <name>000536   E SAHARA                AVE</name>
      <description><![CDATA[<b>OBJECTID:</b> 137<br/><b>LVBOARDS_:</b> 164<br/><b>LVBOARDS_I:</b> 39<br/><b>SIGN_TYPE:</b>  <br/><b>STREET_NUM:</b> 536<br/><b>STREET_DIR:</b> E<br/><b>STREET_NAM:</b> Sahara<br/><b>PARCEL:</b> 16203421019<br/><b>PARCELOLD:</b> 16203421019<br/><b>APPLICANT:</b>  <br/><b>SIGN_AREA:</b> 672<br/><b>SIGN_HEIGH:</b> 40<br/><b>TAG_NUM:</b> 0<br/><b>APPLY_DATE:</b>  <br/><b>NOTES_SUP:</b>  <br/><b>NOTES_VAR:</b>  <br/><b>NOTES_RQR:</b>  <br/><b>NOTES:</b> DONREY<br/><b>SIZE_:</b> 14x48<br/><b>FIELD_CHEC:</b> 0]]></description>
      <Point>
        <coordinates>-115.14738389773015,36.14416422565493,0</coordinates>
      </Point>
    </Placemark>
    <Placemark>
      <name>000750   E SAHARA                AVE</name>
      <description><![CDATA[<b>OBJECTID:</b> 138<br/><b>LVBOARDS_:</b> 165<br/><b>LVBOARDS_I:</b> 42<br/><b>SIGN_TYPE:</b>  <br/><b>STREET_NUM:</b> 750<br/><b>STREET_DIR:</b> E<br/><b>STREET_NAM:</b> Sahara<br/><b>PARCEL:</b> 16203801104<br/><b>PARCELOLD:</b> 16203801104<br/><b>APPLICANT:</b>  <br/><b>SIGN_AREA:</b> 672<br/><b>SIGN_HEIGH:</b> 40<br/><b>TAG_NUM:</b> 0<br/><b>APPLY_DATE:</b>  <br/><b>NOTES_SUP:</b>  <br/><b>NOTES_VAR:</b>  <br/><b>NOTES_RQR:</b>  <br/><b>NOTES:</b> MARTIN<br/><b>SIZE_:</b> 14x48<br/><b>FIELD_CHEC:</b> 0]]></description>
      <Point>
        <coordinates>-115.1447343124291,36.14421049316987,0</coordinates>
      </Point>
    </Placemark>
    <Placemark>
      <name>000900   E SAHARA                AVE</name>
      <description><![CDATA[<b>OBJECTID:</b> 139<br/><b>LVBOARDS_:</b> 166<br/><b>LVBOARDS_I:</b> 44<br/><b>SIGN_TYPE:</b>  <br/><b>STREET_NUM:</b> 946<br/><b>STREET_DIR:</b> E<br/><b>STREET_NAM:</b> Sahara<br/><b>PARCEL:</b> 16203801113<br/><b>PARCELOLD:</b> 16203801114<br/><b>APPLICANT:</b>  <br/><b>SIGN_AREA:</b> 288<br/><b>SIGN_HEIGH:</b> 30<br/><b>TAG_NUM:</b> 0<br/><b>APPLY_DATE:</b>  <br/><b>NOTES_SUP:</b>  <br/><b>NOTES_VAR:</b>  <br/><b>NOTES_RQR:</b>  <br/><b>NOTES:</b> DONREY<br/><b>SIZE_:</b> 12x24<br/><b>FIELD_CHEC:</b> 0]]></description>
      <Point>
        <coordinates>-115.14208922943264,36.144329736079165,0</coordinates>
      </Point>
    </Placemark>
    <Placemark>
      <name>16203802007</name>
      <description><![CDATA[<b>OBJECTID:</b> 140<br/><b>LVBOARDS_:</b> 167<br/><b>LVBOARDS_I:</b> 43<br/><b>SIGN_TYPE:</b>  <br/><b>STREET_NUM:</b> 1140<br/><b>STREET_DIR:</b> E<br/><b>STREET_NAM:</b> Sahara<br/><b>PARCEL:</b> 16203802007<br/><b>PARCELOLD:</b> 16203802007<br/><b>APPLICANT:</b>  <br/><b>SIGN_AREA:</b> 672<br/><b>SIGN_HEIGH:</b> 55<br/><b>TAG_NUM:</b> 0<br/><b>APPLY_DATE:</b>  <br/><b>NOTES_SUP:</b> U-44-86<br/><b>NOTES_VAR:</b>  <br/><b>NOTES_RQR:</b>  <br/><b>NOTES:</b>  <br/><b>SIZE_:</b> 14x48<br/><b>FIELD_CHEC:</b> 0]]></description>
      <Point>
        <coordinates>-115.13825939820697,36.14452970843149,0</coordinates>
      </Point>
    </Placemark>
    <Placemark>
      <name>001300   E SAHARA                AVE</name>
      <description><![CDATA[<b>OBJECTID:</b> 141<br/><b>LVBOARDS_:</b> 168<br/><b>LVBOARDS_I:</b> 21<br/><b>SIGN_TYPE:</b>  <br/><b>STREET_NUM:</b> 1300<br/><b>STREET_DIR:</b> E<br/><b>STREET_NAM:</b> Sahara<br/><b>PARCEL:</b> 16202410095<br/><b>PARCELOLD:</b> 16202410095<br/><b>APPLICANT:</b>  <br/><b>SIGN_AREA:</b> 672<br/><b>SIGN_HEIGH:</b> 40<br/><b>TAG_NUM:</b> 0<br/><b>APPLY_DATE:</b>  <br/><b>NOTES_SUP:</b>  <br/><b>NOTES_VAR:</b>  <br/><b>NOTES_RQR:</b>  <br/><b>NOTES:</b> YESCO<br/><b>SIZE_:</b> 14x48<br/><b>FIELD_CHEC:</b> 0]]></description>
      <Point>
        <coordinates>-115.13518283022805,36.144537794486965,0</coordinates>
      </Point>
    </Placemark>
    <Placemark>
      <name>001380   E SAHARA                AVE</name>
      <description><![CDATA[<b>OBJECTID:</b> 142<br/><b>LVBOARDS_:</b> 169<br/><b>LVBOARDS_I:</b> 23<br/><b>SIGN_TYPE:</b>  <br/><b>STREET_NUM:</b> 1380<br/><b>STREET_DIR:</b> E<br/><b>STREET_NAM:</b> Sahara<br/><b>PARCEL:</b> 16202410117<br/><b>PARCELOLD:</b> 16202410117<br/><b>APPLICANT:</b>  <br/><b>SIGN_AREA:</b> 672<br/><b>SIGN_HEIGH:</b> 40<br/><b>TAG_NUM:</b> 0<br/><b>APPLY_DATE:</b>  <br/><b>NOTES_SUP:</b>  <br/><b>NOTES_VAR:</b>  <br/><b>NOTES_RQR:</b>  <br/><b>NOTES:</b> DONREY<br/><b>SIZE_:</b> 14x48<br/><b>FIELD_CHEC:</b> 0]]></description>
      <Point>
        <coordinates>-115.13404798182388,36.14455808566528,0</coordinates>
      </Point>
    </Placemark>
    <Placemark>
      <name>001500   E SAHARA                AVE</name>
      <description><![CDATA[<b>OBJECTID:</b> 143<br/><b>LVBOARDS_:</b> 170<br/><b>LVBOARDS_I:</b> 22<br/><b>SIGN_TYPE:</b>  <br/><b>STREET_NUM:</b> 1500<br/><b>STREET_DIR:</b> E<br/><b>STREET_NAM:</b> Sahara<br/><b>PARCEL:</b> 16202410140<br/><b>PARCELOLD:</b> 16202410140<br/><b>APPLICANT:</b>  <br/><b>SIGN_AREA:</b> 672<br/><b>SIGN_HEIGH:</b> 40<br/><b>TAG_NUM:</b> 0<br/><b>APPLY_DATE:</b>  <br/><b>NOTES_SUP:</b>  <br/><b>NOTES_VAR:</b>  <br/><b>NOTES_RQR:</b>  <br/><b>NOTES:</b> YESCO<br/><b>SIZE_:</b> 14x48<br/><b>FIELD_CHEC:</b> 0]]></description>
      <Point>
        <coordinates>-115.13265673505792,36.144618807849426,0</coordinates>
      </Point>
    </Placemark>
    <Placemark>
      <name>001556   E SAHARA                AVE</name>
      <description><![CDATA[<b>OBJECTID:</b> 144<br/><b>LVBOARDS_:</b> 171<br/><b>LVBOARDS_I:</b> 24<br/><b>SIGN_TYPE:</b>  <br/><b>STREET_NUM:</b> 1550<br/><b>STREET_DIR:</b> E<br/><b>STREET_NAM:</b> Sahara<br/><b>PARCEL:</b> 16202411022<br/><b>PARCELOLD:</b> 16202411022<br/><b>APPLICANT:</b>  <br/><b>SIGN_AREA:</b> 672<br/><b>SIGN_HEIGH:</b> 0<br/><b>TAG_NUM:</b> 0<br/><b>APPLY_DATE:</b>  <br/><b>NOTES_SUP:</b>  <br/><b>NOTES_VAR:</b>  <br/><b>NOTES_RQR:</b>  <br/><b>NOTES:</b> DONREY<br/><b>SIZE_:</b> 14x48<br/><b>FIELD_CHEC:</b> 0]]></description>
      <Point>
        <coordinates>-115.1311628930983,36.14466212995955,0</coordinates>
      </Point>
    </Placemark>
    <Placemark>
      <name>000000</name>
      <description><![CDATA[<b>OBJECTID:</b> 145<br/><b>LVBOARDS_:</b> 172<br/><b>LVBOARDS_I:</b> 26<br/><b>SIGN_TYPE:</b>  <br/><b>STREET_NUM:</b> 1914<br/><b>STREET_DIR:</b> E<br/><b>STREET_NAM:</b> Sahara<br/><b>PARCEL:</b> 16202811026<br/><b>PARCELOLD:</b> 16202811025<br/><b>APPLICANT:</b> Clear Channel Outdoor<br/><b>SIGN_AREA:</b> 672<br/><b>SIGN_HEIGH:</b> 40<br/><b>TAG_NUM:</b> 0<br/><b>APPLY_DATE:</b>  <br/><b>NOTES_SUP:</b>  <br/><b>NOTES_VAR:</b>  <br/><b>NOTES_RQR:</b>  <br/><b>NOTES:</b>  <br/><b>SIZE_:</b> 14x48<br/><b>FIELD_CHEC:</b> 0]]></description>
      <Point>
        <coordinates>-115.12274118281738,36.14464527545145,0</coordinates>
      </Point>
    </Placemark>
    <Placemark>
      <name>001920   E SAHARA                AVE</name>
      <description><![CDATA[<b>OBJECTID:</b> 146<br/><b>LVBOARDS_:</b> 173<br/><b>LVBOARDS_I:</b> 28<br/><b>SIGN_TYPE:</b>  <br/><b>STREET_NUM:</b> 1920<br/><b>STREET_DIR:</b> E<br/><b>STREET_NAM:</b> Sahara<br/><b>PARCEL:</b> 16202811067<br/><b>PARCELOLD:</b> 16202811067<br/><b>APPLICANT:</b> LAMAR<br/><b>SIGN_AREA:</b> 672<br/><b>SIGN_HEIGH:</b> 40<br/><b>TAG_NUM:</b> 0<br/><b>APPLY_DATE:</b>  <br/><b>NOTES_SUP:</b>  <br/><b>NOTES_VAR:</b>  <br/><b>NOTES_RQR:</b>  <br/><b>NOTES:</b>  <br/><b>SIZE_:</b> 14x48<br/><b>FIELD_CHEC:</b> 0]]></description>
      <Point>
        <coordinates>-115.12211035083618,36.14460136927614,0</coordinates>
      </Point>
    </Placemark>
    <Placemark>
      <name>001942   E SAHARA                AVE</name>
      <description><![CDATA[<b>OBJECTID:</b> 147<br/><b>LVBOARDS_:</b> 174<br/><b>LVBOARDS_I:</b> 27<br/><b>SIGN_TYPE:</b>  <br/><b>STREET_NUM:</b> 1942<br/><b>STREET_DIR:</b> E<br/><b>STREET_NAM:</b> Sahara<br/><b>PARCEL:</b> 16202811116<br/><b>PARCELOLD:</b> 16202811116<br/><b>APPLICANT:</b> Clear Channel Outdoor<br/><b>SIGN_AREA:</b> 288<br/><b>SIGN_HEIGH:</b> 40<br/><b>TAG_NUM:</b> 0<br/><b>APPLY_DATE:</b>  <br/><b>NOTES_SUP:</b>  <br/><b>NOTES_VAR:</b>  <br/><b>NOTES_RQR:</b>  <br/><b>NOTES:</b>  <br/><b>SIZE_:</b> 14x48<br/><b>FIELD_CHEC:</b> 0]]></description>
      <Point>
        <coordinates>-115.12070243629327,36.14466438223714,0</coordinates>
      </Point>
    </Placemark>
    <Placemark>
      <name>002303   E SAHARA                AVE</name>
      <description><![CDATA[<b>OBJECTID:</b> 148<br/><b>LVBOARDS_:</b> 175<br/><b>LVBOARDS_I:</b> 5<br/><b>SIGN_TYPE:</b>  <br/><b>STREET_NUM:</b> 2333<br/><b>STREET_DIR:</b> E<br/><b>STREET_NAM:</b> Sahara<br/><b>PARCEL:</b> 16201401005<br/><b>PARCELOLD:</b> 16201401006<br/><b>APPLICANT:</b> Clear Channel Outdoor<br/><b>SIGN_AREA:</b> 672<br/><b>SIGN_HEIGH:</b> 40<br/><b>TAG_NUM:</b> 0<br/><b>APPLY_DATE:</b>  <br/><b>NOTES_SUP:</b>  <br/><b>NOTES_VAR:</b>  <br/><b>NOTES_RQR:</b>  <br/><b>NOTES:</b>  <br/><b>SIZE_:</b> 14x48<br/><b>FIELD_CHEC:</b> 0]]></description>
      <Point>
        <coordinates>-115.1165227633224,36.14468761687307,0</coordinates>
      </Point>
    </Placemark>
    <Placemark>
      <name>16201401003</name>
      <description><![CDATA[<b>OBJECTID:</b> 149<br/><b>LVBOARDS_:</b> 176<br/><b>LVBOARDS_I:</b> 4<br/><b>SIGN_TYPE:</b>  <br/><b>STREET_NUM:</b> 2329<br/><b>STREET_DIR:</b> S<br/><b>STREET_NAM:</b> Eastern<br/><b>PARCEL:</b> 16201401003<br/><b>PARCELOLD:</b> 16201401003<br/><b>APPLICANT:</b> Clear Channel Outdoor<br/><b>SIGN_AREA:</b> 672<br/><b>SIGN_HEIGH:</b> 40<br/><b>TAG_NUM:</b> 0<br/><b>APPLY_DATE:</b> 05/03/72<br/><b>NOTES_SUP:</b> Z-30-72<br/><b>NOTES_VAR:</b>  <br/><b>NOTES_RQR:</b>  <br/><b>NOTES:</b>  <br/><b>SIZE_:</b> 14x48<br/><b>FIELD_CHEC:</b> 0]]></description>
      <Point>
        <coordinates>-115.11852709257484,36.14566799697755,0</coordinates>
      </Point>
    </Placemark>
    <Placemark>
      <name>003215   S RANCHO                DR</name>
      <description><![CDATA[<b>OBJECTID:</b> 150<br/><b>LVBOARDS_:</b> 177<br/><b>LVBOARDS_I:</b> 21<br/><b>SIGN_TYPE:</b>  <br/><b>STREET_NUM:</b> 3200<br/><b>STREET_DIR:</b> S<br/><b>STREET_NAM:</b> Rancho<br/><b>PARCEL:</b> 16208418002<br/><b>PARCELOLD:</b> 16208401004<br/><b>APPLICANT:</b> LAMAR<br/><b>SIGN_AREA:</b> 672<br/><b>SIGN_HEIGH:</b> 55<br/><b>TAG_NUM:</b> 0<br/><b>APPLY_DATE:</b> 11/30/95<br/><b>NOTES_SUP:</b> U-101-95<br/><b>NOTES_VAR:</b>  <br/><b>NOTES_RQR:</b> RQR-33287; RQR-5513<br/><b>NOTES:</b>  <br/><b>SIZE_:</b> 14x48<br/><b>FIELD_CHEC:</b> 1]]></description>
      <Point>
        <coordinates>-115.18223422095465,36.13017980531881,0</coordinates>
      </Point>
    </Placemark>
    <Placemark>
      <name>003720   W DESERT INN            RD</name>
      <description><![CDATA[<b>OBJECTID:</b> 151<br/><b>LVBOARDS_:</b> 178<br/><b>LVBOARDS_I:</b> 9<br/><b>SIGN_TYPE:</b> AA<br/><b>STREET_NUM:</b> 3720<br/><b>STREET_DIR:</b> W<br/><b>STREET_NAM:</b> DESERT INN<br/><b>PARCEL:</b> 16208410033<br/><b>PARCELOLD:</b> 16208410033<br/><b>APPLICANT:</b> LAMAR<br/><b>SIGN_AREA:</b> 672<br/><b>SIGN_HEIGH:</b> 40<br/><b>TAG_NUM:</b> 752<br/><b>APPLY_DATE:</b> 2/1/95<br/><b>NOTES_SUP:</b> U-300-94<br/><b>NOTES_VAR:</b>  <br/><b>NOTES_RQR:</b> RQR-31822; U-300-94(1)&amp;(2)<br/><b>NOTES:</b>  <br/><b>SIZE_:</b> 14x48<br/><b>FIELD_CHEC:</b> 1]]></description>
      <Point>
        <coordinates>-115.18873215828077,36.13039206819089,0</coordinates>
      </Point>
    </Placemark>
    <Placemark>
      <name>003200   S VALLEY VIEW           BLVD</name>
      <description><![CDATA[<b>OBJECTID:</b> 152<br/><b>LVBOARDS_:</b> 179<br/><b>LVBOARDS_I:</b> 11<br/><b>SIGN_TYPE:</b> AA<br/><b>STREET_NUM:</b> 3180<br/><b>STREET_DIR:</b> S<br/><b>STREET_NAM:</b> VALLEY VIEW<br/><b>PARCEL:</b> 16208410018<br/><b>PARCELOLD:</b> 16208410018<br/><b>APPLICANT:</b> Clear Channel Outdoor<br/><b>SIGN_AREA:</b> 672<br/><b>SIGN_HEIGH:</b> 40<br/><b>TAG_NUM:</b> 1009<br/><b>APPLY_DATE:</b> 4/14/95<br/><b>NOTES_SUP:</b> U-23-95<br/><b>NOTES_VAR:</b>  <br/><b>NOTES_RQR:</b> RQR-34329;RQR-17661; RQR-4664<br/><b>NOTES:</b>  <br/><b>SIZE_:</b> 14x48<br/><b>FIELD_CHEC:</b> 0]]></description>
      <Point>
        <coordinates>-115.19005220294429,36.1320523557525,0</coordinates>
      </Point>
    </Placemark>
    <Placemark>
      <name>003052   S VALLEY VIEW           BLVD</name>
      <description><![CDATA[<b>OBJECTID:</b> 153<br/><b>LVBOARDS_:</b> 181<br/><b>LVBOARDS_I:</b> 19<br/><b>SIGN_TYPE:</b>  <br/><b>STREET_NUM:</b> 3052<br/><b>STREET_DIR:</b> S<br/><b>STREET_NAM:</b> Valley View<br/><b>PARCEL:</b> 16208302010<br/><b>PARCELOLD:</b> 16208302010<br/><b>APPLICANT:</b>  <br/><b>SIGN_AREA:</b> 576<br/><b>SIGN_HEIGH:</b> 40<br/><b>TAG_NUM:</b> 1503<br/><b>APPLY_DATE:</b> 6/13/96<br/><b>NOTES_SUP:</b> U-26-96<br/><b>NOTES_VAR:</b>  <br/><b>NOTES_RQR:</b> RQR-32966<br/><b>NOTES:</b>  <br/><b>SIZE_:</b> 24x24<br/><b>FIELD_CHEC:</b> 0]]></description>
      <Point>
        <coordinates>-115.19018770069707,36.13469140728299,0</coordinates>
      </Point>
    </Placemark>
    <Placemark>
      <name>003001   S VALLEY VIEW           BLVD</name>
      <description><![CDATA[<b>OBJECTID:</b> 154<br/><b>LVBOARDS_:</b> 182<br/><b>LVBOARDS_I:</b> 8<br/><b>SIGN_TYPE:</b> AA<br/><b>STREET_NUM:</b> 3001<br/><b>STREET_DIR:</b> S<br/><b>STREET_NAM:</b> VALLEY VIEW<br/><b>PARCEL:</b> 16207702004<br/><b>PARCELOLD:</b> 16207702004<br/><b>APPLICANT:</b> LAMAR<br/><b>SIGN_AREA:</b> 672<br/><b>SIGN_HEIGH:</b> 40<br/><b>TAG_NUM:</b> 859<br/><b>APPLY_DATE:</b> 4/18/95<br/><b>NOTES_SUP:</b> U-193-94<br/><b>NOTES_VAR:</b>  <br/><b>NOTES_RQR:</b>  <br/><b>NOTES:</b>  <br/><b>SIZE_:</b> 14x48<br/><b>FIELD_CHEC:</b> 0]]></description>
      <Point>
        <coordinates>-115.19070285381959,36.13678301568702,0</coordinates>
      </Point>
    </Placemark>
    <Placemark>
      <name>002558   S VALLEY VIEW           BLVD</name>
      <description><![CDATA[<b>OBJECTID:</b> 155<br/><b>LVBOARDS_:</b> 183<br/><b>LVBOARDS_I:</b> 12<br/><b>SIGN_TYPE:</b>  <br/><b>STREET_NUM:</b> 2562<br/><b>STREET_DIR:</b> S<br/><b>STREET_NAM:</b> Valley View<br/><b>PARCEL:</b> 16208101005<br/><b>PARCELOLD:</b> 16208101005<br/><b>APPLICANT:</b> LAMAR<br/><b>SIGN_AREA:</b> 672<br/><b>SIGN_HEIGH:</b> 40<br/><b>TAG_NUM:</b> 0<br/><b>APPLY_DATE:</b>  <br/><b>NOTES_SUP:</b>  <br/><b>NOTES_VAR:</b>  <br/><b>NOTES_RQR:</b>  <br/><b>NOTES:</b>  <br/><b>SIZE_:</b> 14x48<br/><b>FIELD_CHEC:</b> 0]]></description>
      <Point>
        <coordinates>-115.19044012781318,36.14305955125949,0</coordinates>
      </Point>
    </Placemark>
    <Placemark>
      <name>003920   W CHARLESTON            BLVD</name>
      <description><![CDATA[<b>OBJECTID:</b> 156<br/><b>LVBOARDS_:</b> 184<br/><b>LVBOARDS_I:</b> 7<br/><b>SIGN_TYPE:</b> AA<br/><b>STREET_NUM:</b> 3900<br/><b>STREET_DIR:</b> W<br/><b>STREET_NAM:</b> CHARLESTON<br/><b>PARCEL:</b> 13931801018<br/><b>PARCELOLD:</b> 13931801018<br/><b>APPLICANT:</b> LAMAR<br/><b>SIGN_AREA:</b> 672<br/><b>SIGN_HEIGH:</b> 55<br/><b>TAG_NUM:</b> 348<br/><b>APPLY_DATE:</b> 6/2/94<br/><b>NOTES_SUP:</b> U-43-94<br/><b>NOTES_VAR:</b>  <br/><b>NOTES_RQR:</b> RQR-18678; 12172; 5171; 2860<br/><b>NOTES:</b> Denied 6/20/07<br/><b>SIZE_:</b> 14x48<br/><b>FIELD_CHEC:</b> 1]]></description>
      <Point>
        <coordinates>-115.1926773311558,36.159886419634496,0</coordinates>
      </Point>
    </Placemark>
    <Placemark>
      <name>000820   S VALLEY VIEW           BLVD</name>
      <description><![CDATA[<b>OBJECTID:</b> 157<br/><b>LVBOARDS_:</b> 185<br/><b>LVBOARDS_I:</b> 11<br/><b>SIGN_TYPE:</b> AA<br/><b>STREET_NUM:</b> 820<br/><b>STREET_DIR:</b> S<br/><b>STREET_NAM:</b> VALLEY VIEW<br/><b>PARCEL:</b> 13931801002<br/><b>PARCELOLD:</b> 13931801002<br/><b>APPLICANT:</b> Clear Channel Outdoor<br/><b>SIGN_AREA:</b> 672<br/><b>SIGN_HEIGH:</b> 40<br/><b>TAG_NUM:</b> 746<br/><b>APPLY_DATE:</b> 1/27/95<br/><b>NOTES_SUP:</b> SUP-4521; U-296-94<br/><b>NOTES_VAR:</b>  <br/><b>NOTES_RQR:</b> RQR-34682<br/><b>NOTES:</b>  <br/><b>SIZE_:</b> 14x48<br/><b>FIELD_CHEC:</b> 1]]></description>
      <Point>
        <coordinates>-115.19269399739795,36.162117966341846,0</coordinates>
      </Point>
    </Placemark>
    <Placemark>
      <name>004800     ALPINE                PL</name>
      <description><![CDATA[<b>OBJECTID:</b> 158<br/><b>LVBOARDS_:</b> 186<br/><b>LVBOARDS_I:</b> 29<br/><b>SIGN_TYPE:</b>  <br/><b>STREET_NUM:</b> 4800<br/><b>STREET_DIR:</b>  <br/><b>STREET_NAM:</b> Alpine<br/><b>PARCEL:</b> 13836802009<br/><b>PARCELOLD:</b> 13836802009<br/><b>APPLICANT:</b> LAMAR<br/><b>SIGN_AREA:</b> 672<br/><b>SIGN_HEIGH:</b> 40<br/><b>TAG_NUM:</b> 0<br/><b>APPLY_DATE:</b>  <br/><b>NOTES_SUP:</b> U-27-93<br/><b>NOTES_VAR:</b>  <br/><b>NOTES_RQR:</b> RQR-9376; RQR-2903<br/><b>NOTES:</b> Denied 1/18/06<br/><b>SIZE_:</b> 14x48<br/><b>FIELD_CHEC:</b> 0]]></description>
      <Point>
        <coordinates>-115.20619572370718,36.16042891958069,0</coordinates>
      </Point>
    </Placemark>
    <Placemark>
      <name>001361   S DECATUR               BLVD</name>
      <description><![CDATA[<b>OBJECTID:</b> 159<br/><b>LVBOARDS_:</b> 187<br/><b>LVBOARDS_I:</b> 24<br/><b>SIGN_TYPE:</b> AA<br/><b>STREET_NUM:</b> 1351<br/><b>STREET_DIR:</b> S<br/><b>STREET_NAM:</b> DECATUR<br/><b>PARCEL:</b> 16206211001<br/><b>PARCELOLD:</b> 16206211001<br/><b>APPLICANT:</b> LAMAR<br/><b>SIGN_AREA:</b> 672<br/><b>SIGN_HEIGH:</b> 40<br/><b>TAG_NUM:</b> 836<br/><b>APPLY_DATE:</b> 3/30/95<br/><b>NOTES_SUP:</b> U-185-89<br/><b>NOTES_VAR:</b>  <br/><b>NOTES_RQR:</b> RQR-39435; 23916; 6793; 4282<br/><b>NOTES:</b>  <br/><b>SIZE_:</b> 14x48<br/><b>FIELD_CHEC:</b> 1]]></description>
      <Point>
        <coordinates>-115.20757831726087,36.15551465909953,0</coordinates>
      </Point>
    </Placemark>
    <Placemark>
      <name>001611   S DECATUR               BLVD</name>
      <description><![CDATA[<b>OBJECTID:</b> 160<br/><b>LVBOARDS_:</b> 188<br/><b>LVBOARDS_I:</b> 29<br/><b>SIGN_TYPE:</b>  <br/><b>STREET_NUM:</b> 1611<br/><b>STREET_DIR:</b> S<br/><b>STREET_NAM:</b> Decatur<br/><b>PARCEL:</b> 16206211003<br/><b>PARCELOLD:</b> 16206211003<br/><b>APPLICANT:</b> Clear Channel Outdoor<br/><b>SIGN_AREA:</b> 288<br/><b>SIGN_HEIGH:</b> 40<br/><b>TAG_NUM:</b> 0<br/><b>APPLY_DATE:</b>  <br/><b>NOTES_SUP:</b>  <br/><b>NOTES_VAR:</b>  <br/><b>NOTES_RQR:</b>  <br/><b>NOTES:</b>  <br/><b>SIZE_:</b> 12x24<br/><b>FIELD_CHEC:</b> 9]]></description>
      <Point>
        <coordinates>-115.20771187540143,36.15376445541827,0</coordinates>
      </Point>
    </Placemark>
    <Placemark>
      <name>001617   S DECATUR               BLVD</name>
      <description><![CDATA[<b>OBJECTID:</b> 161<br/><b>LVBOARDS_:</b> 189<br/><b>LVBOARDS_I:</b> 30<br/><b>SIGN_TYPE:</b>  <br/><b>STREET_NUM:</b> 1617<br/><b>STREET_DIR:</b> S<br/><b>STREET_NAM:</b> Decarut<br/><b>PARCEL:</b> 16206211004<br/><b>PARCELOLD:</b> 16206211004<br/><b>APPLICANT:</b> Clear Channel Outdoor<br/><b>SIGN_AREA:</b> 672<br/><b>SIGN_HEIGH:</b> 40<br/><b>TAG_NUM:</b> 0<br/><b>APPLY_DATE:</b>  <br/><b>NOTES_SUP:</b>  <br/><b>NOTES_VAR:</b>  <br/><b>NOTES_RQR:</b>  <br/><b>NOTES:</b>  <br/><b>SIZE_:</b> 14x48<br/><b>FIELD_CHEC:</b> 1]]></description>
      <Point>
        <coordinates>-115.20775110257617,36.15245803688189,0</coordinates>
      </Point>
    </Placemark>
    <Placemark>
      <name>001624   S DECATUR               BLVD</name>
      <description><![CDATA[<b>OBJECTID:</b> 162<br/><b>LVBOARDS_:</b> 190<br/><b>LVBOARDS_I:</b> 27<br/><b>SIGN_TYPE:</b>  <br/><b>STREET_NUM:</b> 1624<br/><b>STREET_DIR:</b> S<br/><b>STREET_NAM:</b> Decatur<br/><b>PARCEL:</b> 16301602006<br/><b>PARCELOLD:</b> 16301602006<br/><b>APPLICANT:</b> LAMAR<br/><b>SIGN_AREA:</b> 672<br/><b>SIGN_HEIGH:</b> 40<br/><b>TAG_NUM:</b> 0<br/><b>APPLY_DATE:</b>  <br/><b>NOTES_SUP:</b> U-130-95<br/><b>NOTES_VAR:</b>  <br/><b>NOTES_RQR:</b>  <br/><b>NOTES:</b>  <br/><b>SIZE_:</b> 14x48<br/><b>FIELD_CHEC:</b> 1]]></description>
      <Point>
        <coordinates>-115.20855515499481,36.15194964775756,0</coordinates>
      </Point>
    </Placemark>
    <Placemark>
      <name>001701   S DECATUR               BLVD</name>
      <description><![CDATA[<b>OBJECTID:</b> 163<br/><b>LVBOARDS_:</b> 191<br/><b>LVBOARDS_I:</b> 33<br/><b>SIGN_TYPE:</b>  <br/><b>STREET_NUM:</b> 1701<br/><b>STREET_DIR:</b> S<br/><b>STREET_NAM:</b> Decatur<br/><b>PARCEL:</b> 16206301001<br/><b>PARCELOLD:</b> 16206301001<br/><b>APPLICANT:</b> Clear Channel Outdoor<br/><b>SIGN_AREA:</b> 672<br/><b>SIGN_HEIGH:</b> 40<br/><b>TAG_NUM:</b> 1298<br/><b>APPLY_DATE:</b> 1/16/96<br/><b>NOTES_SUP:</b> U-135-95<br/><b>NOTES_VAR:</b>  <br/><b>NOTES_RQR:</b> RQR-38940; RQR-6149; RQR-1791<br/><b>NOTES:</b>  <br/><b>SIZE_:</b> 14x48<br/><b>FIELD_CHEC:</b> 1]]></description>
      <Point>
        <coordinates>-115.20765050896377,36.151297119029785,0</coordinates>
      </Point>
    </Placemark>
    <Placemark>
      <name>002027   S DECATUR               BLVD</name>
      <description><![CDATA[<b>OBJECTID:</b> 164<br/><b>LVBOARDS_:</b> 192<br/><b>LVBOARDS_I:</b> 34<br/><b>SIGN_TYPE:</b>  <br/><b>STREET_NUM:</b> 2003<br/><b>STREET_DIR:</b> S<br/><b>STREET_NAM:</b> Decatur<br/><b>PARCEL:</b> 16206301004<br/><b>PARCELOLD:</b> 16206301003<br/><b>APPLICANT:</b> Clear Channel Outdoor<br/><b>SIGN_AREA:</b> 672<br/><b>SIGN_HEIGH:</b> 40<br/><b>TAG_NUM:</b> 0<br/><b>APPLY_DATE:</b>  <br/><b>NOTES_SUP:</b> U-03-91<br/><b>NOTES_VAR:</b>  <br/><b>NOTES_RQR:</b> RQR-32951; U-03-91(1)<br/><b>NOTES:</b>  <br/><b>SIZE_:</b> 14x48<br/><b>FIELD_CHEC:</b> 1]]></description>
      <Point>
        <coordinates>-115.20769697006376,36.14989890228834,0</coordinates>
      </Point>
    </Placemark>
    <Placemark>
      <name>001339   S JONES                 BLVD</name>
      <description><![CDATA[<b>OBJECTID:</b> 165<br/><b>LVBOARDS_:</b> 193<br/><b>LVBOARDS_I:</b> 23<br/><b>SIGN_TYPE:</b>  <br/><b>STREET_NUM:</b> 1300<br/><b>STREET_DIR:</b> S<br/><b>STREET_NAM:</b> Jones<br/><b>PARCEL:</b> 16301102022<br/><b>PARCELOLD:</b> 16301102022<br/><b>APPLICANT:</b>  <br/><b>SIGN_AREA:</b> 672<br/><b>SIGN_HEIGH:</b> 40<br/><b>TAG_NUM:</b> 0<br/><b>APPLY_DATE:</b> 04/17/96<br/><b>NOTES_SUP:</b> Z-22-96<br/><b>NOTES_VAR:</b>  <br/><b>NOTES_RQR:</b>  <br/><b>NOTES:</b>  <br/><b>SIZE_:</b> 14x48<br/><b>FIELD_CHEC:</b> 0]]></description>
      <Point>
        <coordinates>-115.22487578570181,36.156583640950295,0</coordinates>
      </Point>
    </Placemark>
    <Placemark>
      <name>001201   S JONES                 BLVD</name>
      <description><![CDATA[<b>OBJECTID:</b> 166<br/><b>LVBOARDS_:</b> 194<br/><b>LVBOARDS_I:</b> 22<br/><b>SIGN_TYPE:</b>  <br/><b>STREET_NUM:</b> 1201<br/><b>STREET_DIR:</b> S<br/><b>STREET_NAM:</b> Jones<br/><b>PARCEL:</b> 16301101009<br/><b>PARCELOLD:</b> 16301101007<br/><b>APPLICANT:</b>  <br/><b>SIGN_AREA:</b> 672<br/><b>SIGN_HEIGH:</b> 40<br/><b>TAG_NUM:</b> 0<br/><b>APPLY_DATE:</b> 06/20/01<br/><b>NOTES_SUP:</b> U-160-96<br/><b>NOTES_VAR:</b> V-09-96<br/><b>NOTES_RQR:</b> RQR-33733<br/><b>NOTES:</b>  <br/><b>SIZE_:</b> 14x48<br/><b>FIELD_CHEC:</b> 1]]></description>
      <Point>
        <coordinates>-115.22465635510328,36.15757759710237,0</coordinates>
      </Point>
    </Placemark>
    <Placemark>
      <name>001131   S JONES                 BLVD</name>
      <description><![CDATA[<b>OBJECTID:</b> 167<br/><b>LVBOARDS_:</b> 195<br/><b>LVBOARDS_I:</b> 21<br/><b>SIGN_TYPE:</b>  <br/><b>STREET_NUM:</b> 1131<br/><b>STREET_DIR:</b> S<br/><b>STREET_NAM:</b> Jones<br/><b>PARCEL:</b> 16301101005<br/><b>PARCELOLD:</b> 16301101005<br/><b>APPLICANT:</b>  <br/><b>SIGN_AREA:</b> 288<br/><b>SIGN_HEIGH:</b> 40<br/><b>TAG_NUM:</b> 0<br/><b>APPLY_DATE:</b> 11-13-84<br/><b>NOTES_SUP:</b>  <br/><b>NOTES_VAR:</b>  <br/><b>NOTES_RQR:</b>  <br/><b>NOTES:</b> DONREY<br/><b>SIZE_:</b>  <br/><b>FIELD_CHEC:</b> 0]]></description>
      <Point>
        <coordinates>-115.22414621724643,36.15862880191076,0</coordinates>
      </Point>
    </Placemark>
    <Placemark>
      <name>003227     MEADE                 AVE</name>
      <description><![CDATA[<b>OBJECTID:</b> 168<br/><b>LVBOARDS_:</b> 196<br/><b>LVBOARDS_I:</b> 19<br/><b>SIGN_TYPE:</b>  <br/><b>STREET_NUM:</b> 3227<br/><b>STREET_DIR:</b> W<br/><b>STREET_NAM:</b> Meade<br/><b>PARCEL:</b> 16208303007<br/><b>PARCELOLD:</b> 16208303007<br/><b>APPLICANT:</b> LAMAR<br/><b>SIGN_AREA:</b> 288<br/><b>SIGN_HEIGH:</b> 35<br/><b>TAG_NUM:</b> 1515<br/><b>APPLY_DATE:</b> 6/16/96<br/><b>NOTES_SUP:</b> U-19-96<br/><b>NOTES_VAR:</b>  <br/><b>NOTES_RQR:</b> RQR-32956<br/><b>NOTES:</b>  <br/><b>SIZE_:</b> 12x24<br/><b>FIELD_CHEC:</b> 1]]></description>
      <Point>
        <coordinates>-115.18471850152413,36.13620698384324,0</coordinates>
      </Point>
    </Placemark>
    <Placemark>
      <name>002221     PARADISE              RD</name>
      <description><![CDATA[<b>OBJECTID:</b> 169<br/><b>LVBOARDS_:</b> 199<br/><b>LVBOARDS_I:</b> 35<br/><b>SIGN_TYPE:</b>  <br/><b>STREET_NUM:</b> 2221<br/><b>STREET_DIR:</b>  <br/><b>STREET_NAM:</b> Paradise<br/><b>PARCEL:</b> 16203413021<br/><b>PARCELOLD:</b> 16203413022<br/><b>APPLICANT:</b> Clear Channel Outdoor<br/><b>SIGN_AREA:</b> 672<br/><b>SIGN_HEIGH:</b> 0<br/><b>TAG_NUM:</b> 0<br/><b>APPLY_DATE:</b>  <br/><b>NOTES_SUP:</b>  <br/><b>NOTES_VAR:</b>  <br/><b>NOTES_RQR:</b>  <br/><b>NOTES:</b>  <br/><b>SIZE_:</b> 14x48<br/><b>FIELD_CHEC:</b> 0]]></description>
      <Point>
        <coordinates>-115.15430609768757,36.144334983923336,0</coordinates>
      </Point>
    </Placemark>
    <Placemark>
      <name>002007   S LAS VEGAS             BLVD</name>
      <description><![CDATA[<b>OBJECTID:</b> 170<br/><b>LVBOARDS_:</b> 200<br/><b>LVBOARDS_I:</b> 31<br/><b>SIGN_TYPE:</b>  <br/><b>STREET_NUM:</b> 2011<br/><b>STREET_DIR:</b> S<br/><b>STREET_NAM:</b> Las Vegas<br/><b>PARCEL:</b> 16203310017<br/><b>PARCELOLD:</b> 16203310013<br/><b>APPLICANT:</b> Clear Channel Outdoor<br/><b>SIGN_AREA:</b> 1200<br/><b>SIGN_HEIGH:</b> 80<br/><b>TAG_NUM:</b> 0<br/><b>APPLY_DATE:</b>  <br/><b>NOTES_SUP:</b>  <br/><b>NOTES_VAR:</b> V-34-69<br/><b>NOTES_RQR:</b>  <br/><b>NOTES:</b> No Reviews required<br/><b>SIZE_:</b>  <br/><b>FIELD_CHEC:</b> 0]]></description>
      <Point>
        <coordinates>-115.15431798423445,36.147726767132376,0</coordinates>
      </Point>
    </Placemark>
    <Placemark>
      <name>001830   S LAS VEGAS             BLVD</name>
      <description><![CDATA[<b>OBJECTID:</b> 171<br/><b>LVBOARDS_:</b> 201<br/><b>LVBOARDS_I:</b> 28<br/><b>SIGN_TYPE:</b>  <br/><b>STREET_NUM:</b> 1830<br/><b>STREET_DIR:</b> S<br/><b>STREET_NAM:</b> Las Vegas<br/><b>PARCEL:</b> 16203302005<br/><b>PARCELOLD:</b> 16203302005<br/><b>APPLICANT:</b> ?<br/><b>SIGN_AREA:</b> 672<br/><b>SIGN_HEIGH:</b> 55<br/><b>TAG_NUM:</b> 0<br/><b>APPLY_DATE:</b> 03/22/84<br/><b>NOTES_SUP:</b>  <br/><b>NOTES_VAR:</b> V-35-84<br/><b>NOTES_RQR:</b>  <br/><b>NOTES:</b> DONREY<br/><b>SIZE_:</b> 14x48<br/><b>FIELD_CHEC:</b> 0]]></description>
      <Point>
        <coordinates>-115.15406878326458,36.14922515939991,0</coordinates>
      </Point>
    </Placemark>
    <Placemark>
      <name>001510   S LAS VEGAS             BLVD</name>
      <description><![CDATA[<b>OBJECTID:</b> 172<br/><b>LVBOARDS_:</b> 202<br/><b>LVBOARDS_I:</b> 27<br/><b>SIGN_TYPE:</b>  <br/><b>STREET_NUM:</b> 1510<br/><b>STREET_DIR:</b> S<br/><b>STREET_NAM:</b> Las Vegas<br/><b>PARCEL:</b> 16203210062<br/><b>PARCELOLD:</b> 16203210062<br/><b>APPLICANT:</b> LAMAR<br/><b>SIGN_AREA:</b> 864<br/><b>SIGN_HEIGH:</b> 30<br/><b>TAG_NUM:</b> 0<br/><b>APPLY_DATE:</b>  <br/><b>NOTES_SUP:</b>  <br/><b>NOTES_VAR:</b>  <br/><b>NOTES_RQR:</b>  <br/><b>NOTES:</b> 3 sides/No case history<br/><b>SIZE_:</b>  <br/><b>FIELD_CHEC:</b> 0]]></description>
      <Point>
        <coordinates>-115.1520434112402,36.15219388765505,0</coordinates>
      </Point>
    </Placemark>
    <Placemark>
      <name>001141   S LAS VEGAS             BLVD</name>
      <description><![CDATA[<b>OBJECTID:</b> 173<br/><b>LVBOARDS_:</b> 203<br/><b>LVBOARDS_I:</b> 21<br/><b>SIGN_TYPE:</b>  <br/><b>STREET_NUM:</b> 1147<br/><b>STREET_DIR:</b> S<br/><b>STREET_NAM:</b> Las Vegas<br/><b>PARCEL:</b> 16203112021<br/><b>PARCELOLD:</b> 16203112021<br/><b>APPLICANT:</b> Clear Channel Outdoor<br/><b>SIGN_AREA:</b> 672<br/><b>SIGN_HEIGH:</b> 40<br/><b>TAG_NUM:</b> 0<br/><b>APPLY_DATE:</b>  <br/><b>NOTES_SUP:</b>  <br/><b>NOTES_VAR:</b>  <br/><b>NOTES_RQR:</b>  <br/><b>NOTES:</b> No Case History<br/><b>SIZE_:</b> 14x48<br/><b>FIELD_CHEC:</b> 1]]></description>
      <Point>
        <coordinates>-115.14813839017806,36.1574716434572,0</coordinates>
      </Point>
    </Placemark>
    <Placemark>
      <name>001132   S LAS VEGAS             BLVD</name>
      <description><![CDATA[<b>OBJECTID:</b> 174<br/><b>LVBOARDS_:</b> 204<br/><b>LVBOARDS_I:</b> 20<br/><b>SIGN_TYPE:</b>  <br/><b>STREET_NUM:</b> 1120<br/><b>STREET_DIR:</b> S<br/><b>STREET_NAM:</b> Las Vegas<br/><b>PARCEL:</b> 16203112018<br/><b>PARCELOLD:</b> 16203112018<br/><b>APPLICANT:</b> Clear Channel Outdoor<br/><b>SIGN_AREA:</b> 672<br/><b>SIGN_HEIGH:</b> 40<br/><b>TAG_NUM:</b> 0<br/><b>APPLY_DATE:</b>  <br/><b>NOTES_SUP:</b>  <br/><b>NOTES_VAR:</b>  <br/><b>NOTES_RQR:</b>  <br/><b>NOTES:</b> No Case History<br/><b>SIZE_:</b> 14x48<br/><b>FIELD_CHEC:</b> 1]]></description>
      <Point>
        <coordinates>-115.14847572308204,36.157712507258566,0</coordinates>
      </Point>
    </Placemark>
    <Placemark>
      <name>000735   S LAS VEGAS             BLVD</name>
      <description><![CDATA[<b>OBJECTID:</b> 175<br/><b>LVBOARDS_:</b> 205<br/><b>LVBOARDS_I:</b> 42<br/><b>SIGN_TYPE:</b>  <br/><b>STREET_NUM:</b> 735<br/><b>STREET_DIR:</b> S<br/><b>STREET_NAM:</b> Las Vegas<br/><b>PARCEL:</b> 13934410175<br/><b>PARCELOLD:</b> 13934410175<br/><b>APPLICANT:</b> LAMAR<br/><b>SIGN_AREA:</b> 72<br/><b>SIGN_HEIGH:</b> 20<br/><b>TAG_NUM:</b> 0<br/><b>APPLY_DATE:</b>  <br/><b>NOTES_SUP:</b>  <br/><b>NOTES_VAR:</b>  <br/><b>NOTES_RQR:</b>  <br/><b>NOTES:</b> No Case History<br/><b>SIZE_:</b> 8x16<br/><b>FIELD_CHEC:</b> 0]]></description>
      <Point>
        <coordinates>-115.14539822948271,36.160987678860884,0</coordinates>
      </Point>
    </Placemark>
    <Placemark>
      <name>13934310056</name>
      <description><![CDATA[<b>OBJECTID:</b> 176<br/><b>LVBOARDS_:</b> 206<br/><b>LVBOARDS_I:</b> 51<br/><b>SIGN_TYPE:</b>  <br/><b>STREET_NUM:</b> 0<br/><b>STREET_DIR:</b>  <br/><b>STREET_NAM:</b>  <br/><b>PARCEL:</b> 13934310056<br/><b>PARCELOLD:</b> 13934310056<br/><b>APPLICANT:</b> LAMAR<br/><b>SIGN_AREA:</b> 288<br/><b>SIGN_HEIGH:</b> 35<br/><b>TAG_NUM:</b> 0<br/><b>APPLY_DATE:</b> 11/20/96<br/><b>NOTES_SUP:</b>  <br/><b>NOTES_VAR:</b> V-123-96<br/><b>NOTES_RQR:</b> V-123-96(1)<br/><b>NOTES:</b> 5 yr review has not been done<br/><b>SIZE_:</b> 12x24<br/><b>FIELD_CHEC:</b> 0]]></description>
      <Point>
        <coordinates>-115.1443934350182,36.16321794805077,0</coordinates>
      </Point>
    </Placemark>
    <Placemark>
      <name>13934311152</name>
      <description><![CDATA[<b>OBJECTID:</b> 177<br/><b>LVBOARDS_:</b> 207<br/><b>LVBOARDS_I:</b> 37<br/><b>SIGN_TYPE:</b>  <br/><b>STREET_NUM:</b> 500<br/><b>STREET_DIR:</b> S<br/><b>STREET_NAM:</b> Las Vegas<br/><b>PARCEL:</b> 13934311152<br/><b>PARCELOLD:</b> 13934311152<br/><b>APPLICANT:</b> Clear Channel Outdoor<br/><b>SIGN_AREA:</b> 672<br/><b>SIGN_HEIGH:</b> 30<br/><b>TAG_NUM:</b> 1878<br/><b>APPLY_DATE:</b> 12/4/96<br/><b>NOTES_SUP:</b> U-68-86<br/><b>NOTES_VAR:</b>  <br/><b>NOTES_RQR:</b> RQR-32726; U-68-86(1),(2),(3)&amp;(4)<br/><b>NOTES:</b>  <br/><b>SIZE_:</b> 14x48<br/><b>FIELD_CHEC:</b> 0]]></description>
      <Point>
        <coordinates>-115.14411969331104,36.16434237668322,0</coordinates>
      </Point>
    </Placemark>
    <Placemark>
      <name>000000</name>
      <description><![CDATA[<b>OBJECTID:</b> 178<br/><b>LVBOARDS_:</b> 208<br/><b>LVBOARDS_I:</b> 14<br/><b>SIGN_TYPE:</b>  <br/><b>STREET_NUM:</b> 1300<br/><b>STREET_DIR:</b> N<br/><b>STREET_NAM:</b> LV Blvd. N<br/><b>PARCEL:</b> 13927603028<br/><b>PARCELOLD:</b> 13927504010<br/><b>APPLICANT:</b>  <br/><b>SIGN_AREA:</b> 288<br/><b>SIGN_HEIGH:</b> 40<br/><b>TAG_NUM:</b> 0<br/><b>APPLY_DATE:</b>  <br/><b>NOTES_SUP:</b>  <br/><b>NOTES_VAR:</b>  <br/><b>NOTES_RQR:</b>  <br/><b>NOTES:</b> DONREY<br/><b>SIZE_:</b>  <br/><b>FIELD_CHEC:</b> 9]]></description>
      <Point>
        <coordinates>-115.13425017619214,36.18486967767548,0</coordinates>
      </Point>
    </Placemark>
    <Placemark>
      <name>001545   N EASTERN               AVE</name>
      <description><![CDATA[<b>OBJECTID:</b> 179<br/><b>LVBOARDS_:</b> 209<br/><b>LVBOARDS_I:</b> 8<br/><b>SIGN_TYPE:</b>  <br/><b>STREET_NUM:</b> 1535<br/><b>STREET_DIR:</b> N<br/><b>STREET_NAM:</b> Eastern<br/><b>PARCEL:</b> 13926505004<br/><b>PARCELOLD:</b> 13926505004<br/><b>APPLICANT:</b> Clear Channel Outdoor<br/><b>SIGN_AREA:</b> 672<br/><b>SIGN_HEIGH:</b> 40<br/><b>TAG_NUM:</b> 0<br/><b>APPLY_DATE:</b>  <br/><b>NOTES_SUP:</b> U-0006-90<br/><b>NOTES_VAR:</b>  <br/><b>NOTES_RQR:</b> RQR-29832; RQR-4268<br/><b>NOTES:</b>  <br/><b>SIZE_:</b> 14x48<br/><b>FIELD_CHEC:</b> 1]]></description>
      <Point>
        <coordinates>-115.11632801698123,36.18736556260287,0</coordinates>
      </Point>
    </Placemark>
    <Placemark>
      <name>002700   E BONANZA               RD</name>
      <description><![CDATA[<b>OBJECTID:</b> 180<br/><b>LVBOARDS_:</b> 210<br/><b>LVBOARDS_I:</b> 11<br/><b>SIGN_TYPE:</b>  <br/><b>STREET_NUM:</b> 2700<br/><b>STREET_DIR:</b> E<br/><b>STREET_NAM:</b> Bonanza<br/><b>PARCEL:</b> 13936110030<br/><b>PARCELOLD:</b> 13936110030<br/><b>APPLICANT:</b>  <br/><b>SIGN_AREA:</b> 288<br/><b>SIGN_HEIGH:</b> 30<br/><b>TAG_NUM:</b> 0<br/><b>APPLY_DATE:</b>  <br/><b>NOTES_SUP:</b>  <br/><b>NOTES_VAR:</b>  <br/><b>NOTES_RQR:</b>  <br/><b>NOTES:</b> DONREY<br/><b>SIZE_:</b>  <br/><b>FIELD_CHEC:</b> 1]]></description>
      <Point>
        <coordinates>-115.1128893134366,36.173637414849026,0</coordinates>
      </Point>
    </Placemark>
    <Placemark>
      <name>003591   E BONANZA               RD</name>
      <description><![CDATA[<b>OBJECTID:</b> 181<br/><b>LVBOARDS_:</b> 211<br/><b>LVBOARDS_I:</b> 10<br/><b>SIGN_TYPE:</b>  <br/><b>STREET_NUM:</b> 3551<br/><b>STREET_DIR:</b> E<br/><b>STREET_NAM:</b> Bonanza<br/><b>PARCEL:</b> 14031121006<br/><b>PARCELOLD:</b> 14031121004<br/><b>APPLICANT:</b>  <br/><b>SIGN_AREA:</b> 672<br/><b>SIGN_HEIGH:</b> 30<br/><b>TAG_NUM:</b> 0<br/><b>APPLY_DATE:</b> 09/27/90<br/><b>NOTES_SUP:</b> U-176-90<br/><b>NOTES_VAR:</b>  <br/><b>NOTES_RQR:</b> RQR-32902; U-176-90(1)<br/><b>NOTES:</b>  <br/><b>SIZE_:</b> 14x48<br/><b>FIELD_CHEC:</b> 1]]></description>
      <Point>
        <coordinates>-115.09709156812148,36.173283020668784,0</coordinates>
      </Point>
    </Placemark>
    <Placemark>
      <name>004861   E BONANZA               RD</name>
      <description><![CDATA[<b>OBJECTID:</b> 182<br/><b>LVBOARDS_:</b> 212<br/><b>LVBOARDS_I:</b> 19<br/><b>SIGN_TYPE:</b>  <br/><b>STREET_NUM:</b> 4851<br/><b>STREET_DIR:</b> E<br/><b>STREET_NAM:</b> Bonanza<br/><b>PARCEL:</b> 14032502001<br/><b>PARCELOLD:</b> 14032502001<br/><b>APPLICANT:</b>  <br/><b>SIGN_AREA:</b> 672<br/><b>SIGN_HEIGH:</b> 40<br/><b>TAG_NUM:</b> 1442<br/><b>APPLY_DATE:</b> 02/21/96<br/><b>NOTES_SUP:</b>  <br/><b>NOTES_VAR:</b> V-0184-95<br/><b>NOTES_RQR:</b> RQR-28191; V-184-95(1)<br/><b>NOTES:</b>  <br/><b>SIZE_:</b> 14x48<br/><b>FIELD_CHEC:</b> 1]]></description>
      <Point>
        <coordinates>-115.06776948945418,36.17357938580556,0</coordinates>
      </Point>
    </Placemark>
    <Placemark>
      <name>003700   E CHARLESTON            BLVD</name>
      <description><![CDATA[<b>OBJECTID:</b> 183<br/><b>LVBOARDS_:</b> 213<br/><b>LVBOARDS_I:</b> 14<br/><b>SIGN_TYPE:</b>  <br/><b>STREET_NUM:</b> 3700<br/><b>STREET_DIR:</b> E<br/><b>STREET_NAM:</b> Charleston<br/><b>PARCEL:</b> 14031401036<br/><b>PARCELOLD:</b> 14031401036<br/><b>APPLICANT:</b>  <br/><b>SIGN_AREA:</b> 672<br/><b>SIGN_HEIGH:</b> 40<br/><b>TAG_NUM:</b> 0<br/><b>APPLY_DATE:</b> EXPIRED<br/><b>NOTES_SUP:</b> U-39-90<br/><b>NOTES_VAR:</b>  <br/><b>NOTES_RQR:</b> RQR-31805;U-39-90(1)<br/><b>NOTES:</b>  <br/><b>SIZE_:</b> 14x48<br/><b>FIELD_CHEC:</b> 1]]></description>
      <Point>
        <coordinates>-115.09686255356519,36.15914275928516,0</coordinates>
      </Point>
    </Placemark>
    <Placemark>
      <name>000251   N NELLIS                BLVD</name>
      <description><![CDATA[<b>OBJECTID:</b> 184<br/><b>LVBOARDS_:</b> 215<br/><b>LVBOARDS_I:</b> 23<br/><b>SIGN_TYPE:</b>  <br/><b>STREET_NUM:</b> 251<br/><b>STREET_DIR:</b> N<br/><b>STREET_NAM:</b> Nellis<br/><b>PARCEL:</b> 14032701005<br/><b>PARCELOLD:</b> 14032701005<br/><b>APPLICANT:</b>  <br/><b>SIGN_AREA:</b> 672<br/><b>SIGN_HEIGH:</b> 40<br/><b>TAG_NUM:</b> 1550<br/><b>APPLY_DATE:</b> 7/3/96<br/><b>NOTES_SUP:</b> U-28-96<br/><b>NOTES_VAR:</b>  <br/><b>NOTES_RQR:</b> RQR-32721<br/><b>NOTES:</b>  <br/><b>SIZE_:</b> 14x48<br/><b>FIELD_CHEC:</b> 1]]></description>
      <Point>
        <coordinates>-115.0624288686879,36.165945601706056,0</coordinates>
      </Point>
    </Placemark>
    <Placemark>
      <name>001527   N NELLIS                BLVD</name>
      <description><![CDATA[<b>OBJECTID:</b> 185<br/><b>LVBOARDS_:</b> 216<br/><b>LVBOARDS_I:</b> 8<br/><b>SIGN_TYPE:</b>  <br/><b>STREET_NUM:</b> 1527<br/><b>STREET_DIR:</b> N<br/><b>STREET_NAM:</b> Nellis<br/><b>PARCEL:</b> 14029510025<br/><b>PARCELOLD:</b> 14029510025<br/><b>APPLICANT:</b> DONREY<br/><b>SIGN_AREA:</b> 288<br/><b>SIGN_HEIGH:</b> 40<br/><b>TAG_NUM:</b> 0<br/><b>APPLY_DATE:</b>  <br/><b>NOTES_SUP:</b>  <br/><b>NOTES_VAR:</b>  <br/><b>NOTES_RQR:</b>  <br/><b>NOTES:</b>  <br/><b>SIZE_:</b> 12x24<br/><b>FIELD_CHEC:</b> 1]]></description>
      <Point>
        <coordinates>-115.06241696392074,36.187316805655875,0</coordinates>
      </Point>
    </Placemark>
    <Placemark>
      <name>001559   N NELLIS                BLVD</name>
      <description><![CDATA[<b>OBJECTID:</b> 186<br/><b>LVBOARDS_:</b> 217<br/><b>LVBOARDS_I:</b> 10<br/><b>SIGN_TYPE:</b>  <br/><b>STREET_NUM:</b> 1559<br/><b>STREET_DIR:</b> N<br/><b>STREET_NAM:</b> Nellis<br/><b>PARCEL:</b> 14029510023<br/><b>PARCELOLD:</b> 14029510023<br/><b>APPLICANT:</b>  <br/><b>SIGN_AREA:</b> 288<br/><b>SIGN_HEIGH:</b> 30<br/><b>TAG_NUM:</b> 0<br/><b>APPLY_DATE:</b>  <br/><b>NOTES_SUP:</b>  <br/><b>NOTES_VAR:</b>  <br/><b>NOTES_RQR:</b>  <br/><b>NOTES:</b> DONREY<br/><b>SIZE_:</b> 12x24<br/><b>FIELD_CHEC:</b> 0]]></description>
      <Point>
        <coordinates>-115.06237291316435,36.18799926113976,0</coordinates>
      </Point>
    </Placemark>
    <Placemark>
      <name>16203802009</name>
      <description><![CDATA[<b>OBJECTID:</b> 187<br/><b>LVBOARDS_:</b> 218<br/><b>LVBOARDS_I:</b> 44<br/><b>SIGN_TYPE:</b>  <br/><b>STREET_NUM:</b> 2440<br/><b>STREET_DIR:</b> S<br/><b>STREET_NAM:</b> Maryland Pkwy<br/><b>PARCEL:</b> 16203802009<br/><b>PARCELOLD:</b> 16203802009<br/><b>APPLICANT:</b>  <br/><b>SIGN_AREA:</b> 672<br/><b>SIGN_HEIGH:</b> 40<br/><b>TAG_NUM:</b> 0<br/><b>APPLY_DATE:</b>  <br/><b>NOTES_SUP:</b>  <br/><b>NOTES_VAR:</b>  <br/><b>NOTES_RQR:</b>  <br/><b>NOTES:</b> DONREY<br/><b>SIZE_:</b> 14x48<br/><b>FIELD_CHEC:</b> 0]]></description>
      <Point>
        <coordinates>-115.1372873974529,36.14484166316503,0</coordinates>
      </Point>
    </Placemark>
    <Placemark>
      <name>002211   S MARYLAND              PKWY</name>
      <description><![CDATA[<b>OBJECTID:</b> 188<br/><b>LVBOARDS_:</b> 219<br/><b>LVBOARDS_I:</b> 20<br/><b>SIGN_TYPE:</b>  <br/><b>STREET_NUM:</b> 2211<br/><b>STREET_DIR:</b> S<br/><b>STREET_NAM:</b> Maryland Pkwy<br/><b>PARCEL:</b> 16202410089<br/><b>PARCELOLD:</b> 16202410089<br/><b>APPLICANT:</b> LAMAR<br/><b>SIGN_AREA:</b> 672<br/><b>SIGN_HEIGH:</b> 40<br/><b>TAG_NUM:</b> 0<br/><b>APPLY_DATE:</b>  <br/><b>NOTES_SUP:</b>  <br/><b>NOTES_VAR:</b>  <br/><b>NOTES_RQR:</b>  <br/><b>NOTES:</b>  <br/><b>SIZE_:</b> 14x48<br/><b>FIELD_CHEC:</b> 0]]></description>
      <Point>
        <coordinates>-115.13674329957192,36.14590821741221,0</coordinates>
      </Point>
    </Placemark>
    <Placemark>
      <name>000213   N MARYLAND              PKWY</name>
      <description><![CDATA[<b>OBJECTID:</b> 189<br/><b>LVBOARDS_:</b> 221<br/><b>LVBOARDS_I:</b> 12<br/><b>SIGN_TYPE:</b>  <br/><b>STREET_NUM:</b> 211<br/><b>STREET_DIR:</b> N<br/><b>STREET_NAM:</b> Maryland<br/><b>PARCEL:</b> 13935211063<br/><b>PARCELOLD:</b> 13935211063<br/><b>APPLICANT:</b>  <br/><b>SIGN_AREA:</b> 72<br/><b>SIGN_HEIGH:</b> 20<br/><b>TAG_NUM:</b> 0<br/><b>APPLY_DATE:</b>  <br/><b>NOTES_SUP:</b>  <br/><b>NOTES_VAR:</b>  <br/><b>NOTES_RQR:</b>  <br/><b>NOTES:</b> NEVADA<br/><b>SIZE_:</b> 8x16<br/><b>FIELD_CHEC:</b> 0]]></description>
      <Point>
        <coordinates>-115.1317193655229,36.16750346777134,0</coordinates>
      </Point>
    </Placemark>
    <Placemark>
      <name>001200     STEWART               AVE</name>
      <description><![CDATA[<b>OBJECTID:</b> 190<br/><b>LVBOARDS_:</b> 222<br/><b>LVBOARDS_I:</b> 11<br/><b>SIGN_TYPE:</b>  <br/><b>STREET_NUM:</b> 1200<br/><b>STREET_DIR:</b> E<br/><b>STREET_NAM:</b> Stewart<br/><b>PARCEL:</b> 13935211075<br/><b>PARCELOLD:</b> 13935211075<br/><b>APPLICANT:</b>  <br/><b>SIGN_AREA:</b> 288<br/><b>SIGN_HEIGH:</b> 40<br/><b>TAG_NUM:</b> 0<br/><b>APPLY_DATE:</b>  <br/><b>NOTES_SUP:</b>  <br/><b>NOTES_VAR:</b>  <br/><b>NOTES_RQR:</b>  <br/><b>NOTES:</b> DONREY<br/><b>SIZE_:</b> 12x24<br/><b>FIELD_CHEC:</b> 0]]></description>
      <Point>
        <coordinates>-115.13106323552717,36.16794263413408,0</coordinates>
      </Point>
    </Placemark>
    <Placemark>
      <name>001401   S MAIN                  ST</name>
      <description><![CDATA[<b>OBJECTID:</b> 193<br/><b>LVBOARDS_:</b> 226<br/><b>LVBOARDS_I:</b> 23<br/><b>SIGN_TYPE:</b>  <br/><b>STREET_NUM:</b> 1401<br/><b>STREET_DIR:</b> S<br/><b>STREET_NAM:</b> Main<br/><b>PARCEL:</b> 16203210022<br/><b>PARCELOLD:</b> 16203210022<br/><b>APPLICANT:</b> Clear Channel Outdoor<br/><b>SIGN_AREA:</b> 288<br/><b>SIGN_HEIGH:</b> 40<br/><b>TAG_NUM:</b> 0<br/><b>APPLY_DATE:</b>  <br/><b>NOTES_SUP:</b>  <br/><b>NOTES_VAR:</b>  <br/><b>NOTES_RQR:</b>  <br/><b>NOTES:</b>  <br/><b>SIZE_:</b> 12x24<br/><b>FIELD_CHEC:</b> 0]]></description>
      <Point>
        <coordinates>-115.15369326215371,36.15443857269172,0</coordinates>
      </Point>
    </Placemark>
    <Placemark>
      <name>16203110088</name>
      <description><![CDATA[<b>OBJECTID:</b> 194<br/><b>LVBOARDS_:</b> 227<br/><b>LVBOARDS_I:</b> 23<br/><b>SIGN_TYPE:</b>  <br/><b>STREET_NUM:</b> 1323<br/><b>STREET_DIR:</b> S<br/><b>STREET_NAM:</b> Main<br/><b>PARCEL:</b> 16203110088<br/><b>PARCELOLD:</b> 16203110088<br/><b>APPLICANT:</b> Clear Channel Outdoor<br/><b>SIGN_AREA:</b> 288<br/><b>SIGN_HEIGH:</b> 40<br/><b>TAG_NUM:</b> 0<br/><b>APPLY_DATE:</b>  <br/><b>NOTES_SUP:</b> U-171-89<br/><b>NOTES_VAR:</b>  <br/><b>NOTES_RQR:</b> RQR-12716; RQR-8821;RQR-4271<br/><b>NOTES:</b>  <br/><b>SIZE_:</b> 12x24<br/><b>FIELD_CHEC:</b> 0]]></description>
      <Point>
        <coordinates>-115.15362952636319,36.155298777695855,0</coordinates>
      </Point>
    </Placemark>
    <Placemark>
      <name>000006   W COLORADO              AVE</name>
      <description><![CDATA[<b>OBJECTID:</b> 195<br/><b>LVBOARDS_:</b> 228<br/><b>LVBOARDS_I:</b> 22<br/><b>SIGN_TYPE:</b>  <br/><b>STREET_NUM:</b> 1238<br/><b>STREET_DIR:</b> S<br/><b>STREET_NAM:</b> Main<br/><b>PARCEL:</b> 16203110096<br/><b>PARCELOLD:</b> 16203110096<br/><b>APPLICANT:</b> Clear Channel Outdoor<br/><b>SIGN_AREA:</b> 288<br/><b>SIGN_HEIGH:</b> 40<br/><b>TAG_NUM:</b> 0<br/><b>APPLY_DATE:</b>  <br/><b>NOTES_SUP:</b>  <br/><b>NOTES_VAR:</b>  <br/><b>NOTES_RQR:</b>  <br/><b>NOTES:</b>  <br/><b>SIZE_:</b> 12x24<br/><b>FIELD_CHEC:</b> 0]]></description>
      <Point>
        <coordinates>-115.15389550357182,36.156283227009084,0</coordinates>
      </Point>
    </Placemark>
    <Placemark>
      <name>001217   S COMMERCE              ST</name>
      <description><![CDATA[<b>OBJECTID:</b> 196<br/><b>LVBOARDS_:</b> 229<br/><b>LVBOARDS_I:</b> 26<br/><b>SIGN_TYPE:</b>  <br/><b>STREET_NUM:</b> 1215<br/><b>STREET_DIR:</b> S<br/><b>STREET_NAM:</b> Commerce<br/><b>PARCEL:</b> 16203110120<br/><b>PARCELOLD:</b> 16203110120<br/><b>APPLICANT:</b> Clear Channel Outdoor<br/><b>SIGN_AREA:</b> 288<br/><b>SIGN_HEIGH:</b> 40<br/><b>TAG_NUM:</b> 0<br/><b>APPLY_DATE:</b>  <br/><b>NOTES_SUP:</b> U-155-96<br/><b>NOTES_VAR:</b>  <br/><b>NOTES_RQR:</b> RQR-19160; RQR-5680; RQR-1102<br/><b>NOTES:</b> Denied, remove by September 3, 2007<br/><b>SIZE_:</b> 12x24<br/><b>FIELD_CHEC:</b> 0]]></description>
      <Point>
        <coordinates>-115.15480351679707,36.156768296528156,0</coordinates>
      </Point>
    </Placemark>
    <Placemark>
      <name>001115   S MAIN                  ST</name>
      <description><![CDATA[<b>OBJECTID:</b> 197<br/><b>LVBOARDS_:</b> 230<br/><b>LVBOARDS_I:</b> 22<br/><b>SIGN_TYPE:</b>  <br/><b>STREET_NUM:</b> 1117<br/><b>STREET_DIR:</b> S<br/><b>STREET_NAM:</b> Main<br/><b>PARCEL:</b> 16203110077<br/><b>PARCELOLD:</b> 16203110007<br/><b>APPLICANT:</b> Clear Channel Outdoor<br/><b>SIGN_AREA:</b> 672<br/><b>SIGN_HEIGH:</b> 40<br/><b>TAG_NUM:</b> 0<br/><b>APPLY_DATE:</b>  <br/><b>NOTES_SUP:</b>  <br/><b>NOTES_VAR:</b>  <br/><b>NOTES_RQR:</b>  <br/><b>NOTES:</b>  <br/><b>SIZE_:</b> 14x48<br/><b>FIELD_CHEC:</b> 1]]></description>
      <Point>
        <coordinates>-115.1534104005483,36.158130540290465,0</coordinates>
      </Point>
    </Placemark>
    <Placemark>
      <name>000009   W CHARLESTON            BLVD</name>
      <description><![CDATA[<b>OBJECTID:</b> 198<br/><b>LVBOARDS_:</b> 231<br/><b>LVBOARDS_I:</b> 22<br/><b>SIGN_TYPE:</b>  <br/><b>STREET_NUM:</b> 9<br/><b>STREET_DIR:</b> W<br/><b>STREET_NAM:</b> Charleston<br/><b>PARCEL:</b> 16203110109<br/><b>PARCELOLD:</b> 16203110109<br/><b>APPLICANT:</b> Clear Channel Outdoor<br/><b>SIGN_AREA:</b> 672<br/><b>SIGN_HEIGH:</b> 40<br/><b>TAG_NUM:</b> 0<br/><b>APPLY_DATE:</b>  <br/><b>NOTES_SUP:</b>  <br/><b>NOTES_VAR:</b>  <br/><b>NOTES_RQR:</b>  <br/><b>NOTES:</b>  <br/><b>SIZE_:</b> 14x48<br/><b>FIELD_CHEC:</b> 1]]></description>
      <Point>
        <coordinates>-115.15416113756227,36.15865984674669,0</coordinates>
      </Point>
    </Placemark>
    <Placemark>
      <name>001111   S MAIN                  ST</name>
      <description><![CDATA[<b>OBJECTID:</b> 199<br/><b>LVBOARDS_:</b> 232<br/><b>LVBOARDS_I:</b> 23<br/><b>SIGN_TYPE:</b>  <br/><b>STREET_NUM:</b> 1111<br/><b>STREET_DIR:</b> S<br/><b>STREET_NAM:</b> Main<br/><b>PARCEL:</b> 16203110076<br/><b>PARCELOLD:</b> 16203110076<br/><b>APPLICANT:</b> Clear Channel Outdoor<br/><b>SIGN_AREA:</b> 672<br/><b>SIGN_HEIGH:</b> 40<br/><b>TAG_NUM:</b> 0<br/><b>APPLY_DATE:</b>  <br/><b>NOTES_SUP:</b>  <br/><b>NOTES_VAR:</b>  <br/><b>NOTES_RQR:</b>  <br/><b>NOTES:</b>  <br/><b>SIZE_:</b> 14x48<br/><b>FIELD_CHEC:</b> 1]]></description>
      <Point>
        <coordinates>-115.15333023739993,36.1586446443414,0</coordinates>
      </Point>
    </Placemark>
    <Placemark>
      <name>001088   S MAIN                  ST</name>
      <description><![CDATA[<b>OBJECTID:</b> 200<br/><b>LVBOARDS_:</b> 233<br/><b>LVBOARDS_I:</b> 40<br/><b>SIGN_TYPE:</b>  <br/><b>STREET_NUM:</b> 1065<br/><b>STREET_DIR:</b> S<br/><b>STREET_NAM:</b> Main<br/><b>PARCEL:</b> 13933811015<br/><b>PARCELOLD:</b> 13933811015<br/><b>APPLICANT:</b> Clear Channel Outdoor<br/><b>SIGN_AREA:</b> 672<br/><b>SIGN_HEIGH:</b> 25<br/><b>TAG_NUM:</b> 0<br/><b>APPLY_DATE:</b>  <br/><b>NOTES_SUP:</b>  <br/><b>NOTES_VAR:</b>  <br/><b>NOTES_RQR:</b>  <br/><b>NOTES:</b>  <br/><b>SIZE_:</b> 14x48<br/><b>FIELD_CHEC:</b> 0]]></description>
      <Point>
        <coordinates>-115.15395917153326,36.15902632002448,0</coordinates>
      </Point>
    </Placemark>
    <Placemark>
      <name>001088   S MAIN                  ST</name>
      <description><![CDATA[<b>OBJECTID:</b> 201<br/><b>LVBOARDS_:</b> 234<br/><b>LVBOARDS_I:</b> 39<br/><b>SIGN_TYPE:</b>  <br/><b>STREET_NUM:</b> 1065<br/><b>STREET_DIR:</b> S<br/><b>STREET_NAM:</b> Main<br/><b>PARCEL:</b> 13933811015<br/><b>PARCELOLD:</b> 13933811015<br/><b>APPLICANT:</b> Clear Channel Outdoor<br/><b>SIGN_AREA:</b> 672<br/><b>SIGN_HEIGH:</b> 40<br/><b>TAG_NUM:</b> 0<br/><b>APPLY_DATE:</b>  <br/><b>NOTES_SUP:</b>  <br/><b>NOTES_VAR:</b>  <br/><b>NOTES_RQR:</b>  <br/><b>NOTES:</b>  <br/><b>SIZE_:</b> 14x48<br/><b>FIELD_CHEC:</b> 1]]></description>
      <Point>
        <coordinates>-115.15369260920968,36.15931211724176,0</coordinates>
      </Point>
    </Placemark>
    <Placemark>
      <name>13933811008</name>
      <description><![CDATA[<b>OBJECTID:</b> 202<br/><b>LVBOARDS_:</b> 235<br/><b>LVBOARDS_I:</b> 40<br/><b>SIGN_TYPE:</b>  <br/><b>STREET_NUM:</b> 1018<br/><b>STREET_DIR:</b>  <br/><b>STREET_NAM:</b> Main<br/><b>PARCEL:</b> 13933811008<br/><b>PARCELOLD:</b> 13933811008<br/><b>APPLICANT:</b> ?<br/><b>SIGN_AREA:</b> 672<br/><b>SIGN_HEIGH:</b> 40<br/><b>TAG_NUM:</b> 0<br/><b>APPLY_DATE:</b>  <br/><b>NOTES_SUP:</b>  <br/><b>NOTES_VAR:</b>  <br/><b>NOTES_RQR:</b>  <br/><b>NOTES:</b> No Case History<br/><b>SIZE_:</b> 14x48<br/><b>FIELD_CHEC:</b> 1]]></description>
      <Point>
        <coordinates>-115.15333451575994,36.16042382311525,0</coordinates>
      </Point>
    </Placemark>
    <Placemark>
      <name>13933811002</name>
      <description><![CDATA[<b>OBJECTID:</b> 203<br/><b>LVBOARDS_:</b> 237<br/><b>LVBOARDS_I:</b> 35<br/><b>SIGN_TYPE:</b>  <br/><b>STREET_NUM:</b> 900<br/><b>STREET_DIR:</b> S<br/><b>STREET_NAM:</b> Main<br/><b>PARCEL:</b> 13933811002<br/><b>PARCELOLD:</b> 13933811002<br/><b>APPLICANT:</b> Clear Channel Outdoor<br/><b>SIGN_AREA:</b> 288<br/><b>SIGN_HEIGH:</b> 40<br/><b>TAG_NUM:</b> 0<br/><b>APPLY_DATE:</b>  <br/><b>NOTES_SUP:</b>  <br/><b>NOTES_VAR:</b>  <br/><b>NOTES_RQR:</b>  <br/><b>NOTES:</b>  <br/><b>SIZE_:</b> 12x24<br/><b>FIELD_CHEC:</b> 1]]></description>
      <Point>
        <coordinates>-115.15235578767549,36.16189866385359,0</coordinates>
      </Point>
    </Placemark>
    <Placemark>
      <name>13934310008</name>
      <description><![CDATA[<b>OBJECTID:</b> 204<br/><b>LVBOARDS_:</b> 239<br/><b>LVBOARDS_I:</b> 40<br/><b>SIGN_TYPE:</b>  <br/><b>STREET_NUM:</b> 807<br/><b>STREET_DIR:</b> S<br/><b>STREET_NAM:</b> Main<br/><b>PARCEL:</b> 13934310008<br/><b>PARCELOLD:</b> 13934310008<br/><b>APPLICANT:</b> Clear Channel Outdoor<br/><b>SIGN_AREA:</b> 672<br/><b>SIGN_HEIGH:</b> 40<br/><b>TAG_NUM:</b> 0<br/><b>APPLY_DATE:</b>  <br/><b>NOTES_SUP:</b>  <br/><b>NOTES_VAR:</b>  <br/><b>NOTES_RQR:</b>  <br/><b>NOTES:</b>  <br/><b>SIZE_:</b> 14x48<br/><b>FIELD_CHEC:</b> 1]]></description>
      <Point>
        <coordinates>-115.15134157592672,36.16275000599367,0</coordinates>
      </Point>
    </Placemark>
    <Placemark>
      <name>000005   W BONNEVILLE            AVE</name>
      <description><![CDATA[<b>OBJECTID:</b> 205<br/><b>LVBOARDS_:</b> 242<br/><b>LVBOARDS_I:</b> 40<br/><b>SIGN_TYPE:</b>  <br/><b>STREET_NUM:</b> 0<br/><b>STREET_DIR:</b>  <br/><b>STREET_NAM:</b>  <br/><b>PARCEL:</b> 13934302007<br/><b>PARCELOLD:</b> 13934302007<br/><b>APPLICANT:</b> Clear Channel Outdoor<br/><b>SIGN_AREA:</b> 672<br/><b>SIGN_HEIGH:</b> 30<br/><b>TAG_NUM:</b> 0<br/><b>APPLY_DATE:</b>  <br/><b>NOTES_SUP:</b>  <br/><b>NOTES_VAR:</b>  <br/><b>NOTES_RQR:</b>  <br/><b>NOTES:</b>  <br/><b>SIZE_:</b> 14x48<br/><b>FIELD_CHEC:</b> 1]]></description>
      <Point>
        <coordinates>-115.15059814568835,36.16559627122638,0</coordinates>
      </Point>
    </Placemark>
    <Placemark>
      <name>002330     INDUSTRIAL            RD</name>
      <description><![CDATA[<b>OBJECTID:</b> 206<br/><b>LVBOARDS_:</b> 244<br/><b>LVBOARDS_I:</b> 13<br/><b>SIGN_TYPE:</b> AA<br/><b>STREET_NUM:</b> 2330<br/><b>STREET_DIR:</b>  <br/><b>STREET_NAM:</b> Industrial<br/><b>PARCEL:</b> 16204802007<br/><b>PARCELOLD:</b> 16204802007<br/><b>APPLICANT:</b> ?<br/><b>SIGN_AREA:</b> 672<br/><b>SIGN_HEIGH:</b> 40<br/><b>TAG_NUM:</b> 456<br/><b>APPLY_DATE:</b> 8/15/94<br/><b>NOTES_SUP:</b> U-126-94<br/><b>NOTES_VAR:</b>  <br/><b>NOTES_RQR:</b> RQR-34323;RQR-3023<br/><b>NOTES:</b>  <br/><b>SIZE_:</b> 14x48<br/><b>FIELD_CHEC:</b> 1]]></description>
      <Point>
        <coordinates>-115.164369988327,36.1451477037912,0</coordinates>
      </Point>
    </Placemark>
    <Placemark>
      <name>16204801001</name>
      <description><![CDATA[<b>OBJECTID:</b> 207<br/><b>LVBOARDS_:</b> 245<br/><b>LVBOARDS_I:</b> 38<br/><b>SIGN_TYPE:</b>  <br/><b>STREET_NUM:</b> 2111<br/><b>STREET_DIR:</b>  <br/><b>STREET_NAM:</b> Western<br/><b>PARCEL:</b> 16204801001<br/><b>PARCELOLD:</b> 16204801001<br/><b>APPLICANT:</b> Clear Channel Outdoor<br/><b>SIGN_AREA:</b> 288<br/><b>SIGN_HEIGH:</b> 40<br/><b>TAG_NUM:</b> 0<br/><b>APPLY_DATE:</b>  <br/><b>NOTES_SUP:</b> U-110-97<br/><b>NOTES_VAR:</b>  <br/><b>NOTES_RQR:</b> RQR-26303; RQR-1365<br/><b>NOTES:</b>  <br/><b>SIZE_:</b>  <br/><b>FIELD_CHEC:</b> 1]]></description>
      <Point>
        <coordinates>-115.16497876870882,36.147615560304594,0</coordinates>
      </Point>
    </Placemark>
    <Placemark>
      <name>001910     INDUSTRIAL            RD</name>
      <description><![CDATA[<b>OBJECTID:</b> 208<br/><b>LVBOARDS_:</b> 246<br/><b>LVBOARDS_I:</b> 37<br/><b>SIGN_TYPE:</b>  <br/><b>STREET_NUM:</b> 1900<br/><b>STREET_DIR:</b> S<br/><b>STREET_NAM:</b> Industrial<br/><b>PARCEL:</b> 16204704006<br/><b>PARCELOLD:</b> 16204704006<br/><b>APPLICANT:</b> Clear Channel Outdoor<br/><b>SIGN_AREA:</b> 288<br/><b>SIGN_HEIGH:</b> 40<br/><b>TAG_NUM:</b> 1175<br/><b>APPLY_DATE:</b> 11/7/95<br/><b>NOTES_SUP:</b> U-103-95<br/><b>NOTES_VAR:</b>  <br/><b>NOTES_RQR:</b> RQR-31387;RQR-5443<br/><b>NOTES:</b>  <br/><b>SIZE_:</b> 12x24<br/><b>FIELD_CHEC:</b> 1]]></description>
      <Point>
        <coordinates>-115.16194724559243,36.14871047112208,0</coordinates>
      </Point>
    </Placemark>
    <Placemark>
      <name>001719     INDUSTRIAL            RD</name>
      <description><![CDATA[<b>OBJECTID:</b> 209<br/><b>LVBOARDS_:</b> 247<br/><b>LVBOARDS_I:</b> 37<br/><b>SIGN_TYPE:</b>  <br/><b>STREET_NUM:</b> 1719<br/><b>STREET_DIR:</b>  <br/><b>STREET_NAM:</b> Industrial<br/><b>PARCEL:</b> 16204705001<br/><b>PARCELOLD:</b> 16204705001<br/><b>APPLICANT:</b> LAMAR<br/><b>SIGN_AREA:</b> 288<br/><b>SIGN_HEIGH:</b> 40<br/><b>TAG_NUM:</b> 1413<br/><b>APPLY_DATE:</b> 4/8/96<br/><b>NOTES_SUP:</b> U-223-90<br/><b>NOTES_VAR:</b>  <br/><b>NOTES_RQR:</b> RQR-31931; U-223-90(1)<br/><b>NOTES:</b>  <br/><b>SIZE_:</b> 12x24<br/><b>FIELD_CHEC:</b> 0]]></description>
      <Point>
        <coordinates>-115.16032230170993,36.15040502179064,0</coordinates>
      </Point>
    </Placemark>
    <Placemark>
      <name>001607     INDUSTRIAL            RD</name>
      <description><![CDATA[<b>OBJECTID:</b> 210<br/><b>LVBOARDS_:</b> 248<br/><b>LVBOARDS_I:</b> 31<br/><b>SIGN_TYPE:</b>  <br/><b>STREET_NUM:</b> 1607<br/><b>STREET_DIR:</b>  <br/><b>STREET_NAM:</b> Industrial<br/><b>PARCEL:</b> 16204609010<br/><b>PARCELOLD:</b> 16204609010<br/><b>APPLICANT:</b> Clear Channel Outdoor<br/><b>SIGN_AREA:</b> 288<br/><b>SIGN_HEIGH:</b> 30<br/><b>TAG_NUM:</b> 0<br/><b>APPLY_DATE:</b>  <br/><b>NOTES_SUP:</b>  <br/><b>NOTES_VAR:</b>  <br/><b>NOTES_RQR:</b>  <br/><b>NOTES:</b>  <br/><b>SIZE_:</b>  <br/><b>FIELD_CHEC:</b> 0]]></description>
      <Point>
        <coordinates>-115.15942323006892,36.15185624671899,0</coordinates>
      </Point>
    </Placemark>
    <Placemark>
      <name>001600     INDUSTRIAL            RD</name>
      <description><![CDATA[<b>OBJECTID:</b> 211<br/><b>LVBOARDS_:</b> 249<br/><b>LVBOARDS_I:</b> 36<br/><b>SIGN_TYPE:</b>  <br/><b>STREET_NUM:</b> 1600<br/><b>STREET_DIR:</b>  <br/><b>STREET_NAM:</b> Industrial<br/><b>PARCEL:</b> 16204609001<br/><b>PARCELOLD:</b> 16204609001<br/><b>APPLICANT:</b> LAMAR<br/><b>SIGN_AREA:</b> 288<br/><b>SIGN_HEIGH:</b> 30<br/><b>TAG_NUM:</b> 1323<br/><b>APPLY_DATE:</b> 2/1/96<br/><b>NOTES_SUP:</b> U-144-95<br/><b>NOTES_VAR:</b>  <br/><b>NOTES_RQR:</b>  <br/><b>NOTES:</b> 5 yr review has not been done<br/><b>SIZE_:</b> 12x24<br/><b>FIELD_CHEC:</b> 1]]></description>
      <Point>
        <coordinates>-115.16037142010634,36.152342218686606,0</coordinates>
      </Point>
    </Placemark>
    <Placemark>
      <name>16204602006</name>
      <description><![CDATA[<b>OBJECTID:</b> 212<br/><b>LVBOARDS_:</b> 250<br/><b>LVBOARDS_I:</b> 32<br/><b>SIGN_TYPE:</b>  <br/><b>STREET_NUM:</b> 1422<br/><b>STREET_DIR:</b> S<br/><b>STREET_NAM:</b> Western<br/><b>PARCEL:</b> 16204602006<br/><b>PARCELOLD:</b> 16204602006<br/><b>APPLICANT:</b>  <br/><b>SIGN_AREA:</b> 288<br/><b>SIGN_HEIGH:</b> 30<br/><b>TAG_NUM:</b> 0<br/><b>APPLY_DATE:</b>  <br/><b>NOTES_SUP:</b>  <br/><b>NOTES_VAR:</b>  <br/><b>NOTES_RQR:</b>  <br/><b>NOTES:</b> DONREY<br/><b>SIZE_:</b> 12x24<br/><b>FIELD_CHEC:</b> 0]]></description>
      <Point>
        <coordinates>-115.16022246462914,36.15431139615265,0</coordinates>
      </Point>
    </Placemark>
    <Placemark>
      <name>000240   W WYOMING               AVE</name>
      <description><![CDATA[<b>OBJECTID:</b> 213<br/><b>LVBOARDS_:</b> 251<br/><b>LVBOARDS_I:</b> 31<br/><b>SIGN_TYPE:</b>  <br/><b>STREET_NUM:</b> 236<br/><b>STREET_DIR:</b> W<br/><b>STREET_NAM:</b> Wyoming<br/><b>PARCEL:</b> 16204608011<br/><b>PARCELOLD:</b> 16204608011<br/><b>APPLICANT:</b> ?<br/><b>SIGN_AREA:</b> 200<br/><b>SIGN_HEIGH:</b> 20<br/><b>TAG_NUM:</b> 0<br/><b>APPLY_DATE:</b>  <br/><b>NOTES_SUP:</b>  <br/><b>NOTES_VAR:</b>  <br/><b>NOTES_RQR:</b>  <br/><b>NOTES:</b> DONREY<br/><b>SIZE_:</b> 10x20<br/><b>FIELD_CHEC:</b> 0]]></description>
      <Point>
        <coordinates>-115.15871166912952,36.15256592249001,0</coordinates>
      </Point>
    </Placemark>
    <Placemark>
      <name>000240   W WYOMING               AVE</name>
      <description><![CDATA[<b>OBJECTID:</b> 214<br/><b>LVBOARDS_:</b> 252<br/><b>LVBOARDS_I:</b> 31<br/><b>SIGN_TYPE:</b>  <br/><b>STREET_NUM:</b> 236<br/><b>STREET_DIR:</b> W<br/><b>STREET_NAM:</b> Wyoming<br/><b>PARCEL:</b> 16204608011<br/><b>PARCELOLD:</b> 16204608011<br/><b>APPLICANT:</b> Clear Channel Outdoor<br/><b>SIGN_AREA:</b> 288<br/><b>SIGN_HEIGH:</b> 40<br/><b>TAG_NUM:</b> 0<br/><b>APPLY_DATE:</b>  <br/><b>NOTES_SUP:</b>  <br/><b>NOTES_VAR:</b>  <br/><b>NOTES_RQR:</b>  <br/><b>NOTES:</b>  <br/><b>SIZE_:</b> 12x24<br/><b>FIELD_CHEC:</b> 0]]></description>
      <Point>
        <coordinates>-115.15897438415287,36.15260268286061,0</coordinates>
      </Point>
    </Placemark>
    <Placemark>
      <name>001530   S COMMERCE              ST</name>
      <description><![CDATA[<b>OBJECTID:</b> 215<br/><b>LVBOARDS_:</b> 253<br/><b>LVBOARDS_I:</b> 31<br/><b>SIGN_TYPE:</b>  <br/><b>STREET_NUM:</b> 1530<br/><b>STREET_DIR:</b> S<br/><b>STREET_NAM:</b> Commerce<br/><b>PARCEL:</b> 16204608017<br/><b>PARCELOLD:</b> 16204608017<br/><b>APPLICANT:</b> Clear Channel Outdoor<br/><b>SIGN_AREA:</b> 288<br/><b>SIGN_HEIGH:</b> 40<br/><b>TAG_NUM:</b> 0<br/><b>APPLY_DATE:</b>  <br/><b>NOTES_SUP:</b>  <br/><b>NOTES_VAR:</b>  <br/><b>NOTES_RQR:</b>  <br/><b>NOTES:</b>  <br/><b>SIZE_:</b> 12x24<br/><b>FIELD_CHEC:</b> 0]]></description>
      <Point>
        <coordinates>-115.15611894879349,36.15243324824417,0</coordinates>
      </Point>
    </Placemark>
    <Placemark>
      <name>000101   S MARTIN L KING         BLVD</name>
      <description><![CDATA[<b>OBJECTID:</b> 216<br/><b>LVBOARDS_:</b> 254<br/><b>LVBOARDS_I:</b> 16<br/><b>SIGN_TYPE:</b>  <br/><b>STREET_NUM:</b> 101<br/><b>STREET_DIR:</b> S<br/><b>STREET_NAM:</b> Martin L King<br/><b>PARCEL:</b> 13933501002<br/><b>PARCELOLD:</b> 13933501002<br/><b>APPLICANT:</b>  <br/><b>SIGN_AREA:</b> 288<br/><b>SIGN_HEIGH:</b> 40<br/><b>TAG_NUM:</b> 0<br/><b>APPLY_DATE:</b>  <br/><b>NOTES_SUP:</b>  <br/><b>NOTES_VAR:</b>  <br/><b>NOTES_RQR:</b>  <br/><b>NOTES:</b> DONREY<br/><b>SIZE_:</b> 12x24<br/><b>FIELD_CHEC:</b> 0]]></description>
      <Point>
        <coordinates>-115.16057774650542,36.17329701826387,0</coordinates>
      </Point>
    </Placemark>
    <Placemark>
      <name>000073   S MARTIN L KING         BLVD</name>
      <description><![CDATA[<b>OBJECTID:</b> 217<br/><b>LVBOARDS_:</b> 255<br/><b>LVBOARDS_I:</b> 20<br/><b>SIGN_TYPE:</b> 45<br/><b>STREET_NUM:</b> 73<br/><b>STREET_DIR:</b> S<br/><b>STREET_NAM:</b> Martin L. King<br/><b>PARCEL:</b> 13933510002<br/><b>PARCELOLD:</b> 13933510002<br/><b>APPLICANT:</b> Clear Channel Outdoor<br/><b>SIGN_AREA:</b> 672<br/><b>SIGN_HEIGH:</b> 72<br/><b>TAG_NUM:</b> 0<br/><b>APPLY_DATE:</b>  <br/><b>NOTES_SUP:</b> U-25-98<br/><b>NOTES_VAR:</b>  <br/><b>NOTES_RQR:</b> RQR-29722; RQR-17098; U-25-98(1)&amp;(2)<br/><b>NOTES:</b>  <br/><b>SIZE_:</b> 14x48<br/><b>FIELD_CHEC:</b> 1]]></description>
      <Point>
        <coordinates>-115.16045133896529,36.174442412847654,0</coordinates>
      </Point>
    </Placemark>
    <Placemark>
      <name>001505   W BONANZA               RD</name>
      <description><![CDATA[<b>OBJECTID:</b> 218<br/><b>LVBOARDS_:</b> 256<br/><b>LVBOARDS_I:</b> 23<br/><b>SIGN_TYPE:</b> 25<br/><b>STREET_NUM:</b> 525<br/><b>STREET_DIR:</b>  <br/><b>STREET_NAM:</b> Martin L King<br/><b>PARCEL:</b> 13928401033<br/><b>PARCELOLD:</b> 13928401026<br/><b>APPLICANT:</b> Clear Channel Outdoor<br/><b>SIGN_AREA:</b> 288<br/><b>SIGN_HEIGH:</b> 15<br/><b>TAG_NUM:</b> 0<br/><b>APPLY_DATE:</b>  <br/><b>NOTES_SUP:</b>  <br/><b>NOTES_VAR:</b>  <br/><b>NOTES_RQR:</b>  <br/><b>NOTES:</b> Is this billboard there?<br/><b>SIZE_:</b> 12x24<br/><b>FIELD_CHEC:</b> 1]]></description>
      <Point>
        <coordinates>-115.16105551191235,36.17670608581327,0</coordinates>
      </Point>
    </Placemark>
    <Placemark>
      <name>001601     D                     ST</name>
      <description><![CDATA[<b>OBJECTID:</b> 219<br/><b>LVBOARDS_:</b> 259<br/><b>LVBOARDS_I:</b> 5<br/><b>SIGN_TYPE:</b>  <br/><b>STREET_NUM:</b> 1601<br/><b>STREET_DIR:</b> n<br/><b>STREET_NAM:</b> Dst<br/><b>PARCEL:</b> 13922404002<br/><b>PARCELOLD:</b> 13922404002<br/><b>APPLICANT:</b> LAMAR<br/><b>SIGN_AREA:</b> 144<br/><b>SIGN_HEIGH:</b> 15<br/><b>TAG_NUM:</b> 0<br/><b>APPLY_DATE:</b>  <br/><b>NOTES_SUP:</b>  <br/><b>NOTES_VAR:</b>  <br/><b>NOTES_RQR:</b>  <br/><b>NOTES:</b> U-35-76?<br/><b>SIZE_:</b> 12x24<br/><b>FIELD_CHEC:</b> 1]]></description>
      <Point>
        <coordinates>-115.1470739645262,36.188583059746755,0</coordinates>
      </Point>
    </Placemark>
    <Placemark>
      <name>000000</name>
      <description><![CDATA[<b>OBJECTID:</b> 220<br/><b>LVBOARDS_:</b> 260<br/><b>LVBOARDS_I:</b> 4<br/><b>SIGN_TYPE:</b>  <br/><b>STREET_NUM:</b> 300<br/><b>STREET_DIR:</b> W<br/><b>STREET_NAM:</b> Owens<br/><b>PARCEL:</b> 13922404004<br/><b>PARCELOLD:</b> 13922404001<br/><b>APPLICANT:</b> Clear Channel Outdoor<br/><b>SIGN_AREA:</b> 288<br/><b>SIGN_HEIGH:</b> 30<br/><b>TAG_NUM:</b> 0<br/><b>APPLY_DATE:</b>  <br/><b>NOTES_SUP:</b>  <br/><b>NOTES_VAR:</b>  <br/><b>NOTES_RQR:</b>  <br/><b>NOTES:</b>  <br/><b>SIZE_:</b> 12x24<br/><b>FIELD_CHEC:</b> 1]]></description>
      <Point>
        <coordinates>-115.14470029239934,36.18862563449531,0</coordinates>
      </Point>
    </Placemark>
    <Placemark>
      <name>001505   W BONANZA               RD</name>
      <description><![CDATA[<b>OBJECTID:</b> 221<br/><b>LVBOARDS_:</b> 261<br/><b>LVBOARDS_I:</b> 22<br/><b>SIGN_TYPE:</b> 25<br/><b>STREET_NUM:</b> 525<br/><b>STREET_DIR:</b>  <br/><b>STREET_NAM:</b> Martin L King<br/><b>PARCEL:</b> 13928401033<br/><b>PARCELOLD:</b> 13928401026<br/><b>APPLICANT:</b> Clear Channel Outdoor<br/><b>SIGN_AREA:</b> 288<br/><b>SIGN_HEIGH:</b> 15<br/><b>TAG_NUM:</b> 0<br/><b>APPLY_DATE:</b>  <br/><b>NOTES_SUP:</b>  <br/><b>NOTES_VAR:</b>  <br/><b>NOTES_RQR:</b>  <br/><b>NOTES:</b>  <br/><b>SIZE_:</b> 14x48<br/><b>FIELD_CHEC:</b> 1]]></description>
      <Point>
        <coordinates>-115.16162054583164,36.176978297689395,0</coordinates>
      </Point>
    </Placemark>
    <Placemark>
      <name>001001   W BONANZA               RD</name>
      <description><![CDATA[<b>OBJECTID:</b> 222<br/><b>LVBOARDS_:</b> 263<br/><b>LVBOARDS_I:</b> 16<br/><b>SIGN_TYPE:</b> 25<br/><b>STREET_NUM:</b> 1001<br/><b>STREET_DIR:</b> W<br/><b>STREET_NAM:</b> Bonanza<br/><b>PARCEL:</b> 13928801003<br/><b>PARCELOLD:</b> 13928801003<br/><b>APPLICANT:</b> Clear Channel Outdoor<br/><b>SIGN_AREA:</b> 288<br/><b>SIGN_HEIGH:</b> 40<br/><b>TAG_NUM:</b> 0<br/><b>APPLY_DATE:</b>  <br/><b>NOTES_SUP:</b>  <br/><b>NOTES_VAR:</b>  <br/><b>NOTES_RQR:</b>  <br/><b>NOTES:</b>  <br/><b>SIZE_:</b> 12x24<br/><b>FIELD_CHEC:</b> 1]]></description>
      <Point>
        <coordinates>-115.15727997897184,36.176932901186674,0</coordinates>
      </Point>
    </Placemark>
    <Placemark>
      <name>000901   W BONANZA               RD</name>
      <description><![CDATA[<b>OBJECTID:</b> 223<br/><b>LVBOARDS_:</b> 264<br/><b>LVBOARDS_I:</b> 17<br/><b>SIGN_TYPE:</b> 25<br/><b>STREET_NUM:</b> 919<br/><b>STREET_DIR:</b> W<br/><b>STREET_NAM:</b> Bonanza<br/><b>PARCEL:</b> 13928801018<br/><b>PARCELOLD:</b> 13928801005<br/><b>APPLICANT:</b> Clear Channel Outdoor<br/><b>SIGN_AREA:</b> 288<br/><b>SIGN_HEIGH:</b> 40<br/><b>TAG_NUM:</b> 0<br/><b>APPLY_DATE:</b>  <br/><b>NOTES_SUP:</b>  <br/><b>NOTES_VAR:</b>  <br/><b>NOTES_RQR:</b>  <br/><b>NOTES:</b>  <br/><b>SIZE_:</b> 12x24<br/><b>FIELD_CHEC:</b> 1]]></description>
      <Point>
        <coordinates>-115.15631828841013,36.17693256815137,0</coordinates>
      </Point>
    </Placemark>
    <Placemark>
      <name>000480   W BONANZA               RD</name>
      <description><![CDATA[<b>OBJECTID:</b> 224<br/><b>LVBOARDS_:</b> 265<br/><b>LVBOARDS_I:</b> 19<br/><b>SIGN_TYPE:</b>  <br/><b>STREET_NUM:</b> 410<br/><b>STREET_DIR:</b> W<br/><b>STREET_NAM:</b> Bonanza<br/><b>PARCEL:</b> 13927301003<br/><b>PARCELOLD:</b> 13927310079<br/><b>APPLICANT:</b> Clear Channel Outdoor<br/><b>SIGN_AREA:</b> 288<br/><b>SIGN_HEIGH:</b> 0<br/><b>TAG_NUM:</b> 0<br/><b>APPLY_DATE:</b>  <br/><b>NOTES_SUP:</b>  <br/><b>NOTES_VAR:</b>  <br/><b>NOTES_RQR:</b>  <br/><b>NOTES:</b>  <br/><b>SIZE_:</b>  <br/><b>FIELD_CHEC:</b> 1]]></description>
      <Point>
        <coordinates>-115.14738505532142,36.17741061003561,0</coordinates>
      </Point>
    </Placemark>
    <Placemark>
      <name>000601   N MAIN                  ST</name>
      <description><![CDATA[<b>OBJECTID:</b> 225<br/><b>LVBOARDS_:</b> 266<br/><b>LVBOARDS_I:</b> 16<br/><b>SIGN_TYPE:</b>  <br/><b>STREET_NUM:</b> 601<br/><b>STREET_DIR:</b> N<br/><b>STREET_NAM:</b> Main<br/><b>PARCEL:</b> 13927310094<br/><b>PARCELOLD:</b> 13927310094<br/><b>APPLICANT:</b> DONREY<br/><b>SIGN_AREA:</b> 288<br/><b>SIGN_HEIGH:</b> 0<br/><b>TAG_NUM:</b> 0<br/><b>APPLY_DATE:</b> 07/20/88<br/><b>NOTES_SUP:</b>  <br/><b>NOTES_VAR:</b> V-72-88<br/><b>NOTES_RQR:</b> RQR-33829; V-72-88(1),(2)&amp;(3)<br/><b>NOTES:</b>  <br/><b>SIZE_:</b>  <br/><b>FIELD_CHEC:</b> 1]]></description>
      <Point>
        <coordinates>-115.14386144244176,36.17750280588392,0</coordinates>
      </Point>
    </Placemark>
    <Placemark>
      <name>000609   N MAIN                  ST</name>
      <description><![CDATA[<b>OBJECTID:</b> 226<br/><b>LVBOARDS_:</b> 267<br/><b>LVBOARDS_I:</b> 17<br/><b>SIGN_TYPE:</b>  <br/><b>STREET_NUM:</b> 0<br/><b>STREET_DIR:</b>  <br/><b>STREET_NAM:</b>  <br/><b>PARCEL:</b> 13927705003<br/><b>PARCELOLD:</b> 13927705001<br/><b>APPLICANT:</b>  <br/><b>SIGN_AREA:</b> 672<br/><b>SIGN_HEIGH:</b> 40<br/><b>TAG_NUM:</b> 0<br/><b>APPLY_DATE:</b>  <br/><b>NOTES_SUP:</b>  <br/><b>NOTES_VAR:</b>  <br/><b>NOTES_RQR:</b>  <br/><b>NOTES:</b> DONREY<br/><b>SIZE_:</b> 14x48<br/><b>FIELD_CHEC:</b> 1]]></description>
      <Point>
        <coordinates>-115.14274890190703,36.17763636703524,0</coordinates>
      </Point>
    </Placemark>
    <Placemark>
      <name>000845   W BONANZA               RD</name>
      <description><![CDATA[<b>OBJECTID:</b> 227<br/><b>LVBOARDS_:</b> 268<br/><b>LVBOARDS_I:</b> 17<br/><b>SIGN_TYPE:</b> 25<br/><b>STREET_NUM:</b> 845<br/><b>STREET_DIR:</b> W<br/><b>STREET_NAM:</b> BONANZA<br/><b>PARCEL:</b> 13928801008<br/><b>PARCELOLD:</b> 13928801008<br/><b>APPLICANT:</b> LAMAR<br/><b>SIGN_AREA:</b> 672<br/><b>SIGN_HEIGH:</b> 0<br/><b>TAG_NUM:</b> 0<br/><b>APPLY_DATE:</b>  <br/><b>NOTES_SUP:</b> U-0002-98<br/><b>NOTES_VAR:</b>  <br/><b>NOTES_RQR:</b> RQR-28416; RQR-11174; RQR-3233<br/><b>NOTES:</b>  <br/><b>SIZE_:</b> 14x48<br/><b>FIELD_CHEC:</b> 1]]></description>
      <Point>
        <coordinates>-115.15403293693419,36.176955246170195,0</coordinates>
      </Point>
    </Placemark>
    <Placemark>
      <name>001211   W BONANZA               RD</name>
      <description><![CDATA[<b>OBJECTID:</b> 228<br/><b>LVBOARDS_:</b> 269<br/><b>LVBOARDS_I:</b> 17<br/><b>SIGN_TYPE:</b> 25<br/><b>STREET_NUM:</b> 1111<br/><b>STREET_DIR:</b> W<br/><b>STREET_NAM:</b> BONANZA<br/><b>PARCEL:</b> 13928801016<br/><b>PARCELOLD:</b> 13928801016<br/><b>APPLICANT:</b> Clear Channel Outdoor<br/><b>SIGN_AREA:</b> 672<br/><b>SIGN_HEIGH:</b> 0<br/><b>TAG_NUM:</b> 0<br/><b>APPLY_DATE:</b>  <br/><b>NOTES_SUP:</b> U-69-98<br/><b>NOTES_VAR:</b>  <br/><b>NOTES_RQR:</b> RQR-30045;RQR-5263<br/><b>NOTES:</b>  <br/><b>SIZE_:</b> 14x48<br/><b>FIELD_CHEC:</b> 1]]></description>
      <Point>
        <coordinates>-115.15590882267145,36.17525120643761,0</coordinates>
      </Point>
    </Placemark>
    <Placemark>
      <name>002310   S LAS VEGAS             BLVD</name>
      <description><![CDATA[<b>OBJECTID:</b> 229<br/><b>LVBOARDS_:</b> 270<br/><b>LVBOARDS_I:</b> 17<br/><b>SIGN_TYPE:</b> AA<br/><b>STREET_NUM:</b> 2310<br/><b>STREET_DIR:</b> S<br/><b>STREET_NAM:</b> LAS VEGAS<br/><b>PARCEL:</b> 16204813072<br/><b>PARCELOLD:</b> 16204813072<br/><b>APPLICANT:</b> SHEPCO<br/><b>SIGN_AREA:</b> 672<br/><b>SIGN_HEIGH:</b> 40<br/><b>TAG_NUM:</b> 671<br/><b>APPLY_DATE:</b> 12/12/94<br/><b>NOTES_SUP:</b> U-230-94<br/><b>NOTES_VAR:</b>  <br/><b>NOTES_RQR:</b> RQR-31826;U-230-94(1)<br/><b>NOTES:</b>  <br/><b>SIZE_:</b> 14x48<br/><b>FIELD_CHEC:</b> 0]]></description>
      <Point>
        <coordinates>-115.15674940629637,36.14499388118314,0</coordinates>
      </Point>
    </Placemark>
    <Placemark>
      <name>004700   N RANCHO                DR</name>
      <description><![CDATA[<b>OBJECTID:</b> 230<br/><b>LVBOARDS_:</b> 271<br/><b>LVBOARDS_I:</b> 56<br/><b>SIGN_TYPE:</b>  <br/><b>STREET_NUM:</b> 0<br/><b>STREET_DIR:</b>  <br/><b>STREET_NAM:</b>  <br/><b>PARCEL:</b> 13802102014<br/><b>PARCELOLD:</b> 13802102012<br/><b>APPLICANT:</b> Clear Channel Outdoor<br/><b>SIGN_AREA:</b> 288<br/><b>SIGN_HEIGH:</b> 0<br/><b>TAG_NUM:</b> 0<br/><b>APPLY_DATE:</b>  <br/><b>NOTES_SUP:</b>  <br/><b>NOTES_VAR:</b>  <br/><b>NOTES_RQR:</b>  <br/><b>NOTES:</b>  <br/><b>SIZE_:</b> 12x24<br/><b>FIELD_CHEC:</b> 1]]></description>
      <Point>
        <coordinates>-115.23832395951985,36.24629477650917,0</coordinates>
      </Point>
    </Placemark>
    <Placemark>
      <name>000000</name>
      <description><![CDATA[<b>OBJECTID:</b> 232<br/><b>LVBOARDS_:</b> 273<br/><b>LVBOARDS_I:</b> 58<br/><b>SIGN_TYPE:</b>  <br/><b>STREET_NUM:</b> 4500<br/><b>STREET_DIR:</b> N<br/><b>STREET_NAM:</b> Rancho<br/><b>PARCEL:</b> 13802202015<br/><b>PARCELOLD:</b> 13802202011<br/><b>APPLICANT:</b> LAMAR<br/><b>SIGN_AREA:</b> 672<br/><b>SIGN_HEIGH:</b> 20<br/><b>TAG_NUM:</b> 0<br/><b>APPLY_DATE:</b>  <br/><b>NOTES_SUP:</b>  <br/><b>NOTES_VAR:</b> V-153-95<br/><b>NOTES_RQR:</b>  <br/><b>NOTES:</b>  <br/><b>SIZE_:</b> 14x48<br/><b>FIELD_CHEC:</b> 1]]></description>
      <Point>
        <coordinates>-115.23657490866928,36.24349818033682,0</coordinates>
      </Point>
    </Placemark>
    <Placemark>
      <name>004401   N RANCHO                DR</name>
      <description><![CDATA[<b>OBJECTID:</b> 233<br/><b>LVBOARDS_:</b> 274<br/><b>LVBOARDS_I:</b> 59<br/><b>SIGN_TYPE:</b>  <br/><b>STREET_NUM:</b> 4401<br/><b>STREET_DIR:</b> N<br/><b>STREET_NAM:</b> Rancho<br/><b>PARCEL:</b> 13802602001<br/><b>PARCELOLD:</b> 13802602001<br/><b>APPLICANT:</b> LAMAR<br/><b>SIGN_AREA:</b> 672<br/><b>SIGN_HEIGH:</b> 40<br/><b>TAG_NUM:</b> 0<br/><b>APPLY_DATE:</b> 2/1/95<br/><b>NOTES_SUP:</b> U-261-94<br/><b>NOTES_VAR:</b>  <br/><b>NOTES_RQR:</b> RQR-22325; RQR-4244<br/><b>NOTES:</b>  <br/><b>SIZE_:</b> 14x48<br/><b>FIELD_CHEC:</b> 1]]></description>
      <Point>
        <coordinates>-115.23356662247527,36.240139232637965,0</coordinates>
      </Point>
    </Placemark>
    <Placemark>
      <name>000000</name>
      <description><![CDATA[<b>OBJECTID:</b> 234<br/><b>LVBOARDS_:</b> 275<br/><b>LVBOARDS_I:</b> 60<br/><b>SIGN_TYPE:</b>  <br/><b>STREET_NUM:</b> 0<br/><b>STREET_DIR:</b> N<br/><b>STREET_NAM:</b> Rancho<br/><b>PARCEL:</b> 13802803001<br/><b>PARCELOLD:</b> 13802803001<br/><b>APPLICANT:</b> VIACOM<br/><b>SIGN_AREA:</b> 288<br/><b>SIGN_HEIGH:</b> 40<br/><b>TAG_NUM:</b> 0<br/><b>APPLY_DATE:</b>  <br/><b>NOTES_SUP:</b> U-25-96<br/><b>NOTES_VAR:</b>  <br/><b>NOTES_RQR:</b> RQR-34411;RQR-12064; RQR-6148; RQR-1689<br/><b>NOTES:</b>  <br/><b>SIZE_:</b> 12x24<br/><b>FIELD_CHEC:</b> 1]]></description>
      <Point>
        <coordinates>-115.2262470612309,36.23230181801667,0</coordinates>
      </Point>
    </Placemark>
    <Placemark>
      <name>006900   W CRAIG                 RD</name>
      <description><![CDATA[<b>OBJECTID:</b> 235<br/><b>LVBOARDS_:</b> 276<br/><b>LVBOARDS_I:</b> 55<br/><b>SIGN_TYPE:</b>  <br/><b>STREET_NUM:</b> 6900<br/><b>STREET_DIR:</b> W<br/><b>STREET_NAM:</b> Craig<br/><b>PARCEL:</b> 13803602011<br/><b>PARCELOLD:</b> 0<br/><b>APPLICANT:</b> Clear Channel Outdoor<br/><b>SIGN_AREA:</b> 672<br/><b>SIGN_HEIGH:</b> 40<br/><b>TAG_NUM:</b> 0<br/><b>APPLY_DATE:</b> 09/18/96<br/><b>NOTES_SUP:</b> U-75-96<br/><b>NOTES_VAR:</b>  <br/><b>NOTES_RQR:</b> RQR-33798; U-75-96(1)<br/><b>NOTES:</b>  <br/><b>SIZE_:</b> 14x48<br/><b>FIELD_CHEC:</b> 1]]></description>
      <Point>
        <coordinates>-115.24519457094502,36.241482616666815,0</coordinates>
      </Point>
    </Placemark>
    <Placemark>
      <name>006900   W CRAIG                 RD</name>
      <description><![CDATA[<b>OBJECTID:</b> 236<br/><b>LVBOARDS_:</b> 277<br/><b>LVBOARDS_I:</b> 54<br/><b>SIGN_TYPE:</b>  <br/><b>STREET_NUM:</b> 6900<br/><b>STREET_DIR:</b> W<br/><b>STREET_NAM:</b> Craig<br/><b>PARCEL:</b> 13803602015<br/><b>PARCELOLD:</b> 13803602015<br/><b>APPLICANT:</b> Clear Channel Outdoor<br/><b>SIGN_AREA:</b> 672<br/><b>SIGN_HEIGH:</b> 40<br/><b>TAG_NUM:</b> 954<br/><b>APPLY_DATE:</b> 01/18/95<br/><b>NOTES_SUP:</b> U-0298-94<br/><b>NOTES_VAR:</b>  <br/><b>NOTES_RQR:</b> RQR-29528; RQR-2790<br/><b>NOTES:</b>  <br/><b>SIZE_:</b> 14x48<br/><b>FIELD_CHEC:</b> 1]]></description>
      <Point>
        <coordinates>-115.2445501892955,36.24078413534693,0</coordinates>
      </Point>
    </Placemark>
    <Placemark>
      <name>003941   N RANCHO                DR</name>
      <description><![CDATA[<b>OBJECTID:</b> 237<br/><b>LVBOARDS_:</b> 278<br/><b>LVBOARDS_I:</b> 61<br/><b>SIGN_TYPE:</b>  <br/><b>STREET_NUM:</b> 3941<br/><b>STREET_DIR:</b> N<br/><b>STREET_NAM:</b> Rancho<br/><b>PARCEL:</b> 13811502003<br/><b>PARCELOLD:</b> 13811502003<br/><b>APPLICANT:</b> Clear Channel Outdoor<br/><b>SIGN_AREA:</b> 672<br/><b>SIGN_HEIGH:</b> 40<br/><b>TAG_NUM:</b> 0<br/><b>APPLY_DATE:</b> 08/21/96<br/><b>NOTES_SUP:</b> U-59-96<br/><b>NOTES_VAR:</b>  <br/><b>NOTES_RQR:</b> RQR-34321;U-59-96(1)<br/><b>NOTES:</b>  <br/><b>SIZE_:</b> 14x48<br/><b>FIELD_CHEC:</b> 1]]></description>
      <Point>
        <coordinates>-115.22569572457456,36.23156010561705,0</coordinates>
      </Point>
    </Placemark>
    <Placemark>
      <name>003500   N RANCHO                DR</name>
      <description><![CDATA[<b>OBJECTID:</b> 238<br/><b>LVBOARDS_:</b> 279<br/><b>LVBOARDS_I:</b> 11<br/><b>SIGN_TYPE:</b> AA<br/><b>STREET_NUM:</b> 3500<br/><b>STREET_DIR:</b> N<br/><b>STREET_NAM:</b> RANCHO<br/><b>PARCEL:</b> 13812710044<br/><b>PARCELOLD:</b> 13812710044<br/><b>APPLICANT:</b> LAMAR<br/><b>SIGN_AREA:</b> 672<br/><b>SIGN_HEIGH:</b> 40<br/><b>TAG_NUM:</b> 1028<br/><b>APPLY_DATE:</b> 7/21/95<br/><b>NOTES_SUP:</b> U-38-95<br/><b>NOTES_VAR:</b>  <br/><b>NOTES_RQR:</b> RQR-31547;RQR-5167<br/><b>NOTES:</b>  <br/><b>SIZE_:</b> 14x48<br/><b>FIELD_CHEC:</b> 1]]></description>
      <Point>
        <coordinates>-115.21637068209988,36.22227353110997,0</coordinates>
      </Point>
    </Placemark>
    <Placemark>
      <name>000000</name>
      <description><![CDATA[<b>OBJECTID:</b> 239<br/><b>LVBOARDS_:</b> 280<br/><b>LVBOARDS_I:</b> 9<br/><b>SIGN_TYPE:</b> AA<br/><b>STREET_NUM:</b> 0<br/><b>STREET_DIR:</b> N<br/><b>STREET_NAM:</b> Rancho<br/><b>PARCEL:</b> 13813512006<br/><b>PARCELOLD:</b> 13813512002<br/><b>APPLICANT:</b> Clear Channel Outdoor<br/><b>SIGN_AREA:</b> 288<br/><b>SIGN_HEIGH:</b> 30<br/><b>TAG_NUM:</b> 0<br/><b>APPLY_DATE:</b>  <br/><b>NOTES_SUP:</b>  <br/><b>NOTES_VAR:</b>  <br/><b>NOTES_RQR:</b>  <br/><b>NOTES:</b>  <br/><b>SIZE_:</b> 12x24<br/><b>FIELD_CHEC:</b> 1]]></description>
      <Point>
        <coordinates>-115.21111420465257,36.21558510739764,0</coordinates>
      </Point>
    </Placemark>
    <Placemark>
      <name>002400   N RAINBOW               BLVD</name>
      <description><![CDATA[<b>OBJECTID:</b> 240<br/><b>LVBOARDS_:</b> 281<br/><b>LVBOARDS_I:</b> 62<br/><b>SIGN_TYPE:</b>  <br/><b>STREET_NUM:</b> 2400<br/><b>STREET_DIR:</b> N<br/><b>STREET_NAM:</b> Rainbow<br/><b>PARCEL:</b> 13814401004<br/><b>PARCELOLD:</b> 13814401004<br/><b>APPLICANT:</b>  <br/><b>SIGN_AREA:</b> 336<br/><b>SIGN_HEIGH:</b> 40<br/><b>TAG_NUM:</b> 1995<br/><b>APPLY_DATE:</b> 1/21-97<br/><b>NOTES_SUP:</b> U-129-96<br/><b>NOTES_VAR:</b>  <br/><b>NOTES_RQR:</b>  <br/><b>NOTES:</b> 5 yr review has not been done<br/><b>SIZE_:</b>  <br/><b>FIELD_CHEC:</b> 1]]></description>
      <Point>
        <coordinates>-115.24155714153446,36.203547900811934,0</coordinates>
      </Point>
    </Placemark>
    <Placemark>
      <name>13822503001</name>
      <description><![CDATA[<b>OBJECTID:</b> 241<br/><b>LVBOARDS_:</b> 282<br/><b>LVBOARDS_I:</b> 63<br/><b>SIGN_TYPE:</b>  <br/><b>STREET_NUM:</b> 0<br/><b>STREET_DIR:</b>  <br/><b>STREET_NAM:</b>  <br/><b>PARCEL:</b> 13822503001<br/><b>PARCELOLD:</b> 13822503001<br/><b>APPLICANT:</b> LAMAR<br/><b>SIGN_AREA:</b> 672<br/><b>SIGN_HEIGH:</b> 55<br/><b>TAG_NUM:</b> 0<br/><b>APPLY_DATE:</b> 07/17/91<br/><b>NOTES_SUP:</b> U-123-91<br/><b>NOTES_VAR:</b> V-164-95<br/><b>NOTES_RQR:</b> RQR-33992; V-164-95(1)<br/><b>NOTES:</b> 2 yr review has not been done<br/><b>SIZE_:</b> 14x48<br/><b>FIELD_CHEC:</b> 1]]></description>
      <Point>
        <coordinates>-115.24401370368683,36.20308234408616,0</coordinates>
      </Point>
    </Placemark>
    <Placemark>
      <name>13822603001</name>
      <description><![CDATA[<b>OBJECTID:</b> 242<br/><b>LVBOARDS_:</b> 283<br/><b>LVBOARDS_I:</b> 27<br/><b>SIGN_TYPE:</b>  <br/><b>STREET_NUM:</b> 2021<br/><b>STREET_DIR:</b> N<br/><b>STREET_NAM:</b> Rainbow<br/><b>PARCEL:</b> 13822603001<br/><b>PARCELOLD:</b> 13822603001<br/><b>APPLICANT:</b> LAMAR<br/><b>SIGN_AREA:</b> 672<br/><b>SIGN_HEIGH:</b> 40<br/><b>TAG_NUM:</b> 0<br/><b>APPLY_DATE:</b>  <br/><b>NOTES_SUP:</b> U-0137-95<br/><b>NOTES_VAR:</b>  <br/><b>NOTES_RQR:</b> RQR-41253; RQR-27423; RQR-1736<br/><b>NOTES:</b>  <br/><b>SIZE_:</b> 14x48<br/><b>FIELD_CHEC:</b> 1]]></description>
      <Point>
        <coordinates>-115.24381247399887,36.199485826497366,0</coordinates>
      </Point>
    </Placemark>
    <Placemark>
      <name>001991   N RAINBOW               BLVD</name>
      <description><![CDATA[<b>OBJECTID:</b> 243<br/><b>LVBOARDS_:</b> 284<br/><b>LVBOARDS_I:</b> 17<br/><b>SIGN_TYPE:</b> AA<br/><b>STREET_NUM:</b> 1981<br/><b>STREET_DIR:</b> N<br/><b>STREET_NAM:</b> RAINBOW<br/><b>PARCEL:</b> 13822713002<br/><b>PARCELOLD:</b> 13822703002<br/><b>APPLICANT:</b>  <br/><b>SIGN_AREA:</b> 2016<br/><b>SIGN_HEIGH:</b> 40<br/><b>TAG_NUM:</b> 0<br/><b>APPLY_DATE:</b> 06/23/97<br/><b>NOTES_SUP:</b>  <br/><b>NOTES_VAR:</b> V-0040-97<br/><b>NOTES_RQR:</b> RQR-40454; 25330; V-40-97(1)<br/><b>NOTES:</b>  <br/><b>SIZE_:</b>  <br/><b>FIELD_CHEC:</b> 1]]></description>
      <Point>
        <coordinates>-115.24285386931575,36.195063682135405,0</coordinates>
      </Point>
    </Placemark>
    <Placemark>
      <name>001851   N RAINBOW               BLVD</name>
      <description><![CDATA[<b>OBJECTID:</b> 244<br/><b>LVBOARDS_:</b> 285<br/><b>LVBOARDS_I:</b> 16<br/><b>SIGN_TYPE:</b> AA<br/><b>STREET_NUM:</b> 1841<br/><b>STREET_DIR:</b> N<br/><b>STREET_NAM:</b> RAINBOW<br/><b>PARCEL:</b> 13822812001<br/><b>PARCELOLD:</b> 13822803001<br/><b>APPLICANT:</b> LAMAR<br/><b>SIGN_AREA:</b> 672<br/><b>SIGN_HEIGH:</b> 65<br/><b>TAG_NUM:</b> 418<br/><b>APPLY_DATE:</b> 07/16/03<br/><b>NOTES_SUP:</b> SUP-2291<br/><b>NOTES_VAR:</b> VAR-2292<br/><b>NOTES_RQR:</b> RQR-28093<br/><b>NOTES:</b>  <br/><b>SIZE_:</b> 14x48<br/><b>FIELD_CHEC:</b> 1]]></description>
      <Point>
        <coordinates>-115.24374234504025,36.19214217800399,0</coordinates>
      </Point>
    </Placemark>
    <Placemark>
      <name>001922     ROCK SPRINGS          DR</name>
      <description><![CDATA[<b>OBJECTID:</b> 245<br/><b>LVBOARDS_:</b> 286<br/><b>LVBOARDS_I:</b> 29<br/><b>SIGN_TYPE:</b>  <br/><b>STREET_NUM:</b> 1910<br/><b>STREET_DIR:</b>  <br/><b>STREET_NAM:</b> Rock Springs<br/><b>PARCEL:</b> 13822711005<br/><b>PARCELOLD:</b> 13822702001<br/><b>APPLICANT:</b> LAMAR<br/><b>SIGN_AREA:</b> 672<br/><b>SIGN_HEIGH:</b> 30<br/><b>TAG_NUM:</b> 0<br/><b>APPLY_DATE:</b>  <br/><b>NOTES_SUP:</b> U-61-92<br/><b>NOTES_VAR:</b>  <br/><b>NOTES_RQR:</b> RQR-21507; U-61-92(1)&amp;(2)<br/><b>NOTES:</b>  <br/><b>SIZE_:</b> 14x48<br/><b>FIELD_CHEC:</b> 1]]></description>
      <Point>
        <coordinates>-115.24582445419955,36.1942270357942,0</coordinates>
      </Point>
    </Placemark>
    <Placemark>
      <name>007200   W LAKE MEAD             BLVD</name>
      <description><![CDATA[<b>OBJECTID:</b> 246<br/><b>LVBOARDS_:</b> 287<br/><b>LVBOARDS_I:</b> 28<br/><b>SIGN_TYPE:</b>  <br/><b>STREET_NUM:</b> 7200<br/><b>STREET_DIR:</b> W<br/><b>STREET_NAM:</b> Lake Mead<br/><b>PARCEL:</b> 13822610002<br/><b>PARCELOLD:</b> 13822610002<br/><b>APPLICANT:</b>  <br/><b>SIGN_AREA:</b> 672<br/><b>SIGN_HEIGH:</b> 40<br/><b>TAG_NUM:</b> 1522<br/><b>APPLY_DATE:</b> 6/20/96<br/><b>NOTES_SUP:</b> U-74-95<br/><b>NOTES_VAR:</b>  <br/><b>NOTES_RQR:</b> RQR-33332<br/><b>NOTES:</b>  <br/><b>SIZE_:</b> 14x48<br/><b>FIELD_CHEC:</b> 1]]></description>
      <Point>
        <coordinates>-115.24900423556456,36.196266034755666,0</coordinates>
      </Point>
    </Placemark>
    <Placemark>
      <name>002350   N RAINBOW               BLVD</name>
      <description><![CDATA[<b>OBJECTID:</b> 247<br/><b>LVBOARDS_:</b> 288<br/><b>LVBOARDS_I:</b> 14<br/><b>SIGN_TYPE:</b> AA<br/><b>STREET_NUM:</b> 2350<br/><b>STREET_DIR:</b> N<br/><b>STREET_NAM:</b> RAINBOW<br/><b>PARCEL:</b> 13823110001<br/><b>PARCELOLD:</b> 13823110001<br/><b>APPLICANT:</b> LAMAR<br/><b>SIGN_AREA:</b> 672<br/><b>SIGN_HEIGH:</b> 40<br/><b>TAG_NUM:</b> 943<br/><b>APPLY_DATE:</b> 6/7/95<br/><b>NOTES_SUP:</b> U-18-95<br/><b>NOTES_VAR:</b>  <br/><b>NOTES_RQR:</b> RQR-17763; RQR-4661<br/><b>NOTES:</b>  <br/><b>SIZE_:</b> 14x48<br/><b>FIELD_CHEC:</b> 1]]></description>
      <Point>
        <coordinates>-115.24187399076523,36.20280000388129,0</coordinates>
      </Point>
    </Placemark>
    <Placemark>
      <name>000115   N DECATUR               BLVD</name>
      <description><![CDATA[<b>OBJECTID:</b> 248<br/><b>LVBOARDS_:</b> 290<br/><b>LVBOARDS_I:</b> 6<br/><b>SIGN_TYPE:</b> AA<br/><b>STREET_NUM:</b> 101<br/><b>STREET_DIR:</b> N<br/><b>STREET_NAM:</b> DECATUR<br/><b>PARCEL:</b> 13825812205<br/><b>PARCELOLD:</b> 13825812204<br/><b>APPLICANT:</b>  <br/><b>SIGN_AREA:</b> 672<br/><b>SIGN_HEIGH:</b> 40<br/><b>TAG_NUM:</b> 0<br/><b>APPLY_DATE:</b>  <br/><b>NOTES_SUP:</b>  <br/><b>NOTES_VAR:</b>  <br/><b>NOTES_RQR:</b>  <br/><b>NOTES:</b>  <br/><b>SIZE_:</b> 14x48<br/><b>FIELD_CHEC:</b> 1]]></description>
      <Point>
        <coordinates>-115.20631454044096,36.17517567883644,0</coordinates>
      </Point>
    </Placemark>
    <Placemark>
      <name>001735   N RANCHO                DR</name>
      <description><![CDATA[<b>OBJECTID:</b> 249<br/><b>LVBOARDS_:</b> 291<br/><b>LVBOARDS_I:</b> 64<br/><b>SIGN_TYPE:</b>  <br/><b>STREET_NUM:</b> 1735<br/><b>STREET_DIR:</b> N<br/><b>STREET_NAM:</b> Rancho<br/><b>PARCEL:</b> 13919812016<br/><b>PARCELOLD:</b> 13919812016<br/><b>APPLICANT:</b> Clear Channel Outdoor<br/><b>SIGN_AREA:</b> 288<br/><b>SIGN_HEIGH:</b> 0<br/><b>TAG_NUM:</b> 0<br/><b>APPLY_DATE:</b>  <br/><b>NOTES_SUP:</b>  <br/><b>NOTES_VAR:</b>  <br/><b>NOTES_RQR:</b>  <br/><b>NOTES:</b>  <br/><b>SIZE_:</b> 12x24<br/><b>FIELD_CHEC:</b> 1]]></description>
      <Point>
        <coordinates>-115.18862979126679,36.1910850050663,0</coordinates>
      </Point>
    </Placemark>
    <Placemark>
      <name>13920411015</name>
      <description><![CDATA[<b>OBJECTID:</b> 250<br/><b>LVBOARDS_:</b> 292<br/><b>LVBOARDS_I:</b> 65<br/><b>SIGN_TYPE:</b>  <br/><b>STREET_NUM:</b> 1660<br/><b>STREET_DIR:</b> N<br/><b>STREET_NAM:</b> Rancho<br/><b>PARCEL:</b> 13920411015<br/><b>PARCELOLD:</b> 13920411015<br/><b>APPLICANT:</b> LAMAR<br/><b>SIGN_AREA:</b> 0<br/><b>SIGN_HEIGH:</b> 0<br/><b>TAG_NUM:</b> 0<br/><b>APPLY_DATE:</b>  <br/><b>NOTES_SUP:</b>  <br/><b>NOTES_VAR:</b>  <br/><b>NOTES_RQR:</b>  <br/><b>NOTES:</b>  <br/><b>SIZE_:</b>  <br/><b>FIELD_CHEC:</b> 1]]></description>
      <Point>
        <coordinates>-115.18683067902046,36.18983935728969,0</coordinates>
      </Point>
    </Placemark>
    <Placemark>
      <name>13927410013</name>
      <description><![CDATA[<b>OBJECTID:</b> 251<br/><b>LVBOARDS_:</b> 298<br/><b>LVBOARDS_I:</b> 71<br/><b>SIGN_TYPE:</b>  <br/><b>STREET_NUM:</b> 100<br/><b>STREET_DIR:</b>  <br/><b>STREET_NAM:</b> City<br/><b>PARCEL:</b> 13927410013<br/><b>PARCELOLD:</b> 0<br/><b>APPLICANT:</b> Clear Channel Outdoor<br/><b>SIGN_AREA:</b> 672<br/><b>SIGN_HEIGH:</b> 71<br/><b>TAG_NUM:</b> 0<br/><b>APPLY_DATE:</b> 05/18/05<br/><b>NOTES_SUP:</b> SUP-23330; SUP-5877; U-94-98; Z-100-97<br/><b>NOTES_VAR:</b> VAR-24021; VAR-6355; VAR-5878<br/><b>NOTES_RQR:</b> RQR-11403; RQR-5683; RQR-1974<br/><b>NOTES:</b> EOT-21831; EOT-21830<br/><b>SIZE_:</b> 14x48<br/><b>FIELD_CHEC:</b> 1]]></description>
      <Point>
        <coordinates>-115.14781717936602,36.17451202055583,0</coordinates>
      </Point>
    </Placemark>
    <Placemark>
      <name>000412   W WILSON                AVE</name>
      <description><![CDATA[<b>OBJECTID:</b> 252<br/><b>LVBOARDS_:</b> 299<br/><b>LVBOARDS_I:</b> 72<br/><b>SIGN_TYPE:</b>  <br/><b>STREET_NUM:</b> 0<br/><b>STREET_DIR:</b>  <br/><b>STREET_NAM:</b>  <br/><b>PARCEL:</b> 13927310089<br/><b>PARCELOLD:</b> 13927310089<br/><b>APPLICANT:</b> LAMAR<br/><b>SIGN_AREA:</b> 0<br/><b>SIGN_HEIGH:</b> 0<br/><b>TAG_NUM:</b> 0<br/><b>APPLY_DATE:</b>  <br/><b>NOTES_SUP:</b>  <br/><b>NOTES_VAR:</b>  <br/><b>NOTES_RQR:</b>  <br/><b>NOTES:</b>  <br/><b>SIZE_:</b>  <br/><b>FIELD_CHEC:</b> 1]]></description>
      <Point>
        <coordinates>-115.14724888551365,36.17856666824493,0</coordinates>
      </Point>
    </Placemark>
    <Placemark>
      <name>000600   W BONANZA               RD</name>
      <description><![CDATA[<b>OBJECTID:</b> 253<br/><b>LVBOARDS_:</b> 300<br/><b>LVBOARDS_I:</b> 73<br/><b>SIGN_TYPE:</b>  <br/><b>STREET_NUM:</b> 600<br/><b>STREET_DIR:</b> W<br/><b>STREET_NAM:</b> Bonanza<br/><b>PARCEL:</b> 13927310073<br/><b>PARCELOLD:</b> 13927310073<br/><b>APPLICANT:</b> Clear Channel Outdoor<br/><b>SIGN_AREA:</b> 0<br/><b>SIGN_HEIGH:</b> 0<br/><b>TAG_NUM:</b> 0<br/><b>APPLY_DATE:</b>  <br/><b>NOTES_SUP:</b>  <br/><b>NOTES_VAR:</b>  <br/><b>NOTES_RQR:</b>  <br/><b>NOTES:</b>  <br/><b>SIZE_:</b>  <br/><b>FIELD_CHEC:</b> 1]]></description>
      <Point>
        <coordinates>-115.1495383767585,36.17762311189217,0</coordinates>
      </Point>
    </Placemark>
    <Placemark>
      <name>000601   W BONANZA               RD</name>
      <description><![CDATA[<b>OBJECTID:</b> 254<br/><b>LVBOARDS_:</b> 301<br/><b>LVBOARDS_I:</b> 74<br/><b>SIGN_TYPE:</b>  <br/><b>STREET_NUM:</b> 601<br/><b>STREET_DIR:</b> W<br/><b>STREET_NAM:</b> Bonanza<br/><b>PARCEL:</b> 13927401002<br/><b>PARCELOLD:</b> 13927401002<br/><b>APPLICANT:</b> LAMAR<br/><b>SIGN_AREA:</b> 0<br/><b>SIGN_HEIGH:</b> 0<br/><b>TAG_NUM:</b> 0<br/><b>APPLY_DATE:</b>  <br/><b>NOTES_SUP:</b>  <br/><b>NOTES_VAR:</b>  <br/><b>NOTES_RQR:</b>  <br/><b>NOTES:</b>  <br/><b>SIZE_:</b>  <br/><b>FIELD_CHEC:</b> 1]]></description>
      <Point>
        <coordinates>-115.15037589942996,36.17703807124565,0</coordinates>
      </Point>
    </Placemark>
    <Placemark>
      <name>000000</name>
      <description><![CDATA[<b>OBJECTID:</b> 255<br/><b>LVBOARDS_:</b> 302<br/><b>LVBOARDS_I:</b> 75<br/><b>SIGN_TYPE:</b>  <br/><b>STREET_NUM:</b> 1300<br/><b>STREET_DIR:</b> N<br/><b>STREET_NAM:</b> LV Blvd. N<br/><b>PARCEL:</b> 13927603028<br/><b>PARCELOLD:</b> 13927504010<br/><b>APPLICANT:</b>  <br/><b>SIGN_AREA:</b> 0<br/><b>SIGN_HEIGH:</b> 0<br/><b>TAG_NUM:</b> 0<br/><b>APPLY_DATE:</b>  <br/><b>NOTES_SUP:</b>  <br/><b>NOTES_VAR:</b>  <br/><b>NOTES_RQR:</b>  <br/><b>NOTES:</b>  <br/><b>SIZE_:</b>  <br/><b>FIELD_CHEC:</b> 9]]></description>
      <Point>
        <coordinates>-115.13423587744546,36.18540933490626,0</coordinates>
      </Point>
    </Placemark>
    <Placemark>
      <name>000205   S GRAND CENTRAL         PKWY</name>
      <description><![CDATA[<b>OBJECTID:</b> 257<br/><b>LVBOARDS_:</b> 304<br/><b>LVBOARDS_I:</b> 77<br/><b>SIGN_TYPE:</b>  <br/><b>STREET_NUM:</b> 0<br/><b>STREET_DIR:</b>  <br/><b>STREET_NAM:</b>  <br/><b>PARCEL:</b> 13933511004<br/><b>PARCELOLD:</b> 0<br/><b>APPLICANT:</b> Clear Channel Outdoor<br/><b>SIGN_AREA:</b> 672<br/><b>SIGN_HEIGH:</b> 0<br/><b>TAG_NUM:</b> 0<br/><b>APPLY_DATE:</b>  <br/><b>NOTES_SUP:</b> U-94-98; Z-100-97<br/><b>NOTES_VAR:</b>  <br/><b>NOTES_RQR:</b> RQR-35268; 21345; 11403; 5683; 1974<br/><b>NOTES:</b>  <br/><b>SIZE_:</b> 14x48<br/><b>FIELD_CHEC:</b> 1]]></description>
      <Point>
        <coordinates>-115.15279993397722,36.173034553595215,0</coordinates>
      </Point>
    </Placemark>
    <Placemark>
      <name>13933511007</name>
      <description><![CDATA[<b>OBJECTID:</b> 258<br/><b>LVBOARDS_:</b> 305<br/><b>LVBOARDS_I:</b> 78<br/><b>SIGN_TYPE:</b>  <br/><b>STREET_NUM:</b> 0<br/><b>STREET_DIR:</b>  <br/><b>STREET_NAM:</b>  <br/><b>PARCEL:</b> 13933511007<br/><b>PARCELOLD:</b> 13933511003<br/><b>APPLICANT:</b> Clear Channel Outdoor<br/><b>SIGN_AREA:</b> 672<br/><b>SIGN_HEIGH:</b> 0<br/><b>TAG_NUM:</b> 0<br/><b>APPLY_DATE:</b>  <br/><b>NOTES_SUP:</b> U-94-98; Z-100-97<br/><b>NOTES_VAR:</b>  <br/><b>NOTES_RQR:</b> RQR-35268; 21345; 11403; 5683; 1974<br/><b>NOTES:</b> ROC-13357<br/><b>SIZE_:</b> 14x48<br/><b>FIELD_CHEC:</b> 1]]></description>
      <Point>
        <coordinates>-115.15649140205272,36.17108943384262,0</coordinates>
      </Point>
    </Placemark>
    <Placemark>
      <name>000475   S GRAND CENTRAL         PKWY</name>
      <description><![CDATA[<b>OBJECTID:</b> 259<br/><b>LVBOARDS_:</b> 308<br/><b>LVBOARDS_I:</b> 81<br/><b>SIGN_TYPE:</b>  <br/><b>STREET_NUM:</b> 0<br/><b>STREET_DIR:</b>  <br/><b>STREET_NAM:</b>  <br/><b>PARCEL:</b> 13933610014<br/><b>PARCELOLD:</b> 13933610005<br/><b>APPLICANT:</b> Clear Channel Outdoor<br/><b>SIGN_AREA:</b> 672<br/><b>SIGN_HEIGH:</b> 0<br/><b>TAG_NUM:</b> 0<br/><b>APPLY_DATE:</b>  <br/><b>NOTES_SUP:</b> U-94-98; Z-100-97<br/><b>NOTES_VAR:</b>  <br/><b>NOTES_RQR:</b> RQR-35268; 21345; 11403; 5683; 1974<br/><b>NOTES:</b> ROC-13357<br/><b>SIZE_:</b> 14x48<br/><b>FIELD_CHEC:</b> 1]]></description>
      <Point>
        <coordinates>-115.15895829387067,36.16668292996129,0</coordinates>
      </Point>
    </Placemark>
    <Placemark>
      <name>13933710003</name>
      <description><![CDATA[<b>OBJECTID:</b> 260<br/><b>LVBOARDS_:</b> 309<br/><b>LVBOARDS_I:</b> 82<br/><b>SIGN_TYPE:</b>  <br/><b>STREET_NUM:</b> 0<br/><b>STREET_DIR:</b>  <br/><b>STREET_NAM:</b>  <br/><b>PARCEL:</b> 13933710003<br/><b>PARCELOLD:</b> 0<br/><b>APPLICANT:</b> Clear Channel Outdoor<br/><b>SIGN_AREA:</b> 672<br/><b>SIGN_HEIGH:</b> 0<br/><b>TAG_NUM:</b> 0<br/><b>APPLY_DATE:</b>  <br/><b>NOTES_SUP:</b> Z-100-97<br/><b>NOTES_VAR:</b>  <br/><b>NOTES_RQR:</b> RQR-1974<br/><b>NOTES:</b>  <br/><b>SIZE_:</b>  <br/><b>FIELD_CHEC:</b> 1]]></description>
      <Point>
        <coordinates>-115.15955801313477,36.16385206756045,0</coordinates>
      </Point>
    </Placemark>
    <Placemark>
      <name>13934310003</name>
      <description><![CDATA[<b>OBJECTID:</b> 261<br/><b>LVBOARDS_:</b> 310<br/><b>LVBOARDS_I:</b> 83<br/><b>SIGN_TYPE:</b>  <br/><b>STREET_NUM:</b> 0<br/><b>STREET_DIR:</b>  <br/><b>STREET_NAM:</b>  <br/><b>PARCEL:</b> 13934310003<br/><b>PARCELOLD:</b> 0<br/><b>APPLICANT:</b> ?<br/><b>SIGN_AREA:</b> 0<br/><b>SIGN_HEIGH:</b> 0<br/><b>TAG_NUM:</b> 0<br/><b>APPLY_DATE:</b>  <br/><b>NOTES_SUP:</b>  <br/><b>NOTES_VAR:</b>  <br/><b>NOTES_RQR:</b>  <br/><b>NOTES:</b> No Case History<br/><b>SIZE_:</b>  <br/><b>FIELD_CHEC:</b> 1]]></description>
      <Point>
        <coordinates>-115.15103230845548,36.16378005478783,0</coordinates>
      </Point>
    </Placemark>
    <Placemark>
      <name>000125   N BRUCE                 ST</name>
      <description><![CDATA[<b>OBJECTID:</b> 263<br/><b>LVBOARDS_:</b> 313<br/><b>LVBOARDS_I:</b> 86<br/><b>SIGN_TYPE:</b>  <br/><b>STREET_NUM:</b> 125<br/><b>STREET_DIR:</b> M<br/><b>STREET_NAM:</b> Bruce<br/><b>PARCEL:</b> 13935312062<br/><b>PARCELOLD:</b> 0<br/><b>APPLICANT:</b>  <br/><b>SIGN_AREA:</b> 0<br/><b>SIGN_HEIGH:</b> 0<br/><b>TAG_NUM:</b> 0<br/><b>APPLY_DATE:</b>  <br/><b>NOTES_SUP:</b>  <br/><b>NOTES_VAR:</b>  <br/><b>NOTES_RQR:</b>  <br/><b>NOTES:</b>  <br/><b>SIZE_:</b>  <br/><b>FIELD_CHEC:</b> 0]]></description>
      <Point>
        <coordinates>-115.12528840548431,36.16366003375254,0</coordinates>
      </Point>
    </Placemark>
    <Placemark>
      <name>001837   E CHARLESTON            BLVD</name>
      <description><![CDATA[<b>OBJECTID:</b> 264<br/><b>LVBOARDS_:</b> 317<br/><b>LVBOARDS_I:</b> 90<br/><b>SIGN_TYPE:</b>  <br/><b>STREET_NUM:</b> 0<br/><b>STREET_DIR:</b>  <br/><b>STREET_NAM:</b>  <br/><b>PARCEL:</b> 13935814011<br/><b>PARCELOLD:</b> 0<br/><b>APPLICANT:</b> Clear Channel Outdoor<br/><b>SIGN_AREA:</b> 0<br/><b>SIGN_HEIGH:</b> 0<br/><b>TAG_NUM:</b> 0<br/><b>APPLY_DATE:</b>  <br/><b>NOTES_SUP:</b>  <br/><b>NOTES_VAR:</b>  <br/><b>NOTES_RQR:</b>  <br/><b>NOTES:</b>  <br/><b>SIZE_:</b>  <br/><b>FIELD_CHEC:</b> 1]]></description>
      <Point>
        <coordinates>-115.12287268686197,36.15909571770695,0</coordinates>
      </Point>
    </Placemark>
    <Placemark>
      <name>16201401003</name>
      <description><![CDATA[<b>OBJECTID:</b> 265<br/><b>LVBOARDS_:</b> 318<br/><b>LVBOARDS_I:</b> 91<br/><b>SIGN_TYPE:</b>  <br/><b>STREET_NUM:</b> 2329<br/><b>STREET_DIR:</b> S<br/><b>STREET_NAM:</b> Eastern<br/><b>PARCEL:</b> 16201401003<br/><b>PARCELOLD:</b> 16201401003<br/><b>APPLICANT:</b> Clear Channel Outdoor<br/><b>SIGN_AREA:</b> 672<br/><b>SIGN_HEIGH:</b> 40<br/><b>TAG_NUM:</b> 0<br/><b>APPLY_DATE:</b> 05/03/72<br/><b>NOTES_SUP:</b> Z-30-72<br/><b>NOTES_VAR:</b>  <br/><b>NOTES_RQR:</b>  <br/><b>NOTES:</b>  <br/><b>SIZE_:</b> 14x48<br/><b>FIELD_CHEC:</b> 0]]></description>
      <Point>
        <coordinates>-115.1185282854097,36.14504597423724,0</coordinates>
      </Point>
    </Placemark>
    <Placemark>
      <name>002033     PARADISE              RD</name>
      <description><![CDATA[<b>OBJECTID:</b> 266<br/><b>LVBOARDS_:</b> 319<br/><b>LVBOARDS_I:</b> 92<br/><b>SIGN_TYPE:</b>  <br/><b>STREET_NUM:</b> 2033<br/><b>STREET_DIR:</b>  <br/><b>STREET_NAM:</b> Paradise<br/><b>PARCEL:</b> 16203413012<br/><b>PARCELOLD:</b> 16203413012<br/><b>APPLICANT:</b> Clear Channel Outdoor<br/><b>SIGN_AREA:</b> 0<br/><b>SIGN_HEIGH:</b> 0<br/><b>TAG_NUM:</b> 0<br/><b>APPLY_DATE:</b>  <br/><b>NOTES_SUP:</b>  <br/><b>NOTES_VAR:</b>  <br/><b>NOTES_RQR:</b>  <br/><b>NOTES:</b> No Case History<br/><b>SIZE_:</b>  <br/><b>FIELD_CHEC:</b> 0]]></description>
      <Point>
        <coordinates>-115.15348937770541,36.14572189370252,0</coordinates>
      </Point>
    </Placemark>
    <Placemark>
      <name>000105   W CHARLESTON            BLVD</name>
      <description><![CDATA[<b>OBJECTID:</b> 267<br/><b>LVBOARDS_:</b> 320<br/><b>LVBOARDS_I:</b> 93<br/><b>SIGN_TYPE:</b>  <br/><b>STREET_NUM:</b> 105<br/><b>STREET_DIR:</b> W<br/><b>STREET_NAM:</b> Charleston<br/><b>PARCEL:</b> 16204506008<br/><b>PARCELOLD:</b> 16204506008<br/><b>APPLICANT:</b> ?<br/><b>SIGN_AREA:</b> 0<br/><b>SIGN_HEIGH:</b> 0<br/><b>TAG_NUM:</b> 0<br/><b>APPLY_DATE:</b>  <br/><b>NOTES_SUP:</b>  <br/><b>NOTES_VAR:</b>  <br/><b>NOTES_RQR:</b>  <br/><b>NOTES:</b> Iron Works advertisement<br/><b>SIZE_:</b>  <br/><b>FIELD_CHEC:</b> 1]]></description>
      <Point>
        <coordinates>-115.15509286270994,36.1586767974062,0</coordinates>
      </Point>
    </Placemark>
    <Placemark>
      <name>001226     WESTERN               AVE</name>
      <description><![CDATA[<b>OBJECTID:</b> 268<br/><b>LVBOARDS_:</b> 321<br/><b>LVBOARDS_I:</b> 94<br/><b>SIGN_TYPE:</b>  <br/><b>STREET_NUM:</b> 0<br/><b>STREET_DIR:</b>  <br/><b>STREET_NAM:</b>  <br/><b>PARCEL:</b> 16204513015<br/><b>PARCELOLD:</b> 16204513015<br/><b>APPLICANT:</b>  <br/><b>SIGN_AREA:</b> 672<br/><b>SIGN_HEIGH:</b> 80<br/><b>TAG_NUM:</b> 0<br/><b>APPLY_DATE:</b>  <br/><b>NOTES_SUP:</b> U-0121-99<br/><b>NOTES_VAR:</b>  <br/><b>NOTES_RQR:</b> RQR-29609<br/><b>NOTES:</b>  <br/><b>SIZE_:</b> 14x48<br/><b>FIELD_CHEC:</b> 1]]></description>
      <Point>
        <coordinates>-115.15927398031347,36.15726002888434,0</coordinates>
      </Point>
    </Placemark>
    <Placemark>
      <name>16204503004</name>
      <description><![CDATA[<b>OBJECTID:</b> 269<br/><b>LVBOARDS_:</b> 322<br/><b>LVBOARDS_I:</b> 95<br/><b>SIGN_TYPE:</b>  <br/><b>STREET_NUM:</b> 0<br/><b>STREET_DIR:</b>  <br/><b>STREET_NAM:</b>  <br/><b>PARCEL:</b> 16204503004<br/><b>PARCELOLD:</b> 16204503004<br/><b>APPLICANT:</b>  <br/><b>SIGN_AREA:</b> 0<br/><b>SIGN_HEIGH:</b> 0<br/><b>TAG_NUM:</b> 0<br/><b>APPLY_DATE:</b>  <br/><b>NOTES_SUP:</b>  <br/><b>NOTES_VAR:</b>  <br/><b>NOTES_RQR:</b>  <br/><b>NOTES:</b>  <br/><b>SIZE_:</b> 14x48<br/><b>FIELD_CHEC:</b> 1]]></description>
      <Point>
        <coordinates>-115.16030469530273,36.15567663021408,0</coordinates>
      </Point>
    </Placemark>
    <Placemark>
      <name>16204301002</name>
      <description><![CDATA[<b>OBJECTID:</b> 270<br/><b>LVBOARDS_:</b> 323<br/><b>LVBOARDS_I:</b> 96<br/><b>SIGN_TYPE:</b>  <br/><b>STREET_NUM:</b> 1716<br/><b>STREET_DIR:</b>  <br/><b>STREET_NAM:</b> Highland<br/><b>PARCEL:</b> 16204301002<br/><b>PARCELOLD:</b> 16204301002<br/><b>APPLICANT:</b> Clear Channel Outdoor<br/><b>SIGN_AREA:</b> 672<br/><b>SIGN_HEIGH:</b> 65<br/><b>TAG_NUM:</b> 0<br/><b>APPLY_DATE:</b>  <br/><b>NOTES_SUP:</b>  <br/><b>NOTES_VAR:</b> V-24-88<br/><b>NOTES_RQR:</b> RQR-35242; RQR-21348; RQR-6152; RQR-1708<br/><b>NOTES:</b>  <br/><b>SIZE_:</b> 14x48<br/><b>FIELD_CHEC:</b> 1]]></description>
      <Point>
        <coordinates>-115.16480363644624,36.15043388834347,0</coordinates>
      </Point>
    </Placemark>
    <Placemark>
      <name>002416     TAM                   DR</name>
      <description><![CDATA[<b>OBJECTID:</b> 271<br/><b>LVBOARDS_:</b> 325<br/><b>LVBOARDS_I:</b> 98<br/><b>SIGN_TYPE:</b>  <br/><b>STREET_NUM:</b> 0<br/><b>STREET_DIR:</b>  <br/><b>STREET_NAM:</b>  <br/><b>PARCEL:</b> 16204803014<br/><b>PARCELOLD:</b> 0<br/><b>APPLICANT:</b> ?<br/><b>SIGN_AREA:</b> 0<br/><b>SIGN_HEIGH:</b> 0<br/><b>TAG_NUM:</b> 0<br/><b>APPLY_DATE:</b>  <br/><b>NOTES_SUP:</b>  <br/><b>NOTES_VAR:</b>  <br/><b>NOTES_RQR:</b>  <br/><b>NOTES:</b>  <br/><b>SIZE_:</b>  <br/><b>FIELD_CHEC:</b> 1]]></description>
      <Point>
        <coordinates>-115.1633610655531,36.14452911928921,0</coordinates>
      </Point>
    </Placemark>
    <Placemark>
      <name>001900   W SAHARA                AVE</name>
      <description><![CDATA[<b>OBJECTID:</b> 272<br/><b>LVBOARDS_:</b> 326<br/><b>LVBOARDS_I:</b> 99<br/><b>SIGN_TYPE:</b>  <br/><b>STREET_NUM:</b> 1900<br/><b>STREET_DIR:</b> W<br/><b>STREET_NAM:</b> Sahara<br/><b>PARCEL:</b> 16204402007<br/><b>PARCELOLD:</b> 16204402007<br/><b>APPLICANT:</b> LAMAR<br/><b>SIGN_AREA:</b> 672<br/><b>SIGN_HEIGH:</b> 85<br/><b>TAG_NUM:</b> 0<br/><b>APPLY_DATE:</b> 01/06/93<br/><b>NOTES_SUP:</b>  <br/><b>NOTES_VAR:</b> V-156-92<br/><b>NOTES_RQR:</b>  <br/><b>NOTES:</b>  <br/><b>SIZE_:</b> 14x48<br/><b>FIELD_CHEC:</b> 1]]></description>
      <Point>
        <coordinates>-115.16929994948248,36.14522152395314,0</coordinates>
      </Point>
    </Placemark>
    <Placemark>
      <name>004029   W SAHARA                AVE</name>
      <description><![CDATA[<b>OBJECTID:</b> 273<br/><b>LVBOARDS_:</b> 327<br/><b>LVBOARDS_I:</b> 100<br/><b>SIGN_TYPE:</b>  <br/><b>STREET_NUM:</b> 4039<br/><b>STREET_DIR:</b> E<br/><b>STREET_NAM:</b> Sahara<br/><b>PARCEL:</b> 16207511007<br/><b>PARCELOLD:</b> 16207511007<br/><b>APPLICANT:</b>  <br/><b>SIGN_AREA:</b> 0<br/><b>SIGN_HEIGH:</b> 40<br/><b>TAG_NUM:</b> 0<br/><b>APPLY_DATE:</b>  <br/><b>NOTES_SUP:</b>  <br/><b>NOTES_VAR:</b>  <br/><b>NOTES_RQR:</b>  <br/><b>NOTES:</b>  <br/><b>SIZE_:</b> 14x48<br/><b>FIELD_CHEC:</b> 0]]></description>
      <Point>
        <coordinates>-115.19579950569988,36.14413570137637,0</coordinates>
      </Point>
    </Placemark>
    <Placemark>
      <name>13936210003</name>
      <description><![CDATA[<b>OBJECTID:</b> 274<br/><b>LVBOARDS_:</b> 0<br/><b>LVBOARDS_I:</b> 0<br/><b>SIGN_TYPE:</b>  <br/><b>STREET_NUM:</b> 390<br/><b>STREET_DIR:</b> N<br/><b>STREET_NAM:</b> Earstern<br/><b>PARCEL:</b> 13936210003<br/><b>PARCELOLD:</b> 0<br/><b>APPLICANT:</b> EASTERN 95 LLC<br/><b>APPLY_DATE:</b> 1/22/14<br/><b>NOTES_SUP:</b> SUP-51693<br/><b>NOTES_VAR:</b>  <br/><b>NOTES:</b>  <br/><b>FIELD_CHEC:</b> 0<br/><b>FREEWAY:</b> 750<br/><b>APP_FIN:</b>  <br/><b>WARD:</b> 3<br/><b>LAT:</b> 36.169024816683134<br/><b>LON:</b> -115.11505419432761]]></description>
      <Point>
        <coordinates>-115.11505419432761,36.169024816683134,0</coordinates>
      </Point>
    </Placemark>
    <Placemark>
      <name>007013   W CRAIG                 RD</name>
      <description><![CDATA[<b>OBJECTID:</b> 275<br/><b>LVBOARDS_:</b> 0<br/><b>LVBOARDS_I:</b> 0<br/><b>SIGN_TYPE:</b>  <br/><b>STREET_NUM:</b> 4204<br/><b>STREET_DIR:</b> N<br/><b>STREET_NAM:</b> Tenaya<br/><b>PARCEL:</b> 13803715003<br/><b>PARCELOLD:</b> 13803701012<br/><b>APPLICANT:</b> LAMAR<br/><b>SIGN_AREA:</b> 0<br/><b>SIGN_HEIGH:</b> 40<br/><b>TAG_NUM:</b> 0<br/><b>APPLY_DATE:</b>  <br/><b>NOTES_SUP:</b>  <br/><b>NOTES_VAR:</b>  <br/><b>NOTES_RQR:</b>  <br/><b>NOTES:</b>  <br/><b>SIZE_:</b> 14x48<br/><b>FIELD_CHEC:</b> 1]]></description>
      <Point>
        <coordinates>-115.24772154302919,36.2377189895184,0</coordinates>
      </Point>
    </Placemark>
    <Placemark>
      <name>000000</name>
      <description><![CDATA[<b>OBJECTID:</b> 276<br/><b>LVBOARDS_:</b> 0<br/><b>LVBOARDS_I:</b> 0<br/><b>SIGN_TYPE:</b>  <br/><b>STREET_NUM:</b> 0<br/><b>STREET_DIR:</b>  <br/><b>STREET_NAM:</b> US 95<br/><b>PARCEL:</b> 12517801002<br/><b>PARCELOLD:</b> 12517801002<br/><b>APPLICANT:</b> LAMAR<br/><b>SIGN_AREA:</b> 672<br/><b>SIGN_HEIGH:</b> 40<br/><b>TAG_NUM:</b> 0<br/><b>APPLY_DATE:</b>  <br/><b>NOTES_SUP:</b>  <br/><b>NOTES_VAR:</b>  <br/><b>NOTES_RQR:</b>  <br/><b>NOTES:</b>  <br/><b>SIZE_:</b> 14x48<br/><b>FIELD_CHEC:</b> 1]]></description>
      <Point>
        <coordinates>-115.2830907624122,36.29386992411877,0</coordinates>
      </Point>
    </Placemark>
    <Placemark>
      <name>007211     OSO BLANCA            RD</name>
      <description><![CDATA[<b>OBJECTID:</b> 277<br/><b>LVBOARDS_:</b> 0<br/><b>LVBOARDS_I:</b> 0<br/><b>SIGN_TYPE:</b>  <br/><b>STREET_NUM:</b> 7211<br/><b>STREET_DIR:</b>  <br/><b>STREET_NAM:</b> Oso Blanca Rd.<br/><b>PARCEL:</b> 12517801003<br/><b>PARCELOLD:</b> 12517801003<br/><b>APPLICANT:</b> VIACOM<br/><b>SIGN_AREA:</b> 672<br/><b>SIGN_HEIGH:</b> 40<br/><b>TAG_NUM:</b> 0<br/><b>APPLY_DATE:</b> 7/7/04<br/><b>NOTES_SUP:</b>  <br/><b>NOTES_VAR:</b>  <br/><b>NOTES_RQR:</b>  <br/><b>NOTES:</b> L-4805-04<br/><b>SIZE_:</b> 14x48<br/><b>FIELD_CHEC:</b> 1]]></description>
      <Point>
        <coordinates>-115.2816175607883,36.292066069150394,0</coordinates>
      </Point>
    </Placemark>
    <Placemark>
      <name>007215     TULE SPRINGS          RD</name>
      <description><![CDATA[<b>OBJECTID:</b> 278<br/><b>LVBOARDS_:</b> 0<br/><b>LVBOARDS_I:</b> 0<br/><b>SIGN_TYPE:</b>  <br/><b>STREET_NUM:</b> 7215<br/><b>STREET_DIR:</b>  <br/><b>STREET_NAM:</b> Tule Springs<br/><b>PARCEL:</b> 12517802011<br/><b>PARCELOLD:</b> 12517802007<br/><b>APPLICANT:</b> LAMAR<br/><b>SIGN_AREA:</b> 672<br/><b>SIGN_HEIGH:</b> 40<br/><b>TAG_NUM:</b> 0<br/><b>APPLY_DATE:</b>  <br/><b>NOTES_SUP:</b>  <br/><b>NOTES_VAR:</b>  <br/><b>NOTES_RQR:</b>  <br/><b>NOTES:</b> Relocated due to Elkhorn Road overpass  L-3700-04<br/><b>SIZE_:</b> 14x48<br/><b>FIELD_CHEC:</b> 1]]></description>
      <Point>
        <coordinates>-115.27916275460649,36.29222877316268,0</coordinates>
      </Point>
    </Placemark>
    <Placemark>
      <name>007285     TULE SPRINGS          RD</name>
      <description><![CDATA[<b>OBJECTID:</b> 279<br/><b>LVBOARDS_:</b> 0<br/><b>LVBOARDS_I:</b> 0<br/><b>SIGN_TYPE:</b>  <br/><b>STREET_NUM:</b> 7275<br/><b>STREET_DIR:</b>  <br/><b>STREET_NAM:</b> Tule Springs<br/><b>PARCEL:</b> 12517802009<br/><b>PARCELOLD:</b> 12517802003<br/><b>APPLICANT:</b> LAMAR<br/><b>SIGN_AREA:</b> 672<br/><b>SIGN_HEIGH:</b> 40<br/><b>TAG_NUM:</b> 0<br/><b>APPLY_DATE:</b>  <br/><b>NOTES_SUP:</b>  <br/><b>NOTES_VAR:</b>  <br/><b>NOTES_RQR:</b>  <br/><b>NOTES:</b> Relocated due to Elkhorn Road overpass  L-3701-04<br/><b>SIZE_:</b> 14x48<br/><b>FIELD_CHEC:</b> 1]]></description>
      <Point>
        <coordinates>-115.280244908403,36.29306432453445,0</coordinates>
      </Point>
    </Placemark>
    <Placemark>
      <name>007375     TULE SPRINGS          RD</name>
      <description><![CDATA[<b>OBJECTID:</b> 280<br/><b>LVBOARDS_:</b> 0<br/><b>LVBOARDS_I:</b> 0<br/><b>SIGN_TYPE:</b>  <br/><b>STREET_NUM:</b> 0<br/><b>STREET_DIR:</b>  <br/><b>STREET_NAM:</b> US 95<br/><b>PARCEL:</b> 12517802001<br/><b>PARCELOLD:</b> 12517802001<br/><b>APPLICANT:</b> LAMAR<br/><b>SIGN_AREA:</b> 672<br/><b>SIGN_HEIGH:</b> 40<br/><b>TAG_NUM:</b> 0<br/><b>APPLY_DATE:</b>  <br/><b>NOTES_SUP:</b>  <br/><b>NOTES_VAR:</b>  <br/><b>NOTES_RQR:</b>  <br/><b>NOTES:</b> Relocated due to Elkhorn Road overpass<br/><b>SIZE_:</b> 14x48<br/><b>FIELD_CHEC:</b> 1]]></description>
      <Point>
        <coordinates>-115.28135273707157,36.29420051631514,0</coordinates>
      </Point>
    </Placemark>
    <Placemark>
      <name>007375     TULE SPRINGS          RD</name>
      <description><![CDATA[<b>OBJECTID:</b> 281<br/><b>LVBOARDS_:</b> 0<br/><b>LVBOARDS_I:</b> 0<br/><b>SIGN_TYPE:</b>  <br/><b>STREET_NUM:</b> 0<br/><b>STREET_DIR:</b>  <br/><b>STREET_NAM:</b> US 95<br/><b>PARCEL:</b> 12517802001<br/><b>PARCELOLD:</b> 12517802001<br/><b>APPLICANT:</b> LAMAR<br/><b>SIGN_AREA:</b> 672<br/><b>SIGN_HEIGH:</b> 40<br/><b>TAG_NUM:</b> 0<br/><b>APPLY_DATE:</b>  <br/><b>NOTES_SUP:</b>  <br/><b>NOTES_VAR:</b>  <br/><b>NOTES_RQR:</b>  <br/><b>NOTES:</b>  <br/><b>SIZE_:</b> 14x48<br/><b>FIELD_CHEC:</b> 1]]></description>
      <Point>
        <coordinates>-115.28239831567592,36.295341157359935,0</coordinates>
      </Point>
    </Placemark>
    <Placemark>
      <name>003100   N RANCHO                DR</name>
      <description><![CDATA[<b>OBJECTID:</b> 282<br/><b>LVBOARDS_:</b> 0<br/><b>LVBOARDS_I:</b> 0<br/><b>SIGN_TYPE:</b>  <br/><b>STREET_NUM:</b> 0<br/><b>STREET_DIR:</b> N<br/><b>STREET_NAM:</b> Rancho<br/><b>PARCEL:</b> 13813505001<br/><b>PARCELOLD:</b> 13813505001<br/><b>APPLICANT:</b> Clear Channel Outdoor<br/><b>SIGN_AREA:</b> 672<br/><b>SIGN_HEIGH:</b> 0<br/><b>TAG_NUM:</b> 0<br/><b>APPLY_DATE:</b>  <br/><b>NOTES_SUP:</b>  <br/><b>NOTES_VAR:</b>  <br/><b>NOTES_RQR:</b>  <br/><b>NOTES:</b> North Las Vegas<br/><b>SIZE_:</b> 14x48<br/><b>FIELD_CHEC:</b> 1]]></description>
      <Point>
        <coordinates>-115.21130382208322,36.21681293531933,0</coordinates>
      </Point>
    </Placemark>
    <Placemark>
      <name>003100   N RANCHO                DR</name>
      <description><![CDATA[<b>OBJECTID:</b> 283<br/><b>LVBOARDS_:</b> 0<br/><b>LVBOARDS_I:</b> 0<br/><b>SIGN_TYPE:</b>  <br/><b>STREET_NUM:</b> 0<br/><b>STREET_DIR:</b> N<br/><b>STREET_NAM:</b> Rancho<br/><b>PARCEL:</b> 13813505001<br/><b>PARCELOLD:</b> 13813505001<br/><b>APPLICANT:</b> Clear Channel Outdoor<br/><b>SIGN_AREA:</b> 288<br/><b>SIGN_HEIGH:</b> 0<br/><b>TAG_NUM:</b> 0<br/><b>APPLY_DATE:</b>  <br/><b>NOTES_SUP:</b>  <br/><b>NOTES_VAR:</b>  <br/><b>NOTES_RQR:</b>  <br/><b>NOTES:</b> North Las Vegas<br/><b>SIZE_:</b> 12x24<br/><b>FIELD_CHEC:</b> 1]]></description>
      <Point>
        <coordinates>-115.20962138149835,36.2149762716535,0</coordinates>
      </Point>
    </Placemark>
    <Placemark>
      <name>13918410012</name>
      <description><![CDATA[<b>OBJECTID:</b> 284<br/><b>LVBOARDS_:</b> 0<br/><b>LVBOARDS_I:</b> 0<br/><b>SIGN_TYPE:</b>  <br/><b>STREET_NUM:</b> 0<br/><b>STREET_DIR:</b>  <br/><b>STREET_NAM:</b> Ranco<br/><b>PARCEL:</b> 13918410012<br/><b>PARCELOLD:</b> 13918410007<br/><b>APPLICANT:</b> LAMAR<br/><b>SIGN_AREA:</b> 672<br/><b>SIGN_HEIGH:</b> 0<br/><b>TAG_NUM:</b> 0<br/><b>APPLY_DATE:</b>  <br/><b>NOTES_SUP:</b> U-59-01<br/><b>NOTES_VAR:</b>  <br/><b>NOTES_RQR:</b> RQR-31565;RQR-17040; RQR-6794; RQR-4239; RQR-1994<br/><b>NOTES:</b> L-4945-01<br/><b>SIZE_:</b> 14x48<br/><b>FIELD_CHEC:</b> 1]]></description>
      <Point>
        <coordinates>-115.20389158120929,36.207763269609124,0</coordinates>
      </Point>
    </Placemark>
    <Placemark>
      <name>13918410012</name>
      <description><![CDATA[<b>OBJECTID:</b> 285<br/><b>LVBOARDS_:</b> 0<br/><b>LVBOARDS_I:</b> 0<br/><b>SIGN_TYPE:</b>  <br/><b>STREET_NUM:</b> 0<br/><b>STREET_DIR:</b>  <br/><b>STREET_NAM:</b> Decatur<br/><b>PARCEL:</b> 13918410012<br/><b>PARCELOLD:</b> 13918410007<br/><b>APPLICANT:</b> LAMAR<br/><b>SIGN_AREA:</b> 672<br/><b>SIGN_HEIGH:</b> 0<br/><b>TAG_NUM:</b> 0<br/><b>APPLY_DATE:</b>  <br/><b>NOTES_SUP:</b> U-59-01<br/><b>NOTES_VAR:</b>  <br/><b>NOTES_RQR:</b> RQR-31565;RQR-17040; RQR-6794; RQR-4239; RQR-1994<br/><b>NOTES:</b> L-4945-01<br/><b>SIZE_:</b> 14x48<br/><b>FIELD_CHEC:</b> 1]]></description>
      <Point>
        <coordinates>-115.20535084077784,36.20769994193354,0</coordinates>
      </Point>
    </Placemark>
    <Placemark>
      <name>002397   N RANCHO                DR</name>
      <description><![CDATA[<b>OBJECTID:</b> 286<br/><b>LVBOARDS_:</b> 0<br/><b>LVBOARDS_I:</b> 0<br/><b>SIGN_TYPE:</b>  <br/><b>STREET_NUM:</b> 2395<br/><b>STREET_DIR:</b> N<br/><b>STREET_NAM:</b> Rancho<br/><b>PARCEL:</b> 13919102001<br/><b>PARCELOLD:</b> 13919102001<br/><b>APPLICANT:</b> LAMAR<br/><b>SIGN_AREA:</b> 672<br/><b>SIGN_HEIGH:</b> 40<br/><b>TAG_NUM:</b> 834<br/><b>APPLY_DATE:</b> 3/30/95<br/><b>NOTES_SUP:</b> U-0132-01; U-0189-89<br/><b>NOTES_VAR:</b>  <br/><b>NOTES_RQR:</b> RQR-40594; 26890; 11192; 3232<br/><b>NOTES:</b>  <br/><b>SIZE_:</b>  <br/><b>FIELD_CHEC:</b> 1]]></description>
      <Point>
        <coordinates>-115.19898965461006,36.202309296803854,0</coordinates>
      </Point>
    </Placemark>
    <Placemark>
      <name>16208611002</name>
      <description><![CDATA[<b>OBJECTID:</b> 287<br/><b>LVBOARDS_:</b> 0<br/><b>LVBOARDS_I:</b> 0<br/><b>SIGN_TYPE:</b>  <br/><b>STREET_NUM:</b> 2901<br/><b>STREET_DIR:</b>  <br/><b>STREET_NAM:</b> Highland<br/><b>PARCEL:</b> 16208611002<br/><b>PARCELOLD:</b> 16208611002<br/><b>APPLICANT:</b>  <br/><b>SIGN_AREA:</b> 0<br/><b>SIGN_HEIGH:</b> 0<br/><b>TAG_NUM:</b> 0<br/><b>APPLY_DATE:</b>  <br/><b>NOTES_SUP:</b>  <br/><b>NOTES_VAR:</b>  <br/><b>NOTES_RQR:</b>  <br/><b>NOTES:</b>  <br/><b>SIZE_:</b>  <br/><b>FIELD_CHEC:</b> 1]]></description>
      <Point>
        <coordinates>-115.17442495067453,36.13934763177655,0</coordinates>
      </Point>
    </Placemark>
    <Placemark>
      <name>002751     WESTWOOD              DR</name>
      <description><![CDATA[<b>OBJECTID:</b> 288<br/><b>LVBOARDS_:</b> 0<br/><b>LVBOARDS_I:</b> 0<br/><b>SIGN_TYPE:</b>  <br/><b>STREET_NUM:</b> 2401<br/><b>STREET_DIR:</b>  <br/><b>STREET_NAM:</b> Westwood<br/><b>PARCEL:</b> 16209102004<br/><b>PARCELOLD:</b> 16209102002<br/><b>APPLICANT:</b> Clear Channel Outdoor<br/><b>SIGN_AREA:</b> 0<br/><b>SIGN_HEIGH:</b> 0<br/><b>TAG_NUM:</b> 0<br/><b>APPLY_DATE:</b>  <br/><b>NOTES_SUP:</b>  <br/><b>NOTES_VAR:</b>  <br/><b>NOTES_RQR:</b>  <br/><b>NOTES:</b> May be 2701 Westwood Dr.<br/><b>SIZE_:</b>  <br/><b>FIELD_CHEC:</b> 1]]></description>
      <Point>
        <coordinates>-115.17309282348364,36.14122643662868,0</coordinates>
      </Point>
    </Placemark>
    <Placemark>
      <name> </name>
      <description><![CDATA[<b>OBJECTID:</b> 289<br/><b>LVBOARDS_:</b> 0<br/><b>LVBOARDS_I:</b> 0<br/><b>SIGN_TYPE:</b>  <br/><b>STREET_NUM:</b> 1400<br/><b>STREET_DIR:</b> W<br/><b>STREET_NAM:</b> Sutter<br/><b>PARCEL:</b> 16209198001<br/><b>PARCELOLD:</b> 16209103002<br/><b>APPLICANT:</b> LAMAR<br/><b>SIGN_AREA:</b> 0<br/><b>SIGN_HEIGH:</b> 40<br/><b>TAG_NUM:</b> 0<br/><b>APPLY_DATE:</b>  <br/><b>NOTES_SUP:</b>  <br/><b>NOTES_VAR:</b>  <br/><b>NOTES_RQR:</b>  <br/><b>NOTES:</b>  <br/><b>SIZE_:</b> 14x48<br/><b>FIELD_CHEC:</b> 1]]></description>
      <Point>
        <coordinates>-115.16643521155478,36.1437973154193,0</coordinates>
      </Point>
    </Placemark>
    <Placemark>
      <name>004400   E CHARLESTON            BLVD</name>
      <description><![CDATA[<b>OBJECTID:</b> 290<br/><b>LVBOARDS_:</b> 0<br/><b>LVBOARDS_I:</b> 0<br/><b>SIGN_TYPE:</b>  <br/><b>STREET_NUM:</b> 4400<br/><b>STREET_DIR:</b> E<br/><b>STREET_NAM:</b> Charleston<br/><b>PARCEL:</b> 14032401004<br/><b>PARCELOLD:</b> 14032401004<br/><b>APPLICANT:</b>  <br/><b>SIGN_AREA:</b> 672<br/><b>SIGN_HEIGH:</b> 40<br/><b>TAG_NUM:</b> 0<br/><b>APPLY_DATE:</b>  <br/><b>NOTES_SUP:</b> U-53-87<br/><b>NOTES_VAR:</b>  <br/><b>NOTES_RQR:</b> RQR-31529; U-53-87<br/><b>NOTES:</b>  <br/><b>SIZE_:</b> 14x48<br/><b>FIELD_CHEC:</b> 1]]></description>
      <Point>
        <coordinates>-115.08000827163092,36.159444873616486,0</coordinates>
      </Point>
    </Placemark>
    <Placemark>
      <name>000333   N 11TH                  ST</name>
      <description><![CDATA[<b>OBJECTID:</b> 291<br/><b>LVBOARDS_:</b> 0<br/><b>LVBOARDS_I:</b> 0<br/><b>SIGN_TYPE:</b>  <br/><b>STREET_NUM:</b> 333<br/><b>STREET_DIR:</b> N<br/><b>STREET_NAM:</b> 11th<br/><b>PARCEL:</b> 13935211041<br/><b>PARCELOLD:</b> 13935211041<br/><b>APPLICANT:</b> VIACOM<br/><b>SIGN_AREA:</b> 672<br/><b>SIGN_HEIGH:</b> 65<br/><b>TAG_NUM:</b> 871<br/><b>APPLY_DATE:</b> 4/25/95<br/><b>NOTES_SUP:</b>  <br/><b>NOTES_VAR:</b>  <br/><b>NOTES_RQR:</b>  <br/><b>NOTES:</b> SDR-33880; SDR-27728; Z-8-95<br/><b>SIZE_:</b> 14x48<br/><b>FIELD_CHEC:</b> 1]]></description>
      <Point>
        <coordinates>-115.13161484827387,36.17013690965433,0</coordinates>
      </Point>
    </Placemark>
    <Placemark>
      <name>13934311001</name>
      <description><![CDATA[<b>OBJECTID:</b> 292<br/><b>LVBOARDS_:</b> 0<br/><b>LVBOARDS_I:</b> 0<br/><b>SIGN_TYPE:</b>  <br/><b>STREET_NUM:</b> 517<br/><b>STREET_DIR:</b> S<br/><b>STREET_NAM:</b> Main<br/><b>PARCEL:</b> 13934311001<br/><b>PARCELOLD:</b> 13934311001<br/><b>APPLICANT:</b> Clear Channel Outdoor<br/><b>SIGN_AREA:</b> 288<br/><b>SIGN_HEIGH:</b> 30<br/><b>TAG_NUM:</b> 0<br/><b>APPLY_DATE:</b>  <br/><b>NOTES_SUP:</b>  <br/><b>NOTES_VAR:</b>  <br/><b>NOTES_RQR:</b>  <br/><b>NOTES:</b>  <br/><b>SIZE_:</b> 12x24<br/><b>FIELD_CHEC:</b> 1]]></description>
      <Point>
        <coordinates>-115.14959115614762,36.166419012421834,0</coordinates>
      </Point>
    </Placemark>
    <Placemark>
      <name>000906   S 6TH                   ST</name>
      <description><![CDATA[<b>OBJECTID:</b> 293<br/><b>LVBOARDS_:</b> 0<br/><b>LVBOARDS_I:</b> 0<br/><b>SIGN_TYPE:</b>  <br/><b>STREET_NUM:</b> 906<br/><b>STREET_DIR:</b> S<br/><b>STREET_NAM:</b> 6th<br/><b>PARCEL:</b> 13934410202<br/><b>PARCELOLD:</b> 13934410202<br/><b>APPLICANT:</b> Clear Channel Outdoor<br/><b>SIGN_AREA:</b> 672<br/><b>SIGN_HEIGH:</b> 0<br/><b>TAG_NUM:</b> 0<br/><b>APPLY_DATE:</b>  <br/><b>NOTES_SUP:</b>  <br/><b>NOTES_VAR:</b>  <br/><b>NOTES_RQR:</b>  <br/><b>NOTES:</b> No Case History<br/><b>SIZE_:</b> 14x48<br/><b>FIELD_CHEC:</b> 1]]></description>
      <Point>
        <coordinates>-115.14643620259046,36.1590484610613,0</coordinates>
      </Point>
    </Placemark>
    <Placemark>
      <name>002146     HIGHLAND              DR</name>
      <description><![CDATA[<b>OBJECTID:</b> 294<br/><b>LVBOARDS_:</b> 0<br/><b>LVBOARDS_I:</b> 0<br/><b>SIGN_TYPE:</b>  <br/><b>STREET_NUM:</b> 2130<br/><b>STREET_DIR:</b>  <br/><b>STREET_NAM:</b> Highland<br/><b>PARCEL:</b> 16204402001<br/><b>PARCELOLD:</b> 16204402001<br/><b>APPLICANT:</b> Clear Channel Outdoor<br/><b>SIGN_AREA:</b> 672<br/><b>SIGN_HEIGH:</b> 80<br/><b>TAG_NUM:</b> 0<br/><b>APPLY_DATE:</b>  <br/><b>NOTES_SUP:</b>  <br/><b>NOTES_VAR:</b> V-25-88<br/><b>NOTES_RQR:</b> RQR-35241; RQR-21346; RQR-6151; RQR-1706<br/><b>NOTES:</b>  <br/><b>SIZE_:</b> 14x48<br/><b>FIELD_CHEC:</b> 1]]></description>
      <Point>
        <coordinates>-115.16775463276463,36.1472047927834,0</coordinates>
      </Point>
    </Placemark>
    <Placemark>
      <name>001109     WESTERN               AVE</name>
      <description><![CDATA[<b>OBJECTID:</b> 295<br/><b>LVBOARDS_:</b> 0<br/><b>LVBOARDS_I:</b> 0<br/><b>SIGN_TYPE:</b>  <br/><b>STREET_NUM:</b> 1109<br/><b>STREET_DIR:</b> S<br/><b>STREET_NAM:</b> Western<br/><b>PARCEL:</b> 16204504001<br/><b>PARCELOLD:</b> 16204504001<br/><b>APPLICANT:</b> LAMAR<br/><b>SIGN_AREA:</b> 672<br/><b>SIGN_HEIGH:</b> 40<br/><b>TAG_NUM:</b> 1755<br/><b>APPLY_DATE:</b> 10/21/96<br/><b>NOTES_SUP:</b>  <br/><b>NOTES_VAR:</b> V-112-96<br/><b>NOTES_RQR:</b> RQR-12173; RQR-3685<br/><b>NOTES:</b>  <br/><b>SIZE_:</b> 14x48<br/><b>FIELD_CHEC:</b> 1]]></description>
      <Point>
        <coordinates>-115.15944159674046,36.15861330399435,0</coordinates>
      </Point>
    </Placemark>
    <Placemark>
      <name>003441   W SAHARA                AVE</name>
      <description><![CDATA[<b>OBJECTID:</b> 296<br/><b>LVBOARDS_:</b> 0<br/><b>LVBOARDS_I:</b> 0<br/><b>SIGN_TYPE:</b>  <br/><b>STREET_NUM:</b> 3441<br/><b>STREET_DIR:</b> W<br/><b>STREET_NAM:</b> Sahara<br/><b>PARCEL:</b> 16208110001<br/><b>PARCELOLD:</b> 16208110001<br/><b>APPLICANT:</b> LAMAR<br/><b>SIGN_AREA:</b> 972<br/><b>SIGN_HEIGH:</b> 50<br/><b>TAG_NUM:</b> 0<br/><b>APPLY_DATE:</b> 02/13/03<br/><b>NOTES_SUP:</b> SUP-1555<br/><b>NOTES_VAR:</b> VAR-1554<br/><b>NOTES_RQR:</b> RQR-1555<br/><b>NOTES:</b>  <br/><b>SIZE_:</b> 14x48<br/><b>FIELD_CHEC:</b> 1]]></description>
      <Point>
        <coordinates>-115.18761691228228,36.14405116966793,0</coordinates>
      </Point>
    </Placemark>
    <Placemark>
      <name>000928   S LAS VEGAS             BLVD</name>
      <description><![CDATA[<b>OBJECTID:</b> 297<br/><b>LVBOARDS_:</b> 0<br/><b>LVBOARDS_I:</b> 0<br/><b>SIGN_TYPE:</b>  <br/><b>STREET_NUM:</b> 928<br/><b>STREET_DIR:</b> SO<br/><b>STREET_NAM:</b> Las Vegas<br/><b>PARCEL:</b> 13934410165<br/><b>PARCELOLD:</b> 13934410165<br/><b>APPLICANT:</b> Reagan National Advertising<br/><b>SIGN_AREA:</b> 672<br/><b>SIGN_HEIGH:</b> 40<br/><b>TAG_NUM:</b> 0<br/><b>APPLY_DATE:</b>  <br/><b>NOTES_SUP:</b> U-0028-01<br/><b>NOTES_VAR:</b>  <br/><b>NOTES_RQR:</b> RQR-40298; -36373; 29727; 17518; 5247; 3024<br/><b>NOTES:</b> ROC-7358<br/><b>SIZE_:</b> 28x24<br/><b>FIELD_CHEC:</b> 1]]></description>
      <Point>
        <coordinates>-115.14801681576867,36.15903333470474,0</coordinates>
      </Point>
    </Placemark>
    <Placemark>
      <name>006705     US HWY 95</name>
      <description><![CDATA[<b>OBJECTID:</b> 298<br/><b>LVBOARDS_:</b> 0<br/><b>LVBOARDS_I:</b> 0<br/><b>SIGN_TYPE:</b>  <br/><b>STREET_NUM:</b> 6695<br/><b>STREET_DIR:</b>  <br/><b>STREET_NAM:</b> Osa Blanca<br/><b>PARCEL:</b> 12521301003<br/><b>PARCELOLD:</b> 12521301003<br/><b>APPLICANT:</b> LAMAR<br/><b>SIGN_AREA:</b> 672<br/><b>SIGN_HEIGH:</b> 0<br/><b>TAG_NUM:</b> 0<br/><b>APPLY_DATE:</b>  <br/><b>NOTES_SUP:</b>  <br/><b>NOTES_VAR:</b>  <br/><b>NOTES_RQR:</b>  <br/><b>NOTES:</b>  <br/><b>SIZE_:</b> 14x48<br/><b>FIELD_CHEC:</b> 1]]></description>
      <Point>
        <coordinates>-115.27301886442227,36.282807920838714,0</coordinates>
      </Point>
    </Placemark>
    <Placemark>
      <name>001134   S RAINBOW               BLVD</name>
      <description><![CDATA[<b>OBJECTID:</b> 299<br/><b>LVBOARDS_:</b> 0<br/><b>LVBOARDS_I:</b> 0<br/><b>SIGN_TYPE:</b>  <br/><b>STREET_NUM:</b> 1110<br/><b>STREET_DIR:</b> So<br/><b>STREET_NAM:</b> Rainbow<br/><b>PARCEL:</b> 16302101002<br/><b>PARCELOLD:</b> 16302101002<br/><b>APPLICANT:</b> COG III, Limited<br/><b>SIGN_AREA:</b> 672<br/><b>SIGN_HEIGH:</b> 40<br/><b>TAG_NUM:</b> 0<br/><b>APPLY_DATE:</b> 10/01/03<br/><b>NOTES_SUP:</b> SUP-2758<br/><b>NOTES_VAR:</b>  <br/><b>NOTES_RQR:</b> RQR-39371; 18626; 8789<br/><b>NOTES:</b>  <br/><b>SIZE_:</b> 14x48<br/><b>FIELD_CHEC:</b> 1]]></description>
      <Point>
        <coordinates>-115.24265768558472,36.15892339422364,0</coordinates>
      </Point>
    </Placemark>
    <Placemark>
      <name>003500   W SAHARA                AVE</name>
      <description><![CDATA[<b>OBJECTID:</b> 300<br/><b>LVBOARDS_:</b> 0<br/><b>LVBOARDS_I:</b> 0<br/><b>SIGN_TYPE:</b>  <br/><b>STREET_NUM:</b> 3500<br/><b>STREET_DIR:</b> W<br/><b>STREET_NAM:</b> Sahara<br/><b>PARCEL:</b> 16205402007<br/><b>PARCELOLD:</b> 16205402007<br/><b>APPLICANT:</b> Show Media<br/><b>SIGN_AREA:</b> 672<br/><b>SIGN_HEIGH:</b> 40<br/><b>TAG_NUM:</b> 0<br/><b>APPLY_DATE:</b> 10/25/03<br/><b>NOTES_SUP:</b> SUP-2537<br/><b>NOTES_VAR:</b> VAR-2538<br/><b>NOTES_RQR:</b> RQR-30483;RQR-8953<br/><b>NOTES:</b>  <br/><b>SIZE_:</b> 14x48<br/><b>FIELD_CHEC:</b> 1]]></description>
      <Point>
        <coordinates>-115.1887188800619,36.144749448656796,0</coordinates>
      </Point>
    </Placemark>
    <Placemark>
      <name>004907     VEGAS                 DR</name>
      <description><![CDATA[<b>OBJECTID:</b> 301<br/><b>LVBOARDS_:</b> 0<br/><b>LVBOARDS_I:</b> 0<br/><b>SIGN_TYPE:</b>  <br/><b>STREET_NUM:</b> 1571<br/><b>STREET_DIR:</b> N<br/><b>STREET_NAM:</b> Decatur<br/><b>PARCEL:</b> 13825503003<br/><b>PARCELOLD:</b> 13825503003<br/><b>APPLICANT:</b> Las Vegas Billboards<br/><b>SIGN_AREA:</b> 288<br/><b>SIGN_HEIGH:</b> 40<br/><b>TAG_NUM:</b> 0<br/><b>APPLY_DATE:</b> 12/03/03<br/><b>NOTES_SUP:</b> SUP-3061<br/><b>NOTES_VAR:</b>  <br/><b>NOTES_RQR:</b> RQR-39499; RQR-24404; RQR-11336<br/><b>NOTES:</b>  <br/><b>SIZE_:</b> 12x24<br/><b>FIELD_CHEC:</b> 1]]></description>
      <Point>
        <coordinates>-115.20740454789542,36.18801345102257,0</coordinates>
      </Point>
    </Placemark>
    <Placemark>
      <name>006154   W SAHARA                AVE</name>
      <description><![CDATA[<b>OBJECTID:</b> 302<br/><b>LVBOARDS_:</b> 0<br/><b>LVBOARDS_I:</b> 0<br/><b>SIGN_TYPE:</b>  <br/><b>STREET_NUM:</b> 6118<br/><b>STREET_DIR:</b> W<br/><b>STREET_NAM:</b> Sahara<br/><b>PARCEL:</b> 16302802004<br/><b>PARCELOLD:</b> 16302802004<br/><b>APPLICANT:</b> Show Media<br/><b>SIGN_AREA:</b> 672<br/><b>SIGN_HEIGH:</b> 40<br/><b>TAG_NUM:</b> 0<br/><b>APPLY_DATE:</b> 12/03/03<br/><b>NOTES_SUP:</b> SUP-3115<br/><b>NOTES_VAR:</b>  <br/><b>NOTES_RQR:</b> RQR-41221; RQR-26970; RQR-11402<br/><b>NOTES:</b>  <br/><b>SIZE_:</b> 14x48<br/><b>FIELD_CHEC:</b> 1]]></description>
      <Point>
        <coordinates>-115.22592343034393,36.14456791257739,0</coordinates>
      </Point>
    </Placemark>
    <Placemark>
      <name>000789   N NELLIS                BLVD</name>
      <description><![CDATA[<b>OBJECTID:</b> 303<br/><b>LVBOARDS_:</b> 0<br/><b>LVBOARDS_I:</b> 0<br/><b>SIGN_TYPE:</b>  <br/><b>STREET_NUM:</b> 793<br/><b>STREET_DIR:</b> N<br/><b>STREET_NAM:</b> Nellis<br/><b>PARCEL:</b> 14029802004<br/><b>PARCELOLD:</b> 14029802004<br/><b>APPLICANT:</b> Reagan National Advertising<br/><b>SIGN_AREA:</b> 672<br/><b>SIGN_HEIGH:</b> 40<br/><b>TAG_NUM:</b> 0<br/><b>APPLY_DATE:</b> 12/17/03<br/><b>NOTES_SUP:</b> SUP-2759<br/><b>NOTES_VAR:</b> RQR-11127<br/><b>NOTES_RQR:</b> RQR-26439<br/><b>NOTES:</b>  <br/><b>SIZE_:</b> 14x48<br/><b>FIELD_CHEC:</b> 1]]></description>
      <Point>
        <coordinates>-115.06246809565272,36.177092504929185,0</coordinates>
      </Point>
    </Placemark>
    <Placemark>
      <name>002601     WESTWOOD              DR</name>
      <description><![CDATA[<b>OBJECTID:</b> 304<br/><b>LVBOARDS_:</b> 0<br/><b>LVBOARDS_I:</b> 0<br/><b>SIGN_TYPE:</b>  <br/><b>STREET_NUM:</b> 2601<br/><b>STREET_DIR:</b>  <br/><b>STREET_NAM:</b> Westwood Dr.<br/><b>PARCEL:</b> 16209102005<br/><b>PARCELOLD:</b> 16209102005<br/><b>APPLICANT:</b> Clear Channel Outdoor<br/><b>SIGN_AREA:</b> 624<br/><b>SIGN_HEIGH:</b> 55<br/><b>TAG_NUM:</b> 0<br/><b>APPLY_DATE:</b> 12/17/03<br/><b>NOTES_SUP:</b> SUP-3140; SUP-1499<br/><b>NOTES_VAR:</b>  <br/><b>NOTES_RQR:</b> RQR-33271; RQR-11401<br/><b>NOTES:</b>  <br/><b>SIZE_:</b> 24x26<br/><b>FIELD_CHEC:</b> 1]]></description>
      <Point>
        <coordinates>-115.17113729609086,36.14300203863554,0</coordinates>
      </Point>
    </Placemark>
    <Placemark>
      <name>16207101005</name>
      <description><![CDATA[<b>OBJECTID:</b> 305<br/><b>LVBOARDS_:</b> 0<br/><b>LVBOARDS_I:</b> 0<br/><b>SIGN_TYPE:</b>  <br/><b>STREET_NUM:</b> 4545<br/><b>STREET_DIR:</b> W<br/><b>STREET_NAM:</b> Sahara Ave.<br/><b>PARCEL:</b> 16207101005<br/><b>PARCELOLD:</b> 16207101005<br/><b>APPLICANT:</b> Show Media<br/><b>SIGN_AREA:</b> 672<br/><b>SIGN_HEIGH:</b> 40<br/><b>TAG_NUM:</b> 0<br/><b>APPLY_DATE:</b> 01/21/04<br/><b>NOTES_SUP:</b> SUP-3114<br/><b>NOTES_VAR:</b>  <br/><b>NOTES_RQR:</b> RQR-11399<br/><b>NOTES:</b> Denied; to be removed by 5/19/2006<br/><b>SIZE_:</b> 14x48<br/><b>FIELD_CHEC:</b> 1]]></description>
      <Point>
        <coordinates>-115.20325087416516,36.14422884810677,0</coordinates>
      </Point>
    </Placemark>
    <Placemark>
      <name>001701     WESTERN               AVE</name>
      <description><![CDATA[<b>OBJECTID:</b> 306<br/><b>LVBOARDS_:</b> 0<br/><b>LVBOARDS_I:</b> 0<br/><b>SIGN_TYPE:</b>  <br/><b>STREET_NUM:</b> 0<br/><b>STREET_DIR:</b>  <br/><b>STREET_NAM:</b> SE Highland/Western<br/><b>PARCEL:</b> 16204703001<br/><b>PARCELOLD:</b> 16204703001<br/><b>APPLICANT:</b> Las Vegas Billboards<br/><b>SIGN_AREA:</b> 672<br/><b>SIGN_HEIGH:</b> 40<br/><b>TAG_NUM:</b> 0<br/><b>APPLY_DATE:</b> 02/04/04<br/><b>NOTES_SUP:</b> SUP-3285<br/><b>NOTES_VAR:</b>  <br/><b>NOTES_RQR:</b> RQR-40786; 11565<br/><b>NOTES:</b>  <br/><b>SIZE_:</b> 14x48<br/><b>FIELD_CHEC:</b> 1]]></description>
      <Point>
        <coordinates>-115.16271189378509,36.15109442656469,0</coordinates>
      </Point>
    </Placemark>
    <Placemark>
      <name>002200   W MESQUITE              AVE</name>
      <description><![CDATA[<b>OBJECTID:</b> 307<br/><b>LVBOARDS_:</b> 0<br/><b>LVBOARDS_I:</b> 0<br/><b>SIGN_TYPE:</b>  <br/><b>STREET_NUM:</b> 2234<br/><b>STREET_DIR:</b> W<br/><b>STREET_NAM:</b> Mesquite Ave<br/><b>PARCEL:</b> 13929801009<br/><b>PARCELOLD:</b> 13929801005<br/><b>APPLICANT:</b> Ad America Inc.<br/><b>SIGN_AREA:</b> 672<br/><b>SIGN_HEIGH:</b> 40<br/><b>TAG_NUM:</b> 0<br/><b>APPLY_DATE:</b> 10/28/03<br/><b>NOTES_SUP:</b> U-0010-02<br/><b>NOTES_VAR:</b>  <br/><b>NOTES_RQR:</b> RQR-28992<br/><b>NOTES:</b> L-2064-04; DIR-17195<br/><b>SIZE_:</b> 14x48<br/><b>FIELD_CHEC:</b> 1]]></description>
      <Point>
        <coordinates>-115.17188879393535,36.17469365306339,0</coordinates>
      </Point>
    </Placemark>
    <Placemark>
      <name>002901     HIGHLAND              DR</name>
      <description><![CDATA[<b>OBJECTID:</b> 308<br/><b>LVBOARDS_:</b> 0<br/><b>LVBOARDS_I:</b> 0<br/><b>SIGN_TYPE:</b>  <br/><b>STREET_NUM:</b> 2901<br/><b>STREET_DIR:</b>  <br/><b>STREET_NAM:</b> Highland<br/><b>PARCEL:</b> 16208611011<br/><b>PARCELOLD:</b> 16208611011<br/><b>APPLICANT:</b> Reagan National Advertising<br/><b>SIGN_AREA:</b> 672<br/><b>SIGN_HEIGH:</b> 45<br/><b>TAG_NUM:</b> 0<br/><b>APPLY_DATE:</b> 08/12/03<br/><b>NOTES_SUP:</b> SUP-1945<br/><b>NOTES_VAR:</b> VAR-1946<br/><b>NOTES_RQR:</b> RQR-21567; RQR-6171<br/><b>NOTES:</b>  <br/><b>SIZE_:</b> 24x28<br/><b>FIELD_CHEC:</b> 1]]></description>
      <Point>
        <coordinates>-115.1732065201391,36.13753389216269,0</coordinates>
      </Point>
    </Placemark>
    <Placemark>
      <name>002901     HIGHLAND              DR</name>
      <description><![CDATA[<b>OBJECTID:</b> 309<br/><b>LVBOARDS_:</b> 0<br/><b>LVBOARDS_I:</b> 0<br/><b>SIGN_TYPE:</b>  <br/><b>STREET_NUM:</b> 2903<br/><b>STREET_DIR:</b>  <br/><b>STREET_NAM:</b> Highland Dr.<br/><b>PARCEL:</b> 16209210002<br/><b>PARCELOLD:</b> 16209210002<br/><b>APPLICANT:</b> Reagan National Advertising<br/><b>SIGN_AREA:</b> 672<br/><b>SIGN_HEIGH:</b> 45<br/><b>TAG_NUM:</b> 0<br/><b>APPLY_DATE:</b> 8/12/03<br/><b>NOTES_SUP:</b> SUP-1876<br/><b>NOTES_VAR:</b> VAR-1947<br/><b>NOTES_RQR:</b> RQR-21572; RQR-6169<br/><b>NOTES:</b>  <br/><b>SIZE_:</b> 14x48<br/><b>FIELD_CHEC:</b> 1]]></description>
      <Point>
        <coordinates>-115.17251604147185,36.13848450315127,0</coordinates>
      </Point>
    </Placemark>
    <Placemark>
      <name>000210   E CHARLESTON            BLVD</name>
      <description><![CDATA[<b>OBJECTID:</b> 310<br/><b>LVBOARDS_:</b> 0<br/><b>LVBOARDS_I:</b> 0<br/><b>SIGN_TYPE:</b>  <br/><b>STREET_NUM:</b> 210<br/><b>STREET_DIR:</b> E<br/><b>STREET_NAM:</b> Charleston<br/><b>PARCEL:</b> 16203110039<br/><b>PARCELOLD:</b> 16203110039<br/><b>APPLICANT:</b> LAMAR<br/><b>SIGN_AREA:</b> 672<br/><b>SIGN_HEIGH:</b> 0<br/><b>TAG_NUM:</b> 0<br/><b>APPLY_DATE:</b>  <br/><b>NOTES_SUP:</b>  <br/><b>NOTES_VAR:</b>  <br/><b>NOTES_RQR:</b>  <br/><b>NOTES:</b>  <br/><b>SIZE_:</b> 14x48<br/><b>FIELD_CHEC:</b> 1]]></description>
      <Point>
        <coordinates>-115.15171232430075,36.15864883233346,0</coordinates>
      </Point>
    </Placemark>
    <Placemark>
      <name>002101   S DECATUR               BLVD</name>
      <description><![CDATA[<b>OBJECTID:</b> 311<br/><b>LVBOARDS_:</b> 0<br/><b>LVBOARDS_I:</b> 0<br/><b>SIGN_TYPE:</b>  <br/><b>STREET_NUM:</b> 2101<br/><b>STREET_DIR:</b> S<br/><b>STREET_NAM:</b> Decatur<br/><b>PARCEL:</b> 16301708004<br/><b>PARCELOLD:</b> 16301708004<br/><b>APPLICANT:</b> Las Vegas Billboards<br/><b>SIGN_AREA:</b> 672<br/><b>SIGN_HEIGH:</b> 40<br/><b>TAG_NUM:</b> 0<br/><b>APPLY_DATE:</b> 03/05/03<br/><b>NOTES_SUP:</b> U-0034-01<br/><b>NOTES_VAR:</b>  <br/><b>NOTES_RQR:</b> RQR-29711;RQR-29711<br/><b>NOTES:</b>  <br/><b>SIZE_:</b> 14x48<br/><b>FIELD_CHEC:</b> 1]]></description>
      <Point>
        <coordinates>-115.20853345766042,36.14897404403171,0</coordinates>
      </Point>
    </Placemark>
    <Placemark>
      <name>002244     PARADISE              RD</name>
      <description><![CDATA[<b>OBJECTID:</b> 312<br/><b>LVBOARDS_:</b> 0<br/><b>LVBOARDS_I:</b> 0<br/><b>SIGN_TYPE:</b>  <br/><b>STREET_NUM:</b> 2252<br/><b>STREET_DIR:</b>  <br/><b>STREET_NAM:</b> Paradise<br/><b>PARCEL:</b> 16203411011<br/><b>PARCELOLD:</b> 16203411011<br/><b>APPLICANT:</b> Chetak Development Corporation<br/><b>SIGN_AREA:</b> 672<br/><b>SIGN_HEIGH:</b> 55<br/><b>TAG_NUM:</b> 0<br/><b>APPLY_DATE:</b> 01/22/03<br/><b>NOTES_SUP:</b> SUP-1274<br/><b>NOTES_VAR:</b>  <br/><b>NOTES_RQR:</b> RQR-33882; RQR-12169; RQR-5925<br/><b>NOTES:</b>  <br/><b>SIZE_:</b> 14x48<br/><b>FIELD_CHEC:</b> 1]]></description>
      <Point>
        <coordinates>-115.15549318377573,36.14405401134844,0</coordinates>
      </Point>
    </Placemark>
    <Placemark>
      <name>001000   E SAHARA                AVE</name>
      <description><![CDATA[<b>OBJECTID:</b> 313<br/><b>LVBOARDS_:</b> 0<br/><b>LVBOARDS_I:</b> 0<br/><b>SIGN_TYPE:</b>  <br/><b>STREET_NUM:</b> 1002<br/><b>STREET_DIR:</b> E<br/><b>STREET_NAM:</b> Sahara<br/><b>PARCEL:</b> 16203801116<br/><b>PARCELOLD:</b> 16203801116<br/><b>APPLICANT:</b> Reagan National Advertising<br/><b>SIGN_AREA:</b> 672<br/><b>SIGN_HEIGH:</b> 40<br/><b>TAG_NUM:</b> 0<br/><b>APPLY_DATE:</b> 05/05/04<br/><b>NOTES_SUP:</b> SUP-3973<br/><b>NOTES_VAR:</b>  <br/><b>NOTES_RQR:</b> RQR-33955; RQR-12020<br/><b>NOTES:</b>  <br/><b>SIZE_:</b> 14x48<br/><b>FIELD_CHEC:</b> 1]]></description>
      <Point>
        <coordinates>-115.14091949589769,36.144451040375465,0</coordinates>
      </Point>
    </Placemark>
    <Placemark>
      <name>000310   S MAIN                  ST</name>
      <description><![CDATA[<b>OBJECTID:</b> 314<br/><b>LVBOARDS_:</b> 0<br/><b>LVBOARDS_I:</b> 0<br/><b>SIGN_TYPE:</b>  <br/><b>STREET_NUM:</b> 310<br/><b>STREET_DIR:</b> S<br/><b>STREET_NAM:</b> Main<br/><b>PARCEL:</b> 13934201003<br/><b>PARCELOLD:</b> 13934201003<br/><b>APPLICANT:</b> Barrick-Breo II, LLC<br/><b>SIGN_AREA:</b> 288<br/><b>SIGN_HEIGH:</b> 20<br/><b>TAG_NUM:</b> 1307<br/><b>APPLY_DATE:</b>  <br/><b>NOTES_SUP:</b> U-106-95<br/><b>NOTES_VAR:</b>  <br/><b>NOTES_RQR:</b> RQR-13674; RQR-4187<br/><b>NOTES:</b>  <br/><b>SIZE_:</b> 12x24<br/><b>FIELD_CHEC:</b> 0]]></description>
      <Point>
        <coordinates>-115.14839295279026,36.16889100110975,0</coordinates>
      </Point>
    </Placemark>
    <Placemark>
      <name>001785   W BONANZA               RD</name>
      <description><![CDATA[<b>OBJECTID:</b> 315<br/><b>LVBOARDS_:</b> 0<br/><b>LVBOARDS_I:</b> 0<br/><b>SIGN_TYPE:</b>  <br/><b>STREET_NUM:</b> 1633<br/><b>STREET_DIR:</b> W<br/><b>STREET_NAM:</b> Bonanza<br/><b>PARCEL:</b> 13928412001<br/><b>PARCELOLD:</b> 13928411001<br/><b>APPLICANT:</b> Clear Channel Outdoor<br/><b>SIGN_AREA:</b> 672<br/><b>SIGN_HEIGH:</b> 40<br/><b>TAG_NUM:</b> 0<br/><b>APPLY_DATE:</b> 5/17/04<br/><b>NOTES_SUP:</b>  <br/><b>NOTES_VAR:</b>  <br/><b>NOTES_RQR:</b>  <br/><b>NOTES:</b> L-2172-04, moved US95 widening<br/><b>SIZE_:</b> 14x48<br/><b>FIELD_CHEC:</b> 1]]></description>
      <Point>
        <coordinates>-115.16381131693107,36.176278250301145,0</coordinates>
      </Point>
    </Placemark>
    <Placemark>
      <name>001615   N DECATUR               BLVD</name>
      <description><![CDATA[<b>OBJECTID:</b> 316<br/><b>LVBOARDS_:</b> 0<br/><b>LVBOARDS_I:</b> 0<br/><b>SIGN_TYPE:</b>  <br/><b>STREET_NUM:</b> 1615<br/><b>STREET_DIR:</b> N<br/><b>STREET_NAM:</b> Decatur<br/><b>PARCEL:</b> 13824804013<br/><b>PARCELOLD:</b> 13824804013<br/><b>APPLICANT:</b> Las Vegas Billboards<br/><b>SIGN_AREA:</b> 672<br/><b>SIGN_HEIGH:</b> 40<br/><b>TAG_NUM:</b> 0<br/><b>APPLY_DATE:</b> 07/07/04<br/><b>NOTES_SUP:</b> SUP-4169<br/><b>NOTES_VAR:</b>  <br/><b>NOTES_RQR:</b> RQR-30332<br/><b>NOTES:</b> L-4859-04<br/><b>SIZE_:</b> 14x48<br/><b>FIELD_CHEC:</b> 1]]></description>
      <Point>
        <coordinates>-115.20661379852066,36.18864377862976,0</coordinates>
      </Point>
    </Placemark>
    <Placemark>
      <name>001205   E SAHARA                AVE</name>
      <description><![CDATA[<b>OBJECTID:</b> 317<br/><b>LVBOARDS_:</b> 0<br/><b>LVBOARDS_I:</b> 0<br/><b>SIGN_TYPE:</b>  <br/><b>STREET_NUM:</b> 1205<br/><b>STREET_DIR:</b> E<br/><b>STREET_NAM:</b> Sahara<br/><b>PARCEL:</b> 16202401001<br/><b>PARCELOLD:</b> 16202401001<br/><b>APPLICANT:</b> Reagan National Advertising<br/><b>SIGN_AREA:</b> 672<br/><b>SIGN_HEIGH:</b> 40<br/><b>TAG_NUM:</b> 0<br/><b>APPLY_DATE:</b> 08/06/04<br/><b>NOTES_SUP:</b> SUP-3269<br/><b>NOTES_VAR:</b>  <br/><b>NOTES_RQR:</b> RQR-30328;RQR-13595<br/><b>NOTES:</b>  <br/><b>SIZE_:</b> 14x48<br/><b>FIELD_CHEC:</b> 1]]></description>
      <Point>
        <coordinates>-115.13624305378923,36.144616580733185,0</coordinates>
      </Point>
    </Placemark>
    <Placemark>
      <name>001509     WESTERN               AVE</name>
      <description><![CDATA[<b>OBJECTID:</b> 318<br/><b>LVBOARDS_:</b> 0<br/><b>LVBOARDS_I:</b> 0<br/><b>SIGN_TYPE:</b>  <br/><b>STREET_NUM:</b> 1509<br/><b>STREET_DIR:</b>  <br/><b>STREET_NAM:</b> Western<br/><b>PARCEL:</b> 16204605005<br/><b>PARCELOLD:</b> 16204605005<br/><b>APPLICANT:</b> LAMAR<br/><b>SIGN_AREA:</b> 672<br/><b>SIGN_HEIGH:</b> 40<br/><b>TAG_NUM:</b> 0<br/><b>APPLY_DATE:</b> 7/22/02<br/><b>NOTES_SUP:</b> U-0104-02<br/><b>NOTES_VAR:</b>  <br/><b>NOTES_RQR:</b> RQR-39434; RQR-24331; RQR-5165<br/><b>NOTES:</b>  <br/><b>SIZE_:</b> 14x48<br/><b>FIELD_CHEC:</b> 1]]></description>
      <Point>
        <coordinates>-115.16076235956427,36.15351174724591,0</coordinates>
      </Point>
    </Placemark>
    <Placemark>
      <name>002750     HIGHLAND              DR</name>
      <description><![CDATA[<b>OBJECTID:</b> 319<br/><b>LVBOARDS_:</b> 0<br/><b>LVBOARDS_I:</b> 0<br/><b>SIGN_TYPE:</b>  <br/><b>STREET_NUM:</b> 2744<br/><b>STREET_DIR:</b>  <br/><b>STREET_NAM:</b> Highland<br/><b>PARCEL:</b> 16209202001<br/><b>PARCELOLD:</b> 16209202001<br/><b>APPLICANT:</b> Mountain View Estates<br/><b>SIGN_AREA:</b> 400<br/><b>SIGN_HEIGH:</b> 40<br/><b>TAG_NUM:</b> 0<br/><b>APPLY_DATE:</b> 10/06/04<br/><b>NOTES_SUP:</b> SUP-4592<br/><b>NOTES_VAR:</b>  <br/><b>NOTES_RQR:</b> RQR-35930<br/><b>NOTES:</b> EOT-9680<br/><b>SIZE_:</b> 10x40<br/><b>FIELD_CHEC:</b> 1]]></description>
      <Point>
        <coordinates>-115.17101539041084,36.14001611994167,0</coordinates>
      </Point>
    </Placemark>
    <Placemark>
      <name>003544     SIRIUS                AVE</name>
      <description><![CDATA[<b>OBJECTID:</b> 320<br/><b>LVBOARDS_:</b> 0<br/><b>LVBOARDS_I:</b> 0<br/><b>SIGN_TYPE:</b>  <br/><b>STREET_NUM:</b> 3542<br/><b>STREET_DIR:</b>  <br/><b>STREET_NAM:</b> Sirius<br/><b>PARCEL:</b> 16208303027<br/><b>PARCELOLD:</b> 16208303027<br/><b>APPLICANT:</b> Las Vegas Billboards<br/><b>SIGN_AREA:</b> 288<br/><b>SIGN_HEIGH:</b> 40<br/><b>TAG_NUM:</b> 0<br/><b>APPLY_DATE:</b> 10/06/04<br/><b>NOTES_SUP:</b> SUP-4812<br/><b>NOTES_VAR:</b>  <br/><b>NOTES_RQR:</b> RQR-35793<br/><b>NOTES:</b>  <br/><b>SIZE_:</b> 12x24<br/><b>FIELD_CHEC:</b> 1]]></description>
      <Point>
        <coordinates>-115.18731173741565,36.13387470502519,0</coordinates>
      </Point>
    </Placemark>
    <Placemark>
      <name>003311     MEADE                 AVE</name>
      <description><![CDATA[<b>OBJECTID:</b> 321<br/><b>LVBOARDS_:</b> 0<br/><b>LVBOARDS_I:</b> 0<br/><b>SIGN_TYPE:</b>  <br/><b>STREET_NUM:</b> 3319<br/><b>STREET_DIR:</b>  <br/><b>STREET_NAM:</b> Meade<br/><b>PARCEL:</b> 16208303004<br/><b>PARCELOLD:</b> 16208303004<br/><b>APPLICANT:</b> Las Vegas Billboards<br/><b>SIGN_AREA:</b> 288<br/><b>SIGN_HEIGH:</b> 40<br/><b>TAG_NUM:</b> 0<br/><b>APPLY_DATE:</b> 10/06/04<br/><b>NOTES_SUP:</b> SUP-4811<br/><b>NOTES_VAR:</b>  <br/><b>NOTES_RQR:</b> RQR-35792<br/><b>NOTES:</b> L-3618-05<br/><b>SIZE_:</b> 12X24<br/><b>FIELD_CHEC:</b> 1]]></description>
      <Point>
        <coordinates>-115.18658635236329,36.136211497440804,0</coordinates>
      </Point>
    </Placemark>
    <Placemark>
      <name>13931510019</name>
      <description><![CDATA[<b>OBJECTID:</b> 322<br/><b>LVBOARDS_:</b> 0<br/><b>LVBOARDS_I:</b> 0<br/><b>SIGN_TYPE:</b>  <br/><b>STREET_NUM:</b> 4490<br/><b>STREET_DIR:</b>  <br/><b>STREET_NAM:</b> Meadows<br/><b>PARCEL:</b> 13931510019<br/><b>PARCELOLD:</b> 13931510019<br/><b>APPLICANT:</b> Orion Outdoor Media<br/><b>SIGN_AREA:</b> 672<br/><b>SIGN_HEIGH:</b> 40<br/><b>TAG_NUM:</b> 8194<br/><b>APPLY_DATE:</b> 11/03/04<br/><b>NOTES_SUP:</b> SUP-4807<br/><b>NOTES_VAR:</b>  <br/><b>NOTES_RQR:</b> RQR-30360<br/><b>NOTES:</b> L-0076-05<br/><b>SIZE_:</b> 14x48<br/><b>FIELD_CHEC:</b> 1]]></description>
      <Point>
        <coordinates>-115.20065938442697,36.1732320830033,0</coordinates>
      </Point>
    </Placemark>
    <Placemark>
      <name>13803701003</name>
      <description><![CDATA[<b>OBJECTID:</b> 323<br/><b>LVBOARDS_:</b> 0<br/><b>LVBOARDS_I:</b> 0<br/><b>SIGN_TYPE:</b>  <br/><b>STREET_NUM:</b> 7075<br/><b>STREET_DIR:</b>  <br/><b>STREET_NAM:</b> Craig<br/><b>PARCEL:</b> 13803701003<br/><b>PARCELOLD:</b> 13803701003<br/><b>APPLICANT:</b> Orion Outdoor Media<br/><b>SIGN_AREA:</b> 672<br/><b>SIGN_HEIGH:</b> 40<br/><b>TAG_NUM:</b> 0<br/><b>APPLY_DATE:</b> 11/17/04<br/><b>NOTES_SUP:</b> SUP-4694<br/><b>NOTES_VAR:</b> VAR-37837 Denied<br/><b>NOTES_RQR:</b> RQR-30484<br/><b>NOTES:</b> L-0337-05<br/><b>SIZE_:</b> 14x48<br/><b>FIELD_CHEC:</b> 1]]></description>
      <Point>
        <coordinates>-115.24849363158738,36.23983408635893,0</coordinates>
      </Point>
    </Placemark>
    <Placemark>
      <name>13931510019</name>
      <description><![CDATA[<b>OBJECTID:</b> 325<br/><b>LVBOARDS_:</b> 0<br/><b>LVBOARDS_I:</b> 0<br/><b>SIGN_TYPE:</b>  <br/><b>STREET_NUM:</b> 4190<br/><b>STREET_DIR:</b>  <br/><b>STREET_NAM:</b> Meadows<br/><b>PARCEL:</b> 13931510019<br/><b>PARCELOLD:</b> 13931510019<br/><b>APPLICANT:</b> Orion Outdoor Media<br/><b>SIGN_AREA:</b> 672<br/><b>SIGN_HEIGH:</b> 51<br/><b>TAG_NUM:</b> 8193<br/><b>APPLY_DATE:</b> 12/01/04<br/><b>NOTES_SUP:</b> SUP-4808<br/><b>NOTES_VAR:</b>  <br/><b>NOTES_RQR:</b> RQR-30599<br/><b>NOTES:</b> L-0077-05<br/><b>SIZE_:</b> 14x48<br/><b>FIELD_CHEC:</b> 1]]></description>
      <Point>
        <coordinates>-115.19822772289476,36.17396716670548,0</coordinates>
      </Point>
    </Placemark>
    <Placemark>
      <name>004112     MEADOWS               LN</name>
      <description><![CDATA[<b>OBJECTID:</b> 326<br/><b>LVBOARDS_:</b> 0<br/><b>LVBOARDS_I:</b> 0<br/><b>SIGN_TYPE:</b>  <br/><b>STREET_NUM:</b> 4120<br/><b>STREET_DIR:</b>  <br/><b>STREET_NAM:</b> Meadows<br/><b>PARCEL:</b> 13930812005<br/><b>PARCELOLD:</b> 13931510019<br/><b>APPLICANT:</b> Orion Outdoor Media<br/><b>SIGN_AREA:</b> 672<br/><b>SIGN_HEIGH:</b> 40<br/><b>TAG_NUM:</b> 8192<br/><b>APPLY_DATE:</b> 12/01/04<br/><b>NOTES_SUP:</b> SUP-4809<br/><b>NOTES_VAR:</b>  <br/><b>NOTES_RQR:</b> RQR-30600<br/><b>NOTES:</b> L-0078-05<br/><b>SIZE_:</b> 14x48<br/><b>FIELD_CHEC:</b> 1]]></description>
      <Point>
        <coordinates>-115.19483477223622,36.17495599209963,0</coordinates>
      </Point>
    </Placemark>
    <Placemark>
      <name>16204703010</name>
      <description><![CDATA[<b>OBJECTID:</b> 327<br/><b>LVBOARDS_:</b> 0<br/><b>LVBOARDS_I:</b> 0<br/><b>SIGN_TYPE:</b>  <br/><b>STREET_NUM:</b> 1985<br/><b>STREET_DIR:</b>  <br/><b>STREET_NAM:</b> Western<br/><b>PARCEL:</b> 16204703010<br/><b>PARCELOLD:</b> 16204703010<br/><b>APPLICANT:</b> Las Vegas Billboards<br/><b>SIGN_AREA:</b> 672<br/><b>SIGN_HEIGH:</b> 40<br/><b>TAG_NUM:</b> 0<br/><b>APPLY_DATE:</b> 12/15/04<br/><b>NOTES_SUP:</b> SUP-4690<br/><b>NOTES_VAR:</b>  <br/><b>NOTES_RQR:</b> RQR-18714<br/><b>NOTES:</b> L-3619-05<br/><b>SIZE_:</b> 14x48<br/><b>FIELD_CHEC:</b> 1]]></description>
      <Point>
        <coordinates>-115.16433686752676,36.14853197397564,0</coordinates>
      </Point>
    </Placemark>
    <Placemark>
      <name>003100   N RANCHO                DR</name>
      <description><![CDATA[<b>OBJECTID:</b> 328<br/><b>LVBOARDS_:</b> 0<br/><b>LVBOARDS_I:</b> 0<br/><b>SIGN_TYPE:</b>  <br/><b>STREET_NUM:</b> 0<br/><b>STREET_DIR:</b> N<br/><b>STREET_NAM:</b> Decatur<br/><b>PARCEL:</b> 13813505001<br/><b>PARCELOLD:</b> 13813505001<br/><b>APPLICANT:</b> Clear Channel Outdoor<br/><b>SIGN_AREA:</b> 288<br/><b>SIGN_HEIGH:</b> 0<br/><b>TAG_NUM:</b> 0<br/><b>APPLY_DATE:</b>  <br/><b>NOTES_SUP:</b>  <br/><b>NOTES_VAR:</b>  <br/><b>NOTES_RQR:</b>  <br/><b>NOTES:</b> North Las Vegas<br/><b>SIZE_:</b> 12x24<br/><b>FIELD_CHEC:</b> 1]]></description>
      <Point>
        <coordinates>-115.20776331710307,36.21639544322989,0</coordinates>
      </Point>
    </Placemark>
    <Placemark>
      <name>003100   N RANCHO                DR</name>
      <description><![CDATA[<b>OBJECTID:</b> 329<br/><b>LVBOARDS_:</b> 0<br/><b>LVBOARDS_I:</b> 0<br/><b>SIGN_TYPE:</b>  <br/><b>STREET_NUM:</b> 0<br/><b>STREET_DIR:</b> W<br/><b>STREET_NAM:</b> Cheyenne<br/><b>PARCEL:</b> 13813505001<br/><b>PARCELOLD:</b> 13813505001<br/><b>APPLICANT:</b> Clear Channel Outdoor<br/><b>SIGN_AREA:</b> 288<br/><b>SIGN_HEIGH:</b> 0<br/><b>TAG_NUM:</b> 0<br/><b>APPLY_DATE:</b>  <br/><b>NOTES_SUP:</b>  <br/><b>NOTES_VAR:</b>  <br/><b>NOTES_RQR:</b>  <br/><b>NOTES:</b> North Las Vegas<br/><b>SIZE_:</b> 12x24<br/><b>FIELD_CHEC:</b> 1]]></description>
      <Point>
        <coordinates>-115.2083267764779,36.21706833446125,0</coordinates>
      </Point>
    </Placemark>
    <Placemark>
      <name>006431   W CHARLESTON            BLVD</name>
      <description><![CDATA[<b>OBJECTID:</b> 330<br/><b>LVBOARDS_:</b> 0<br/><b>LVBOARDS_I:</b> 0<br/><b>SIGN_TYPE:</b>  <br/><b>STREET_NUM:</b> 6431<br/><b>STREET_DIR:</b> W<br/><b>STREET_NAM:</b> Charleston<br/><b>PARCEL:</b> 16302114003<br/><b>PARCELOLD:</b> 16302114003<br/><b>APPLICANT:</b> Orion Outdoor Media<br/><b>SIGN_AREA:</b> 672<br/><b>SIGN_HEIGH:</b> 40<br/><b>TAG_NUM:</b> 0<br/><b>APPLY_DATE:</b> 03/16/05<br/><b>NOTES_SUP:</b> SUP-4693<br/><b>NOTES_VAR:</b>  <br/><b>NOTES_RQR:</b> RQR-40350; RQR-25210<br/><b>NOTES:</b> L-3666-05<br/><b>SIZE_:</b> 14x48<br/><b>FIELD_CHEC:</b> 1]]></description>
      <Point>
        <coordinates>-115.23569278127493,36.15894576431685,0</coordinates>
      </Point>
    </Placemark>
    <Placemark>
      <name>13922803001</name>
      <description><![CDATA[<b>OBJECTID:</b> 331<br/><b>LVBOARDS_:</b> 0<br/><b>LVBOARDS_I:</b> 0<br/><b>SIGN_TYPE:</b>  <br/><b>STREET_NUM:</b> 0<br/><b>STREET_DIR:</b>  <br/><b>STREET_NAM:</b> I 15<br/><b>PARCEL:</b> 13922803001<br/><b>PARCELOLD:</b> 0<br/><b>APPLICANT:</b> LAMAR<br/><b>SIGN_AREA:</b> 0<br/><b>SIGN_HEIGH:</b> 0<br/><b>TAG_NUM:</b> 0<br/><b>APPLY_DATE:</b>  <br/><b>NOTES_SUP:</b>  <br/><b>NOTES_VAR:</b>  <br/><b>NOTES_RQR:</b>  <br/><b>NOTES:</b> North Las Vegas<br/><b>SIZE_:</b>  <br/><b>FIELD_CHEC:</b> 1]]></description>
      <Point>
        <coordinates>-115.14148444514767,36.1901276024438,0</coordinates>
      </Point>
    </Placemark>
    <Placemark>
      <name>004506   E CHARLESTON            BLVD</name>
      <description><![CDATA[<b>OBJECTID:</b> 332<br/><b>LVBOARDS_:</b> 0<br/><b>LVBOARDS_I:</b> 0<br/><b>SIGN_TYPE:</b>  <br/><b>STREET_NUM:</b> 4510<br/><b>STREET_DIR:</b>  <br/><b>STREET_NAM:</b> Charleston<br/><b>PARCEL:</b> 14032401006<br/><b>PARCELOLD:</b> 0<br/><b>APPLICANT:</b> LAMAR<br/><b>SIGN_AREA:</b> 672<br/><b>SIGN_HEIGH:</b> 40<br/><b>TAG_NUM:</b> 0<br/><b>APPLY_DATE:</b> 08/16/03<br/><b>NOTES_SUP:</b> SUP-2290<br/><b>NOTES_VAR:</b>  <br/><b>NOTES_RQR:</b> RQR-28731<br/><b>NOTES:</b>  <br/><b>SIZE_:</b> 14x48<br/><b>FIELD_CHEC:</b> 1]]></description>
      <Point>
        <coordinates>-115.07697845112196,36.15933663794388,0</coordinates>
      </Point>
    </Placemark>
    <Placemark>
      <name>005041   N RAINBOW               BLVD</name>
      <description><![CDATA[<b>OBJECTID:</b> 333<br/><b>LVBOARDS_:</b> 0<br/><b>LVBOARDS_I:</b> 0<br/><b>SIGN_TYPE:</b>  <br/><b>STREET_NUM:</b> 0<br/><b>STREET_DIR:</b>  <br/><b>STREET_NAM:</b>  <br/><b>PARCEL:</b> 12534712009<br/><b>PARCELOLD:</b> 0<br/><b>APPLICANT:</b> LAMAR<br/><b>SIGN_AREA:</b> 672<br/><b>SIGN_HEIGH:</b> 0<br/><b>TAG_NUM:</b> 0<br/><b>APPLY_DATE:</b> 07/17/91<br/><b>NOTES_SUP:</b> U-0099-91<br/><b>NOTES_VAR:</b>  <br/><b>NOTES_RQR:</b> RQR-24165; RQR-6683; U-99-91(1)&amp;(2)<br/><b>NOTES:</b>  <br/><b>SIZE_:</b> 14x48<br/><b>FIELD_CHEC:</b> 1]]></description>
      <Point>
        <coordinates>-115.24383576993534,36.253114864296855,0</coordinates>
      </Point>
    </Placemark>
    <Placemark>
      <name>001001   W BONANZA               RD</name>
      <description><![CDATA[<b>OBJECTID:</b> 334<br/><b>LVBOARDS_:</b> 0<br/><b>LVBOARDS_I:</b> 0<br/><b>SIGN_TYPE:</b>  <br/><b>STREET_NUM:</b> 1111<br/><b>STREET_DIR:</b> W<br/><b>STREET_NAM:</b> Bonanza<br/><b>PARCEL:</b> 13928801003<br/><b>PARCELOLD:</b> 0<br/><b>APPLICANT:</b>  <br/><b>SIGN_AREA:</b> 72<br/><b>SIGN_HEIGH:</b> 0<br/><b>TAG_NUM:</b> 0<br/><b>APPLY_DATE:</b> 03/16/88<br/><b>NOTES_SUP:</b> U-0011-88<br/><b>NOTES_VAR:</b>  <br/><b>NOTES_RQR:</b> U-11-88(1)<br/><b>NOTES:</b> 5 yr review has not been done<br/><b>SIZE_:</b> 6x12<br/><b>FIELD_CHEC:</b> 1]]></description>
      <Point>
        <coordinates>-115.1585652806565,36.17690937963562,0</coordinates>
      </Point>
    </Placemark>
    <Placemark>
      <name>000330   E CHARLESTON            BLVD</name>
      <description><![CDATA[<b>OBJECTID:</b> 335<br/><b>LVBOARDS_:</b> 0<br/><b>LVBOARDS_I:</b> 0<br/><b>SIGN_TYPE:</b>  <br/><b>STREET_NUM:</b> 330<br/><b>STREET_DIR:</b> E<br/><b>STREET_NAM:</b> Charleston<br/><b>PARCEL:</b> 16203115001<br/><b>PARCELOLD:</b> 0<br/><b>APPLICANT:</b> VIACOM<br/><b>SIGN_AREA:</b> 288<br/><b>SIGN_HEIGH:</b> 40<br/><b>TAG_NUM:</b> 1595<br/><b>APPLY_DATE:</b> 08/01/96<br/><b>NOTES_SUP:</b> U-0008-96<br/><b>NOTES_VAR:</b>  <br/><b>NOTES_RQR:</b> RQR-40946; RQR-37490; RQR-32942<br/><b>NOTES:</b>  <br/><b>SIZE_:</b> 12x24<br/><b>FIELD_CHEC:</b> 1]]></description>
      <Point>
        <coordinates>-115.14953074677155,36.15864602861792,0</coordinates>
      </Point>
    </Placemark>
    <Placemark>
      <name>004600     MEADOWS               LN</name>
      <description><![CDATA[<b>OBJECTID:</b> 336<br/><b>LVBOARDS_:</b> 0<br/><b>LVBOARDS_I:</b> 0<br/><b>SIGN_TYPE:</b>  <br/><b>STREET_NUM:</b> 4600<br/><b>STREET_DIR:</b>  <br/><b>STREET_NAM:</b> Meadows<br/><b>PARCEL:</b> 13931110002<br/><b>PARCELOLD:</b> 0<br/><b>APPLICANT:</b> American Outdoor Advertising<br/><b>SIGN_AREA:</b> 672<br/><b>SIGN_HEIGH:</b> 40<br/><b>TAG_NUM:</b> 0<br/><b>APPLY_DATE:</b> 12/06/06<br/><b>NOTES_SUP:</b> SUP-16947<br/><b>NOTES_VAR:</b>  <br/><b>NOTES_RQR:</b> RQR-31290<br/><b>NOTES:</b>  <br/><b>SIZE_:</b> 14x48<br/><b>FIELD_CHEC:</b> 1]]></description>
      <Point>
        <coordinates>-115.20318526828096,36.172524447186575,0</coordinates>
      </Point>
    </Placemark>
    <Placemark>
      <name>004500   N TENAYA                WAY</name>
      <description><![CDATA[<b>OBJECTID:</b> 337<br/><b>LVBOARDS_:</b> 0<br/><b>LVBOARDS_I:</b> 0<br/><b>SIGN_TYPE:</b>  <br/><b>STREET_NUM:</b> 4510<br/><b>STREET_DIR:</b> N<br/><b>STREET_NAM:</b> Tenaya<br/><b>PARCEL:</b> 13803601003<br/><b>PARCELOLD:</b> 0<br/><b>APPLICANT:</b> Outdoor Solutions<br/><b>SIGN_AREA:</b> 672<br/><b>SIGN_HEIGH:</b> 35<br/><b>TAG_NUM:</b> 0<br/><b>APPLY_DATE:</b> 04/16/08<br/><b>NOTES_SUP:</b> SUP-26774<br/><b>NOTES_VAR:</b>  <br/><b>NOTES_RQR:</b> RQR-40724<br/><b>NOTES:</b>  <br/><b>SIZE_:</b> 14x48<br/><b>FIELD_CHEC:</b> 0]]></description>
      <Point>
        <coordinates>-115.24816128394882,36.2423013858859,0</coordinates>
      </Point>
    </Placemark>
    <Placemark>
      <name>001505   W BONANZA               RD</name>
      <description><![CDATA[<b>OBJECTID:</b> 338<br/><b>LVBOARDS_:</b> 0<br/><b>LVBOARDS_I:</b> 0<br/><b>SIGN_TYPE:</b>  <br/><b>STREET_NUM:</b> 0<br/><b>STREET_DIR:</b>  <br/><b>STREET_NAM:</b>  <br/><b>PARCEL:</b> 13928401033<br/><b>PARCELOLD:</b> 0<br/><b>APPLICANT:</b> DFA, LLC<br/><b>SIGN_AREA:</b> 672<br/><b>SIGN_HEIGH:</b> 58<br/><b>TAG_NUM:</b> 0<br/><b>APPLY_DATE:</b> 05/07/08<br/><b>NOTES_SUP:</b>  <br/><b>NOTES_VAR:</b> VAR-26447<br/><b>NOTES_RQR:</b>  <br/><b>NOTES:</b> 58 ft above grade of freeway ROC-26778 SDR-26639<br/><b>SIZE_:</b> 14x48<br/><b>FIELD_CHEC:</b> 1]]></description>
      <Point>
        <coordinates>-115.16109768692333,36.176049078829415,0</coordinates>
      </Point>
    </Placemark>
    <Placemark>
      <name>003204     FREMONT               ST</name>
      <description><![CDATA[<b>OBJECTID:</b> 340<br/><b>LVBOARDS_:</b> 0<br/><b>LVBOARDS_I:</b> 0<br/><b>SIGN_TYPE:</b>  <br/><b>STREET_NUM:</b> 3204<br/><b>STREET_DIR:</b>  <br/><b>STREET_NAM:</b>  Fremont<br/><b>PARCEL:</b> 16201801003<br/><b>PARCELOLD:</b> 16201801003<br/><b>APPLICANT:</b> LAMAR<br/><b>SIGN_AREA:</b> 672<br/><b>SIGN_HEIGH:</b> 40<br/><b>TAG_NUM:</b> 0<br/><b>APPLY_DATE:</b>  <br/><b>NOTES_SUP:</b>  <br/><b>NOTES_VAR:</b>  <br/><b>NOTES_RQR:</b>  <br/><b>NOTES:</b>  <br/><b>SIZE_:</b> 14x48<br/><b>FIELD_CHEC:</b> 0]]></description>
      <Point>
        <coordinates>-115.10480688213059,36.14784519794556,0</coordinates>
      </Point>
    </Placemark>
    <Placemark>
      <name>001553   N EASTERN               AVE</name>
      <description><![CDATA[<b>OBJECTID:</b> 341<br/><b>LVBOARDS_:</b> 0<br/><b>LVBOARDS_I:</b> 0<br/><b>SIGN_TYPE:</b>  <br/><b>STREET_NUM:</b> 1553<br/><b>STREET_DIR:</b> N<br/><b>STREET_NAM:</b> Eastern<br/><b>PARCEL:</b> 13926505002<br/><b>PARCELOLD:</b> 0<br/><b>APPLICANT:</b>  <br/><b>SIGN_AREA:</b> 0<br/><b>SIGN_HEIGH:</b> 0<br/><b>TAG_NUM:</b> 0<br/><b>APPLY_DATE:</b>  <br/><b>NOTES_SUP:</b>  <br/><b>NOTES_VAR:</b>  <br/><b>NOTES_RQR:</b>  <br/><b>NOTES:</b>  <br/><b>SIZE_:</b>  <br/><b>FIELD_CHEC:</b> 1]]></description>
      <Point>
        <coordinates>-115.11703105108144,36.18832646282016,0</coordinates>
      </Point>
    </Placemark>
    <Placemark>
      <name>13825404004</name>
      <description><![CDATA[<b>OBJECTID:</b> 342<br/><b>LVBOARDS_:</b> 0<br/><b>LVBOARDS_I:</b> 0<br/><b>SIGN_TYPE:</b>  <br/><b>STREET_NUM:</b> 120<br/><b>STREET_DIR:</b> N<br/><b>STREET_NAM:</b> JONES<br/><b>PARCEL:</b> 13825404004<br/><b>PARCELOLD:</b> 0<br/><b>APPLICANT:</b> LAMAR<br/><b>SIGN_AREA:</b> 672<br/><b>SIGN_HEIGH:</b> 65<br/><b>TAG_NUM:</b> 0<br/><b>APPLY_DATE:</b>  <br/><b>NOTES_SUP:</b> SUP-39432<br/><b>NOTES_VAR:</b> VAR-39433<br/><b>NOTES_RQR:</b>  <br/><b>NOTES:</b> SIGN Permit 184961 Issued 4/5/2011<br/><b>SIZE_:</b> 14x48<br/><b>FIELD_CHEC:</b> 0]]></description>
      <Point>
        <coordinates>-115.22324449052009,36.17473869957446,0</coordinates>
      </Point>
    </Placemark>
    <Placemark>
      <name>008000   W SAHARA                AVE</name>
      <description><![CDATA[<b>OBJECTID:</b> 343<br/><b>LVBOARDS_:</b> 0<br/><b>LVBOARDS_I:</b> 0<br/><b>SIGN_TYPE:</b>  <br/><b>STREET_NUM:</b> 0<br/><b>STREET_DIR:</b>  <br/><b>STREET_NAM:</b>  <br/><b>PARCEL:</b> 16304805006<br/><b>PARCELOLD:</b> 0<br/><b>APPLICANT:</b>  <br/><b>SIGN_AREA:</b> 0<br/><b>SIGN_HEIGH:</b> 0<br/><b>TAG_NUM:</b> 0<br/><b>APPLY_DATE:</b>  <br/><b>NOTES_SUP:</b>  <br/><b>NOTES_VAR:</b>  <br/><b>NOTES_RQR:</b>  <br/><b>NOTES:</b>  <br/><b>SIZE_:</b>  <br/><b>FIELD_CHEC:</b> 0]]></description>
      <Point>
        <coordinates>-115.26651844754397,36.14412453787866,0</coordinates>
      </Point>
    </Placemark>
    <Placemark>
      <name>002300   W SAHARA                AVE</name>
      <description><![CDATA[<b>OBJECTID:</b> 345<br/><b>LVBOARDS_:</b> 0<br/><b>LVBOARDS_I:</b> 0<br/><b>SIGN_TYPE:</b>  <br/><b>STREET_NUM:</b> 2500<br/><b>STREET_DIR:</b> W<br/><b>STREET_NAM:</b> Sahara<br/><b>PARCEL:</b> 16205802009<br/><b>PARCELOLD:</b> 0<br/><b>APPLICANT:</b> NEVADA DEVELOPMENT AND REALTY CO<br/><b>SIGN_AREA:</b> 30<br/><b>SIGN_HEIGH:</b> 8<br/><b>TAG_NUM:</b> 12650<br/><b>APPLY_DATE:</b> 6/13/12<br/><b>NOTES_SUP:</b> SUP- 44951<br/><b>NOTES_VAR:</b> VAR-44952<br/><b>NOTES_RQR:</b>  <br/><b>NOTES:</b> SIGN-192930<br/><b>SIZE_:</b> 5x6<br/><b>FIELD_CHEC:</b> 0]]></description>
      <Point>
        <coordinates>-115.1753318223609,36.14456837164067,0</coordinates>
      </Point>
    </Placemark>
    <Placemark>
      <name>000500   N CASINO CENTER         BLVD</name>
      <description><![CDATA[<b>OBJECTID:</b> 346<br/><b>LVBOARDS_:</b> 0<br/><b>LVBOARDS_I:</b> 0<br/><b>STREET_NUM:</b> 431<br/><b>STREET_DIR:</b> E<br/><b>STREET_NAM:</b> BONANZA<br/><b>PARCEL:</b> 13927803008<br/><b>PARCELOLD:</b> 0<br/><b>SIGN_AREA:</b> 0<br/><b>SIGN_HEIGH:</b> 0<br/><b>TAG_NUM:</b> 0<br/><b>APPLY_DATE:</b> 7/09/13<br/><b>NOTES_SUP:</b> SUP-48183<br/><b>FIELD_CHEC:</b> 0<br/><b>FREEWAY:</b> 750<br/><b>APP_FIN:</b> Approved<br/><b>WARD:</b> 5<br/><b>LAT:</b> 36.1745312687569<br/><b>LON:</b> -115.14034288990263<br/><b>OBJECTID_1:</b> 750711]]></description>
      <Point>
        <coordinates>-115.14034288990263,36.1745312687569,0</coordinates>
      </Point>
    </Placemark>
    <Placemark>
      <name>003100     STEWART               AVE</name>
      <description><![CDATA[<b>OBJECTID:</b> 347<br/><b>LVBOARDS_:</b> 0<br/><b>LVBOARDS_I:</b> 0<br/><b>STREET_NUM:</b> 3100<br/><b>STREET_NAM:</b> STEWART<br/><b>PARCEL:</b> 13936604001<br/><b>PARCELOLD:</b> 0<br/><b>SIGN_AREA:</b> 0<br/><b>SIGN_HEIGH:</b> 0<br/><b>TAG_NUM:</b> 0<br/><b>APPLY_DATE:</b> 7/09/13<br/><b>NOTES_SUP:</b> SUP-49534<br/><b>FIELD_CHEC:</b> 0<br/><b>FREEWAY:</b> 750<br/><b>APP_FIN:</b> Approved<br/><b>WARD:</b> 3<br/><b>LAT:</b> 36.16635876169121<br/><b>LON:</b> -115.09936680331707<br/><b>OBJECTID_1:</b> 531025<br/><b>CALC_ACRES:</b> 0]]></description>
      <Point>
        <coordinates>-115.09936680331707,36.16635876169121,0</coordinates>
      </Point>
    </Placemark>
    <Placemark>
      <name>005550     PAINTED MIRAGE        RD</name>
      <description><![CDATA[<b>OBJECTID:</b> 348<br/><b>LVBOARDS_:</b> 0<br/><b>LVBOARDS_I:</b> 0<br/><b>STREET_NUM:</b> 5550<br/><b>STREET_NAM:</b> Painted Mirage<br/><b>PARCEL:</b> 12534116004<br/><b>PARCELOLD:</b> 0<br/><b>APPLICANT:</b> Khaneh Holdings LLC<br/><b>SIGN_AREA:</b> 0<br/><b>SIGN_HEIGH:</b> 0<br/><b>TAG_NUM:</b> 0<br/><b>APPLY_DATE:</b> 7/24/13<br/><b>NOTES_SUP:</b> SUP-47834<br/><b>FIELD_CHEC:</b> 1<br/><b>FREEWAY:</b> 750<br/><b>APP_FIN:</b> Approved<br/><b>WARD:</b> 4<br/><b>LAT:</b> 36.2619856684514<br/><b>LON:</b> -115.25463136603719<br/><b>OBJECTID_1:</b> 755164]]></description>
      <Point>
        <coordinates>-115.25463136603719,36.2619856684514,0</coordinates>
      </Point>
    </Placemark>
    <Placemark>
      <name>003951   E BONANZA               RD</name>
      <description><![CDATA[<b>OBJECTID:</b> 349<br/><b>LVBOARDS_:</b> 0<br/><b>LVBOARDS_I:</b> 0<br/><b>STREET_NUM:</b> 3961<br/><b>STREET_DIR:</b> E<br/><b>STREET_NAM:</b> BONANZA<br/><b>PARCEL:</b> 14031102002<br/><b>PARCELOLD:</b> 0<br/><b>SIGN_AREA:</b> 0<br/><b>SIGN_HEIGH:</b> 0<br/><b>TAG_NUM:</b> 0<br/><b>APPLY_DATE:</b> 7/09/13<br/><b>NOTES_SUP:</b> SUP-48180<br/><b>FIELD_CHEC:</b> 0<br/><b>FREEWAY:</b> 300<br/><b>APP_FIN:</b> Approved<br/><b>WARD:</b> 3<br/><b>LAT:</b> 36.173234526021865<br/><b>LON:</b> -115.0914026643351<br/><b>OBJECTID_1:</b> 57453]]></description>
      <Point>
        <coordinates>-115.0914026643351,36.173234526021865,0</coordinates>
      </Point>
    </Placemark>
    <Placemark>
      <name>000650   N MOJAVE                RD</name>
      <description><![CDATA[<b>OBJECTID:</b> 350<br/><b>LVBOARDS_:</b> 0<br/><b>LVBOARDS_I:</b> 0<br/><b>STREET_NUM:</b> 650<br/><b>STREET_DIR:</b> N<br/><b>STREET_NAM:</b> MOJAVE<br/><b>PARCEL:</b> 13925802006<br/><b>PARCELOLD:</b> 0<br/><b>APPLICANT:</b> ELITE MEDIA<br/><b>SIGN_AREA:</b> 0<br/><b>SIGN_HEIGH:</b> 0<br/><b>TAG_NUM:</b> 0<br/><b>APPLY_DATE:</b> 7/09/13<br/><b>NOTES_SUP:</b> SUP-48181<br/><b>FIELD_CHEC:</b> 0<br/><b>FREEWAY:</b> 300<br/><b>WARD:</b> 3<br/><b>LAT:</b> 36.17394399497967<br/><b>LON:</b> -115.10553754157809<br/><b>OBJECTID_1:</b> 596710]]></description>
      <Point>
        <coordinates>-115.10553754157809,36.17394399497967,0</coordinates>
      </Point>
    </Placemark>
    <Placemark>
      <name>004357     VEGAS                 DR</name>
      <description><![CDATA[<b>OBJECTID:</b> 351<br/><b>LVBOARDS_:</b> 0<br/><b>LVBOARDS_I:</b> 0<br/><b>STREET_NUM:</b> 1400<br/><b>STREET_DIR:</b> N<br/><b>STREET_NAM:</b> DECATUR<br/><b>PARCEL:</b> 13930101006<br/><b>PARCELOLD:</b> 0<br/><b>APPLICANT:</b> 1<br/><b>SIGN_AREA:</b> 1<br/><b>SIGN_HEIGH:</b> 1<br/><b>TAG_NUM:</b> 1<br/><b>APPLY_DATE:</b> 7/09/13<br/><b>NOTES_SUP:</b> SUP-48182<br/><b>FIELD_CHEC:</b> 0<br/><b>FREEWAY:</b> 300<br/><b>WARD:</b> 5<br/><b>LAT:</b> 36.18623505755607<br/><b>LON:</b> -115.20578652970417<br/><b>OBJECTID_1:</b> 812479]]></description>
      <Point>
        <coordinates>-115.20578652970417,36.18623505755607,0</coordinates>
      </Point>
    </Placemark>
    <Placemark>
      <name>003100     STEWART               AVE</name>
      <description><![CDATA[<b>OBJECTID:</b> 352<br/><b>LVBOARDS_:</b> 0<br/><b>LVBOARDS_I:</b> 0<br/><b>STREET_NUM:</b> 3100<br/><b>STREET_NAM:</b> STEWART<br/><b>PARCEL:</b> 13936604001<br/><b>PARCELOLD:</b> 0<br/><b>SIGN_AREA:</b> 0<br/><b>SIGN_HEIGH:</b> 0<br/><b>TAG_NUM:</b> 0<br/><b>APPLY_DATE:</b> 08/12/14<br/><b>NOTES_SUP:</b> SUP-54828<br/><b>FIELD_CHEC:</b> 0<br/><b>FREEWAY:</b> 750<br/><b>APP_FIN:</b> Approved<br/><b>WARD:</b> 3<br/><b>LAT:</b> 36.16708207590335<br/><b>LON:</b> -115.10519465185422<br/><b>OBJECTID_1:</b> 531025<br/><b>CALC_ACRES:</b> 0]]></description>
      <Point>
        <coordinates>-115.10519465185422,36.16708207590335,0</coordinates>
      </Point>
    </Placemark>
    <Placemark>
      <name>13927410013</name>
      <description><![CDATA[<b>OBJECTID:</b> 354<br/><b>LVBOARDS_:</b> 298<br/><b>LVBOARDS_I:</b> 71<br/><b>SIGN_TYPE:</b>  <br/><b>STREET_NUM:</b> 100<br/><b>STREET_DIR:</b>  <br/><b>STREET_NAM:</b> City<br/><b>PARCEL:</b> 13927410013<br/><b>PARCELOLD:</b> 0<br/><b>APPLICANT:</b> Clear Channel Outdoor<br/><b>SIGN_AREA:</b> 672<br/><b>SIGN_HEIGH:</b> 71<br/><b>TAG_NUM:</b> 0<br/><b>APPLY_DATE:</b> 05/18/05<br/><b>NOTES_SUP:</b> SUP-5877; U-94-98; Z-100-97<br/><b>NOTES_VAR:</b> VAR-24021; VAR-6355; VAR-5878<br/><b>NOTES_RQR:</b> RQR-11403; RQR-5683; RQR-1974<br/><b>NOTES:</b> EOT-21831; EOT-21830<br/><b>SIZE_:</b> 14x48<br/><b>FIELD_CHEC:</b> 1]]></description>
      <Point>
        <coordinates>-115.14733633346181,36.17452039100995,0</coordinates>
      </Point>
    </Placemark>
    <Placemark>
      <name>002160   N RAINBOW               BLVD</name>
      <description><![CDATA[<b>OBJECTID:</b> 355<br/><b>LVBOARDS_:</b> 2<br/><b>LVBOARDS_I:</b> 2<br/><b>SIGN_TYPE:</b>  <br/><b>STREET_NUM:</b> 2070<br/><b>STREET_DIR:</b> N<br/><b>STREET_NAM:</b> RAINBOW<br/><b>PARCEL:</b> 13823215012<br/><b>PARCELOLD:</b> 13823215012<br/><b>APPLICANT:</b>  JA TIBERTI CONSTRUCTION COMPANY<br/><b>SIGN_AREA:</b> 1000<br/><b>SIGN_HEIGH:</b> 97<br/><b>TAG_NUM:</b> 0<br/><b>APPLY_DATE:</b> 05/15/96<br/><b>NOTES_SUP:</b>  <br/><b>NOTES_VAR:</b> V-0040-96<br/><b>NOTES_RQR:</b>  <br/><b>NOTES:</b>  <br/><b>SIZE_:</b> 96X44<br/><b>FIELD_CHEC:</b> 0]]></description>
      <Point>
        <coordinates>-115.24178516034608,36.196972237467335,0</coordinates>
      </Point>
    </Placemark>
    <Placemark>
      <name>001405     A                     ST</name>
      <description><![CDATA[<b>OBJECTID:</b> 356<br/><b>LVBOARDS_:</b> 91<br/><b>LVBOARDS_I:</b> 10<br/><b>SIGN_TYPE:</b>  <br/><b>STREET_NUM:</b> 1405<br/><b>STREET_DIR:</b> N<br/><b>STREET_NAM:</b> A St.<br/><b>PARCEL:</b> 13927501003<br/><b>PARCELOLD:</b> 10490008<br/><b>APPLICANT:</b> EWING REX C JR<br/><b>SIGN_AREA:</b> 0<br/><b>SIGN_HEIGH:</b> 0<br/><b>TAG_NUM:</b> 0<br/><b>APPLY_DATE:</b> 1/31/96<br/><b>NOTES_SUP:</b>  <br/><b>NOTES:</b>  <br/><b>FIELD_CHEC:</b> 0<br/><b>FREEWAY:</b> 750<br/><b>APP_FIN:</b>  <br/><b>WARD:</b> 5]]></description>
      <Point>
        <coordinates>-115.14297969522548,36.184635663369086,0</coordinates>
      </Point>
    </Placemark>
    <Placemark>
      <name>13836601009</name>
      <description><![CDATA[<b>OBJECTID:</b> 357<br/><b>LVBOARDS_:</b> 185<br/><b>LVBOARDS_I:</b> 33<br/><b>SIGN_TYPE:</b>  <br/><b>STREET_NUM:</b> 400<br/><b>STREET_DIR:</b> S<br/><b>STREET_NAM:</b> Decatur<br/><b>PARCEL:</b> 13836601009<br/><b>PARCELOLD:</b> 0<br/><b>APPLICANT:</b>  <br/><b>APPLY_DATE:</b>  <br/><b>NOTES_SUP:</b>  <br/><b>NOTES_VAR:</b>  <br/><b>NOTES_RQR:</b>  <br/><b>NOTES:</b>  <br/><b>SIZE_:</b>  <br/><b>FIELD_CHEC:</b> 0<br/><b>FREEWAY:</b> 300<br/><b>APP_FIN:</b>  <br/><b>WARD:</b> 1]]></description>
      <Point>
        <coordinates>-115.20850988073477,36.16620141690895,0</coordinates>
      </Point>
    </Placemark>
  </Document>
</kml>