<?xml version="1.0" encoding="UTF-8"?>
<kml xmlns="http://www.opengis.net/kml/2.2">
<Document>
<name>Henderson – Sign Plans (Permits) Export</name>
<Style id="style_ff0000ff_9527121">
<IconStyle>
<color>ff0000ff</color>
<scale>1.1</scale>
<Icon><href>http://maps.google.com/mapfiles/kml/paddle/red-circle.png</href></Icon>
</IconStyle>
</Style>
<Placemark>
<name>431913</name>
<styleUrl>#style_ff0000ff_9527121</styleUrl>
<description><![CDATA[<table border='1' cellpadding='4' cellspacing='0'><tr><td><b>OBJECTID</b></td><td>431913</td></tr></table>]]></description>
<Point>
<coordinates>-114.93153338099205,36.10278506605126,0</coordinates>
</Point>
</Placemark>
<Placemark>
<name>431928</name>
<styleUrl>#style_ff0000ff_9527121</styleUrl>
<description><![CDATA[<table border='1' cellpadding='4' cellspacing='0'><tr><td><b>OBJECTID</b></td><td>431928</td></tr></table>]]></description>
<Point>
<coordinates>-115.00844799980968,36.03094480083518,0</coordinates>
</Point>
</Placemark>
<Placemark>
<name>431934</name>
<styleUrl>#style_ff0000ff_9527121</styleUrl>
<description><![CDATA[<table border='1' cellpadding='4' cellspacing='0'><tr><td><b>OBJECTID</b></td><td>431934</td></tr></table>]]></description>
<Point>
<coordinates>-114.95600272145266,36.0132501041057,0</coordinates>
</Point>
</Placemark>
<Placemark>
<name>431964</name>
<styleUrl>#style_ff0000ff_9527121</styleUrl>
<description><![CDATA[<table border='1' cellpadding='4' cellspacing='0'><tr><td><b>OBJECTID</b></td><td>431964</td></tr></table>]]></description>
<Point>
<coordinates>-115.11357345664294,35.99996952018334,0</coordinates>
</Point>
</Placemark>
<Placemark>
<name>431965</name>
<styleUrl>#style_ff0000ff_9527121</styleUrl>
<description><![CDATA[<table border='1' cellpadding='4' cellspacing='0'><tr><td><b>OBJECTID</b></td><td>431965</td></tr></table>]]></description>
<Point>
<coordinates>-115.11400791785273,35.99928827165575,0</coordinates>
</Point>
</Placemark>
<Placemark>
<name>431967</name>
<styleUrl>#style_ff0000ff_9527121</styleUrl>
<description><![CDATA[<table border='1' cellpadding='4' cellspacing='0'><tr><td><b>OBJECTID</b></td><td>431967</td></tr></table>]]></description>
<Point>
<coordinates>-115.07523878954214,36.073045294301075,0</coordinates>
</Point>
</Placemark>
<Placemark>
<name>431968</name>
<styleUrl>#style_ff0000ff_9527121</styleUrl>
<description><![CDATA[<table border='1' cellpadding='4' cellspacing='0'><tr><td><b>OBJECTID</b></td><td>431968</td></tr></table>]]></description>
<Point>
<coordinates>-114.98311674459445,36.03926407959948,0</coordinates>
</Point>
</Placemark>
<Placemark>
<name>431969</name>
<styleUrl>#style_ff0000ff_9527121</styleUrl>
<description><![CDATA[<table border='1' cellpadding='4' cellspacing='0'><tr><td><b>OBJECTID</b></td><td>431969</td></tr></table>]]></description>
<Point>
<coordinates>-114.9851956579956,36.03447464932177,0</coordinates>
</Point>
</Placemark>
<Placemark>
<name>431970</name>
<styleUrl>#style_ff0000ff_9527121</styleUrl>
<description><![CDATA[<table border='1' cellpadding='4' cellspacing='0'><tr><td><b>OBJECTID</b></td><td>431970</td></tr></table>]]></description>
<Point>
<coordinates>-114.99812034813826,36.05462436971694,0</coordinates>
</Point>
</Placemark>
<Placemark>
<name>431971</name>
<styleUrl>#style_ff0000ff_9527121</styleUrl>
<description><![CDATA[<table border='1' cellpadding='4' cellspacing='0'><tr><td><b>OBJECTID</b></td><td>431971</td></tr></table>]]></description>
<Point>
<coordinates>-115.06947623354645,36.07131118375123,0</coordinates>
</Point>
</Placemark>
<Placemark>
<name>431978</name>
<styleUrl>#style_ff0000ff_9527121</styleUrl>
<description><![CDATA[<table border='1' cellpadding='4' cellspacing='0'><tr><td><b>OBJECTID</b></td><td>431978</td></tr></table>]]></description>
<Point>
<coordinates>-115.08127885189722,36.07016712518598,0</coordinates>
</Point>
</Placemark>
<Placemark>
<name>431979</name>
<styleUrl>#style_ff0000ff_9527121</styleUrl>
<description><![CDATA[<table border='1' cellpadding='4' cellspacing='0'><tr><td><b>OBJECTID</b></td><td>431979</td></tr></table>]]></description>
<Point>
<coordinates>-114.9949494146505,36.052262945723044,0</coordinates>
</Point>
</Placemark>
<Placemark>
<name>431980</name>
<styleUrl>#style_ff0000ff_9527121</styleUrl>
<description><![CDATA[<table border='1' cellpadding='4' cellspacing='0'><tr><td><b>OBJECTID</b></td><td>431980</td></tr></table>]]></description>
<Point>
<coordinates>-115.0158545046864,36.06416909391488,0</coordinates>
</Point>
</Placemark>
<Placemark>
<name>431981</name>
<styleUrl>#style_ff0000ff_9527121</styleUrl>
<description><![CDATA[<table border='1' cellpadding='4' cellspacing='0'><tr><td><b>OBJECTID</b></td><td>431981</td></tr></table>]]></description>
<Point>
<coordinates>-115.10113208468978,36.04172816078766,0</coordinates>
</Point>
</Placemark>
<Placemark>
<name>431982</name>
<styleUrl>#style_ff0000ff_9527121</styleUrl>
<description><![CDATA[<table border='1' cellpadding='4' cellspacing='0'><tr><td><b>OBJECTID</b></td><td>431982</td></tr></table>]]></description>
<Point>
<coordinates>-114.98374147732041,36.0397039249451,0</coordinates>
</Point>
</Placemark>
<Placemark>
<name>431988</name>
<styleUrl>#style_ff0000ff_9527121</styleUrl>
<description><![CDATA[<table border='1' cellpadding='4' cellspacing='0'><tr><td><b>OBJECTID</b></td><td>431988</td></tr></table>]]></description>
<Point>
<coordinates>-115.08293803314982,36.04241273635317,0</coordinates>
</Point>
</Placemark>
<Placemark>
<name>431994</name>
<styleUrl>#style_ff0000ff_9527121</styleUrl>
<description><![CDATA[<table border='1' cellpadding='4' cellspacing='0'><tr><td><b>OBJECTID</b></td><td>431994</td></tr></table>]]></description>
<Point>
<coordinates>-115.10167964243779,36.034012567887075,0</coordinates>
</Point>
</Placemark>
<Placemark>
<name>431995</name>
<styleUrl>#style_ff0000ff_9527121</styleUrl>
<description><![CDATA[<table border='1' cellpadding='4' cellspacing='0'><tr><td><b>OBJECTID</b></td><td>431995</td></tr></table>]]></description>
<Point>
<coordinates>-115.08303145936992,36.0534709727513,0</coordinates>
</Point>
</Placemark>
<Placemark>
<name>431996</name>
<styleUrl>#style_ff0000ff_9527121</styleUrl>
<description><![CDATA[<table border='1' cellpadding='4' cellspacing='0'><tr><td><b>OBJECTID</b></td><td>431996</td></tr></table>]]></description>
<Point>
<coordinates>-115.10081508357251,36.042864147918024,0</coordinates>
</Point>
</Placemark>
<Placemark>
<name>431997</name>
<styleUrl>#style_ff0000ff_9527121</styleUrl>
<description><![CDATA[<table border='1' cellpadding='4' cellspacing='0'><tr><td><b>OBJECTID</b></td><td>431997</td></tr></table>]]></description>
<Point>
<coordinates>-115.07523878954214,36.073045294301075,0</coordinates>
</Point>
</Placemark>
<Placemark>
<name>431998</name>
<styleUrl>#style_ff0000ff_9527121</styleUrl>
<description><![CDATA[<table border='1' cellpadding='4' cellspacing='0'><tr><td><b>OBJECTID</b></td><td>431998</td></tr></table>]]></description>
<Point>
<coordinates>-115.07163682458255,36.071387725071446,0</coordinates>
</Point>
</Placemark>
<Placemark>
<name>431999</name>
<styleUrl>#style_ff0000ff_9527121</styleUrl>
<description><![CDATA[<table border='1' cellpadding='4' cellspacing='0'><tr><td><b>OBJECTID</b></td><td>431999</td></tr></table>]]></description>
<Point>
<coordinates>-115.08575754098608,36.0518750176683,0</coordinates>
</Point>
</Placemark>
<Placemark>
<name>432000</name>
<styleUrl>#style_ff0000ff_9527121</styleUrl>
<description><![CDATA[<table border='1' cellpadding='4' cellspacing='0'><tr><td><b>OBJECTID</b></td><td>432000</td></tr></table>]]></description>
<Point>
<coordinates>-114.96286748921219,36.00987747655186,0</coordinates>
</Point>
</Placemark>
<Placemark>
<name>432001</name>
<styleUrl>#style_ff0000ff_9527121</styleUrl>
<description><![CDATA[<table border='1' cellpadding='4' cellspacing='0'><tr><td><b>OBJECTID</b></td><td>432001</td></tr></table>]]></description>
<Point>
<coordinates>-115.0669805232813,36.06762525614803,0</coordinates>
</Point>
</Placemark>
<Placemark>
<name>432002</name>
<styleUrl>#style_ff0000ff_9527121</styleUrl>
<description><![CDATA[<table border='1' cellpadding='4' cellspacing='0'><tr><td><b>OBJECTID</b></td><td>432002</td></tr></table>]]></description>
<Point>
<coordinates>-115.08099906064581,36.01989859678464,0</coordinates>
</Point>
</Placemark>
<Placemark>
<name>432003</name>
<styleUrl>#style_ff0000ff_9527121</styleUrl>
<description><![CDATA[<table border='1' cellpadding='4' cellspacing='0'><tr><td><b>OBJECTID</b></td><td>432003</td></tr></table>]]></description>
<Point>
<coordinates>-115.0511610103596,36.02666883451927,0</coordinates>
</Point>
</Placemark>
<Placemark>
<name>432004</name>
<styleUrl>#style_ff0000ff_9527121</styleUrl>
<description><![CDATA[<table border='1' cellpadding='4' cellspacing='0'><tr><td><b>OBJECTID</b></td><td>432004</td></tr></table>]]></description>
<Point>
<coordinates>-115.00313505419648,36.05771478627959,0</coordinates>
</Point>
</Placemark>
<Placemark>
<name>432005</name>
<styleUrl>#style_ff0000ff_9527121</styleUrl>
<description><![CDATA[<table border='1' cellpadding='4' cellspacing='0'><tr><td><b>OBJECTID</b></td><td>432005</td></tr></table>]]></description>
<Point>
<coordinates>-115.14011324911418,35.960334874160274,0</coordinates>
</Point>
</Placemark>
<Placemark>
<name>432006</name>
<styleUrl>#style_ff0000ff_9527121</styleUrl>
<description><![CDATA[<table border='1' cellpadding='4' cellspacing='0'><tr><td><b>OBJECTID</b></td><td>432006</td></tr></table>]]></description>
<Point>
<coordinates>-115.10184746526141,36.03400918815315,0</coordinates>
</Point>
</Placemark>
<Placemark>
<name>432019</name>
<styleUrl>#style_ff0000ff_9527121</styleUrl>
<description><![CDATA[<table border='1' cellpadding='4' cellspacing='0'><tr><td><b>OBJECTID</b></td><td>432019</td></tr></table>]]></description>
<Point>
<coordinates>-115.03500212411674,36.06431842159165,0</coordinates>
</Point>
</Placemark>
<Placemark>
<name>432020</name>
<styleUrl>#style_ff0000ff_9527121</styleUrl>
<description><![CDATA[<table border='1' cellpadding='4' cellspacing='0'><tr><td><b>OBJECTID</b></td><td>432020</td></tr></table>]]></description>
<Point>
<coordinates>-115.06947623354645,36.07131118375123,0</coordinates>
</Point>
</Placemark>
<Placemark>
<name>432021</name>
<styleUrl>#style_ff0000ff_9527121</styleUrl>
<description><![CDATA[<table border='1' cellpadding='4' cellspacing='0'><tr><td><b>OBJECTID</b></td><td>432021</td></tr></table>]]></description>
<Point>
<coordinates>-114.9832139202701,36.03160278581332,0</coordinates>
</Point>
</Placemark>
<Placemark>
<name>432022</name>
<styleUrl>#style_ff0000ff_9527121</styleUrl>
<description><![CDATA[<table border='1' cellpadding='4' cellspacing='0'><tr><td><b>OBJECTID</b></td><td>432022</td></tr></table>]]></description>
<Point>
<coordinates>-115.08265246966528,36.071112303381184,0</coordinates>
</Point>
</Placemark>
<Placemark>
<name>432023</name>
<styleUrl>#style_ff0000ff_9527121</styleUrl>
<description><![CDATA[<table border='1' cellpadding='4' cellspacing='0'><tr><td><b>OBJECTID</b></td><td>432023</td></tr></table>]]></description>
<Point>
<coordinates>-115.07511497452148,36.06986072044103,0</coordinates>
</Point>
</Placemark>
<Placemark>
<name>432024</name>
<styleUrl>#style_ff0000ff_9527121</styleUrl>
<description><![CDATA[<table border='1' cellpadding='4' cellspacing='0'><tr><td><b>OBJECTID</b></td><td>432024</td></tr></table>]]></description>
<Point>
<coordinates>-115.05286950312095,36.06427469958354,0</coordinates>
</Point>
</Placemark>
<Placemark>
<name>432025</name>
<styleUrl>#style_ff0000ff_9527121</styleUrl>
<description><![CDATA[<table border='1' cellpadding='4' cellspacing='0'><tr><td><b>OBJECTID</b></td><td>432025</td></tr></table>]]></description>
<Point>
<coordinates>-114.97790458187885,36.04010303363108,0</coordinates>
</Point>
</Placemark>
<Placemark>
<name>432042</name>
<styleUrl>#style_ff0000ff_9527121</styleUrl>
<description><![CDATA[<table border='1' cellpadding='4' cellspacing='0'><tr><td><b>OBJECTID</b></td><td>432042</td></tr></table>]]></description>
<Point>
<coordinates>-115.04706901882432,36.06591077133489,0</coordinates>
</Point>
</Placemark>
<Placemark>
<name>432043</name>
<styleUrl>#style_ff0000ff_9527121</styleUrl>
<description><![CDATA[<table border='1' cellpadding='4' cellspacing='0'><tr><td><b>OBJECTID</b></td><td>432043</td></tr></table>]]></description>
<Point>
<coordinates>-114.98123548521242,36.02949849511558,0</coordinates>
</Point>
</Placemark>
<Placemark>
<name>432044</name>
<styleUrl>#style_ff0000ff_9527121</styleUrl>
<description><![CDATA[<table border='1' cellpadding='4' cellspacing='0'><tr><td><b>OBJECTID</b></td><td>432044</td></tr></table>]]></description>
<Point>
<coordinates>-115.04706901882432,36.06591077133489,0</coordinates>
</Point>
</Placemark>
<Placemark>
<name>432045</name>
<styleUrl>#style_ff0000ff_9527121</styleUrl>
<description><![CDATA[<table border='1' cellpadding='4' cellspacing='0'><tr><td><b>OBJECTID</b></td><td>432045</td></tr></table>]]></description>
<Point>
<coordinates>-114.98363233172567,36.03278348089297,0</coordinates>
</Point>
</Placemark>
<Placemark>
<name>432046</name>
<styleUrl>#style_ff0000ff_9527121</styleUrl>
<description><![CDATA[<table border='1' cellpadding='4' cellspacing='0'><tr><td><b>OBJECTID</b></td><td>432046</td></tr></table>]]></description>
<Point>
<coordinates>-115.05286950312095,36.06427469958354,0</coordinates>
</Point>
</Placemark>
<Placemark>
<name>432047</name>
<styleUrl>#style_ff0000ff_9527121</styleUrl>
<description><![CDATA[<table border='1' cellpadding='4' cellspacing='0'><tr><td><b>OBJECTID</b></td><td>432047</td></tr></table>]]></description>
<Point>
<coordinates>-115.05196179853314,36.06411310198117,0</coordinates>
</Point>
</Placemark>
<Placemark>
<name>432048</name>
<styleUrl>#style_ff0000ff_9527121</styleUrl>
<description><![CDATA[<table border='1' cellpadding='4' cellspacing='0'><tr><td><b>OBJECTID</b></td><td>432048</td></tr></table>]]></description>
<Point>
<coordinates>-115.0086554307417,36.06249168640805,0</coordinates>
</Point>
</Placemark>
<Placemark>
<name>432049</name>
<styleUrl>#style_ff0000ff_9527121</styleUrl>
<description><![CDATA[<table border='1' cellpadding='4' cellspacing='0'><tr><td><b>OBJECTID</b></td><td>432049</td></tr></table>]]></description>
<Point>
<coordinates>-114.967860468777,36.05297621572705,0</coordinates>
</Point>
</Placemark>
<Placemark>
<name>432057</name>
<styleUrl>#style_ff0000ff_9527121</styleUrl>
<description><![CDATA[<table border='1' cellpadding='4' cellspacing='0'><tr><td><b>OBJECTID</b></td><td>432057</td></tr></table>]]></description>
<Point>
<coordinates>-115.10478538131615,35.998855650498996,0</coordinates>
</Point>
</Placemark>
<Placemark>
<name>432058</name>
<styleUrl>#style_ff0000ff_9527121</styleUrl>
<description><![CDATA[<table border='1' cellpadding='4' cellspacing='0'><tr><td><b>OBJECTID</b></td><td>432058</td></tr></table>]]></description>
<Point>
<coordinates>-114.98489324211273,36.03262837427706,0</coordinates>
</Point>
</Placemark>
<Placemark>
<name>432059</name>
<styleUrl>#style_ff0000ff_9527121</styleUrl>
<description><![CDATA[<table border='1' cellpadding='4' cellspacing='0'><tr><td><b>OBJECTID</b></td><td>432059</td></tr></table>]]></description>
<Point>
<coordinates>-115.07752569089901,36.0725705775888,0</coordinates>
</Point>
</Placemark>
<Placemark>
<name>432061</name>
<styleUrl>#style_ff0000ff_9527121</styleUrl>
<description><![CDATA[<table border='1' cellpadding='4' cellspacing='0'><tr><td><b>OBJECTID</b></td><td>432061</td></tr></table>]]></description>
<Point>
<coordinates>-115.00093318886711,36.05586632377301,0</coordinates>
</Point>
</Placemark>
<Placemark>
<name>432062</name>
<styleUrl>#style_ff0000ff_9527121</styleUrl>
<description><![CDATA[<table border='1' cellpadding='4' cellspacing='0'><tr><td><b>OBJECTID</b></td><td>432062</td></tr></table>]]></description>
<Point>
<coordinates>-114.96397455320292,36.05831777032188,0</coordinates>
</Point>
</Placemark>
<Placemark>
<name>432084</name>
<styleUrl>#style_ff0000ff_9527121</styleUrl>
<description><![CDATA[<table border='1' cellpadding='4' cellspacing='0'><tr><td><b>OBJECTID</b></td><td>432084</td></tr></table>]]></description>
<Point>
<coordinates>-115.10113208468978,36.04172816078766,0</coordinates>
</Point>
</Placemark>
<Placemark>
<name>432085</name>
<styleUrl>#style_ff0000ff_9527121</styleUrl>
<description><![CDATA[<table border='1' cellpadding='4' cellspacing='0'><tr><td><b>OBJECTID</b></td><td>432085</td></tr></table>]]></description>
<Point>
<coordinates>-114.97247202737475,36.03238183481726,0</coordinates>
</Point>
</Placemark>
<Placemark>
<name>432086</name>
<styleUrl>#style_ff0000ff_9527121</styleUrl>
<description><![CDATA[<table border='1' cellpadding='4' cellspacing='0'><tr><td><b>OBJECTID</b></td><td>432086</td></tr></table>]]></description>
<Point>
<coordinates>-115.04706901882432,36.06591077133489,0</coordinates>
</Point>
</Placemark>
<Placemark>
<name>432087</name>
<styleUrl>#style_ff0000ff_9527121</styleUrl>
<description><![CDATA[<table border='1' cellpadding='4' cellspacing='0'><tr><td><b>OBJECTID</b></td><td>432087</td></tr></table>]]></description>
<Point>
<coordinates>-114.94957158250536,36.01767434596858,0</coordinates>
</Point>
</Placemark>
<Placemark>
<name>432088</name>
<styleUrl>#style_ff0000ff_9527121</styleUrl>
<description><![CDATA[<table border='1' cellpadding='4' cellspacing='0'><tr><td><b>OBJECTID</b></td><td>432088</td></tr></table>]]></description>
<Point>
<coordinates>-115.03500212411674,36.06431842159165,0</coordinates>
</Point>
</Placemark>
<Placemark>
<name>432089</name>
<styleUrl>#style_ff0000ff_9527121</styleUrl>
<description><![CDATA[<table border='1' cellpadding='4' cellspacing='0'><tr><td><b>OBJECTID</b></td><td>432089</td></tr></table>]]></description>
<Point>
<coordinates>-114.96671457681852,36.02385253275249,0</coordinates>
</Point>
</Placemark>
<Placemark>
<name>432090</name>
<styleUrl>#style_ff0000ff_9527121</styleUrl>
<description><![CDATA[<table border='1' cellpadding='4' cellspacing='0'><tr><td><b>OBJECTID</b></td><td>432090</td></tr></table>]]></description>
<Point>
<coordinates>-114.98311674459445,36.03926407959948,0</coordinates>
</Point>
</Placemark>
<Placemark>
<name>432091</name>
<styleUrl>#style_ff0000ff_9527121</styleUrl>
<description><![CDATA[<table border='1' cellpadding='4' cellspacing='0'><tr><td><b>OBJECTID</b></td><td>432091</td></tr></table>]]></description>
<Point>
<coordinates>-115.01149726521223,36.066818363863725,0</coordinates>
</Point>
</Placemark>
<Placemark>
<name>432092</name>
<styleUrl>#style_ff0000ff_9527121</styleUrl>
<description><![CDATA[<table border='1' cellpadding='4' cellspacing='0'><tr><td><b>OBJECTID</b></td><td>432092</td></tr></table>]]></description>
<Point>
<coordinates>-115.09800967345494,36.035326094981826,0</coordinates>
</Point>
</Placemark>
<Placemark>
<name>432093</name>
<styleUrl>#style_ff0000ff_9527121</styleUrl>
<description><![CDATA[<table border='1' cellpadding='4' cellspacing='0'><tr><td><b>OBJECTID</b></td><td>432093</td></tr></table>]]></description>
<Point>
<coordinates>-114.98117541068049,36.03130893576289,0</coordinates>
</Point>
</Placemark>
<Placemark>
<name>432094</name>
<styleUrl>#style_ff0000ff_9527121</styleUrl>
<description><![CDATA[<table border='1' cellpadding='4' cellspacing='0'><tr><td><b>OBJECTID</b></td><td>432094</td></tr></table>]]></description>
<Point>
<coordinates>-114.96385998389762,36.02464767808654,0</coordinates>
</Point>
</Placemark>
<Placemark>
<name>432095</name>
<styleUrl>#style_ff0000ff_9527121</styleUrl>
<description><![CDATA[<table border='1' cellpadding='4' cellspacing='0'><tr><td><b>OBJECTID</b></td><td>432095</td></tr></table>]]></description>
<Point>
<coordinates>-115.07511497452148,36.06986072044103,0</coordinates>
</Point>
</Placemark>
<Placemark>
<name>432096</name>
<styleUrl>#style_ff0000ff_9527121</styleUrl>
<description><![CDATA[<table border='1' cellpadding='4' cellspacing='0'><tr><td><b>OBJECTID</b></td><td>432096</td></tr></table>]]></description>
<Point>
<coordinates>-115.09934698642448,36.033643875009986,0</coordinates>
</Point>
</Placemark>
<Placemark>
<name>432097</name>
<styleUrl>#style_ff0000ff_9527121</styleUrl>
<description><![CDATA[<table border='1' cellpadding='4' cellspacing='0'><tr><td><b>OBJECTID</b></td><td>432097</td></tr></table>]]></description>
<Point>
<coordinates>-115.03500212411674,36.06431842159165,0</coordinates>
</Point>
</Placemark>
<Placemark>
<name>432098</name>
<styleUrl>#style_ff0000ff_9527121</styleUrl>
<description><![CDATA[<table border='1' cellpadding='4' cellspacing='0'><tr><td><b>OBJECTID</b></td><td>432098</td></tr></table>]]></description>
<Point>
<coordinates>-114.98311674459445,36.03926407959948,0</coordinates>
</Point>
</Placemark>
<Placemark>
<name>432123</name>
<styleUrl>#style_ff0000ff_9527121</styleUrl>
<description><![CDATA[<table border='1' cellpadding='4' cellspacing='0'><tr><td><b>OBJECTID</b></td><td>432123</td></tr></table>]]></description>
<Point>
<coordinates>-115.05631222889849,36.056525360546395,0</coordinates>
</Point>
</Placemark>
<Placemark>
<name>432124</name>
<styleUrl>#style_ff0000ff_9527121</styleUrl>
<description><![CDATA[<table border='1' cellpadding='4' cellspacing='0'><tr><td><b>OBJECTID</b></td><td>432124</td></tr></table>]]></description>
<Point>
<coordinates>-115.05709988513819,36.05681356865255,0</coordinates>
</Point>
</Placemark>
<Placemark>
<name>432125</name>
<styleUrl>#style_ff0000ff_9527121</styleUrl>
<description><![CDATA[<table border='1' cellpadding='4' cellspacing='0'><tr><td><b>OBJECTID</b></td><td>432125</td></tr></table>]]></description>
<Point>
<coordinates>-115.0350188977098,36.070175706064674,0</coordinates>
</Point>
</Placemark>
<Placemark>
<name>432126</name>
<styleUrl>#style_ff0000ff_9527121</styleUrl>
<description><![CDATA[<table border='1' cellpadding='4' cellspacing='0'><tr><td><b>OBJECTID</b></td><td>432126</td></tr></table>]]></description>
<Point>
<coordinates>-115.05562167473369,36.04300735125214,0</coordinates>
</Point>
</Placemark>
<Placemark>
<name>432130</name>
<styleUrl>#style_ff0000ff_9527121</styleUrl>
<description><![CDATA[<table border='1' cellpadding='4' cellspacing='0'><tr><td><b>OBJECTID</b></td><td>432130</td></tr></table>]]></description>
<Point>
<coordinates>-115.016515877683,36.07381546569064,0</coordinates>
</Point>
</Placemark>
<Placemark>
<name>432131</name>
<styleUrl>#style_ff0000ff_9527121</styleUrl>
<description><![CDATA[<table border='1' cellpadding='4' cellspacing='0'><tr><td><b>OBJECTID</b></td><td>432131</td></tr></table>]]></description>
<Point>
<coordinates>-115.05709988513819,36.05681356865255,0</coordinates>
</Point>
</Placemark>
<Placemark>
<name>432136</name>
<styleUrl>#style_ff0000ff_9527121</styleUrl>
<description><![CDATA[<table border='1' cellpadding='4' cellspacing='0'><tr><td><b>OBJECTID</b></td><td>432136</td></tr></table>]]></description>
<Point>
<coordinates>-115.02784556052907,36.067842991472794,0</coordinates>
</Point>
</Placemark>
<Placemark>
<name>432137</name>
<styleUrl>#style_ff0000ff_9527121</styleUrl>
<description><![CDATA[<table border='1' cellpadding='4' cellspacing='0'><tr><td><b>OBJECTID</b></td><td>432137</td></tr></table>]]></description>
<Point>
<coordinates>-114.97753558940838,36.01316758574484,0</coordinates>
</Point>
</Placemark>
<Placemark>
<name>432138</name>
<styleUrl>#style_ff0000ff_9527121</styleUrl>
<description><![CDATA[<table border='1' cellpadding='4' cellspacing='0'><tr><td><b>OBJECTID</b></td><td>432138</td></tr></table>]]></description>
<Point>
<coordinates>-114.95035174875404,36.013200309815,0</coordinates>
</Point>
</Placemark>
<Placemark>
<name>432139</name>
<styleUrl>#style_ff0000ff_9527121</styleUrl>
<description><![CDATA[<table border='1' cellpadding='4' cellspacing='0'><tr><td><b>OBJECTID</b></td><td>432139</td></tr></table>]]></description>
<Point>
<coordinates>-115.02191725575688,36.06489010441379,0</coordinates>
</Point>
</Placemark>
<Placemark>
<name>432140</name>
<styleUrl>#style_ff0000ff_9527121</styleUrl>
<description><![CDATA[<table border='1' cellpadding='4' cellspacing='0'><tr><td><b>OBJECTID</b></td><td>432140</td></tr></table>]]></description>
<Point>
<coordinates>-115.04732507354453,36.058301140886584,0</coordinates>
</Point>
</Placemark>
<Placemark>
<name>432141</name>
<styleUrl>#style_ff0000ff_9527121</styleUrl>
<description><![CDATA[<table border='1' cellpadding='4' cellspacing='0'><tr><td><b>OBJECTID</b></td><td>432141</td></tr></table>]]></description>
<Point>
<coordinates>-115.02787025310676,36.06220469241624,0</coordinates>
</Point>
</Placemark>
<Placemark>
<name>432142</name>
<styleUrl>#style_ff0000ff_9527121</styleUrl>
<description><![CDATA[<table border='1' cellpadding='4' cellspacing='0'><tr><td><b>OBJECTID</b></td><td>432142</td></tr></table>]]></description>
<Point>
<coordinates>-115.08656486497317,36.03575664734022,0</coordinates>
</Point>
</Placemark>
<Placemark>
<name>432143</name>
<styleUrl>#style_ff0000ff_9527121</styleUrl>
<description><![CDATA[<table border='1' cellpadding='4' cellspacing='0'><tr><td><b>OBJECTID</b></td><td>432143</td></tr></table>]]></description>
<Point>
<coordinates>-115.11592647467899,35.97964306084661,0</coordinates>
</Point>
</Placemark>
<Placemark>
<name>432144</name>
<styleUrl>#style_ff0000ff_9527121</styleUrl>
<description><![CDATA[<table border='1' cellpadding='4' cellspacing='0'><tr><td><b>OBJECTID</b></td><td>432144</td></tr></table>]]></description>
<Point>
<coordinates>-115.11592647467899,35.97964306084661,0</coordinates>
</Point>
</Placemark>
<Placemark>
<name>432145</name>
<styleUrl>#style_ff0000ff_9527121</styleUrl>
<description><![CDATA[<table border='1' cellpadding='4' cellspacing='0'><tr><td><b>OBJECTID</b></td><td>432145</td></tr></table>]]></description>
<Point>
<coordinates>-115.06971379870845,36.07207909295497,0</coordinates>
</Point>
</Placemark>
<Placemark>
<name>432146</name>
<styleUrl>#style_ff0000ff_9527121</styleUrl>
<description><![CDATA[<table border='1' cellpadding='4' cellspacing='0'><tr><td><b>OBJECTID</b></td><td>432146</td></tr></table>]]></description>
<Point>
<coordinates>-115.05270888915727,36.019559750645946,0</coordinates>
</Point>
</Placemark>
<Placemark>
<name>432147</name>
<styleUrl>#style_ff0000ff_9527121</styleUrl>
<description><![CDATA[<table border='1' cellpadding='4' cellspacing='0'><tr><td><b>OBJECTID</b></td><td>432147</td></tr></table>]]></description>
<Point>
<coordinates>-115.02929299514405,36.05791407949187,0</coordinates>
</Point>
</Placemark>
<Placemark>
<name>432148</name>
<styleUrl>#style_ff0000ff_9527121</styleUrl>
<description><![CDATA[<table border='1' cellpadding='4' cellspacing='0'><tr><td><b>OBJECTID</b></td><td>432148</td></tr></table>]]></description>
<Point>
<coordinates>-115.0016062567095,36.034520029799715,0</coordinates>
</Point>
</Placemark>
<Placemark>
<name>432149</name>
<styleUrl>#style_ff0000ff_9527121</styleUrl>
<description><![CDATA[<table border='1' cellpadding='4' cellspacing='0'><tr><td><b>OBJECTID</b></td><td>432149</td></tr></table>]]></description>
<Point>
<coordinates>-115.1214108278163,35.9893376255903,0</coordinates>
</Point>
</Placemark>
<Placemark>
<name>432150</name>
<styleUrl>#style_ff0000ff_9527121</styleUrl>
<description><![CDATA[<table border='1' cellpadding='4' cellspacing='0'><tr><td><b>OBJECTID</b></td><td>432150</td></tr></table>]]></description>
<Point>
<coordinates>-115.04497953995565,36.059562849443275,0</coordinates>
</Point>
</Placemark>
<Placemark>
<name>432151</name>
<styleUrl>#style_ff0000ff_9527121</styleUrl>
<description><![CDATA[<table border='1' cellpadding='4' cellspacing='0'><tr><td><b>OBJECTID</b></td><td>432151</td></tr></table>]]></description>
<Point>
<coordinates>-115.03881348715838,36.05801293770978,0</coordinates>
</Point>
</Placemark>
<Placemark>
<name>432152</name>
<styleUrl>#style_ff0000ff_9527121</styleUrl>
<description><![CDATA[<table border='1' cellpadding='4' cellspacing='0'><tr><td><b>OBJECTID</b></td><td>432152</td></tr></table>]]></description>
<Point>
<coordinates>-115.10384991899264,36.000399004809985,0</coordinates>
</Point>
</Placemark>
<Placemark>
<name>432153</name>
<styleUrl>#style_ff0000ff_9527121</styleUrl>
<description><![CDATA[<table border='1' cellpadding='4' cellspacing='0'><tr><td><b>OBJECTID</b></td><td>432153</td></tr></table>]]></description>
<Point>
<coordinates>-115.10384991899264,36.000399004809985,0</coordinates>
</Point>
</Placemark>
<Placemark>
<name>432154</name>
<styleUrl>#style_ff0000ff_9527121</styleUrl>
<description><![CDATA[<table border='1' cellpadding='4' cellspacing='0'><tr><td><b>OBJECTID</b></td><td>432154</td></tr></table>]]></description>
<Point>
<coordinates>-114.97664735330412,36.02398077953356,0</coordinates>
</Point>
</Placemark>
<Placemark>
<name>432155</name>
<styleUrl>#style_ff0000ff_9527121</styleUrl>
<description><![CDATA[<table border='1' cellpadding='4' cellspacing='0'><tr><td><b>OBJECTID</b></td><td>432155</td></tr></table>]]></description>
<Point>
<coordinates>-115.0263784424044,36.05884563646667,0</coordinates>
</Point>
</Placemark>
<Placemark>
<name>432156</name>
<styleUrl>#style_ff0000ff_9527121</styleUrl>
<description><![CDATA[<table border='1' cellpadding='4' cellspacing='0'><tr><td><b>OBJECTID</b></td><td>432156</td></tr></table>]]></description>
<Point>
<coordinates>-115.02426814780713,36.06413366240137,0</coordinates>
</Point>
</Placemark>
<Placemark>
<name>432157</name>
<styleUrl>#style_ff0000ff_9527121</styleUrl>
<description><![CDATA[<table border='1' cellpadding='4' cellspacing='0'><tr><td><b>OBJECTID</b></td><td>432157</td></tr></table>]]></description>
<Point>
<coordinates>-115.08450025848425,36.055593317443616,0</coordinates>
</Point>
</Placemark>
<Placemark>
<name>432158</name>
<styleUrl>#style_ff0000ff_9527121</styleUrl>
<description><![CDATA[<table border='1' cellpadding='4' cellspacing='0'><tr><td><b>OBJECTID</b></td><td>432158</td></tr></table>]]></description>
<Point>
<coordinates>-115.05242234910446,36.06390376166915,0</coordinates>
</Point>
</Placemark>
<Placemark>
<name>432159</name>
<styleUrl>#style_ff0000ff_9527121</styleUrl>
<description><![CDATA[<table border='1' cellpadding='4' cellspacing='0'><tr><td><b>OBJECTID</b></td><td>432159</td></tr></table>]]></description>
<Point>
<coordinates>-115.08190625475386,36.07632106464086,0</coordinates>
</Point>
</Placemark>
<Placemark>
<name>432160</name>
<styleUrl>#style_ff0000ff_9527121</styleUrl>
<description><![CDATA[<table border='1' cellpadding='4' cellspacing='0'><tr><td><b>OBJECTID</b></td><td>432160</td></tr></table>]]></description>
<Point>
<coordinates>-115.05545570438606,36.05594607673131,0</coordinates>
</Point>
</Placemark>
<Placemark>
<name>432161</name>
<styleUrl>#style_ff0000ff_9527121</styleUrl>
<description><![CDATA[<table border='1' cellpadding='4' cellspacing='0'><tr><td><b>OBJECTID</b></td><td>432161</td></tr></table>]]></description>
<Point>
<coordinates>-115.05545570438606,36.05594607673131,0</coordinates>
</Point>
</Placemark>
<Placemark>
<name>432162</name>
<styleUrl>#style_ff0000ff_9527121</styleUrl>
<description><![CDATA[<table border='1' cellpadding='4' cellspacing='0'><tr><td><b>OBJECTID</b></td><td>432162</td></tr></table>]]></description>
<Point>
<coordinates>-115.0158545046864,36.06416909391488,0</coordinates>
</Point>
</Placemark>
<Placemark>
<name>432163</name>
<styleUrl>#style_ff0000ff_9527121</styleUrl>
<description><![CDATA[<table border='1' cellpadding='4' cellspacing='0'><tr><td><b>OBJECTID</b></td><td>432163</td></tr></table>]]></description>
<Point>
<coordinates>-115.0158545046864,36.06416909391488,0</coordinates>
</Point>
</Placemark>
<Placemark>
<name>432164</name>
<styleUrl>#style_ff0000ff_9527121</styleUrl>
<description><![CDATA[<table border='1' cellpadding='4' cellspacing='0'><tr><td><b>OBJECTID</b></td><td>432164</td></tr></table>]]></description>
<Point>
<coordinates>-115.08318339107603,36.06801491290053,0</coordinates>
</Point>
</Placemark>
<Placemark>
<name>432165</name>
<styleUrl>#style_ff0000ff_9527121</styleUrl>
<description><![CDATA[<table border='1' cellpadding='4' cellspacing='0'><tr><td><b>OBJECTID</b></td><td>432165</td></tr></table>]]></description>
<Point>
<coordinates>-115.08380399770047,36.029473179568626,0</coordinates>
</Point>
</Placemark>
<Placemark>
<name>432166</name>
<styleUrl>#style_ff0000ff_9527121</styleUrl>
<description><![CDATA[<table border='1' cellpadding='4' cellspacing='0'><tr><td><b>OBJECTID</b></td><td>432166</td></tr></table>]]></description>
<Point>
<coordinates>-115.09800967345494,36.035326094981826,0</coordinates>
</Point>
</Placemark>
<Placemark>
<name>432167</name>
<styleUrl>#style_ff0000ff_9527121</styleUrl>
<description><![CDATA[<table border='1' cellpadding='4' cellspacing='0'><tr><td><b>OBJECTID</b></td><td>432167</td></tr></table>]]></description>
<Point>
<coordinates>-115.13357299941556,35.99226719963696,0</coordinates>
</Point>
</Placemark>
<Placemark>
<name>432168</name>
<styleUrl>#style_ff0000ff_9527121</styleUrl>
<description><![CDATA[<table border='1' cellpadding='4' cellspacing='0'><tr><td><b>OBJECTID</b></td><td>432168</td></tr></table>]]></description>
<Point>
<coordinates>-115.05050819853169,36.05599444332047,0</coordinates>
</Point>
</Placemark>
<Placemark>
<name>432169</name>
<styleUrl>#style_ff0000ff_9527121</styleUrl>
<description><![CDATA[<table border='1' cellpadding='4' cellspacing='0'><tr><td><b>OBJECTID</b></td><td>432169</td></tr></table>]]></description>
<Point>
<coordinates>-115.016515877683,36.07381546569064,0</coordinates>
</Point>
</Placemark>
<Placemark>
<name>432170</name>
<styleUrl>#style_ff0000ff_9527121</styleUrl>
<description><![CDATA[<table border='1' cellpadding='4' cellspacing='0'><tr><td><b>OBJECTID</b></td><td>432170</td></tr></table>]]></description>
<Point>
<coordinates>-115.04530322883065,36.05496400406718,0</coordinates>
</Point>
</Placemark>
<Placemark>
<name>432171</name>
<styleUrl>#style_ff0000ff_9527121</styleUrl>
<description><![CDATA[<table border='1' cellpadding='4' cellspacing='0'><tr><td><b>OBJECTID</b></td><td>432171</td></tr></table>]]></description>
<Point>
<coordinates>-115.04465345790496,36.08165758681111,0</coordinates>
</Point>
</Placemark>
<Placemark>
<name>432172</name>
<styleUrl>#style_ff0000ff_9527121</styleUrl>
<description><![CDATA[<table border='1' cellpadding='4' cellspacing='0'><tr><td><b>OBJECTID</b></td><td>432172</td></tr></table>]]></description>
<Point>
<coordinates>-115.027753977949,36.07153557483806,0</coordinates>
</Point>
</Placemark>
<Placemark>
<name>432173</name>
<styleUrl>#style_ff0000ff_9527121</styleUrl>
<description><![CDATA[<table border='1' cellpadding='4' cellspacing='0'><tr><td><b>OBJECTID</b></td><td>432173</td></tr></table>]]></description>
<Point>
<coordinates>-115.11592647467899,35.97964306084661,0</coordinates>
</Point>
</Placemark>
<Placemark>
<name>432174</name>
<styleUrl>#style_ff0000ff_9527121</styleUrl>
<description><![CDATA[<table border='1' cellpadding='4' cellspacing='0'><tr><td><b>OBJECTID</b></td><td>432174</td></tr></table>]]></description>
<Point>
<coordinates>-115.11592647467899,35.97964306084661,0</coordinates>
</Point>
</Placemark>
<Placemark>
<name>432175</name>
<styleUrl>#style_ff0000ff_9527121</styleUrl>
<description><![CDATA[<table border='1' cellpadding='4' cellspacing='0'><tr><td><b>OBJECTID</b></td><td>432175</td></tr></table>]]></description>
<Point>
<coordinates>-115.07246650989914,36.07805239927389,0</coordinates>
</Point>
</Placemark>
<Placemark>
<name>432176</name>
<styleUrl>#style_ff0000ff_9527121</styleUrl>
<description><![CDATA[<table border='1' cellpadding='4' cellspacing='0'><tr><td><b>OBJECTID</b></td><td>432176</td></tr></table>]]></description>
<Point>
<coordinates>-115.08644191758691,36.027926732828426,0</coordinates>
</Point>
</Placemark>
<Placemark>
<name>432178</name>
<styleUrl>#style_ff0000ff_9527121</styleUrl>
<description><![CDATA[<table border='1' cellpadding='4' cellspacing='0'><tr><td><b>OBJECTID</b></td><td>432178</td></tr></table>]]></description>
<Point>
<coordinates>-114.95079825538464,36.015494173455586,0</coordinates>
</Point>
</Placemark>
<Placemark>
<name>432180</name>
<styleUrl>#style_ff0000ff_9527121</styleUrl>
<description><![CDATA[<table border='1' cellpadding='4' cellspacing='0'><tr><td><b>OBJECTID</b></td><td>432180</td></tr></table>]]></description>
<Point>
<coordinates>-115.1127946884423,36.006380852608714,0</coordinates>
</Point>
</Placemark>
<Placemark>
<name>432181</name>
<styleUrl>#style_ff0000ff_9527121</styleUrl>
<description><![CDATA[<table border='1' cellpadding='4' cellspacing='0'><tr><td><b>OBJECTID</b></td><td>432181</td></tr></table>]]></description>
<Point>
<coordinates>-115.01362435390172,36.06325785351881,0</coordinates>
</Point>
</Placemark>
<Placemark>
<name>432182</name>
<styleUrl>#style_ff0000ff_9527121</styleUrl>
<description><![CDATA[<table border='1' cellpadding='4' cellspacing='0'><tr><td><b>OBJECTID</b></td><td>432182</td></tr></table>]]></description>
<Point>
<coordinates>-114.96298516119663,36.01291681700665,0</coordinates>
</Point>
</Placemark>
<Placemark>
<name>432183</name>
<styleUrl>#style_ff0000ff_9527121</styleUrl>
<description><![CDATA[<table border='1' cellpadding='4' cellspacing='0'><tr><td><b>OBJECTID</b></td><td>432183</td></tr></table>]]></description>
<Point>
<coordinates>-115.08837250339361,36.02666155038216,0</coordinates>
</Point>
</Placemark>
<Placemark>
<name>432184</name>
<styleUrl>#style_ff0000ff_9527121</styleUrl>
<description><![CDATA[<table border='1' cellpadding='4' cellspacing='0'><tr><td><b>OBJECTID</b></td><td>432184</td></tr></table>]]></description>
<Point>
<coordinates>-115.10118549690735,36.034018476636184,0</coordinates>
</Point>
</Placemark>
<Placemark>
<name>432185</name>
<styleUrl>#style_ff0000ff_9527121</styleUrl>
<description><![CDATA[<table border='1' cellpadding='4' cellspacing='0'><tr><td><b>OBJECTID</b></td><td>432185</td></tr></table>]]></description>
<Point>
<coordinates>-114.985393232117,36.01272505206883,0</coordinates>
</Point>
</Placemark>
<Placemark>
<name>432186</name>
<styleUrl>#style_ff0000ff_9527121</styleUrl>
<description><![CDATA[<table border='1' cellpadding='4' cellspacing='0'><tr><td><b>OBJECTID</b></td><td>432186</td></tr></table>]]></description>
<Point>
<coordinates>-115.10160387744763,35.987542102081086,0</coordinates>
</Point>
</Placemark>
<Placemark>
<name>432187</name>
<styleUrl>#style_ff0000ff_9527121</styleUrl>
<description><![CDATA[<table border='1' cellpadding='4' cellspacing='0'><tr><td><b>OBJECTID</b></td><td>432187</td></tr></table>]]></description>
<Point>
<coordinates>-115.10881986934027,36.03446239668097,0</coordinates>
</Point>
</Placemark>
<Placemark>
<name>432188</name>
<styleUrl>#style_ff0000ff_9527121</styleUrl>
<description><![CDATA[<table border='1' cellpadding='4' cellspacing='0'><tr><td><b>OBJECTID</b></td><td>432188</td></tr></table>]]></description>
<Point>
<coordinates>-115.08512092758919,36.038997588790004,0</coordinates>
</Point>
</Placemark>
<Placemark>
<name>432189</name>
<styleUrl>#style_ff0000ff_9527121</styleUrl>
<description><![CDATA[<table border='1' cellpadding='4' cellspacing='0'><tr><td><b>OBJECTID</b></td><td>432189</td></tr></table>]]></description>
<Point>
<coordinates>-114.96719809182463,36.02511777633617,0</coordinates>
</Point>
</Placemark>
<Placemark>
<name>432190</name>
<styleUrl>#style_ff0000ff_9527121</styleUrl>
<description><![CDATA[<table border='1' cellpadding='4' cellspacing='0'><tr><td><b>OBJECTID</b></td><td>432190</td></tr></table>]]></description>
<Point>
<coordinates>-115.02776363448373,36.03049403422757,0</coordinates>
</Point>
</Placemark>
<Placemark>
<name>432192</name>
<styleUrl>#style_ff0000ff_9527121</styleUrl>
<description><![CDATA[<table border='1' cellpadding='4' cellspacing='0'><tr><td><b>OBJECTID</b></td><td>432192</td></tr></table>]]></description>
<Point>
<coordinates>-115.08277231497286,36.068681338147975,0</coordinates>
</Point>
</Placemark>
<Placemark>
<name>432195</name>
<styleUrl>#style_ff0000ff_9527121</styleUrl>
<description><![CDATA[<table border='1' cellpadding='4' cellspacing='0'><tr><td><b>OBJECTID</b></td><td>432195</td></tr></table>]]></description>
<Point>
<coordinates>-115.02744527486288,36.03369376921779,0</coordinates>
</Point>
</Placemark>
<Placemark>
<name>432196</name>
<styleUrl>#style_ff0000ff_9527121</styleUrl>
<description><![CDATA[<table border='1' cellpadding='4' cellspacing='0'><tr><td><b>OBJECTID</b></td><td>432196</td></tr></table>]]></description>
<Point>
<coordinates>-115.1140608751878,36.005824688585115,0</coordinates>
</Point>
</Placemark>
<Placemark>
<name>432197</name>
<styleUrl>#style_ff0000ff_9527121</styleUrl>
<description><![CDATA[<table border='1' cellpadding='4' cellspacing='0'><tr><td><b>OBJECTID</b></td><td>432197</td></tr></table>]]></description>
<Point>
<coordinates>-114.97339546004964,36.03471813714542,0</coordinates>
</Point>
</Placemark>
<Placemark>
<name>432198</name>
<styleUrl>#style_ff0000ff_9527121</styleUrl>
<description><![CDATA[<table border='1' cellpadding='4' cellspacing='0'><tr><td><b>OBJECTID</b></td><td>432198</td></tr></table>]]></description>
<Point>
<coordinates>-115.05351259252339,36.08186762192161,0</coordinates>
</Point>
</Placemark>
<Placemark>
<name>432199</name>
<styleUrl>#style_ff0000ff_9527121</styleUrl>
<description><![CDATA[<table border='1' cellpadding='4' cellspacing='0'><tr><td><b>OBJECTID</b></td><td>432199</td></tr></table>]]></description>
<Point>
<coordinates>-114.9644638085496,36.05808299832553,0</coordinates>
</Point>
</Placemark>
<Placemark>
<name>432201</name>
<styleUrl>#style_ff0000ff_9527121</styleUrl>
<description><![CDATA[<table border='1' cellpadding='4' cellspacing='0'><tr><td><b>OBJECTID</b></td><td>432201</td></tr></table>]]></description>
<Point>
<coordinates>-115.10033646779871,35.99035418715112,0</coordinates>
</Point>
</Placemark>
<Placemark>
<name>432202</name>
<styleUrl>#style_ff0000ff_9527121</styleUrl>
<description><![CDATA[<table border='1' cellpadding='4' cellspacing='0'><tr><td><b>OBJECTID</b></td><td>432202</td></tr></table>]]></description>
<Point>
<coordinates>-115.03702185360068,36.06352355567227,0</coordinates>
</Point>
</Placemark>
<Placemark>
<name>432203</name>
<styleUrl>#style_ff0000ff_9527121</styleUrl>
<description><![CDATA[<table border='1' cellpadding='4' cellspacing='0'><tr><td><b>OBJECTID</b></td><td>432203</td></tr></table>]]></description>
<Point>
<coordinates>-115.08357349695623,36.006089751602424,0</coordinates>
</Point>
</Placemark>
<Placemark>
<name>432204</name>
<styleUrl>#style_ff0000ff_9527121</styleUrl>
<description><![CDATA[<table border='1' cellpadding='4' cellspacing='0'><tr><td><b>OBJECTID</b></td><td>432204</td></tr></table>]]></description>
<Point>
<coordinates>-114.96352127544714,36.0250150251614,0</coordinates>
</Point>
</Placemark>
<Placemark>
<name>432205</name>
<styleUrl>#style_ff0000ff_9527121</styleUrl>
<description><![CDATA[<table border='1' cellpadding='4' cellspacing='0'><tr><td><b>OBJECTID</b></td><td>432205</td></tr></table>]]></description>
<Point>
<coordinates>-114.94957158250536,36.01767434596858,0</coordinates>
</Point>
</Placemark>
<Placemark>
<name>432206</name>
<styleUrl>#style_ff0000ff_9527121</styleUrl>
<description><![CDATA[<table border='1' cellpadding='4' cellspacing='0'><tr><td><b>OBJECTID</b></td><td>432206</td></tr></table>]]></description>
<Point>
<coordinates>-114.96980034460957,36.030569197003416,0</coordinates>
</Point>
</Placemark>
<Placemark>
<name>432207</name>
<styleUrl>#style_ff0000ff_9527121</styleUrl>
<description><![CDATA[<table border='1' cellpadding='4' cellspacing='0'><tr><td><b>OBJECTID</b></td><td>432207</td></tr></table>]]></description>
<Point>
<coordinates>-115.09989460386996,36.04211333821949,0</coordinates>
</Point>
</Placemark>
<Placemark>
<name>432208</name>
<styleUrl>#style_ff0000ff_9527121</styleUrl>
<description><![CDATA[<table border='1' cellpadding='4' cellspacing='0'><tr><td><b>OBJECTID</b></td><td>432208</td></tr></table>]]></description>
<Point>
<coordinates>-115.01149726521223,36.066818363863725,0</coordinates>
</Point>
</Placemark>
<Placemark>
<name>432209</name>
<styleUrl>#style_ff0000ff_9527121</styleUrl>
<description><![CDATA[<table border='1' cellpadding='4' cellspacing='0'><tr><td><b>OBJECTID</b></td><td>432209</td></tr></table>]]></description>
<Point>
<coordinates>-115.01149726521223,36.066818363863725,0</coordinates>
</Point>
</Placemark>
<Placemark>
<name>432210</name>
<styleUrl>#style_ff0000ff_9527121</styleUrl>
<description><![CDATA[<table border='1' cellpadding='4' cellspacing='0'><tr><td><b>OBJECTID</b></td><td>432210</td></tr></table>]]></description>
<Point>
<coordinates>-115.08290865913969,36.06972236908946,0</coordinates>
</Point>
</Placemark>
<Placemark>
<name>432211</name>
<styleUrl>#style_ff0000ff_9527121</styleUrl>
<description><![CDATA[<table border='1' cellpadding='4' cellspacing='0'><tr><td><b>OBJECTID</b></td><td>432211</td></tr></table>]]></description>
<Point>
<coordinates>-115.09800967345494,36.035326094981826,0</coordinates>
</Point>
</Placemark>
<Placemark>
<name>432212</name>
<styleUrl>#style_ff0000ff_9527121</styleUrl>
<description><![CDATA[<table border='1' cellpadding='4' cellspacing='0'><tr><td><b>OBJECTID</b></td><td>432212</td></tr></table>]]></description>
<Point>
<coordinates>-115.05196179853314,36.06411310198117,0</coordinates>
</Point>
</Placemark>
<Placemark>
<name>432214</name>
<styleUrl>#style_ff0000ff_9527121</styleUrl>
<description><![CDATA[<table border='1' cellpadding='4' cellspacing='0'><tr><td><b>OBJECTID</b></td><td>432214</td></tr></table>]]></description>
<Point>
<coordinates>-114.98363233172567,36.03278348089297,0</coordinates>
</Point>
</Placemark>
<Placemark>
<name>432215</name>
<styleUrl>#style_ff0000ff_9527121</styleUrl>
<description><![CDATA[<table border='1' cellpadding='4' cellspacing='0'><tr><td><b>OBJECTID</b></td><td>432215</td></tr></table>]]></description>
<Point>
<coordinates>-115.07996828574854,36.07059759375036,0</coordinates>
</Point>
</Placemark>
<Placemark>
<name>432216</name>
<styleUrl>#style_ff0000ff_9527121</styleUrl>
<description><![CDATA[<table border='1' cellpadding='4' cellspacing='0'><tr><td><b>OBJECTID</b></td><td>432216</td></tr></table>]]></description>
<Point>
<coordinates>-115.00403384190263,36.05861335469541,0</coordinates>
</Point>
</Placemark>
<Placemark>
<name>432217</name>
<styleUrl>#style_ff0000ff_9527121</styleUrl>
<description><![CDATA[<table border='1' cellpadding='4' cellspacing='0'><tr><td><b>OBJECTID</b></td><td>432217</td></tr></table>]]></description>
<Point>
<coordinates>-114.96986690480723,36.02986195517721,0</coordinates>
</Point>
</Placemark>
<Placemark>
<name>432218</name>
<styleUrl>#style_ff0000ff_9527121</styleUrl>
<description><![CDATA[<table border='1' cellpadding='4' cellspacing='0'><tr><td><b>OBJECTID</b></td><td>432218</td></tr></table>]]></description>
<Point>
<coordinates>-114.98072538429282,36.039447690825064,0</coordinates>
</Point>
</Placemark>
<Placemark>
<name>432219</name>
<styleUrl>#style_ff0000ff_9527121</styleUrl>
<description><![CDATA[<table border='1' cellpadding='4' cellspacing='0'><tr><td><b>OBJECTID</b></td><td>432219</td></tr></table>]]></description>
<Point>
<coordinates>-115.05845807528891,36.063893346369035,0</coordinates>
</Point>
</Placemark>
<Placemark>
<name>432220</name>
<styleUrl>#style_ff0000ff_9527121</styleUrl>
<description><![CDATA[<table border='1' cellpadding='4' cellspacing='0'><tr><td><b>OBJECTID</b></td><td>432220</td></tr></table>]]></description>
<Point>
<coordinates>-115.08190625475386,36.07632106464086,0</coordinates>
</Point>
</Placemark>
<Placemark>
<name>432221</name>
<styleUrl>#style_ff0000ff_9527121</styleUrl>
<description><![CDATA[<table border='1' cellpadding='4' cellspacing='0'><tr><td><b>OBJECTID</b></td><td>432221</td></tr></table>]]></description>
<Point>
<coordinates>-115.07656285819043,36.07583671579598,0</coordinates>
</Point>
</Placemark>
<Placemark>
<name>432222</name>
<styleUrl>#style_ff0000ff_9527121</styleUrl>
<description><![CDATA[<table border='1' cellpadding='4' cellspacing='0'><tr><td><b>OBJECTID</b></td><td>432222</td></tr></table>]]></description>
<Point>
<coordinates>-115.04047673572771,36.05890578122582,0</coordinates>
</Point>
</Placemark>
<Placemark>
<name>432223</name>
<styleUrl>#style_ff0000ff_9527121</styleUrl>
<description><![CDATA[<table border='1' cellpadding='4' cellspacing='0'><tr><td><b>OBJECTID</b></td><td>432223</td></tr></table>]]></description>
<Point>
<coordinates>-115.1000027668586,36.042649100691506,0</coordinates>
</Point>
</Placemark>
<Placemark>
<name>432224</name>
<styleUrl>#style_ff0000ff_9527121</styleUrl>
<description><![CDATA[<table border='1' cellpadding='4' cellspacing='0'><tr><td><b>OBJECTID</b></td><td>432224</td></tr></table>]]></description>
<Point>
<coordinates>-115.03928471525197,36.08066477977717,0</coordinates>
</Point>
</Placemark>
<Placemark>
<name>432225</name>
<styleUrl>#style_ff0000ff_9527121</styleUrl>
<description><![CDATA[<table border='1' cellpadding='4' cellspacing='0'><tr><td><b>OBJECTID</b></td><td>432225</td></tr></table>]]></description>
<Point>
<coordinates>-115.099931922479,36.0310913744012,0</coordinates>
</Point>
</Placemark>
<Placemark>
<name>432226</name>
<styleUrl>#style_ff0000ff_9527121</styleUrl>
<description><![CDATA[<table border='1' cellpadding='4' cellspacing='0'><tr><td><b>OBJECTID</b></td><td>432226</td></tr></table>]]></description>
<Point>
<coordinates>-114.99453199057136,36.052192011057016,0</coordinates>
</Point>
</Placemark>
<Placemark>
<name>432227</name>
<styleUrl>#style_ff0000ff_9527121</styleUrl>
<description><![CDATA[<table border='1' cellpadding='4' cellspacing='0'><tr><td><b>OBJECTID</b></td><td>432227</td></tr></table>]]></description>
<Point>
<coordinates>-115.02395986274682,36.065027480621744,0</coordinates>
</Point>
</Placemark>
<Placemark>
<name>432228</name>
<styleUrl>#style_ff0000ff_9527121</styleUrl>
<description><![CDATA[<table border='1' cellpadding='4' cellspacing='0'><tr><td><b>OBJECTID</b></td><td>432228</td></tr></table>]]></description>
<Point>
<coordinates>-114.97214250796175,36.03232257469255,0</coordinates>
</Point>
</Placemark>
<Placemark>
<name>432229</name>
<styleUrl>#style_ff0000ff_9527121</styleUrl>
<description><![CDATA[<table border='1' cellpadding='4' cellspacing='0'><tr><td><b>OBJECTID</b></td><td>432229</td></tr></table>]]></description>
<Point>
<coordinates>-115.06301605152208,36.025238180438116,0</coordinates>
</Point>
</Placemark>
<Placemark>
<name>432231</name>
<styleUrl>#style_ff0000ff_9527121</styleUrl>
<description><![CDATA[<table border='1' cellpadding='4' cellspacing='0'><tr><td><b>OBJECTID</b></td><td>432231</td></tr></table>]]></description>
<Point>
<coordinates>-115.11991792609001,35.992069285793846,0</coordinates>
</Point>
</Placemark>
<Placemark>
<name>432232</name>
<styleUrl>#style_ff0000ff_9527121</styleUrl>
<description><![CDATA[<table border='1' cellpadding='4' cellspacing='0'><tr><td><b>OBJECTID</b></td><td>432232</td></tr></table>]]></description>
<Point>
<coordinates>-115.03702185360068,36.06352355567227,0</coordinates>
</Point>
</Placemark>
<Placemark>
<name>432233</name>
<styleUrl>#style_ff0000ff_9527121</styleUrl>
<description><![CDATA[<table border='1' cellpadding='4' cellspacing='0'><tr><td><b>OBJECTID</b></td><td>432233</td></tr></table>]]></description>
<Point>
<coordinates>-115.08357349695623,36.006089751602424,0</coordinates>
</Point>
</Placemark>
<Placemark>
<name>432234</name>
<styleUrl>#style_ff0000ff_9527121</styleUrl>
<description><![CDATA[<table border='1' cellpadding='4' cellspacing='0'><tr><td><b>OBJECTID</b></td><td>432234</td></tr></table>]]></description>
<Point>
<coordinates>-115.06301605152208,36.025238180438116,0</coordinates>
</Point>
</Placemark>
<Placemark>
<name>432235</name>
<styleUrl>#style_ff0000ff_9527121</styleUrl>
<description><![CDATA[<table border='1' cellpadding='4' cellspacing='0'><tr><td><b>OBJECTID</b></td><td>432235</td></tr></table>]]></description>
<Point>
<coordinates>-115.03510078130306,36.063345755935885,0</coordinates>
</Point>
</Placemark>
<Placemark>
<name>432236</name>
<styleUrl>#style_ff0000ff_9527121</styleUrl>
<description><![CDATA[<table border='1' cellpadding='4' cellspacing='0'><tr><td><b>OBJECTID</b></td><td>432236</td></tr></table>]]></description>
<Point>
<coordinates>-115.08751712327053,36.006054772078784,0</coordinates>
</Point>
</Placemark>
<Placemark>
<name>432237</name>
<styleUrl>#style_ff0000ff_9527121</styleUrl>
<description><![CDATA[<table border='1' cellpadding='4' cellspacing='0'><tr><td><b>OBJECTID</b></td><td>432237</td></tr></table>]]></description>
<Point>
<coordinates>-115.04298791258226,36.06685041939882,0</coordinates>
</Point>
</Placemark>
<Placemark>
<name>432238</name>
<styleUrl>#style_ff0000ff_9527121</styleUrl>
<description><![CDATA[<table border='1' cellpadding='4' cellspacing='0'><tr><td><b>OBJECTID</b></td><td>432238</td></tr></table>]]></description>
<Point>
<coordinates>-115.1006318047495,36.03374233632225,0</coordinates>
</Point>
</Placemark>
<Placemark>
<name>432239</name>
<styleUrl>#style_ff0000ff_9527121</styleUrl>
<description><![CDATA[<table border='1' cellpadding='4' cellspacing='0'><tr><td><b>OBJECTID</b></td><td>432239</td></tr></table>]]></description>
<Point>
<coordinates>-115.10033646779871,35.99035418715112,0</coordinates>
</Point>
</Placemark>
<Placemark>
<name>432240</name>
<styleUrl>#style_ff0000ff_9527121</styleUrl>
<description><![CDATA[<table border='1' cellpadding='4' cellspacing='0'><tr><td><b>OBJECTID</b></td><td>432240</td></tr></table>]]></description>
<Point>
<coordinates>-114.96327342895441,36.02533479754269,0</coordinates>
</Point>
</Placemark>
<Placemark>
<name>432241</name>
<styleUrl>#style_ff0000ff_9527121</styleUrl>
<description><![CDATA[<table border='1' cellpadding='4' cellspacing='0'><tr><td><b>OBJECTID</b></td><td>432241</td></tr></table>]]></description>
<Point>
<coordinates>-115.08265246966528,36.071112303381184,0</coordinates>
</Point>
</Placemark>
<Placemark>
<name>432242</name>
<styleUrl>#style_ff0000ff_9527121</styleUrl>
<description><![CDATA[<table border='1' cellpadding='4' cellspacing='0'><tr><td><b>OBJECTID</b></td><td>432242</td></tr></table>]]></description>
<Point>
<coordinates>-115.04577545677633,36.02351917728069,0</coordinates>
</Point>
</Placemark>
<Placemark>
<name>432243</name>
<styleUrl>#style_ff0000ff_9527121</styleUrl>
<description><![CDATA[<table border='1' cellpadding='4' cellspacing='0'><tr><td><b>OBJECTID</b></td><td>432243</td></tr></table>]]></description>
<Point>
<coordinates>-115.08318339107603,36.06801491290053,0</coordinates>
</Point>
</Placemark>
<Placemark>
<name>432244</name>
<styleUrl>#style_ff0000ff_9527121</styleUrl>
<description><![CDATA[<table border='1' cellpadding='4' cellspacing='0'><tr><td><b>OBJECTID</b></td><td>432244</td></tr></table>]]></description>
<Point>
<coordinates>-115.04732507354453,36.058301140886584,0</coordinates>
</Point>
</Placemark>
<Placemark>
<name>432245</name>
<styleUrl>#style_ff0000ff_9527121</styleUrl>
<description><![CDATA[<table border='1' cellpadding='4' cellspacing='0'><tr><td><b>OBJECTID</b></td><td>432245</td></tr></table>]]></description>
<Point>
<coordinates>-114.98416309842813,36.04258826056786,0</coordinates>
</Point>
</Placemark>
<Placemark>
<name>432246</name>
<styleUrl>#style_ff0000ff_9527121</styleUrl>
<description><![CDATA[<table border='1' cellpadding='4' cellspacing='0'><tr><td><b>OBJECTID</b></td><td>432246</td></tr></table>]]></description>
<Point>
<coordinates>-115.02600729589865,36.04773943347775,0</coordinates>
</Point>
</Placemark>
<Placemark>
<name>432247</name>
<styleUrl>#style_ff0000ff_9527121</styleUrl>
<description><![CDATA[<table border='1' cellpadding='4' cellspacing='0'><tr><td><b>OBJECTID</b></td><td>432247</td></tr></table>]]></description>
<Point>
<coordinates>-115.00093318886711,36.05586632377301,0</coordinates>
</Point>
</Placemark>
<Placemark>
<name>432248</name>
<styleUrl>#style_ff0000ff_9527121</styleUrl>
<description><![CDATA[<table border='1' cellpadding='4' cellspacing='0'><tr><td><b>OBJECTID</b></td><td>432248</td></tr></table>]]></description>
<Point>
<coordinates>-115.03928471525197,36.08066477977717,0</coordinates>
</Point>
</Placemark>
<Placemark>
<name>432249</name>
<styleUrl>#style_ff0000ff_9527121</styleUrl>
<description><![CDATA[<table border='1' cellpadding='4' cellspacing='0'><tr><td><b>OBJECTID</b></td><td>432249</td></tr></table>]]></description>
<Point>
<coordinates>-115.00471131868592,36.05717540249426,0</coordinates>
</Point>
</Placemark>
<Placemark>
<name>432250</name>
<styleUrl>#style_ff0000ff_9527121</styleUrl>
<description><![CDATA[<table border='1' cellpadding='4' cellspacing='0'><tr><td><b>OBJECTID</b></td><td>432250</td></tr></table>]]></description>
<Point>
<coordinates>-115.04425428664427,36.07908734020747,0</coordinates>
</Point>
</Placemark>
<Placemark>
<name>432252</name>
<styleUrl>#style_ff0000ff_9527121</styleUrl>
<description><![CDATA[<table border='1' cellpadding='4' cellspacing='0'><tr><td><b>OBJECTID</b></td><td>432252</td></tr></table>]]></description>
<Point>
<coordinates>-115.05278517384579,36.05577841931334,0</coordinates>
</Point>
</Placemark>
<Placemark>
<name>432253</name>
<styleUrl>#style_ff0000ff_9527121</styleUrl>
<description><![CDATA[<table border='1' cellpadding='4' cellspacing='0'><tr><td><b>OBJECTID</b></td><td>432253</td></tr></table>]]></description>
<Point>
<coordinates>-115.08615001092018,36.068862956260666,0</coordinates>
</Point>
</Placemark>
<Placemark>
<name>432254</name>
<styleUrl>#style_ff0000ff_9527121</styleUrl>
<description><![CDATA[<table border='1' cellpadding='4' cellspacing='0'><tr><td><b>OBJECTID</b></td><td>432254</td></tr></table>]]></description>
<Point>
<coordinates>-115.11592647467899,35.97964306084661,0</coordinates>
</Point>
</Placemark>
<Placemark>
<name>432255</name>
<styleUrl>#style_ff0000ff_9527121</styleUrl>
<description><![CDATA[<table border='1' cellpadding='4' cellspacing='0'><tr><td><b>OBJECTID</b></td><td>432255</td></tr></table>]]></description>
<Point>
<coordinates>-115.05215936044004,36.06254342628161,0</coordinates>
</Point>
</Placemark>
<Placemark>
<name>432256</name>
<styleUrl>#style_ff0000ff_9527121</styleUrl>
<description><![CDATA[<table border='1' cellpadding='4' cellspacing='0'><tr><td><b>OBJECTID</b></td><td>432256</td></tr></table>]]></description>
<Point>
<coordinates>-115.02708660290655,36.0699493911783,0</coordinates>
</Point>
</Placemark>
<Placemark>
<name>432290</name>
<styleUrl>#style_ff0000ff_9527121</styleUrl>
<description><![CDATA[<table border='1' cellpadding='4' cellspacing='0'><tr><td><b>OBJECTID</b></td><td>432290</td></tr></table>]]></description>
<Point>
<coordinates>-115.07442239532914,36.072352181549356,0</coordinates>
</Point>
</Placemark>
<Placemark>
<name>432291</name>
<styleUrl>#style_ff0000ff_9527121</styleUrl>
<description><![CDATA[<table border='1' cellpadding='4' cellspacing='0'><tr><td><b>OBJECTID</b></td><td>432291</td></tr></table>]]></description>
<Point>
<coordinates>-115.02951980297549,36.05200952672237,0</coordinates>
</Point>
</Placemark>
<Placemark>
<name>432292</name>
<styleUrl>#style_ff0000ff_9527121</styleUrl>
<description><![CDATA[<table border='1' cellpadding='4' cellspacing='0'><tr><td><b>OBJECTID</b></td><td>432292</td></tr></table>]]></description>
<Point>
<coordinates>-115.08299988575075,36.07160549906051,0</coordinates>
</Point>
</Placemark>
<Placemark>
<name>432293</name>
<styleUrl>#style_ff0000ff_9527121</styleUrl>
<description><![CDATA[<table border='1' cellpadding='4' cellspacing='0'><tr><td><b>OBJECTID</b></td><td>432293</td></tr></table>]]></description>
<Point>
<coordinates>-115.11592647467899,35.97964306084661,0</coordinates>
</Point>
</Placemark>
<Placemark>
<name>432294</name>
<styleUrl>#style_ff0000ff_9527121</styleUrl>
<description><![CDATA[<table border='1' cellpadding='4' cellspacing='0'><tr><td><b>OBJECTID</b></td><td>432294</td></tr></table>]]></description>
<Point>
<coordinates>-115.11592647467899,35.97964306084661,0</coordinates>
</Point>
</Placemark>
<Placemark>
<name>432295</name>
<styleUrl>#style_ff0000ff_9527121</styleUrl>
<description><![CDATA[<table border='1' cellpadding='4' cellspacing='0'><tr><td><b>OBJECTID</b></td><td>432295</td></tr></table>]]></description>
<Point>
<coordinates>-115.11592647467899,35.97964306084661,0</coordinates>
</Point>
</Placemark>
<Placemark>
<name>432324</name>
<styleUrl>#style_ff0000ff_9527121</styleUrl>
<description><![CDATA[<table border='1' cellpadding='4' cellspacing='0'><tr><td><b>OBJECTID</b></td><td>432324</td></tr></table>]]></description>
<Point>
<coordinates>-115.05625591724917,36.05587780777813,0</coordinates>
</Point>
</Placemark>
<Placemark>
<name>432563</name>
<styleUrl>#style_ff0000ff_9527121</styleUrl>
<description><![CDATA[<table border='1' cellpadding='4' cellspacing='0'><tr><td><b>OBJECTID</b></td><td>432563</td></tr></table>]]></description>
<Point>
<coordinates>-115.142366904427,35.96954683817749,0</coordinates>
</Point>
</Placemark>
<Placemark>
<name>432597</name>
<styleUrl>#style_ff0000ff_9527121</styleUrl>
<description><![CDATA[<table border='1' cellpadding='4' cellspacing='0'><tr><td><b>OBJECTID</b></td><td>432597</td></tr></table>]]></description>
<Point>
<coordinates>-115.13031275673141,35.99082220611357,0</coordinates>
</Point>
</Placemark>
<Placemark>
<name>432599</name>
<styleUrl>#style_ff0000ff_9527121</styleUrl>
<description><![CDATA[<table border='1' cellpadding='4' cellspacing='0'><tr><td><b>OBJECTID</b></td><td>432599</td></tr></table>]]></description>
<Point>
<coordinates>-115.07051582093658,36.069743951744805,0</coordinates>
</Point>
</Placemark>
<Placemark>
<name>432600</name>
<styleUrl>#style_ff0000ff_9527121</styleUrl>
<description><![CDATA[<table border='1' cellpadding='4' cellspacing='0'><tr><td><b>OBJECTID</b></td><td>432600</td></tr></table>]]></description>
<Point>
<coordinates>-115.05003442452995,36.03182430165892,0</coordinates>
</Point>
</Placemark>
<Placemark>
<name>432601</name>
<styleUrl>#style_ff0000ff_9527121</styleUrl>
<description><![CDATA[<table border='1' cellpadding='4' cellspacing='0'><tr><td><b>OBJECTID</b></td><td>432601</td></tr></table>]]></description>
<Point>
<coordinates>-115.05002430206645,36.03269710291001,0</coordinates>
</Point>
</Placemark>
<Placemark>
<name>432602</name>
<styleUrl>#style_ff0000ff_9527121</styleUrl>
<description><![CDATA[<table border='1' cellpadding='4' cellspacing='0'><tr><td><b>OBJECTID</b></td><td>432602</td></tr></table>]]></description>
<Point>
<coordinates>-115.05003442452995,36.03182430165892,0</coordinates>
</Point>
</Placemark>
<Placemark>
<name>432637</name>
<styleUrl>#style_ff0000ff_9527121</styleUrl>
<description><![CDATA[<table border='1' cellpadding='4' cellspacing='0'><tr><td><b>OBJECTID</b></td><td>432637</td></tr></table>]]></description>
<Point>
<coordinates>-114.96776499478783,36.05288383463027,0</coordinates>
</Point>
</Placemark>
<Placemark>
<name>432638</name>
<styleUrl>#style_ff0000ff_9527121</styleUrl>
<description><![CDATA[<table border='1' cellpadding='4' cellspacing='0'><tr><td><b>OBJECTID</b></td><td>432638</td></tr></table>]]></description>
<Point>
<coordinates>-115.01073638186007,36.03538804558425,0</coordinates>
</Point>
</Placemark>
<Placemark>
<name>432639</name>
<styleUrl>#style_ff0000ff_9527121</styleUrl>
<description><![CDATA[<table border='1' cellpadding='4' cellspacing='0'><tr><td><b>OBJECTID</b></td><td>432639</td></tr></table>]]></description>
<Point>
<coordinates>-114.91186896762154,35.97269962801879,0</coordinates>
</Point>
</Placemark>
<Placemark>
<name>432640</name>
<styleUrl>#style_ff0000ff_9527121</styleUrl>
<description><![CDATA[<table border='1' cellpadding='4' cellspacing='0'><tr><td><b>OBJECTID</b></td><td>432640</td></tr></table>]]></description>
<Point>
<coordinates>-114.91064768787696,35.97176521176881,0</coordinates>
</Point>
</Placemark>
<Placemark>
<name>432659</name>
<styleUrl>#style_ff0000ff_9527121</styleUrl>
<description><![CDATA[<table border='1' cellpadding='4' cellspacing='0'><tr><td><b>OBJECTID</b></td><td>432659</td></tr></table>]]></description>
<Point>
<coordinates>-115.0201389882206,36.036557521763875,0</coordinates>
</Point>
</Placemark>
<Placemark>
<name>432620</name>
<styleUrl>#style_ff0000ff_9527121</styleUrl>
<description><![CDATA[<table border='1' cellpadding='4' cellspacing='0'><tr><td><b>OBJECTID</b></td><td>432620</td></tr></table>]]></description>
<Point>
<coordinates>-114.99444179083379,36.06787505694973,0</coordinates>
</Point>
</Placemark>
<Placemark>
<name>432621</name>
<styleUrl>#style_ff0000ff_9527121</styleUrl>
<description><![CDATA[<table border='1' cellpadding='4' cellspacing='0'><tr><td><b>OBJECTID</b></td><td>432621</td></tr></table>]]></description>
<Point>
<coordinates>-115.14648030104392,35.976244544414925,0</coordinates>
</Point>
</Placemark>
<Placemark>
<name>432622</name>
<styleUrl>#style_ff0000ff_9527121</styleUrl>
<description><![CDATA[<table border='1' cellpadding='4' cellspacing='0'><tr><td><b>OBJECTID</b></td><td>432622</td></tr></table>]]></description>
<Point>
<coordinates>-115.09690835280087,35.952400134744735,0</coordinates>
</Point>
</Placemark>
<Placemark>
<name>432624</name>
<styleUrl>#style_ff0000ff_9527121</styleUrl>
<description><![CDATA[<table border='1' cellpadding='4' cellspacing='0'><tr><td><b>OBJECTID</b></td><td>432624</td></tr></table>]]></description>
<Point>
<coordinates>-115.14601570985224,35.97060778172779,0</coordinates>
</Point>
</Placemark>
<Placemark>
<name>432626</name>
<styleUrl>#style_ff0000ff_9527121</styleUrl>
<description><![CDATA[<table border='1' cellpadding='4' cellspacing='0'><tr><td><b>OBJECTID</b></td><td>432626</td></tr></table>]]></description>
<Point>
<coordinates>-115.02420331950526,36.06408215893959,0</coordinates>
</Point>
</Placemark>
<Placemark>
<name>432630</name>
<styleUrl>#style_ff0000ff_9527121</styleUrl>
<description><![CDATA[<table border='1' cellpadding='4' cellspacing='0'><tr><td><b>OBJECTID</b></td><td>432630</td></tr></table>]]></description>
<Point>
<coordinates>-115.01073638186007,36.03538804558425,0</coordinates>
</Point>
</Placemark>
<Placemark>
<name>432631</name>
<styleUrl>#style_ff0000ff_9527121</styleUrl>
<description><![CDATA[<table border='1' cellpadding='4' cellspacing='0'><tr><td><b>OBJECTID</b></td><td>432631</td></tr></table>]]></description>
<Point>
<coordinates>-115.00791195498446,36.035352818398465,0</coordinates>
</Point>
</Placemark>
<Placemark>
<name>432632</name>
<styleUrl>#style_ff0000ff_9527121</styleUrl>
<description><![CDATA[<table border='1' cellpadding='4' cellspacing='0'><tr><td><b>OBJECTID</b></td><td>432632</td></tr></table>]]></description>
<Point>
<coordinates>-115.00791195498446,36.035352818398465,0</coordinates>
</Point>
</Placemark>
<Placemark>
<name>432641</name>
<styleUrl>#style_ff0000ff_9527121</styleUrl>
<description><![CDATA[<table border='1' cellpadding='4' cellspacing='0'><tr><td><b>OBJECTID</b></td><td>432641</td></tr></table>]]></description>
<Point>
<coordinates>-115.0623905361224,36.012397078271945,0</coordinates>
</Point>
</Placemark>
<Placemark>
<name>432642</name>
<styleUrl>#style_ff0000ff_9527121</styleUrl>
<description><![CDATA[<table border='1' cellpadding='4' cellspacing='0'><tr><td><b>OBJECTID</b></td><td>432642</td></tr></table>]]></description>
<Point>
<coordinates>-115.142366904427,35.96954683817749,0</coordinates>
</Point>
</Placemark>
<Placemark>
<name>432643</name>
<styleUrl>#style_ff0000ff_9527121</styleUrl>
<description><![CDATA[<table border='1' cellpadding='4' cellspacing='0'><tr><td><b>OBJECTID</b></td><td>432643</td></tr></table>]]></description>
<Point>
<coordinates>-114.95716751085459,36.07706633184949,0</coordinates>
</Point>
</Placemark>
<Placemark>
<name>432645</name>
<styleUrl>#style_ff0000ff_9527121</styleUrl>
<description><![CDATA[<table border='1' cellpadding='4' cellspacing='0'><tr><td><b>OBJECTID</b></td><td>432645</td></tr></table>]]></description>
<Point>
<coordinates>-115.15424239872645,35.98409639515559,0</coordinates>
</Point>
</Placemark>
<Placemark>
<name>432647</name>
<styleUrl>#style_ff0000ff_9527121</styleUrl>
<description><![CDATA[<table border='1' cellpadding='4' cellspacing='0'><tr><td><b>OBJECTID</b></td><td>432647</td></tr></table>]]></description>
<Point>
<coordinates>-115.03726285390024,36.06434667581023,0</coordinates>
</Point>
</Placemark>
<Placemark>
<name>432648</name>
<styleUrl>#style_ff0000ff_9527121</styleUrl>
<description><![CDATA[<table border='1' cellpadding='4' cellspacing='0'><tr><td><b>OBJECTID</b></td><td>432648</td></tr></table>]]></description>
<Point>
<coordinates>-115.14545589274779,35.96076167731214,0</coordinates>
</Point>
</Placemark>
<Placemark>
<name>432649</name>
<styleUrl>#style_ff0000ff_9527121</styleUrl>
<description><![CDATA[<table border='1' cellpadding='4' cellspacing='0'><tr><td><b>OBJECTID</b></td><td>432649</td></tr></table>]]></description>
<Point>
<coordinates>-115.08837250339361,36.02666155038216,0</coordinates>
</Point>
</Placemark>
<Placemark>
<name>432650</name>
<styleUrl>#style_ff0000ff_9527121</styleUrl>
<description><![CDATA[<table border='1' cellpadding='4' cellspacing='0'><tr><td><b>OBJECTID</b></td><td>432650</td></tr></table>]]></description>
<Point>
<coordinates>-115.045893349269,36.05651366789502,0</coordinates>
</Point>
</Placemark>
<Placemark>
<name>432651</name>
<styleUrl>#style_ff0000ff_9527121</styleUrl>
<description><![CDATA[<table border='1' cellpadding='4' cellspacing='0'><tr><td><b>OBJECTID</b></td><td>432651</td></tr></table>]]></description>
<Point>
<coordinates>-115.0483172524434,36.01838691771885,0</coordinates>
</Point>
</Placemark>
<Placemark>
<name>432652</name>
<styleUrl>#style_ff0000ff_9527121</styleUrl>
<description><![CDATA[<table border='1' cellpadding='4' cellspacing='0'><tr><td><b>OBJECTID</b></td><td>432652</td></tr></table>]]></description>
<Point>
<coordinates>-115.10081508357251,36.042864147918024,0</coordinates>
</Point>
</Placemark>
<Placemark>
<name>432653</name>
<styleUrl>#style_ff0000ff_9527121</styleUrl>
<description><![CDATA[<table border='1' cellpadding='4' cellspacing='0'><tr><td><b>OBJECTID</b></td><td>432653</td></tr></table>]]></description>
<Point>
<coordinates>-115.02600729589865,36.04773943347775,0</coordinates>
</Point>
</Placemark>
<Placemark>
<name>432654</name>
<styleUrl>#style_ff0000ff_9527121</styleUrl>
<description><![CDATA[<table border='1' cellpadding='4' cellspacing='0'><tr><td><b>OBJECTID</b></td><td>432654</td></tr></table>]]></description>
<Point>
<coordinates>-115.02787025310676,36.06220469241624,0</coordinates>
</Point>
</Placemark>
<Placemark>
<name>432657</name>
<styleUrl>#style_ff0000ff_9527121</styleUrl>
<description><![CDATA[<table border='1' cellpadding='4' cellspacing='0'><tr><td><b>OBJECTID</b></td><td>432657</td></tr></table>]]></description>
<Point>
<coordinates>-115.05002430206645,36.03269710291001,0</coordinates>
</Point>
</Placemark>
<Placemark>
<name>432660</name>
<styleUrl>#style_ff0000ff_9527121</styleUrl>
<description><![CDATA[<table border='1' cellpadding='4' cellspacing='0'><tr><td><b>OBJECTID</b></td><td>432660</td></tr></table>]]></description>
<Point>
<coordinates>-115.13031275673141,35.99082220611357,0</coordinates>
</Point>
</Placemark>
<Placemark>
<name>432661</name>
<styleUrl>#style_ff0000ff_9527121</styleUrl>
<description><![CDATA[<table border='1' cellpadding='4' cellspacing='0'><tr><td><b>OBJECTID</b></td><td>432661</td></tr></table>]]></description>
<Point>
<coordinates>-115.13087675581538,35.99292174204185,0</coordinates>
</Point>
</Placemark>
<Placemark>
<name>432662</name>
<styleUrl>#style_ff0000ff_9527121</styleUrl>
<description><![CDATA[<table border='1' cellpadding='4' cellspacing='0'><tr><td><b>OBJECTID</b></td><td>432662</td></tr></table>]]></description>
<Point>
<coordinates>-115.01994855730294,36.035429102884436,0</coordinates>
</Point>
</Placemark>
<Placemark>
<name>432663</name>
<styleUrl>#style_ff0000ff_9527121</styleUrl>
<description><![CDATA[<table border='1' cellpadding='4' cellspacing='0'><tr><td><b>OBJECTID</b></td><td>432663</td></tr></table>]]></description>
<Point>
<coordinates>-115.0201389882206,36.036557521763875,0</coordinates>
</Point>
</Placemark>
<Placemark>
<name>432664</name>
<styleUrl>#style_ff0000ff_9527121</styleUrl>
<description><![CDATA[<table border='1' cellpadding='4' cellspacing='0'><tr><td><b>OBJECTID</b></td><td>432664</td></tr></table>]]></description>
<Point>
<coordinates>-115.01994855730294,36.035429102884436,0</coordinates>
</Point>
</Placemark>
<Placemark>
<name>432665</name>
<styleUrl>#style_ff0000ff_9527121</styleUrl>
<description><![CDATA[<table border='1' cellpadding='4' cellspacing='0'><tr><td><b>OBJECTID</b></td><td>432665</td></tr></table>]]></description>
<Point>
<coordinates>-115.01899209306251,36.04566156796485,0</coordinates>
</Point>
</Placemark>
<Placemark>
<name>432666</name>
<styleUrl>#style_ff0000ff_9527121</styleUrl>
<description><![CDATA[<table border='1' cellpadding='4' cellspacing='0'><tr><td><b>OBJECTID</b></td><td>432666</td></tr></table>]]></description>
<Point>
<coordinates>-114.99693942739113,36.034805870219245,0</coordinates>
</Point>
</Placemark>
<Placemark>
<name>432667</name>
<styleUrl>#style_ff0000ff_9527121</styleUrl>
<description><![CDATA[<table border='1' cellpadding='4' cellspacing='0'><tr><td><b>OBJECTID</b></td><td>432667</td></tr></table>]]></description>
<Point>
<coordinates>-115.11770976450339,36.01945343296146,0</coordinates>
</Point>
</Placemark>
<Placemark>
<name>432668</name>
<styleUrl>#style_ff0000ff_9527121</styleUrl>
<description><![CDATA[<table border='1' cellpadding='4' cellspacing='0'><tr><td><b>OBJECTID</b></td><td>432668</td></tr></table>]]></description>
<Point>
<coordinates>-115.08290266679218,36.05303141021529,0</coordinates>
</Point>
</Placemark>
<Placemark>
<name>432669</name>
<styleUrl>#style_ff0000ff_9527121</styleUrl>
<description><![CDATA[<table border='1' cellpadding='4' cellspacing='0'><tr><td><b>OBJECTID</b></td><td>432669</td></tr></table>]]></description>
<Point>
<coordinates>-115.02175529014802,36.07214050388356,0</coordinates>
</Point>
</Placemark>
<Placemark>
<name>432670</name>
<styleUrl>#style_ff0000ff_9527121</styleUrl>
<description><![CDATA[<table border='1' cellpadding='4' cellspacing='0'><tr><td><b>OBJECTID</b></td><td>432670</td></tr></table>]]></description>
<Point>
<coordinates>-115.10129340071481,36.04143865091293,0</coordinates>
</Point>
</Placemark>
<Placemark>
<name>432671</name>
<styleUrl>#style_ff0000ff_9527121</styleUrl>
<description><![CDATA[<table border='1' cellpadding='4' cellspacing='0'><tr><td><b>OBJECTID</b></td><td>432671</td></tr></table>]]></description>
<Point>
<coordinates>-114.99693942739113,36.034805870219245,0</coordinates>
</Point>
</Placemark>
<Placemark>
<name>432672</name>
<styleUrl>#style_ff0000ff_9527121</styleUrl>
<description><![CDATA[<table border='1' cellpadding='4' cellspacing='0'><tr><td><b>OBJECTID</b></td><td>432672</td></tr></table>]]></description>
<Point>
<coordinates>-114.99699944477865,36.03543561586281,0</coordinates>
</Point>
</Placemark>
<Placemark>
<name>432673</name>
<styleUrl>#style_ff0000ff_9527121</styleUrl>
<description><![CDATA[<table border='1' cellpadding='4' cellspacing='0'><tr><td><b>OBJECTID</b></td><td>432673</td></tr></table>]]></description>
<Point>
<coordinates>-115.13087675581538,35.99292174204185,0</coordinates>
</Point>
</Placemark>
<Placemark>
<name>432674</name>
<styleUrl>#style_ff0000ff_9527121</styleUrl>
<description><![CDATA[<table border='1' cellpadding='4' cellspacing='0'><tr><td><b>OBJECTID</b></td><td>432674</td></tr></table>]]></description>
<Point>
<coordinates>-115.03500212411674,36.06431842159165,0</coordinates>
</Point>
</Placemark>
<Placemark>
<name>432675</name>
<styleUrl>#style_ff0000ff_9527121</styleUrl>
<description><![CDATA[<table border='1' cellpadding='4' cellspacing='0'><tr><td><b>OBJECTID</b></td><td>432675</td></tr></table>]]></description>
<Point>
<coordinates>-115.04759905105959,36.02186288285319,0</coordinates>
</Point>
</Placemark>
<Placemark>
<name>432676</name>
<styleUrl>#style_ff0000ff_9527121</styleUrl>
<description><![CDATA[<table border='1' cellpadding='4' cellspacing='0'><tr><td><b>OBJECTID</b></td><td>432676</td></tr></table>]]></description>
<Point>
<coordinates>-114.96494803044897,36.05738333934079,0</coordinates>
</Point>
</Placemark>
<Placemark>
<name>432678</name>
<styleUrl>#style_ff0000ff_9527121</styleUrl>
<description><![CDATA[<table border='1' cellpadding='4' cellspacing='0'><tr><td><b>OBJECTID</b></td><td>432678</td></tr></table>]]></description>
<Point>
<coordinates>-115.07511497452148,36.06986072044103,0</coordinates>
</Point>
</Placemark>
<Placemark>
<name>432679</name>
<styleUrl>#style_ff0000ff_9527121</styleUrl>
<description><![CDATA[<table border='1' cellpadding='4' cellspacing='0'><tr><td><b>OBJECTID</b></td><td>432679</td></tr></table>]]></description>
<Point>
<coordinates>-115.0517904064664,36.05577524725587,0</coordinates>
</Point>
</Placemark>
<Placemark>
<name>432680</name>
<styleUrl>#style_ff0000ff_9527121</styleUrl>
<description><![CDATA[<table border='1' cellpadding='4' cellspacing='0'><tr><td><b>OBJECTID</b></td><td>432680</td></tr></table>]]></description>
<Point>
<coordinates>-114.91155115703398,35.97263059571488,0</coordinates>
</Point>
</Placemark>
<Placemark>
<name>432681</name>
<styleUrl>#style_ff0000ff_9527121</styleUrl>
<description><![CDATA[<table border='1' cellpadding='4' cellspacing='0'><tr><td><b>OBJECTID</b></td><td>432681</td></tr></table>]]></description>
<Point>
<coordinates>-114.91136042613563,35.97053151600172,0</coordinates>
</Point>
</Placemark>
<Placemark>
<name>432682</name>
<styleUrl>#style_ff0000ff_9527121</styleUrl>
<description><![CDATA[<table border='1' cellpadding='4' cellspacing='0'><tr><td><b>OBJECTID</b></td><td>432682</td></tr></table>]]></description>
<Point>
<coordinates>-114.91186896762154,35.97269962801879,0</coordinates>
</Point>
</Placemark>
<Placemark>
<name>432683</name>
<styleUrl>#style_ff0000ff_9527121</styleUrl>
<description><![CDATA[<table border='1' cellpadding='4' cellspacing='0'><tr><td><b>OBJECTID</b></td><td>432683</td></tr></table>]]></description>
<Point>
<coordinates>-114.91064768787696,35.97176521176881,0</coordinates>
</Point>
</Placemark>
<Placemark>
<name>432684</name>
<styleUrl>#style_ff0000ff_9527121</styleUrl>
<description><![CDATA[<table border='1' cellpadding='4' cellspacing='0'><tr><td><b>OBJECTID</b></td><td>432684</td></tr></table>]]></description>
<Point>
<coordinates>-114.91136042613563,35.97053151600172,0</coordinates>
</Point>
</Placemark>
<Placemark>
<name>432685</name>
<styleUrl>#style_ff0000ff_9527121</styleUrl>
<description><![CDATA[<table border='1' cellpadding='4' cellspacing='0'><tr><td><b>OBJECTID</b></td><td>432685</td></tr></table>]]></description>
<Point>
<coordinates>-114.91186896762154,35.97269962801879,0</coordinates>
</Point>
</Placemark>
<Placemark>
<name>432686</name>
<styleUrl>#style_ff0000ff_9527121</styleUrl>
<description><![CDATA[<table border='1' cellpadding='4' cellspacing='0'><tr><td><b>OBJECTID</b></td><td>432686</td></tr></table>]]></description>
<Point>
<coordinates>-114.91064768787696,35.97176521176881,0</coordinates>
</Point>
</Placemark>
<Placemark>
<name>432696</name>
<styleUrl>#style_ff0000ff_9527121</styleUrl>
<description><![CDATA[<table border='1' cellpadding='4' cellspacing='0'><tr><td><b>OBJECTID</b></td><td>432696</td></tr></table>]]></description>
<Point>
<coordinates>-115.02470976407561,36.05529651513238,0</coordinates>
</Point>
</Placemark>
<Placemark>
<name>432697</name>
<styleUrl>#style_ff0000ff_9527121</styleUrl>
<description><![CDATA[<table border='1' cellpadding='4' cellspacing='0'><tr><td><b>OBJECTID</b></td><td>432697</td></tr></table>]]></description>
<Point>
<coordinates>-114.98336114145073,36.03787491804398,0</coordinates>
</Point>
</Placemark>
<Placemark>
<name>432698</name>
<styleUrl>#style_ff0000ff_9527121</styleUrl>
<description><![CDATA[<table border='1' cellpadding='4' cellspacing='0'><tr><td><b>OBJECTID</b></td><td>432698</td></tr></table>]]></description>
<Point>
<coordinates>-114.98388069284266,36.03780785974753,0</coordinates>
</Point>
</Placemark>
<Placemark>
<name>432699</name>
<styleUrl>#style_ff0000ff_9527121</styleUrl>
<description><![CDATA[<table border='1' cellpadding='4' cellspacing='0'><tr><td><b>OBJECTID</b></td><td>432699</td></tr></table>]]></description>
<Point>
<coordinates>-114.98358292836988,36.03782357429157,0</coordinates>
</Point>
</Placemark>
<Placemark>
<name>432700</name>
<styleUrl>#style_ff0000ff_9527121</styleUrl>
<description><![CDATA[<table border='1' cellpadding='4' cellspacing='0'><tr><td><b>OBJECTID</b></td><td>432700</td></tr></table>]]></description>
<Point>
<coordinates>-114.98365198743502,36.037595842555724,0</coordinates>
</Point>
</Placemark>
<Placemark>
<name>432701</name>
<styleUrl>#style_ff0000ff_9527121</styleUrl>
<description><![CDATA[<table border='1' cellpadding='4' cellspacing='0'><tr><td><b>OBJECTID</b></td><td>432701</td></tr></table>]]></description>
<Point>
<coordinates>-115.02327156969768,36.0515655264174,0</coordinates>
</Point>
</Placemark>
<Placemark>
<name>432702</name>
<styleUrl>#style_ff0000ff_9527121</styleUrl>
<description><![CDATA[<table border='1' cellpadding='4' cellspacing='0'><tr><td><b>OBJECTID</b></td><td>432702</td></tr></table>]]></description>
<Point>
<coordinates>-114.98377511124626,36.03747548101399,0</coordinates>
</Point>
</Placemark>
<Placemark>
<name>432703</name>
<styleUrl>#style_ff0000ff_9527121</styleUrl>
<description><![CDATA[<table border='1' cellpadding='4' cellspacing='0'><tr><td><b>OBJECTID</b></td><td>432703</td></tr></table>]]></description>
<Point>
<coordinates>-114.98336114145073,36.03787491804398,0</coordinates>
</Point>
</Placemark>
<Placemark>
<name>432704</name>
<styleUrl>#style_ff0000ff_9527121</styleUrl>
<description><![CDATA[<table border='1' cellpadding='4' cellspacing='0'><tr><td><b>OBJECTID</b></td><td>432704</td></tr></table>]]></description>
<Point>
<coordinates>-114.98388069284266,36.03780785974753,0</coordinates>
</Point>
</Placemark>
<Placemark>
<name>432705</name>
<styleUrl>#style_ff0000ff_9527121</styleUrl>
<description><![CDATA[<table border='1' cellpadding='4' cellspacing='0'><tr><td><b>OBJECTID</b></td><td>432705</td></tr></table>]]></description>
<Point>
<coordinates>-114.98358292836988,36.03782357429157,0</coordinates>
</Point>
</Placemark>
<Placemark>
<name>432706</name>
<styleUrl>#style_ff0000ff_9527121</styleUrl>
<description><![CDATA[<table border='1' cellpadding='4' cellspacing='0'><tr><td><b>OBJECTID</b></td><td>432706</td></tr></table>]]></description>
<Point>
<coordinates>-114.98365198743502,36.037595842555724,0</coordinates>
</Point>
</Placemark>
<Placemark>
<name>432707</name>
<styleUrl>#style_ff0000ff_9527121</styleUrl>
<description><![CDATA[<table border='1' cellpadding='4' cellspacing='0'><tr><td><b>OBJECTID</b></td><td>432707</td></tr></table>]]></description>
<Point>
<coordinates>-114.98377511124626,36.03747548101399,0</coordinates>
</Point>
</Placemark>
<Placemark>
<name>432708</name>
<styleUrl>#style_ff0000ff_9527121</styleUrl>
<description><![CDATA[<table border='1' cellpadding='4' cellspacing='0'><tr><td><b>OBJECTID</b></td><td>432708</td></tr></table>]]></description>
<Point>
<coordinates>-114.98336114145073,36.03787491804398,0</coordinates>
</Point>
</Placemark>
<Placemark>
<name>432709</name>
<styleUrl>#style_ff0000ff_9527121</styleUrl>
<description><![CDATA[<table border='1' cellpadding='4' cellspacing='0'><tr><td><b>OBJECTID</b></td><td>432709</td></tr></table>]]></description>
<Point>
<coordinates>-114.91136042613563,35.97053151600172,0</coordinates>
</Point>
</Placemark>
<Placemark>
<name>432710</name>
<styleUrl>#style_ff0000ff_9527121</styleUrl>
<description><![CDATA[<table border='1' cellpadding='4' cellspacing='0'><tr><td><b>OBJECTID</b></td><td>432710</td></tr></table>]]></description>
<Point>
<coordinates>-115.04000548628733,36.02309513241775,0</coordinates>
</Point>
</Placemark>
<Placemark>
<name>432711</name>
<styleUrl>#style_ff0000ff_9527121</styleUrl>
<description><![CDATA[<table border='1' cellpadding='4' cellspacing='0'><tr><td><b>OBJECTID</b></td><td>432711</td></tr></table>]]></description>
<Point>
<coordinates>-114.99699944477865,36.03543561586281,0</coordinates>
</Point>
</Placemark>
<Placemark>
<name>432712</name>
<styleUrl>#style_ff0000ff_9527121</styleUrl>
<description><![CDATA[<table border='1' cellpadding='4' cellspacing='0'><tr><td><b>OBJECTID</b></td><td>432712</td></tr></table>]]></description>
<Point>
<coordinates>-114.9969683084642,36.03503641344293,0</coordinates>
</Point>
</Placemark>
<Placemark>
<name>432713</name>
<styleUrl>#style_ff0000ff_9527121</styleUrl>
<description><![CDATA[<table border='1' cellpadding='4' cellspacing='0'><tr><td><b>OBJECTID</b></td><td>432713</td></tr></table>]]></description>
<Point>
<coordinates>-114.9969683084642,36.03503641344293,0</coordinates>
</Point>
</Placemark>
<Placemark>
<name>432714</name>
<styleUrl>#style_ff0000ff_9527121</styleUrl>
<description><![CDATA[<table border='1' cellpadding='4' cellspacing='0'><tr><td><b>OBJECTID</b></td><td>432714</td></tr></table>]]></description>
<Point>
<coordinates>-114.99693942739113,36.034805870219245,0</coordinates>
</Point>
</Placemark>
<Placemark>
<name>432715</name>
<styleUrl>#style_ff0000ff_9527121</styleUrl>
<description><![CDATA[<table border='1' cellpadding='4' cellspacing='0'><tr><td><b>OBJECTID</b></td><td>432715</td></tr></table>]]></description>
<Point>
<coordinates>-114.99699944477865,36.03543561586281,0</coordinates>
</Point>
</Placemark>
<Placemark>
<name>432716</name>
<styleUrl>#style_ff0000ff_9527121</styleUrl>
<description><![CDATA[<table border='1' cellpadding='4' cellspacing='0'><tr><td><b>OBJECTID</b></td><td>432716</td></tr></table>]]></description>
<Point>
<coordinates>-114.9969683084642,36.03503641344293,0</coordinates>
</Point>
</Placemark>
<Placemark>
<name>432717</name>
<styleUrl>#style_ff0000ff_9527121</styleUrl>
<description><![CDATA[<table border='1' cellpadding='4' cellspacing='0'><tr><td><b>OBJECTID</b></td><td>432717</td></tr></table>]]></description>
<Point>
<coordinates>-115.07951540729064,35.99037562133471,0</coordinates>
</Point>
</Placemark>
<Placemark>
<name>432718</name>
<styleUrl>#style_ff0000ff_9527121</styleUrl>
<description><![CDATA[<table border='1' cellpadding='4' cellspacing='0'><tr><td><b>OBJECTID</b></td><td>432718</td></tr></table>]]></description>
<Point>
<coordinates>-115.0815631082583,35.992402212922606,0</coordinates>
</Point>
</Placemark>
<Placemark>
<name>432719</name>
<styleUrl>#style_ff0000ff_9527121</styleUrl>
<description><![CDATA[<table border='1' cellpadding='4' cellspacing='0'><tr><td><b>OBJECTID</b></td><td>432719</td></tr></table>]]></description>
<Point>
<coordinates>-115.08004263886112,35.990070683841346,0</coordinates>
</Point>
</Placemark>
<Placemark>
<name>432720</name>
<styleUrl>#style_ff0000ff_9527121</styleUrl>
<description><![CDATA[<table border='1' cellpadding='4' cellspacing='0'><tr><td><b>OBJECTID</b></td><td>432720</td></tr></table>]]></description>
<Point>
<coordinates>-115.07951540729064,35.99037562133471,0</coordinates>
</Point>
</Placemark>
<Placemark>
<name>432721</name>
<styleUrl>#style_ff0000ff_9527121</styleUrl>
<description><![CDATA[<table border='1' cellpadding='4' cellspacing='0'><tr><td><b>OBJECTID</b></td><td>432721</td></tr></table>]]></description>
<Point>
<coordinates>-115.15424239872645,35.98409639515559,0</coordinates>
</Point>
</Placemark>
<Placemark>
<name>432723</name>
<styleUrl>#style_ff0000ff_9527121</styleUrl>
<description><![CDATA[<table border='1' cellpadding='4' cellspacing='0'><tr><td><b>OBJECTID</b></td><td>432723</td></tr></table>]]></description>
<Point>
<coordinates>-114.98336114145073,36.03787491804398,0</coordinates>
</Point>
</Placemark>
<Placemark>
<name>432724</name>
<styleUrl>#style_ff0000ff_9527121</styleUrl>
<description><![CDATA[<table border='1' cellpadding='4' cellspacing='0'><tr><td><b>OBJECTID</b></td><td>432724</td></tr></table>]]></description>
<Point>
<coordinates>-114.98388069284266,36.03780785974753,0</coordinates>
</Point>
</Placemark>
<Placemark>
<name>432725</name>
<styleUrl>#style_ff0000ff_9527121</styleUrl>
<description><![CDATA[<table border='1' cellpadding='4' cellspacing='0'><tr><td><b>OBJECTID</b></td><td>432725</td></tr></table>]]></description>
<Point>
<coordinates>-114.98358292836988,36.03782357429157,0</coordinates>
</Point>
</Placemark>
<Placemark>
<name>432726</name>
<styleUrl>#style_ff0000ff_9527121</styleUrl>
<description><![CDATA[<table border='1' cellpadding='4' cellspacing='0'><tr><td><b>OBJECTID</b></td><td>432726</td></tr></table>]]></description>
<Point>
<coordinates>-114.98365198743502,36.037595842555724,0</coordinates>
</Point>
</Placemark>
<Placemark>
<name>432727</name>
<styleUrl>#style_ff0000ff_9527121</styleUrl>
<description><![CDATA[<table border='1' cellpadding='4' cellspacing='0'><tr><td><b>OBJECTID</b></td><td>432727</td></tr></table>]]></description>
<Point>
<coordinates>-114.98377511124626,36.03747548101399,0</coordinates>
</Point>
</Placemark>
<Placemark>
<name>432728</name>
<styleUrl>#style_ff0000ff_9527121</styleUrl>
<description><![CDATA[<table border='1' cellpadding='4' cellspacing='0'><tr><td><b>OBJECTID</b></td><td>432728</td></tr></table>]]></description>
<Point>
<coordinates>-115.0815631082583,35.992402212922606,0</coordinates>
</Point>
</Placemark>
<Placemark>
<name>432729</name>
<styleUrl>#style_ff0000ff_9527121</styleUrl>
<description><![CDATA[<table border='1' cellpadding='4' cellspacing='0'><tr><td><b>OBJECTID</b></td><td>432729</td></tr></table>]]></description>
<Point>
<coordinates>-115.08004263886112,35.990070683841346,0</coordinates>
</Point>
</Placemark>
<Placemark>
<name>432730</name>
<styleUrl>#style_ff0000ff_9527121</styleUrl>
<description><![CDATA[<table border='1' cellpadding='4' cellspacing='0'><tr><td><b>OBJECTID</b></td><td>432730</td></tr></table>]]></description>
<Point>
<coordinates>-115.07951540729064,35.99037562133471,0</coordinates>
</Point>
</Placemark>
<Placemark>
<name>432731</name>
<styleUrl>#style_ff0000ff_9527121</styleUrl>
<description><![CDATA[<table border='1' cellpadding='4' cellspacing='0'><tr><td><b>OBJECTID</b></td><td>432731</td></tr></table>]]></description>
<Point>
<coordinates>-115.0815631082583,35.992402212922606,0</coordinates>
</Point>
</Placemark>
<Placemark>
<name>432732</name>
<styleUrl>#style_ff0000ff_9527121</styleUrl>
<description><![CDATA[<table border='1' cellpadding='4' cellspacing='0'><tr><td><b>OBJECTID</b></td><td>432732</td></tr></table>]]></description>
<Point>
<coordinates>-115.10031754187371,35.994798165564795,0</coordinates>
</Point>
</Placemark>
<Placemark>
<name>432734</name>
<styleUrl>#style_ff0000ff_9527121</styleUrl>
<description><![CDATA[<table border='1' cellpadding='4' cellspacing='0'><tr><td><b>OBJECTID</b></td><td>432734</td></tr></table>]]></description>
<Point>
<coordinates>-115.08004263886112,35.990070683841346,0</coordinates>
</Point>
</Placemark>
<Placemark>
<name>432735</name>
<styleUrl>#style_ff0000ff_9527121</styleUrl>
<description><![CDATA[<table border='1' cellpadding='4' cellspacing='0'><tr><td><b>OBJECTID</b></td><td>432735</td></tr></table>]]></description>
<Point>
<coordinates>-115.15424239872645,35.98409639515559,0</coordinates>
</Point>
</Placemark>
<Placemark>
<name>432737</name>
<styleUrl>#style_ff0000ff_9527121</styleUrl>
<description><![CDATA[<table border='1' cellpadding='4' cellspacing='0'><tr><td><b>OBJECTID</b></td><td>432737</td></tr></table>]]></description>
<Point>
<coordinates>-115.15424239872645,35.98409639515559,0</coordinates>
</Point>
</Placemark>
<Placemark>
<name>432739</name>
<styleUrl>#style_ff0000ff_9527121</styleUrl>
<description><![CDATA[<table border='1' cellpadding='4' cellspacing='0'><tr><td><b>OBJECTID</b></td><td>432739</td></tr></table>]]></description>
<Point>
<coordinates>-115.15424239872645,35.98409639515559,0</coordinates>
</Point>
</Placemark>
<Placemark>
<name>432740</name>
<styleUrl>#style_ff0000ff_9527121</styleUrl>
<description><![CDATA[<table border='1' cellpadding='4' cellspacing='0'><tr><td><b>OBJECTID</b></td><td>432740</td></tr></table>]]></description>
<Point>
<coordinates>-115.14488496297946,35.97606441858491,0</coordinates>
</Point>
</Placemark>
<Placemark>
<name>432742</name>
<styleUrl>#style_ff0000ff_9527121</styleUrl>
<description><![CDATA[<table border='1' cellpadding='4' cellspacing='0'><tr><td><b>OBJECTID</b></td><td>432742</td></tr></table>]]></description>
<Point>
<coordinates>-115.13723953048999,35.95084693486911,0</coordinates>
</Point>
</Placemark>
<Placemark>
<name>432743</name>
<styleUrl>#style_ff0000ff_9527121</styleUrl>
<description><![CDATA[<table border='1' cellpadding='4' cellspacing='0'><tr><td><b>OBJECTID</b></td><td>432743</td></tr></table>]]></description>
<Point>
<coordinates>-115.06953360091153,36.06779141323118,0</coordinates>
</Point>
</Placemark>
<Placemark>
<name>432745</name>
<styleUrl>#style_ff0000ff_9527121</styleUrl>
<description><![CDATA[<table border='1' cellpadding='4' cellspacing='0'><tr><td><b>OBJECTID</b></td><td>432745</td></tr></table>]]></description>
<Point>
<coordinates>-115.15424239872645,35.98409639515559,0</coordinates>
</Point>
</Placemark>
<Placemark>
<name>432746</name>
<styleUrl>#style_ff0000ff_9527121</styleUrl>
<description><![CDATA[<table border='1' cellpadding='4' cellspacing='0'><tr><td><b>OBJECTID</b></td><td>432746</td></tr></table>]]></description>
<Point>
<coordinates>-114.98266816752633,36.03124892840578,0</coordinates>
</Point>
</Placemark>
<Placemark>
<name>432762</name>
<styleUrl>#style_ff0000ff_9527121</styleUrl>
<description><![CDATA[<table border='1' cellpadding='4' cellspacing='0'><tr><td><b>OBJECTID</b></td><td>432762</td></tr></table>]]></description>
<Point>
<coordinates>-114.97524305791157,35.99216413299754,0</coordinates>
</Point>
</Placemark>
<Placemark>
<name>432763</name>
<styleUrl>#style_ff0000ff_9527121</styleUrl>
<description><![CDATA[<table border='1' cellpadding='4' cellspacing='0'><tr><td><b>OBJECTID</b></td><td>432763</td></tr></table>]]></description>
<Point>
<coordinates>-115.1529876618133,35.97130102518858,0</coordinates>
</Point>
</Placemark>
<Placemark>
<name>432767</name>
<styleUrl>#style_ff0000ff_9527121</styleUrl>
<description><![CDATA[<table border='1' cellpadding='4' cellspacing='0'><tr><td><b>OBJECTID</b></td><td>432767</td></tr></table>]]></description>
<Point>
<coordinates>-114.98388069284266,36.03780785974753,0</coordinates>
</Point>
</Placemark>
<Placemark>
<name>432768</name>
<styleUrl>#style_ff0000ff_9527121</styleUrl>
<description><![CDATA[<table border='1' cellpadding='4' cellspacing='0'><tr><td><b>OBJECTID</b></td><td>432768</td></tr></table>]]></description>
<Point>
<coordinates>-114.98358292836988,36.03782357429157,0</coordinates>
</Point>
</Placemark>
<Placemark>
<name>432769</name>
<styleUrl>#style_ff0000ff_9527121</styleUrl>
<description><![CDATA[<table border='1' cellpadding='4' cellspacing='0'><tr><td><b>OBJECTID</b></td><td>432769</td></tr></table>]]></description>
<Point>
<coordinates>-114.98365198743502,36.037595842555724,0</coordinates>
</Point>
</Placemark>
<Placemark>
<name>432770</name>
<styleUrl>#style_ff0000ff_9527121</styleUrl>
<description><![CDATA[<table border='1' cellpadding='4' cellspacing='0'><tr><td><b>OBJECTID</b></td><td>432770</td></tr></table>]]></description>
<Point>
<coordinates>-114.98377511124626,36.03747548101399,0</coordinates>
</Point>
</Placemark>
<Placemark>
<name>432771</name>
<styleUrl>#style_ff0000ff_9527121</styleUrl>
<description><![CDATA[<table border='1' cellpadding='4' cellspacing='0'><tr><td><b>OBJECTID</b></td><td>432771</td></tr></table>]]></description>
<Point>
<coordinates>-114.98336114145073,36.03787491804398,0</coordinates>
</Point>
</Placemark>
<Placemark>
<name>432772</name>
<styleUrl>#style_ff0000ff_9527121</styleUrl>
<description><![CDATA[<table border='1' cellpadding='4' cellspacing='0'><tr><td><b>OBJECTID</b></td><td>432772</td></tr></table>]]></description>
<Point>
<coordinates>-114.98388069284266,36.03780785974753,0</coordinates>
</Point>
</Placemark>
<Placemark>
<name>432773</name>
<styleUrl>#style_ff0000ff_9527121</styleUrl>
<description><![CDATA[<table border='1' cellpadding='4' cellspacing='0'><tr><td><b>OBJECTID</b></td><td>432773</td></tr></table>]]></description>
<Point>
<coordinates>-114.98358292836988,36.03782357429157,0</coordinates>
</Point>
</Placemark>
<Placemark>
<name>432774</name>
<styleUrl>#style_ff0000ff_9527121</styleUrl>
<description><![CDATA[<table border='1' cellpadding='4' cellspacing='0'><tr><td><b>OBJECTID</b></td><td>432774</td></tr></table>]]></description>
<Point>
<coordinates>-114.98365198743502,36.037595842555724,0</coordinates>
</Point>
</Placemark>
<Placemark>
<name>432775</name>
<styleUrl>#style_ff0000ff_9527121</styleUrl>
<description><![CDATA[<table border='1' cellpadding='4' cellspacing='0'><tr><td><b>OBJECTID</b></td><td>432775</td></tr></table>]]></description>
<Point>
<coordinates>-114.98377511124626,36.03747548101399,0</coordinates>
</Point>
</Placemark>
<Placemark>
<name>432776</name>
<styleUrl>#style_ff0000ff_9527121</styleUrl>
<description><![CDATA[<table border='1' cellpadding='4' cellspacing='0'><tr><td><b>OBJECTID</b></td><td>432776</td></tr></table>]]></description>
<Point>
<coordinates>-115.14208360236938,35.960418776625836,0</coordinates>
</Point>
</Placemark>
<Placemark>
<name>432778</name>
<styleUrl>#style_ff0000ff_9527121</styleUrl>
<description><![CDATA[<table border='1' cellpadding='4' cellspacing='0'><tr><td><b>OBJECTID</b></td><td>432778</td></tr></table>]]></description>
<Point>
<coordinates>-115.13186908471116,35.94245626601314,0</coordinates>
</Point>
</Placemark>
<Placemark>
<name>432779</name>
<styleUrl>#style_ff0000ff_9527121</styleUrl>
<description><![CDATA[<table border='1' cellpadding='4' cellspacing='0'><tr><td><b>OBJECTID</b></td><td>432779</td></tr></table>]]></description>
<Point>
<coordinates>-115.15424239872645,35.98409639515559,0</coordinates>
</Point>
</Placemark>
<Placemark>
<name>432780</name>
<styleUrl>#style_ff0000ff_9527121</styleUrl>
<description><![CDATA[<table border='1' cellpadding='4' cellspacing='0'><tr><td><b>OBJECTID</b></td><td>432780</td></tr></table>]]></description>
<Point>
<coordinates>-115.01993097621991,36.06323867410156,0</coordinates>
</Point>
</Placemark>
<Placemark>
<name>432783</name>
<styleUrl>#style_ff0000ff_9527121</styleUrl>
<description><![CDATA[<table border='1' cellpadding='4' cellspacing='0'><tr><td><b>OBJECTID</b></td><td>432783</td></tr></table>]]></description>
<Point>
<coordinates>-115.06842661727664,36.06767368690597,0</coordinates>
</Point>
</Placemark>
<Placemark>
<name>432784</name>
<styleUrl>#style_ff0000ff_9527121</styleUrl>
<description><![CDATA[<table border='1' cellpadding='4' cellspacing='0'><tr><td><b>OBJECTID</b></td><td>432784</td></tr></table>]]></description>
<Point>
<coordinates>-114.99409658343062,36.06793148356474,0</coordinates>
</Point>
</Placemark>
<Placemark>
<name>432786</name>
<styleUrl>#style_ff0000ff_9527121</styleUrl>
<description><![CDATA[<table border='1' cellpadding='4' cellspacing='0'><tr><td><b>OBJECTID</b></td><td>432786</td></tr></table>]]></description>
<Point>
<coordinates>-114.98305842305402,36.04164598448296,0</coordinates>
</Point>
</Placemark>
<Placemark>
<name>432788</name>
<styleUrl>#style_ff0000ff_9527121</styleUrl>
<description><![CDATA[<table border='1' cellpadding='4' cellspacing='0'><tr><td><b>OBJECTID</b></td><td>432788</td></tr></table>]]></description>
<Point>
<coordinates>-115.15424239872645,35.98409639515559,0</coordinates>
</Point>
</Placemark>
<Placemark>
<name>432795</name>
<styleUrl>#style_ff0000ff_9527121</styleUrl>
<description><![CDATA[<table border='1' cellpadding='4' cellspacing='0'><tr><td><b>OBJECTID</b></td><td>432795</td></tr></table>]]></description>
<Point>
<coordinates>-115.05324705693221,36.06409131520035,0</coordinates>
</Point>
</Placemark>
<Placemark>
<name>432796</name>
<styleUrl>#style_ff0000ff_9527121</styleUrl>
<description><![CDATA[<table border='1' cellpadding='4' cellspacing='0'><tr><td><b>OBJECTID</b></td><td>432796</td></tr></table>]]></description>
<Point>
<coordinates>-115.04355698261426,36.05434488978198,0</coordinates>
</Point>
</Placemark>
<Placemark>
<name>432797</name>
<styleUrl>#style_ff0000ff_9527121</styleUrl>
<description><![CDATA[<table border='1' cellpadding='4' cellspacing='0'><tr><td><b>OBJECTID</b></td><td>432797</td></tr></table>]]></description>
<Point>
<coordinates>-115.02495999577583,36.04967668719159,0</coordinates>
</Point>
</Placemark>
<Placemark>
<name>432798</name>
<styleUrl>#style_ff0000ff_9527121</styleUrl>
<description><![CDATA[<table border='1' cellpadding='4' cellspacing='0'><tr><td><b>OBJECTID</b></td><td>432798</td></tr></table>]]></description>
<Point>
<coordinates>-115.02600729589865,36.04773943347775,0</coordinates>
</Point>
</Placemark>
<Placemark>
<name>432799</name>
<styleUrl>#style_ff0000ff_9527121</styleUrl>
<description><![CDATA[<table border='1' cellpadding='4' cellspacing='0'><tr><td><b>OBJECTID</b></td><td>432799</td></tr></table>]]></description>
<Point>
<coordinates>-115.11690698918926,36.013816815345926,0</coordinates>
</Point>
</Placemark>
<Placemark>
<name>432800</name>
<styleUrl>#style_ff0000ff_9527121</styleUrl>
<description><![CDATA[<table border='1' cellpadding='4' cellspacing='0'><tr><td><b>OBJECTID</b></td><td>432800</td></tr></table>]]></description>
<Point>
<coordinates>-115.02517027915341,36.043762564502416,0</coordinates>
</Point>
</Placemark>
<Placemark>
<name>432801</name>
<styleUrl>#style_ff0000ff_9527121</styleUrl>
<description><![CDATA[<table border='1' cellpadding='4' cellspacing='0'><tr><td><b>OBJECTID</b></td><td>432801</td></tr></table>]]></description>
<Point>
<coordinates>-115.09818855629847,36.035066618309266,0</coordinates>
</Point>
</Placemark>
<Placemark>
<name>432802</name>
<styleUrl>#style_ff0000ff_9527121</styleUrl>
<description><![CDATA[<table border='1' cellpadding='4' cellspacing='0'><tr><td><b>OBJECTID</b></td><td>432802</td></tr></table>]]></description>
<Point>
<coordinates>-115.02791478791774,36.053728924555244,0</coordinates>
</Point>
</Placemark>
<Placemark>
<name>432803</name>
<styleUrl>#style_ff0000ff_9527121</styleUrl>
<description><![CDATA[<table border='1' cellpadding='4' cellspacing='0'><tr><td><b>OBJECTID</b></td><td>432803</td></tr></table>]]></description>
<Point>
<coordinates>-115.12492310382413,35.99041357191279,0</coordinates>
</Point>
</Placemark>
<Placemark>
<name>432804</name>
<styleUrl>#style_ff0000ff_9527121</styleUrl>
<description><![CDATA[<table border='1' cellpadding='4' cellspacing='0'><tr><td><b>OBJECTID</b></td><td>432804</td></tr></table>]]></description>
<Point>
<coordinates>-115.10824214687938,35.99989202729768,0</coordinates>
</Point>
</Placemark>
<Placemark>
<name>432806</name>
<styleUrl>#style_ff0000ff_9527121</styleUrl>
<description><![CDATA[<table border='1' cellpadding='4' cellspacing='0'><tr><td><b>OBJECTID</b></td><td>432806</td></tr></table>]]></description>
<Point>
<coordinates>-115.02819698748702,36.070552840276335,0</coordinates>
</Point>
</Placemark>
<Placemark>
<name>432822</name>
<styleUrl>#style_ff0000ff_9527121</styleUrl>
<description><![CDATA[<table border='1' cellpadding='4' cellspacing='0'><tr><td><b>OBJECTID</b></td><td>432822</td></tr></table>]]></description>
<Point>
<coordinates>-115.07478890904468,36.07351959162444,0</coordinates>
</Point>
</Placemark>
<Placemark>
<name>432823</name>
<styleUrl>#style_ff0000ff_9527121</styleUrl>
<description><![CDATA[<table border='1' cellpadding='4' cellspacing='0'><tr><td><b>OBJECTID</b></td><td>432823</td></tr></table>]]></description>
<Point>
<coordinates>-115.08175548635987,36.07581778407974,0</coordinates>
</Point>
</Placemark>
<Placemark>
<name>432825</name>
<styleUrl>#style_ff0000ff_9527121</styleUrl>
<description><![CDATA[<table border='1' cellpadding='4' cellspacing='0'><tr><td><b>OBJECTID</b></td><td>432825</td></tr></table>]]></description>
<Point>
<coordinates>-115.08175548635987,36.07581778407974,0</coordinates>
</Point>
</Placemark>
<Placemark>
<name>432826</name>
<styleUrl>#style_ff0000ff_9527121</styleUrl>
<description><![CDATA[<table border='1' cellpadding='4' cellspacing='0'><tr><td><b>OBJECTID</b></td><td>432826</td></tr></table>]]></description>
<Point>
<coordinates>-115.04126810373656,36.04323826742789,0</coordinates>
</Point>
</Placemark>
<Placemark>
<name>432829</name>
<styleUrl>#style_ff0000ff_9527121</styleUrl>
<description><![CDATA[<table border='1' cellpadding='4' cellspacing='0'><tr><td><b>OBJECTID</b></td><td>432829</td></tr></table>]]></description>
<Point>
<coordinates>-115.02987501139107,36.041561890422635,0</coordinates>
</Point>
</Placemark>
<Placemark>
<name>432830</name>
<styleUrl>#style_ff0000ff_9527121</styleUrl>
<description><![CDATA[<table border='1' cellpadding='4' cellspacing='0'><tr><td><b>OBJECTID</b></td><td>432830</td></tr></table>]]></description>
<Point>
<coordinates>-115.07294517603736,36.070304861219384,0</coordinates>
</Point>
</Placemark>
<Placemark>
<name>432831</name>
<styleUrl>#style_ff0000ff_9527121</styleUrl>
<description><![CDATA[<table border='1' cellpadding='4' cellspacing='0'><tr><td><b>OBJECTID</b></td><td>432831</td></tr></table>]]></description>
<Point>
<coordinates>-115.15424239872645,35.98409639515559,0</coordinates>
</Point>
</Placemark>
<Placemark>
<name>432833</name>
<styleUrl>#style_ff0000ff_9527121</styleUrl>
<description><![CDATA[<table border='1' cellpadding='4' cellspacing='0'><tr><td><b>OBJECTID</b></td><td>432833</td></tr></table>]]></description>
<Point>
<coordinates>-115.05231707703794,36.02754150655037,0</coordinates>
</Point>
</Placemark>
<Placemark>
<name>432835</name>
<styleUrl>#style_ff0000ff_9527121</styleUrl>
<description><![CDATA[<table border='1' cellpadding='4' cellspacing='0'><tr><td><b>OBJECTID</b></td><td>432835</td></tr></table>]]></description>
<Point>
<coordinates>-115.04216898980476,36.02873142258939,0</coordinates>
</Point>
</Placemark>
<Placemark>
<name>432843</name>
<styleUrl>#style_ff0000ff_9527121</styleUrl>
<description><![CDATA[<table border='1' cellpadding='4' cellspacing='0'><tr><td><b>OBJECTID</b></td><td>432843</td></tr></table>]]></description>
<Point>
<coordinates>-115.14374160762183,35.964499391300016,0</coordinates>
</Point>
</Placemark>
<Placemark>
<name>432846</name>
<styleUrl>#style_ff0000ff_9527121</styleUrl>
<description><![CDATA[<table border='1' cellpadding='4' cellspacing='0'><tr><td><b>OBJECTID</b></td><td>432846</td></tr></table>]]></description>
<Point>
<coordinates>-115.15424239872645,35.98409639515559,0</coordinates>
</Point>
</Placemark>
<Placemark>
<name>432848</name>
<styleUrl>#style_ff0000ff_9527121</styleUrl>
<description><![CDATA[<table border='1' cellpadding='4' cellspacing='0'><tr><td><b>OBJECTID</b></td><td>432848</td></tr></table>]]></description>
<Point>
<coordinates>-115.15424239872645,35.98409639515559,0</coordinates>
</Point>
</Placemark>
<Placemark>
<name>432850</name>
<styleUrl>#style_ff0000ff_9527121</styleUrl>
<description><![CDATA[<table border='1' cellpadding='4' cellspacing='0'><tr><td><b>OBJECTID</b></td><td>432850</td></tr></table>]]></description>
<Point>
<coordinates>-115.15424239872645,35.98409639515559,0</coordinates>
</Point>
</Placemark>
<Placemark>
<name>432851</name>
<styleUrl>#style_ff0000ff_9527121</styleUrl>
<description><![CDATA[<table border='1' cellpadding='4' cellspacing='0'><tr><td><b>OBJECTID</b></td><td>432851</td></tr></table>]]></description>
<Point>
<coordinates>-115.05565528191252,36.02729954607556,0</coordinates>
</Point>
</Placemark>
<Placemark>
<name>432852</name>
<styleUrl>#style_ff0000ff_9527121</styleUrl>
<description><![CDATA[<table border='1' cellpadding='4' cellspacing='0'><tr><td><b>OBJECTID</b></td><td>432852</td></tr></table>]]></description>
<Point>
<coordinates>-115.13958403395519,35.95938668258928,0</coordinates>
</Point>
</Placemark>
<Placemark>
<name>432857</name>
<styleUrl>#style_ff0000ff_9527121</styleUrl>
<description><![CDATA[<table border='1' cellpadding='4' cellspacing='0'><tr><td><b>OBJECTID</b></td><td>432857</td></tr></table>]]></description>
<Point>
<coordinates>-115.15424239872645,35.98409639515559,0</coordinates>
</Point>
</Placemark>
<Placemark>
<name>432858</name>
<styleUrl>#style_ff0000ff_9527121</styleUrl>
<description><![CDATA[<table border='1' cellpadding='4' cellspacing='0'><tr><td><b>OBJECTID</b></td><td>432858</td></tr></table>]]></description>
<Point>
<coordinates>-115.15424239872645,35.98409639515559,0</coordinates>
</Point>
</Placemark>
<Placemark>
<name>432864</name>
<styleUrl>#style_ff0000ff_9527121</styleUrl>
<description><![CDATA[<table border='1' cellpadding='4' cellspacing='0'><tr><td><b>OBJECTID</b></td><td>432864</td></tr></table>]]></description>
<Point>
<coordinates>-115.15424239872645,35.98409639515559,0</coordinates>
</Point>
</Placemark>
<Placemark>
<name>432867</name>
<styleUrl>#style_ff0000ff_9527121</styleUrl>
<description><![CDATA[<table border='1' cellpadding='4' cellspacing='0'><tr><td><b>OBJECTID</b></td><td>432867</td></tr></table>]]></description>
<Point>
<coordinates>-115.15424239872645,35.98409639515559,0</coordinates>
</Point>
</Placemark>
<Placemark>
<name>432869</name>
<styleUrl>#style_ff0000ff_9527121</styleUrl>
<description><![CDATA[<table border='1' cellpadding='4' cellspacing='0'><tr><td><b>OBJECTID</b></td><td>432869</td></tr></table>]]></description>
<Point>
<coordinates>-115.15424239872645,35.98409639515559,0</coordinates>
</Point>
</Placemark>
<Placemark>
<name>432870</name>
<styleUrl>#style_ff0000ff_9527121</styleUrl>
<description><![CDATA[<table border='1' cellpadding='4' cellspacing='0'><tr><td><b>OBJECTID</b></td><td>432870</td></tr></table>]]></description>
<Point>
<coordinates>-114.92670459950456,36.110956552935484,0</coordinates>
</Point>
</Placemark>
<Placemark>
<name>432875</name>
<styleUrl>#style_ff0000ff_9527121</styleUrl>
<description><![CDATA[<table border='1' cellpadding='4' cellspacing='0'><tr><td><b>OBJECTID</b></td><td>432875</td></tr></table>]]></description>
<Point>
<coordinates>-115.02808102353531,36.0532489932121,0</coordinates>
</Point>
</Placemark>
<Placemark>
<name>432877</name>
<styleUrl>#style_ff0000ff_9527121</styleUrl>
<description><![CDATA[<table border='1' cellpadding='4' cellspacing='0'><tr><td><b>OBJECTID</b></td><td>432877</td></tr></table>]]></description>
<Point>
<coordinates>-115.15424239872645,35.98409639515559,0</coordinates>
</Point>
</Placemark>
<Placemark>
<name>432878</name>
<styleUrl>#style_ff0000ff_9527121</styleUrl>
<description><![CDATA[<table border='1' cellpadding='4' cellspacing='0'><tr><td><b>OBJECTID</b></td><td>432878</td></tr></table>]]></description>
<Point>
<coordinates>-115.15424239872645,35.98409639515559,0</coordinates>
</Point>
</Placemark>
<Placemark>
<name>432880</name>
<styleUrl>#style_ff0000ff_9527121</styleUrl>
<description><![CDATA[<table border='1' cellpadding='4' cellspacing='0'><tr><td><b>OBJECTID</b></td><td>432880</td></tr></table>]]></description>
<Point>
<coordinates>-115.14893811125884,35.98441541988092,0</coordinates>
</Point>
</Placemark>
<Placemark>
<name>432881</name>
<styleUrl>#style_ff0000ff_9527121</styleUrl>
<description><![CDATA[<table border='1' cellpadding='4' cellspacing='0'><tr><td><b>OBJECTID</b></td><td>432881</td></tr></table>]]></description>
<Point>
<coordinates>-115.07426745482292,36.07058890444932,0</coordinates>
</Point>
</Placemark>
<Placemark>
<name>432882</name>
<styleUrl>#style_ff0000ff_9527121</styleUrl>
<description><![CDATA[<table border='1' cellpadding='4' cellspacing='0'><tr><td><b>OBJECTID</b></td><td>432882</td></tr></table>]]></description>
<Point>
<coordinates>-115.15280812156361,35.9667146909834,0</coordinates>
</Point>
</Placemark>
<Placemark>
<name>432883</name>
<styleUrl>#style_ff0000ff_9527121</styleUrl>
<description><![CDATA[<table border='1' cellpadding='4' cellspacing='0'><tr><td><b>OBJECTID</b></td><td>432883</td></tr></table>]]></description>
<Point>
<coordinates>-115.08567990711333,36.02849541819041,0</coordinates>
</Point>
</Placemark>
<Placemark>
<name>432884</name>
<styleUrl>#style_ff0000ff_9527121</styleUrl>
<description><![CDATA[<table border='1' cellpadding='4' cellspacing='0'><tr><td><b>OBJECTID</b></td><td>432884</td></tr></table>]]></description>
<Point>
<coordinates>-115.15424239872645,35.98409639515559,0</coordinates>
</Point>
</Placemark>
<Placemark>
<name>432889</name>
<styleUrl>#style_ff0000ff_9527121</styleUrl>
<description><![CDATA[<table border='1' cellpadding='4' cellspacing='0'><tr><td><b>OBJECTID</b></td><td>432889</td></tr></table>]]></description>
<Point>
<coordinates>-115.02808102353531,36.0532489932121,0</coordinates>
</Point>
</Placemark>
<Placemark>
<name>432890</name>
<styleUrl>#style_ff0000ff_9527121</styleUrl>
<description><![CDATA[<table border='1' cellpadding='4' cellspacing='0'><tr><td><b>OBJECTID</b></td><td>432890</td></tr></table>]]></description>
<Point>
<coordinates>-115.07078880820288,36.071343457936884,0</coordinates>
</Point>
</Placemark>
<Placemark>
<name>432891</name>
<styleUrl>#style_ff0000ff_9527121</styleUrl>
<description><![CDATA[<table border='1' cellpadding='4' cellspacing='0'><tr><td><b>OBJECTID</b></td><td>432891</td></tr></table>]]></description>
<Point>
<coordinates>-115.15424239872645,35.98409639515559,0</coordinates>
</Point>
</Placemark>
<Placemark>
<name>432893</name>
<styleUrl>#style_ff0000ff_9527121</styleUrl>
<description><![CDATA[<table border='1' cellpadding='4' cellspacing='0'><tr><td><b>OBJECTID</b></td><td>432893</td></tr></table>]]></description>
<Point>
<coordinates>-115.06239393106956,36.012393302875616,0</coordinates>
</Point>
</Placemark>
<Placemark>
<name>432894</name>
<styleUrl>#style_ff0000ff_9527121</styleUrl>
<description><![CDATA[<table border='1' cellpadding='4' cellspacing='0'><tr><td><b>OBJECTID</b></td><td>432894</td></tr></table>]]></description>
<Point>
<coordinates>-115.05375280847139,36.08052482207119,0</coordinates>
</Point>
</Placemark>
<Placemark>
<name>432895</name>
<styleUrl>#style_ff0000ff_9527121</styleUrl>
<description><![CDATA[<table border='1' cellpadding='4' cellspacing='0'><tr><td><b>OBJECTID</b></td><td>432895</td></tr></table>]]></description>
<Point>
<coordinates>-114.96291228192244,36.02429082175902,0</coordinates>
</Point>
</Placemark>
<Placemark>
<name>432896</name>
<styleUrl>#style_ff0000ff_9527121</styleUrl>
<description><![CDATA[<table border='1' cellpadding='4' cellspacing='0'><tr><td><b>OBJECTID</b></td><td>432896</td></tr></table>]]></description>
<Point>
<coordinates>-115.02477316761053,36.063031445318856,0</coordinates>
</Point>
</Placemark>
<Placemark>
<name>432897</name>
<styleUrl>#style_ff0000ff_9527121</styleUrl>
<description><![CDATA[<table border='1' cellpadding='4' cellspacing='0'><tr><td><b>OBJECTID</b></td><td>432897</td></tr></table>]]></description>
<Point>
<coordinates>-115.00844799986322,36.03094480080944,0</coordinates>
</Point>
</Placemark>
<Placemark>
<name>432898</name>
<styleUrl>#style_ff0000ff_9527121</styleUrl>
<description><![CDATA[<table border='1' cellpadding='4' cellspacing='0'><tr><td><b>OBJECTID</b></td><td>432898</td></tr></table>]]></description>
<Point>
<coordinates>-115.07773914798048,36.070479793069836,0</coordinates>
</Point>
</Placemark>
<Placemark>
<name>432899</name>
<styleUrl>#style_ff0000ff_9527121</styleUrl>
<description><![CDATA[<table border='1' cellpadding='4' cellspacing='0'><tr><td><b>OBJECTID</b></td><td>432899</td></tr></table>]]></description>
<Point>
<coordinates>-115.06301605152208,36.025238180438116,0</coordinates>
</Point>
</Placemark>
<Placemark>
<name>432900</name>
<styleUrl>#style_ff0000ff_9527121</styleUrl>
<description><![CDATA[<table border='1' cellpadding='4' cellspacing='0'><tr><td><b>OBJECTID</b></td><td>432900</td></tr></table>]]></description>
<Point>
<coordinates>-115.10054045031143,36.04258733498774,0</coordinates>
</Point>
</Placemark>
<Placemark>
<name>432901</name>
<styleUrl>#style_ff0000ff_9527121</styleUrl>
<description><![CDATA[<table border='1' cellpadding='4' cellspacing='0'><tr><td><b>OBJECTID</b></td><td>432901</td></tr></table>]]></description>
<Point>
<coordinates>-115.10113208468978,36.04172816078766,0</coordinates>
</Point>
</Placemark>
<Placemark>
<name>432902</name>
<styleUrl>#style_ff0000ff_9527121</styleUrl>
<description><![CDATA[<table border='1' cellpadding='4' cellspacing='0'><tr><td><b>OBJECTID</b></td><td>432902</td></tr></table>]]></description>
<Point>
<coordinates>-114.9656864615684,36.02591586917808,0</coordinates>
</Point>
</Placemark>
<Placemark>
<name>432903</name>
<styleUrl>#style_ff0000ff_9527121</styleUrl>
<description><![CDATA[<table border='1' cellpadding='4' cellspacing='0'><tr><td><b>OBJECTID</b></td><td>432903</td></tr></table>]]></description>
<Point>
<coordinates>-114.97799289271407,36.0451646718035,0</coordinates>
</Point>
</Placemark>
<Placemark>
<name>432904</name>
<styleUrl>#style_ff0000ff_9527121</styleUrl>
<description><![CDATA[<table border='1' cellpadding='4' cellspacing='0'><tr><td><b>OBJECTID</b></td><td>432904</td></tr></table>]]></description>
<Point>
<coordinates>-114.97243184258022,36.05114007499363,0</coordinates>
</Point>
</Placemark>
<Placemark>
<name>432905</name>
<styleUrl>#style_ff0000ff_9527121</styleUrl>
<description><![CDATA[<table border='1' cellpadding='4' cellspacing='0'><tr><td><b>OBJECTID</b></td><td>432905</td></tr></table>]]></description>
<Point>
<coordinates>-115.04658306127301,36.06328214449474,0</coordinates>
</Point>
</Placemark>
<Placemark>
<name>432906</name>
<styleUrl>#style_ff0000ff_9527121</styleUrl>
<description><![CDATA[<table border='1' cellpadding='4' cellspacing='0'><tr><td><b>OBJECTID</b></td><td>432906</td></tr></table>]]></description>
<Point>
<coordinates>-114.97887404482867,36.04060399325626,0</coordinates>
</Point>
</Placemark>
<Placemark>
<name>432907</name>
<styleUrl>#style_ff0000ff_9527121</styleUrl>
<description><![CDATA[<table border='1' cellpadding='4' cellspacing='0'><tr><td><b>OBJECTID</b></td><td>432907</td></tr></table>]]></description>
<Point>
<coordinates>-115.0404766741784,36.058905782107026,0</coordinates>
</Point>
</Placemark>
<Placemark>
<name>432908</name>
<styleUrl>#style_ff0000ff_9527121</styleUrl>
<description><![CDATA[<table border='1' cellpadding='4' cellspacing='0'><tr><td><b>OBJECTID</b></td><td>432908</td></tr></table>]]></description>
<Point>
<coordinates>-115.08837250339361,36.02666155038216,0</coordinates>
</Point>
</Placemark>
<Placemark>
<name>432909</name>
<styleUrl>#style_ff0000ff_9527121</styleUrl>
<description><![CDATA[<table border='1' cellpadding='4' cellspacing='0'><tr><td><b>OBJECTID</b></td><td>432909</td></tr></table>]]></description>
<Point>
<coordinates>-115.08182571720522,36.07621371896879,0</coordinates>
</Point>
</Placemark>
<Placemark>
<name>432910</name>
<styleUrl>#style_ff0000ff_9527121</styleUrl>
<description><![CDATA[<table border='1' cellpadding='4' cellspacing='0'><tr><td><b>OBJECTID</b></td><td>432910</td></tr></table>]]></description>
<Point>
<coordinates>-115.08450025848425,36.055593317443616,0</coordinates>
</Point>
</Placemark>
<Placemark>
<name>432911</name>
<styleUrl>#style_ff0000ff_9527121</styleUrl>
<description><![CDATA[<table border='1' cellpadding='4' cellspacing='0'><tr><td><b>OBJECTID</b></td><td>432911</td></tr></table>]]></description>
<Point>
<coordinates>-115.05631222889849,36.056525360546395,0</coordinates>
</Point>
</Placemark>
<Placemark>
<name>432912</name>
<styleUrl>#style_ff0000ff_9527121</styleUrl>
<description><![CDATA[<table border='1' cellpadding='4' cellspacing='0'><tr><td><b>OBJECTID</b></td><td>432912</td></tr></table>]]></description>
<Point>
<coordinates>-114.96245210024375,36.020341753703256,0</coordinates>
</Point>
</Placemark>
<Placemark>
<name>432913</name>
<styleUrl>#style_ff0000ff_9527121</styleUrl>
<description><![CDATA[<table border='1' cellpadding='4' cellspacing='0'><tr><td><b>OBJECTID</b></td><td>432913</td></tr></table>]]></description>
<Point>
<coordinates>-115.0953950085064,36.00620856929719,0</coordinates>
</Point>
</Placemark>
<Placemark>
<name>432915</name>
<styleUrl>#style_ff0000ff_9527121</styleUrl>
<description><![CDATA[<table border='1' cellpadding='4' cellspacing='0'><tr><td><b>OBJECTID</b></td><td>432915</td></tr></table>]]></description>
<Point>
<coordinates>-115.06241539275906,36.06364466644169,0</coordinates>
</Point>
</Placemark>
<Placemark>
<name>432916</name>
<styleUrl>#style_ff0000ff_9527121</styleUrl>
<description><![CDATA[<table border='1' cellpadding='4' cellspacing='0'><tr><td><b>OBJECTID</b></td><td>432916</td></tr></table>]]></description>
<Point>
<coordinates>-115.08383957299645,36.05699489935093,0</coordinates>
</Point>
</Placemark>
<Placemark>
<name>432917</name>
<styleUrl>#style_ff0000ff_9527121</styleUrl>
<description><![CDATA[<table border='1' cellpadding='4' cellspacing='0'><tr><td><b>OBJECTID</b></td><td>432917</td></tr></table>]]></description>
<Point>
<coordinates>-115.08516565272394,36.03489631682158,0</coordinates>
</Point>
</Placemark>
<Placemark>
<name>432918</name>
<styleUrl>#style_ff0000ff_9527121</styleUrl>
<description><![CDATA[<table border='1' cellpadding='4' cellspacing='0'><tr><td><b>OBJECTID</b></td><td>432918</td></tr></table>]]></description>
<Point>
<coordinates>-114.96986690480723,36.02986195517721,0</coordinates>
</Point>
</Placemark>
<Placemark>
<name>432919</name>
<styleUrl>#style_ff0000ff_9527121</styleUrl>
<description><![CDATA[<table border='1' cellpadding='4' cellspacing='0'><tr><td><b>OBJECTID</b></td><td>432919</td></tr></table>]]></description>
<Point>
<coordinates>-115.11761389794395,36.0196826639381,0</coordinates>
</Point>
</Placemark>
<Placemark>
<name>432920</name>
<styleUrl>#style_ff0000ff_9527121</styleUrl>
<description><![CDATA[<table border='1' cellpadding='4' cellspacing='0'><tr><td><b>OBJECTID</b></td><td>432920</td></tr></table>]]></description>
<Point>
<coordinates>-114.99959218153526,36.03366719690864,0</coordinates>
</Point>
</Placemark>
<Placemark>
<name>432921</name>
<styleUrl>#style_ff0000ff_9527121</styleUrl>
<description><![CDATA[<table border='1' cellpadding='4' cellspacing='0'><tr><td><b>OBJECTID</b></td><td>432921</td></tr></table>]]></description>
<Point>
<coordinates>-114.95698736063099,36.07280642296505,0</coordinates>
</Point>
</Placemark>
<Placemark>
<name>432922</name>
<styleUrl>#style_ff0000ff_9527121</styleUrl>
<description><![CDATA[<table border='1' cellpadding='4' cellspacing='0'><tr><td><b>OBJECTID</b></td><td>432922</td></tr></table>]]></description>
<Point>
<coordinates>-115.08289743707421,36.07050113497577,0</coordinates>
</Point>
</Placemark>
<Placemark>
<name>432923</name>
<styleUrl>#style_ff0000ff_9527121</styleUrl>
<description><![CDATA[<table border='1' cellpadding='4' cellspacing='0'><tr><td><b>OBJECTID</b></td><td>432923</td></tr></table>]]></description>
<Point>
<coordinates>-115.1006318047495,36.03374233632225,0</coordinates>
</Point>
</Placemark>
<Placemark>
<name>432924</name>
<styleUrl>#style_ff0000ff_9527121</styleUrl>
<description><![CDATA[<table border='1' cellpadding='4' cellspacing='0'><tr><td><b>OBJECTID</b></td><td>432924</td></tr></table>]]></description>
<Point>
<coordinates>-115.00023282366338,36.03381724996017,0</coordinates>
</Point>
</Placemark>
<Placemark>
<name>432925</name>
<styleUrl>#style_ff0000ff_9527121</styleUrl>
<description><![CDATA[<table border='1' cellpadding='4' cellspacing='0'><tr><td><b>OBJECTID</b></td><td>432925</td></tr></table>]]></description>
<Point>
<coordinates>-115.04530322883065,36.05496400406718,0</coordinates>
</Point>
</Placemark>
<Placemark>
<name>432927</name>
<styleUrl>#style_ff0000ff_9527121</styleUrl>
<description><![CDATA[<table border='1' cellpadding='4' cellspacing='0'><tr><td><b>OBJECTID</b></td><td>432927</td></tr></table>]]></description>
<Point>
<coordinates>-115.05942717434286,36.04075745178036,0</coordinates>
</Point>
</Placemark>
<Placemark>
<name>432928</name>
<styleUrl>#style_ff0000ff_9527121</styleUrl>
<description><![CDATA[<table border='1' cellpadding='4' cellspacing='0'><tr><td><b>OBJECTID</b></td><td>432928</td></tr></table>]]></description>
<Point>
<coordinates>-115.00844799986322,36.03094480080944,0</coordinates>
</Point>
</Placemark>
<Placemark>
<name>432929</name>
<styleUrl>#style_ff0000ff_9527121</styleUrl>
<description><![CDATA[<table border='1' cellpadding='4' cellspacing='0'><tr><td><b>OBJECTID</b></td><td>432929</td></tr></table>]]></description>
<Point>
<coordinates>-115.04593320275355,36.07865363348937,0</coordinates>
</Point>
</Placemark>
<Placemark>
<name>432930</name>
<styleUrl>#style_ff0000ff_9527121</styleUrl>
<description><![CDATA[<table border='1' cellpadding='4' cellspacing='0'><tr><td><b>OBJECTID</b></td><td>432930</td></tr></table>]]></description>
<Point>
<coordinates>-115.04697806529802,36.05571531720374,0</coordinates>
</Point>
</Placemark>
<Placemark>
<name>432931</name>
<styleUrl>#style_ff0000ff_9527121</styleUrl>
<description><![CDATA[<table border='1' cellpadding='4' cellspacing='0'><tr><td><b>OBJECTID</b></td><td>432931</td></tr></table>]]></description>
<Point>
<coordinates>-115.10052627404067,36.04258444416321,0</coordinates>
</Point>
</Placemark>
<Placemark>
<name>432933</name>
<styleUrl>#style_ff0000ff_9527121</styleUrl>
<description><![CDATA[<table border='1' cellpadding='4' cellspacing='0'><tr><td><b>OBJECTID</b></td><td>432933</td></tr></table>]]></description>
<Point>
<coordinates>-115.08083172661783,36.04204100260653,0</coordinates>
</Point>
</Placemark>
<Placemark>
<name>432934</name>
<styleUrl>#style_ff0000ff_9527121</styleUrl>
<description><![CDATA[<table border='1' cellpadding='4' cellspacing='0'><tr><td><b>OBJECTID</b></td><td>432934</td></tr></table>]]></description>
<Point>
<coordinates>-115.04051979225699,36.05896398189398,0</coordinates>
</Point>
</Placemark>
<Placemark>
<name>432935</name>
<styleUrl>#style_ff0000ff_9527121</styleUrl>
<description><![CDATA[<table border='1' cellpadding='4' cellspacing='0'><tr><td><b>OBJECTID</b></td><td>432935</td></tr></table>]]></description>
<Point>
<coordinates>-115.03019709841661,36.0301397353443,0</coordinates>
</Point>
</Placemark>
<Placemark>
<name>432936</name>
<styleUrl>#style_ff0000ff_9527121</styleUrl>
<description><![CDATA[<table border='1' cellpadding='4' cellspacing='0'><tr><td><b>OBJECTID</b></td><td>432936</td></tr></table>]]></description>
<Point>
<coordinates>-114.98363233172567,36.03278348089297,0</coordinates>
</Point>
</Placemark>
<Placemark>
<name>432937</name>
<styleUrl>#style_ff0000ff_9527121</styleUrl>
<description><![CDATA[<table border='1' cellpadding='4' cellspacing='0'><tr><td><b>OBJECTID</b></td><td>432937</td></tr></table>]]></description>
<Point>
<coordinates>-115.10055206020735,36.050110548181685,0</coordinates>
</Point>
</Placemark>
<Placemark>
<name>432938</name>
<styleUrl>#style_ff0000ff_9527121</styleUrl>
<description><![CDATA[<table border='1' cellpadding='4' cellspacing='0'><tr><td><b>OBJECTID</b></td><td>432938</td></tr></table>]]></description>
<Point>
<coordinates>-115.09989460386996,36.04211333821949,0</coordinates>
</Point>
</Placemark>
<Placemark>
<name>432939</name>
<styleUrl>#style_ff0000ff_9527121</styleUrl>
<description><![CDATA[<table border='1' cellpadding='4' cellspacing='0'><tr><td><b>OBJECTID</b></td><td>432939</td></tr></table>]]></description>
<Point>
<coordinates>-115.10057077195948,36.04948768161883,0</coordinates>
</Point>
</Placemark>
<Placemark>
<name>432940</name>
<styleUrl>#style_ff0000ff_9527121</styleUrl>
<description><![CDATA[<table border='1' cellpadding='4' cellspacing='0'><tr><td><b>OBJECTID</b></td><td>432940</td></tr></table>]]></description>
<Point>
<coordinates>-115.05375280847139,36.08052482207119,0</coordinates>
</Point>
</Placemark>
<Placemark>
<name>432941</name>
<styleUrl>#style_ff0000ff_9527121</styleUrl>
<description><![CDATA[<table border='1' cellpadding='4' cellspacing='0'><tr><td><b>OBJECTID</b></td><td>432941</td></tr></table>]]></description>
<Point>
<coordinates>-115.10169143684305,36.03990752073118,0</coordinates>
</Point>
</Placemark>
<Placemark>
<name>432942</name>
<styleUrl>#style_ff0000ff_9527121</styleUrl>
<description><![CDATA[<table border='1' cellpadding='4' cellspacing='0'><tr><td><b>OBJECTID</b></td><td>432942</td></tr></table>]]></description>
<Point>
<coordinates>-115.08380399770047,36.029473179568626,0</coordinates>
</Point>
</Placemark>
<Placemark>
<name>432943</name>
<styleUrl>#style_ff0000ff_9527121</styleUrl>
<description><![CDATA[<table border='1' cellpadding='4' cellspacing='0'><tr><td><b>OBJECTID</b></td><td>432943</td></tr></table>]]></description>
<Point>
<coordinates>-115.08751043773727,36.07028061450531,0</coordinates>
</Point>
</Placemark>
<Placemark>
<name>432944</name>
<styleUrl>#style_ff0000ff_9527121</styleUrl>
<description><![CDATA[<table border='1' cellpadding='4' cellspacing='0'><tr><td><b>OBJECTID</b></td><td>432944</td></tr></table>]]></description>
<Point>
<coordinates>-115.05092456474279,36.05597813733927,0</coordinates>
</Point>
</Placemark>
<Placemark>
<name>432945</name>
<styleUrl>#style_ff0000ff_9527121</styleUrl>
<description><![CDATA[<table border='1' cellpadding='4' cellspacing='0'><tr><td><b>OBJECTID</b></td><td>432945</td></tr></table>]]></description>
<Point>
<coordinates>-114.95067541996046,36.01658089073363,0</coordinates>
</Point>
</Placemark>
<Placemark>
<name>432946</name>
<styleUrl>#style_ff0000ff_9527121</styleUrl>
<description><![CDATA[<table border='1' cellpadding='4' cellspacing='0'><tr><td><b>OBJECTID</b></td><td>432946</td></tr></table>]]></description>
<Point>
<coordinates>-115.07511476907167,36.06986063484811,0</coordinates>
</Point>
</Placemark>
<Placemark>
<name>432947</name>
<styleUrl>#style_ff0000ff_9527121</styleUrl>
<description><![CDATA[<table border='1' cellpadding='4' cellspacing='0'><tr><td><b>OBJECTID</b></td><td>432947</td></tr></table>]]></description>
<Point>
<coordinates>-115.02600729589865,36.04773943347775,0</coordinates>
</Point>
</Placemark>
<Placemark>
<name>432948</name>
<styleUrl>#style_ff0000ff_9527121</styleUrl>
<description><![CDATA[<table border='1' cellpadding='4' cellspacing='0'><tr><td><b>OBJECTID</b></td><td>432948</td></tr></table>]]></description>
<Point>
<coordinates>-115.0404631709138,36.058897438652465,0</coordinates>
</Point>
</Placemark>
<Placemark>
<name>432949</name>
<styleUrl>#style_ff0000ff_9527121</styleUrl>
<description><![CDATA[<table border='1' cellpadding='4' cellspacing='0'><tr><td><b>OBJECTID</b></td><td>432949</td></tr></table>]]></description>
<Point>
<coordinates>-115.10400180817669,35.9990449401121,0</coordinates>
</Point>
</Placemark>
<Placemark>
<name>432951</name>
<styleUrl>#style_ff0000ff_9527121</styleUrl>
<description><![CDATA[<table border='1' cellpadding='4' cellspacing='0'><tr><td><b>OBJECTID</b></td><td>432951</td></tr></table>]]></description>
<Point>
<coordinates>-114.99959218153526,36.03366719690864,0</coordinates>
</Point>
</Placemark>
<Placemark>
<name>432952</name>
<styleUrl>#style_ff0000ff_9527121</styleUrl>
<description><![CDATA[<table border='1' cellpadding='4' cellspacing='0'><tr><td><b>OBJECTID</b></td><td>432952</td></tr></table>]]></description>
<Point>
<coordinates>-115.02929299514405,36.05791407949187,0</coordinates>
</Point>
</Placemark>
<Placemark>
<name>432954</name>
<styleUrl>#style_ff0000ff_9527121</styleUrl>
<description><![CDATA[<table border='1' cellpadding='4' cellspacing='0'><tr><td><b>OBJECTID</b></td><td>432954</td></tr></table>]]></description>
<Point>
<coordinates>-115.07125283273963,36.07035806711382,0</coordinates>
</Point>
</Placemark>
<Placemark>
<name>432955</name>
<styleUrl>#style_ff0000ff_9527121</styleUrl>
<description><![CDATA[<table border='1' cellpadding='4' cellspacing='0'><tr><td><b>OBJECTID</b></td><td>432955</td></tr></table>]]></description>
<Point>
<coordinates>-115.04530322883065,36.05496400406718,0</coordinates>
</Point>
</Placemark>
<Placemark>
<name>432956</name>
<styleUrl>#style_ff0000ff_9527121</styleUrl>
<description><![CDATA[<table border='1' cellpadding='4' cellspacing='0'><tr><td><b>OBJECTID</b></td><td>432956</td></tr></table>]]></description>
<Point>
<coordinates>-115.016515877683,36.07381546569064,0</coordinates>
</Point>
</Placemark>
<Placemark>
<name>432957</name>
<styleUrl>#style_ff0000ff_9527121</styleUrl>
<description><![CDATA[<table border='1' cellpadding='4' cellspacing='0'><tr><td><b>OBJECTID</b></td><td>432957</td></tr></table>]]></description>
<Point>
<coordinates>-115.10368854518644,36.000340985929604,0</coordinates>
</Point>
</Placemark>
<Placemark>
<name>432958</name>
<styleUrl>#style_ff0000ff_9527121</styleUrl>
<description><![CDATA[<table border='1' cellpadding='4' cellspacing='0'><tr><td><b>OBJECTID</b></td><td>432958</td></tr></table>]]></description>
<Point>
<coordinates>-115.0229483667504,36.062384163177754,0</coordinates>
</Point>
</Placemark>
<Placemark>
<name>432959</name>
<styleUrl>#style_ff0000ff_9527121</styleUrl>
<description><![CDATA[<table border='1' cellpadding='4' cellspacing='0'><tr><td><b>OBJECTID</b></td><td>432959</td></tr></table>]]></description>
<Point>
<coordinates>-115.04497953987025,36.05956284944289,0</coordinates>
</Point>
</Placemark>
<Placemark>
<name>432960</name>
<styleUrl>#style_ff0000ff_9527121</styleUrl>
<description><![CDATA[<table border='1' cellpadding='4' cellspacing='0'><tr><td><b>OBJECTID</b></td><td>432960</td></tr></table>]]></description>
<Point>
<coordinates>-115.09591419047399,36.03406340415744,0</coordinates>
</Point>
</Placemark>
<Placemark>
<name>432961</name>
<styleUrl>#style_ff0000ff_9527121</styleUrl>
<description><![CDATA[<table border='1' cellpadding='4' cellspacing='0'><tr><td><b>OBJECTID</b></td><td>432961</td></tr></table>]]></description>
<Point>
<coordinates>-115.11768832256654,36.03617584970403,0</coordinates>
</Point>
</Placemark>
<Placemark>
<name>432962</name>
<styleUrl>#style_ff0000ff_9527121</styleUrl>
<description><![CDATA[<table border='1' cellpadding='4' cellspacing='0'><tr><td><b>OBJECTID</b></td><td>432962</td></tr></table>]]></description>
<Point>
<coordinates>-115.01149726521223,36.066818363863725,0</coordinates>
</Point>
</Placemark>
<Placemark>
<name>432963</name>
<styleUrl>#style_ff0000ff_9527121</styleUrl>
<description><![CDATA[<table border='1' cellpadding='4' cellspacing='0'><tr><td><b>OBJECTID</b></td><td>432963</td></tr></table>]]></description>
<Point>
<coordinates>-114.97466033406948,36.043165727331264,0</coordinates>
</Point>
</Placemark>
<Placemark>
<name>432965</name>
<styleUrl>#style_ff0000ff_9527121</styleUrl>
<description><![CDATA[<table border='1' cellpadding='4' cellspacing='0'><tr><td><b>OBJECTID</b></td><td>432965</td></tr></table>]]></description>
<Point>
<coordinates>-115.04667284729317,36.02197976063066,0</coordinates>
</Point>
</Placemark>
<Placemark>
<name>432966</name>
<styleUrl>#style_ff0000ff_9527121</styleUrl>
<description><![CDATA[<table border='1' cellpadding='4' cellspacing='0'><tr><td><b>OBJECTID</b></td><td>432966</td></tr></table>]]></description>
<Point>
<coordinates>-115.04126810373656,36.04323826742789,0</coordinates>
</Point>
</Placemark>
<Placemark>
<name>432968</name>
<styleUrl>#style_ff0000ff_9527121</styleUrl>
<description><![CDATA[<table border='1' cellpadding='4' cellspacing='0'><tr><td><b>OBJECTID</b></td><td>432968</td></tr></table>]]></description>
<Point>
<coordinates>-115.03062507570297,36.04274554776073,0</coordinates>
</Point>
</Placemark>
<Placemark>
<name>432970</name>
<styleUrl>#style_ff0000ff_9527121</styleUrl>
<description><![CDATA[<table border='1' cellpadding='4' cellspacing='0'><tr><td><b>OBJECTID</b></td><td>432970</td></tr></table>]]></description>
<Point>
<coordinates>-115.08175548635987,36.07581778407974,0</coordinates>
</Point>
</Placemark>
<Placemark>
<name>432971</name>
<styleUrl>#style_ff0000ff_9527121</styleUrl>
<description><![CDATA[<table border='1' cellpadding='4' cellspacing='0'><tr><td><b>OBJECTID</b></td><td>432971</td></tr></table>]]></description>
<Point>
<coordinates>-115.03062507570297,36.04274554776073,0</coordinates>
</Point>
</Placemark>
<Placemark>
<name>432972</name>
<styleUrl>#style_ff0000ff_9527121</styleUrl>
<description><![CDATA[<table border='1' cellpadding='4' cellspacing='0'><tr><td><b>OBJECTID</b></td><td>432972</td></tr></table>]]></description>
<Point>
<coordinates>-115.10563732986893,36.00050318187724,0</coordinates>
</Point>
</Placemark>
<Placemark>
<name>432973</name>
<styleUrl>#style_ff0000ff_9527121</styleUrl>
<description><![CDATA[<table border='1' cellpadding='4' cellspacing='0'><tr><td><b>OBJECTID</b></td><td>432973</td></tr></table>]]></description>
<Point>
<coordinates>-115.04126810373656,36.04323826742789,0</coordinates>
</Point>
</Placemark>
<Placemark>
<name>432975</name>
<styleUrl>#style_ff0000ff_9527121</styleUrl>
<description><![CDATA[<table border='1' cellpadding='4' cellspacing='0'><tr><td><b>OBJECTID</b></td><td>432975</td></tr></table>]]></description>
<Point>
<coordinates>-115.03062507570297,36.04274554776073,0</coordinates>
</Point>
</Placemark>
<Placemark>
<name>432981</name>
<styleUrl>#style_ff0000ff_9527121</styleUrl>
<description><![CDATA[<table border='1' cellpadding='4' cellspacing='0'><tr><td><b>OBJECTID</b></td><td>432981</td></tr></table>]]></description>
<Point>
<coordinates>-115.15424239872645,35.98409639515559,0</coordinates>
</Point>
</Placemark>
<Placemark>
<name>432982</name>
<styleUrl>#style_ff0000ff_9527121</styleUrl>
<description><![CDATA[<table border='1' cellpadding='4' cellspacing='0'><tr><td><b>OBJECTID</b></td><td>432982</td></tr></table>]]></description>
<Point>
<coordinates>-115.15424239872645,35.98409639515559,0</coordinates>
</Point>
</Placemark>
<Placemark>
<name>432984</name>
<styleUrl>#style_ff0000ff_9527121</styleUrl>
<description><![CDATA[<table border='1' cellpadding='4' cellspacing='0'><tr><td><b>OBJECTID</b></td><td>432984</td></tr></table>]]></description>
<Point>
<coordinates>-115.15424239872645,35.98409639515559,0</coordinates>
</Point>
</Placemark>
<Placemark>
<name>432986</name>
<styleUrl>#style_ff0000ff_9527121</styleUrl>
<description><![CDATA[<table border='1' cellpadding='4' cellspacing='0'><tr><td><b>OBJECTID</b></td><td>432986</td></tr></table>]]></description>
<Point>
<coordinates>-115.15424239872645,35.98409639515559,0</coordinates>
</Point>
</Placemark>
<Placemark>
<name>432987</name>
<styleUrl>#style_ff0000ff_9527121</styleUrl>
<description><![CDATA[<table border='1' cellpadding='4' cellspacing='0'><tr><td><b>OBJECTID</b></td><td>432987</td></tr></table>]]></description>
<Point>
<coordinates>-114.9832230663502,36.031607079872494,0</coordinates>
</Point>
</Placemark>
</Document>
</kml>