OBJECTID_CITY,LVBOARDS_,LVBOARDS_I,LON,LAT,SIGN_TYPE,STREET_NUM,STREET_DIR,STREET_NAM,PARCEL,PARCELOLD,APPLICANT,Pin Color Code,Pin Title ,SIGN_AREA,SIGN_HEIGH,TAG_NUM,APPLY_DATE,NOTES_SUP,NOTES_VAR,NOTES_RQR,NOTES,SIZE_,FIELD_CHEC,FREEWAY,APP_FIN,WARD_CITY,OWNER_MATCH_TYPE,OWNER_MATCH_CONFIDENCE,OWNER_MATCH_NOTES,OBJECTID_1,CALC_ACRES,ASSR_ACRES,LABEL_CLAS,PARCELTYPE,PRCLID,PRCLKEY,PRCLVER,PCLBOOK,PCLSEC,PCLPAGE,PCLSUBD,PCLNO,TAXDIST_SP,FDPHANTOM,FIREMAPNO,CENTRACT,SHAPE_LENG,PRECINCT,COMMISSION,ASSEMBLY,SENATE,CONGRESS,TAZ,AREA,PERIMETER,WARD_PARCEL,CNTY_IS,SHADE,ACRES,SQ_MILES,ZIP,OBJECTID_PARCEL,TAXDIST,OWNER,ADDRESS1,ADDRESS2,ADDRESS3,ADDRESS4,ADDRESS5,NAMETAG,ZIPCODE,COMNAME,STRNO,STRFRAC,STRDIR,STRNAME,STRTYPE,STRCITY,STRUNIT,COMMENT1,COMMENT2,FIXD,SUBTAG,LEGAL1,LEGAL2,LEGAL3,LEGAL4,LEGAL5,LEGAL6,ASSDYR,CONSTYR,DOCDATE,FILLER1,DOCNO,DOCMULTI,DOCVEST,SALEPRICE,SALETYPE,SALEDATE,PORTION,BK1,BK2,SECTNO,TOWNSHIP,RANGE,LANDUSE,CAPACITY,LANDCD1,LANDACRE1,LANDVAL1,LANDCD2,LANDACRE2,LANDVAL2,IMPVAL,PRCD1,PRVAL1,PRCD2,PRVAL2,PRCD3,PRVAL3,EXMPCD,EXMPVAL,LYACRES,LYLNDVAL,LYIMPVAL,LYPPVAL,LYEXCD,LYEXVAL,LY2ACRES,LY2LNDVAL,LY2IMPVAL,LY2PPVAL,LY2EXCD,LY2EXVAL,OWNERNUM,OWNERDEN,ETALFLAG,UPDDATE,LASTUPDATE,LOTSQFT,OLDPARCEL,INACTPCL,INACTREF,FILLER2,PCLBOOK3,PCL5,PCL6,PCL8,OLDBOOK,OLDPCL,OLDPAGE,OLDLOT,OLDFILL,ZIPMAIN,ZIPLUS4,LOCATION,STR,ADBOOK,ADPAGE,ADDR_OWN,ADDRESS,INACTNEWPC,LUCODE,SHAPE_LE_1,Shape__Area,Shape__Length
1,2,1,-115.2518008,36.26264906,37,5501, ,Drexel,12534501003,12534501003,Fletcher Jones,Pink,PO,219,30,0, ,U-35-93,VAR-1550,RQR-29149: RQR-2814; U-35-93(2), ,12.5x17.5,1,750, ,6,APN,HIGH,Matched via APN/PARCEL exact join,681330,0,9.46,701,0,12534501003,701,701,125,34,5,01,003,200,1718-16,1718,3305,25080.00132,2695,B,4,18,4,130,,455249.7461,6,0,93,26360.57173,41.18839332,89130,137456,200,S K J & E LAND L L C,C/O FRIENDLY FORD,660 N DECATUR BLVD,LAS VEGAS NV 89130, , , ,891300000, ,5501, , ,DREXEL,RD,LV, , , ,PM00880071        L1, ,PARCEL MAP FILE 88 PAGE 71,LOT 1, , , , ,2027,2000,20211222, ,2.02112E+12, ,NS,26000000,R,20211201, , , ,34,19,60,370000,1, ,9,1951395, ,0,0,3196169, ,0, ,0, ,0, ,0,0,1781207,3214863,0, ,0,0,0,0,0, ,0,0,0,N,20231117,20231117,0, ,12534501002,0, ,125,12534,125345,12534501,125,125345010,345,010,03,89130,0,005501     DREXEL                RD  L,3419  60,0088,0071,S K J & E LAND L L C            C/O FRIENDLY FORD               660 N DECATUR BLVD              LAS VEGAS NV 89130,005501     DREXEL                RD, ,370,3008.836717,411807.2129,3008.8367165535938
2,6,12,-115.2419494,36.25063566,AA,4950,N,RANCHO,12535401020,12535401001,LAMAR,Orange,LM,672,40,963,6/14/1995,U-37-95, ,RQR-18680; RQR-9375; RQR-5166, ,14x48,1,300, ,6,SPATIAL,MEDIUM,Matched via spatial intersect (buffered point),,,,,,,,,,,,,,,,,,,,,,,,,,,,,,,,89130,,200,CARMAX AUTO SUPERSTORES INC,,,,,,,,,4850,,N,RANCHO,DR,,,,,,,,,,,,,,,,,,,,0,,,,,,,,,370000,,,,2583633,,,,2994297,,,,,,,,,,,,,,,,,,,,,,,,,,,,,,,,,,,,,,,,,,,,,,,004850   N RANCHO                DR,,,,,
4,8,13,-115.2232802,36.22894566, ,3901,N,Rancho,13812110004,13812110004,Clear Channel Outdoor,Red,CC,672,40,0, ,U-10-97, ,RQR-39501; 22126; 4270; U-10-97(1), ,14x48,1,300, ,6,APN,HIGH,Matched via APN/PARCEL exact join,590362,0,0,703,0,13812110004,703,703,138,12,1,10,004,200,1921-32,1921,3413,25122.3741,2009,B,3,3,4,1137,,265026.2317,5,0,113,9805.190745,15.32061054,89108,213648,200,POOLE-SANFORD L L C,3901 N RANCHO DR,LAS VEGAS NV 89130-3415, , , , ,891303415, ,3901, ,N,RANCHO,DR,LV, , , ,PM00340089        L1, ,PARCEL MAP FILE 34 PAGE 89,LOT 1,(PLAT BOOK 4-19 LOT 5 PT LOT 6), , , ,2027,1981,19970918, ,1.99709E+12, ,NS,850000,M,19970901, , , ,12,20,60,345000,1, ,2,316963, ,0,0,372907, ,0, ,0, ,0, ,0,0,288148,379568,0, ,0,0,0,0,0, ,0,0,0,N,20231117,20231117,0, ,13812110004,0, ,138,13812,138121,13812110,138,138121100,121,100,04,89130,3415,003901   N RANCHO                DR  L,1220  60,0034,0089,POOLE-SANFORD L L C             3901 N RANCHO DR                LAS VEGAS NV 89130-3415,003901   N RANCHO                DR, ,345,1150.000354,82500.0918,1150.0003535849505
5,9,18,-115.2226555,36.22819434, ,3901,N,Rancho,13812110005,13812110004,Clear Channel Outdoor,Red,CC,288,40,0, , , , , , ,1,300, ,6,APN,HIGH,Matched via APN/PARCEL exact join,776314,0,0,703,0,13812110005,703,703,138,12,1,10,005,200,1921-32,1921,3413,25122.3741,2009,B,3,3,4,1137,,265026.2317,5,0,113,9805.190745,15.32061054,89108,213649,200,POOLE-SANFORD L L C,3901 N RANCHO DR,LAS VEGAS NV 89130-3415, , , , ,891303415, ,3901, ,N,RANCHO,DR,LV, , , ,PM00340089        L2, ,PARCEL MAP FILE 34 PAGE 89,LOT 2,(PLAT BOOK 4-19 PT LOT 6), , , ,2027,1984,19970918, ,1.99709E+12, ,NS,850000,M,19970901, , , ,12,20,60,730000,1, ,1,105656, ,0,0,8292, ,0, ,0, ,0, ,0,0,96051,8442,0, ,0,0,0,0,0, ,0,0,0,N,20231117,20231117,0, ,13812110005,0, ,138,13812,138121,13812110,138,138121100,121,100,05,89130,3415,003901   N RANCHO                DR  L,1220  60,0034,0089,POOLE-SANFORD L L C             3901 N RANCHO DR                LAS VEGAS NV 89130-3415,003901   N RANCHO                DR, ,730,749.9997307,27499.9707,749.9997306818807
6,10,16,-115.2139234,36.2196097, ,3340,N,Rancho,13812810004,13812810004,Clear Channel Outdoor,Red,CC,672,50,1234, ,U-119-95, ,RQR-32723, ,14x48,1,300, ,6,APN,HIGH,Matched via APN/PARCEL exact join,637841,0,0,703,0,13812810004,703,703,138,12,8,10,004,200,1921-86,1921,3414,26731.43109,2037,B,7,4,4,231,,265026.2317,5,0,113,9805.190745,15.32061054,89130,214901,200,MADDOX DAVID,1060 PRIMAVERA LN,NIPOMO CA 93444, , , , ,934440000, ,3340, ,N,RANCHO,DR,LV, , , ,PB00030086  B1    L8, ,ELSTNER EST SUB,PLAT BOOK 3 PAGE 86,LOT 8 BLOCK 1,& PT VAC ALLEY, , ,2027,1956,20111212, ,2.01112E+12, ,NS,335000,M,20040301, , , ,12,20,60,358000,1, ,0,82174, ,0,0,11931, ,0, ,0, ,0, ,0,0,74704,11931,0, ,0,0,0,0,0, ,0,0,0,N,20231117,20231117,0, ,13812810004,0, ,138,13812,138128,13812810,138,138128100,128,100,04,93444,0,003340   N RANCHO                DR  L,1220  60,0003,0086,MADDOX DAVID                    1060 PRIMAVERA LN               NIPOMO CA 93444,003340   N RANCHO                DR, ,358,623.2247054,21334.58789,623.2247054064294
7,11,8,-115.2129763,36.21844084,AA,3282,N,RANCHO,13812810042,13812810042,LAMAR,Orange,LM,672,40,756,2/3/1995,U-288-94, ,U-288-94(1), ,14x48,1,300, ,6,APN,HIGH,Matched via APN/PARCEL exact join,294841,0,3.08,811,0,13812810042,811,811,138,12,8,10,042,200,1921-97,1921,3414,26731.43109,2037,B,7,4,4,231,,265026.2317,5,0,113,9805.190745,15.32061054,89130,214935,200,RANCHO SELF STORAGE L L C,C/O S KAOHU,530 LOMAS SANTA FE DR # C,SOLANA BEACH CA 92075-1346, , , ,920751346, ,3200, ,N,RANCHO,DR,LV, , , ,PB00030086PTB1    L1, ,ELSTNER EST SUB,PLAT BOOK 3 PAGE 86,PT LOT 1 BLOCK 1,"& PT LOTS 2,3,5,20 LOT 4 (PARCEL",MAP 67-94 LOT 1), ,2027,1997,20030129, ,2.00301E+12, ,NS,6400000,R,20030101, , , ,12,20,60,250000,788, ,3,516535, ,0,0,1416086, ,0, ,0, ,0, ,0,0,469578,1427050,0, ,0,0,0,0,0, ,0,0,0,N,20231117,20231117,0, ,13812810042,0, ,138,13812,138128,13812810,138,138128100,128,100,42,92075,1346,003200   N RANCHO                DR  L,1220  60,0003,0086,RANCHO SELF STORAGE L L C       C/O S KAOHU                     530 LOMAS SANTA FE DR # C       SOLANA BEACH CA 92075-1346,003200   N RANCHO                DR, ,250,1706.143397,133886.1621,1706.1433965181263
8,12,7,-115.2129512,36.21754137,AA,3201,N,RANCHO,13812801011,13812801011,LAMAR,Orange,LM,672,40,754,2/1/1995,U-0260-94, ,RQR-24332; RQR-6792; U-260-94(1), ,14x48,1,300, ,6,APN,HIGH,Matched via APN/PARCEL exact join,612542,0,0.51,701,0,13812801011,701,701,138,12,8,01,011,200,1921-97,1921,3413,25122.3741,2009,B,3,3,4,230,,265026.2317,5,0,113,9805.190745,15.32061054,89130,214891,200,BARTSAS MARY 1 L L C,C/O GALARDI GRP INC,1775 FLIGHT WAY STE 125,TUSTIN CA 92782, , , ,927820000, ,3201, ,N,RANCHO,DR,LV, , , ,PM00140073        L1, ,PARCEL MAP FILE 14 PAGE 73,LOT 1, , , , ,2027,1978,20021205, ,2.00212E+12, ,NS,560000,R,20011001, , , ,12,20,60,358000,1, ,1,124410, ,0,0,65130, ,0, ,0, ,0, ,0,0,116634,68575,0, ,0,0,0,0,0, ,0,0,0,N,20250818,20250818,0, ,13812801011,0, ,138,13812,138128,13812801,138,138128010,128,010,11,92782,0,003201   N RANCHO                DR  L,1220  60,0014,0073,BARTSAS MARY 1 L L C            C/O GALARDI GRP INC             1775 FLIGHT WAY STE 125         TUSTIN CA 92782,003201   N RANCHO                DR, ,358,588.0277452,21845.95117,588.0277452061596
9,13,11,-115.2085906,36.21384866,AA,0,N,Rancho,13813505001,13813505001,Clear Channel Outdoor,Red,CC,288,30,0, , , , ,North Las Vegas,12x24,1,300, ,NLV,APN,HIGH,Matched via APN/PARCEL exact join,352471,0,21.35,701,0,13813505001,701,701,138,13,5,05,001,250,2121-18,2121,3616,42091.81156,4039,D,6,4,4,1139,,0, ,0,0,0,0,89130,215711,250,MOSSMAN MYRA,1333 N ORANGE DR,HOLLYWOOD CA 90028, , , , ,900280000, ,3100, ,N,RANCHO,DR,NLV, , , ,00000000, ,PT NE4 NE4 SEC 13 20 60, , , , , ,2027,0,20241024, ,2.0241E+12, ,NS,0, , , , , ,13,20,60,0,0, ,21,2050663, ,0,0,0, ,0, ,0, ,0, ,0,0,1992073,0,0, ,0,0,0,0,0, ,0,0,0,N,20250107,20250107,0, ,13813505001,0, ,138,13813,138135,13813505,138,138135050,135,050,01,90028,0,003100   N RANCHO                DR  N,1320  60,0000,0000,MOSSMAN MYRA                    1333 N ORANGE DR                HOLLYWOOD CA 90028,003100   N RANCHO                DR, ,0,4049.691388,924688.6953,4049.385736295252
10,14,5,-115.20863,36.21287102,AA,2951,N,RANCHO,13813601019,13813601002,Rancho Oasis,Pink,PO,672,40,936,6/2/1995, ,V-23-95,RQR-29275; RQR-2785, ,14x48,1,300, ,5,APN,HIGH,Matched via APN/PARCEL exact join,422310,0,2,701,0,13813601019,701,701,138,13,6,01,019,200,2121-38,2121,3427,15093.99431,2046,B,3,3,4,294,,265026.2317,5,0,113,9805.190745,15.32061054,89130,215756,200,GRIND MODE 1 L L C,2901 N RANCHO DR,LAS VEGAS NV 89130, , , , ,891300000, ,2901, ,N,RANCHO,DR,LV, ,C-20150213:64, ,PM00950017        L1, ,PARCEL MAP FILE 95 PAGE 17,LOT 1, , , , ,2027,2000,20150212, ,2.01502E+12, ,NS,2970000,R,20150201, , , ,13,20,60,358000,1, ,2,233264, ,0,0,558624, ,0, ,0, ,0, ,0,0,226556,566499,0, ,0,0,0,0,0, ,0,0,0,N,20231117,20231117,0, ,13813601002,0, ,138,13813,138136,13813601,138,138136010,136,010,19,89130,0,002901   N RANCHO                DR  L,1320  60,0095,0017,GRIND MODE 1 L L C              2901 N RANCHO DR                LAS VEGAS NV 89130,002901   N RANCHO                DR, ,358,1388.900417,87889.70898,1388.9004172593538
11,15,5,-115.2080126,36.21219113,AA,2901,N,RANCHO,13813601019,13813601002,Rancho Oasis,Pink,PO,672,40,937,6/2/1995, ,V-23-95,RQR-29275; RQR-2785, ,14x48,1,300, ,5,APN,HIGH,Matched via APN/PARCEL exact join,422310,0,2,701,0,13813601019,701,701,138,13,6,01,019,200,2121-38,2121,3427,15093.99431,2046,B,3,3,4,294,,265026.2317,5,0,113,9805.190745,15.32061054,89130,215756,200,GRIND MODE 1 L L C,2901 N RANCHO DR,LAS VEGAS NV 89130, , , , ,891300000, ,2901, ,N,RANCHO,DR,LV, ,C-20150213:64, ,PM00950017        L1, ,PARCEL MAP FILE 95 PAGE 17,LOT 1, , , , ,2027,2000,20150212, ,2.01502E+12, ,NS,2970000,R,20150201, , , ,13,20,60,358000,1, ,2,233264, ,0,0,558624, ,0, ,0, ,0, ,0,0,226556,566499,0, ,0,0,0,0,0, ,0,0,0,N,20231117,20231117,0, ,13813601002,0, ,138,13813,138136,13813601,138,138136010,136,010,19,89130,0,002901   N RANCHO                DR  L,1320  60,0095,0017,GRIND MODE 1 L L C              2901 N RANCHO DR                LAS VEGAS NV 89130,002901   N RANCHO                DR, ,358,1388.900417,87889.70898,1388.9004172593538
12,16,1,-115.2047364,36.20873471,AA,2750,N,Decatur,13918302002,13918302002,Clear Channel Outdoor,Red,CC,672,40,0,3/20/1991,U-30-91, ,RQR-33320; U-30-91(1), ,14x48,1,300, ,5,APN,HIGH,Matched via APN/PARCEL exact join,700886,0,1.1300000000000001,701,0,13918302002,701,701,139,18,3,02,002,200,2122-61,2122,3428,12854.37258,4000,D,3,3,4,353,,265026.2317,5,0,113,9805.190745,15.32061054,89108,297566,200,WIENS HOLDING L P,C/O M WIENS JR,5720 ARVILLE ST STE 115,LAS VEGAS NV 89118, , , ,891180000, ,2750, ,N,DECATUR,BLVD,LV, , , ,00000000, ,PT NW4 SW4 SEC 18 20 61, , , , , ,2027,0,20120730, ,2.01207E+12, ,NS,0, , , , , ,18,20,61,0,0, ,1,163667, ,0,0,0, ,0, ,0, ,0, ,0,0,159360,0,0, ,0,0,0,0,0, ,0,0,0,N,20231117,20231117,0, ,13918302002,0, ,139,13918,139183,13918302,139,139183020,183,020,02,89118,0,002750   N DECATUR               BLVDL,1820  61,0000,0000,WIENS HOLDING L P               C/O M WIENS JR                  5720 ARVILLE ST STE 115         LAS VEGAS NV 89118,002750   N DECATUR               BLVD, ,0,965.9383497,49748.53906,965.9383496519937
13,17,7,-115.1995824,36.20304985, ,0, , ,13918403002,13918403001,LAMAR,Orange,LM,672,40,0, ,U-21-97, ,RQR-21509; U-21-97(1), ,14x48,1,300, ,5,APN,HIGH,Matched via APN/PARCEL exact join,43358,0,0.59,701,0,13918403002,701,701,139,18,4,03,002,200,2122-94,2122,3428,12854.37258,4000,D,3,3,4,353,,265026.2317,5,0,113,9805.190745,15.32061054,89108,297574,200,BEST AMIGOS L L C,2905 W WASHINGTON AVE,LAS VEGAS NV 89107, , , , ,891070000, ,2401, ,N,RANCHO,DR,LV, , , ,00000000, ,PT SE4 SW4 SEC 18 20 61, , , , , ,2027,1965,20170104, ,2.01701E+12, ,NS,1100000,R,20170101, , , ,18,20,61,370000,1, ,1,121433, ,0,0,30028, ,0, ,0, ,0, ,0,0,110189,29634,0, ,0,0,0,0,0, ,0,0,0,N,20231117,20231117,0, ,13918403002,0, ,139,13918,139184,13918403,139,139184030,184,030,02,89107,0,002401   N RANCHO                DR  L,1820  61,0000,0000,BEST AMIGOS L L C               2905 W WASHINGTON AVE           LAS VEGAS NV 89107,002401   N RANCHO                DR, ,370,691.4403335,28933.12891,691.4403335373956
14,18,6,-115.1965505,36.19966258,AA,2151,N,RANCHO,13919103002,13919103001,Clear Channel Outdoor,Red,CC,672,40,0, ,U-29-96, ,RQR-33341, ,14x48,1,300, ,5,APN,HIGH,Matched via APN/PARCEL exact join,628381,0,1.17,701,0,13919103002,701,701,139,19,1,03,002,200,2222-25,2222,3429,17242.9657,4034,D,3,3,4,350,,265026.2317,5,0,113,9805.190745,15.32061054,89108,297630,200,RANCHO LAS VEGAS PROPERTY L L C,PO BOX 50620,IDAHO FALLS ID 83405, , , , ,834050000, ,2151, ,N,RANCHO,DR,LV, ,CC-20170407:2480, ,PM00830048        L1, ,PARCEL MAP FILE 83 PAGE 48,LOT 1, , , , ,2027,1997,20170407, ,2.01704E+12, ,NS,2150000,R,20170401, , , ,19,20,61,358000,1, ,1,392431, ,0,0,321172, ,0, ,0, ,0, ,0,0,356755,326543,0, ,0,0,0,0,0, ,0,0,0,N,20231117,20231117,0, ,13919601002,0, ,139,13919,139191,13919103,139,139191030,191,030,02,83405,0,002151   N RANCHO                DR  L,1920  61,0083,0048,RANCHO LAS VEGAS PROPERTY L L C PO BOX 50620                    IDAHO FALLS ID 83405,002151   N RANCHO                DR, ,358,902.2570189,50983.24219,902.2570188655612
15,21,9,-115.1914195,36.19496927,AA,1998,N,RANCHO,13919714103,13919705001,Rancho Allen,Pink,PO,672,40,1722,10/3/1996,U-80-96, ,RQR-34410;RQR-18896; RQR-5741, ,14x48,1,300, ,5,ADDRESS,LOW,Matched via address best-effort (may be approximate),,,,,,,,,,,,,,,,,,,,,,,,,,,,,,,,89106,,200,PRECEDENT PROPERTIES L L C,,,,,,,,,1998,,N,RANCHO,DR,,,,,,,,,,,,,,,,,,,,45196,,20250901,,,,,,,0,,,,14740,,,,0,,,,,,,,,,,,,,,,,,,,,,,,,,,,,,,,,,,,,,,,,,,,,,,001998   N RANCHO                DR,,,,,
16,22,8,-115.1926869,36.19545456, ,1999,N,Rancho,13919703005,13919703005,Clear Channel Outdoor,Red,CC,672,40,0, ,U-36-87, ,"RQR-23936; U-36-87(1),(2)&(3)", ,14x48,1,300, ,5,APN,HIGH,Matched via APN/PARCEL exact join,810540,0,1.54,701,0,13919703005,701,701,139,19,7,03,005,200,2222-57,2222,3429,17242.9657,4529,D,6,4,4,350,,265026.2317,5,0,113,9805.190745,15.32061054,89106,299647,200,N P RANCHO L L C,C/O GENERAL COUNSEL,1505 SOUTH PAVILION CENTER DR,LAS VEGAS NV 89135-1403, , , ,891351403, ,1999, ,N,RANCHO,DR,LV, , , ,00000000, ,PT N2 SE4 SEC 19 20 61, , , , , ,2027,2004,20110617, ,2.01106E+12, ,NS,2100000,M,20020101, , , ,19,20,61,730000,1, ,2,258266, ,0,0,43092, ,0, ,0, ,0, ,0,0,234787,43168,0, ,0,0,0,0,0, ,0,0,0,N,20231117,20231117,0, ,13919703005,0, ,139,13919,139197,13919703,139,139197030,197,030,05,89135,1403,001999   N RANCHO                DR  L,1920  61,0000,0000,N P RANCHO L L C                C/O GENERAL COUNSEL             1505 SOUTH PAVILION CENTER DR   LAS VEGAS NV 89135-1403,001999   N RANCHO                DR, ,730,1166.234745,66937.23828,1166.2114248845696
17,24,11,-115.1900759,36.19346954,AA,1852,N,RANCHO,13919714104,13919705001,Rancho Allen,Pink,PO,672,40,1723,10/3/1996,U-80-96, ,RQR-34410;RQR-18896; RQR-5741, ,14x48,1,300, ,5,ADDRESS,LOW,Matched via address best-effort (may be approximate),,,,,,,,,,,,,,,,,,,,,,,,,,,,,,,,89106,,200,PRECEDENT PROPERTIES L L C,,,,,,,,,1852,,N,RANCHO,DR,,,,,,,,,,,,,,,,,,,,45196,,20250901,,,,,,,0,,,,12382,,,,0,,,,,,,,,,,,,,,,,,,,,,,,,,,,,,,,,,,,,,,,,,,,,,,001852   N RANCHO                DR,,,,,
18,26,3,-115.1892738,36.19175544,AA,1767,N,RANCHO,13919812018,13919812018,,Green,UK,672,40,404,7/19/1994,U-109-94, ,RQR-30162;RQR-2891, ,14x48,1,300, ,5,APN,HIGH,Matched via APN/PARCEL exact join,664275,0,0,703,0,13919812018,703,703,139,19,8,12,018,200,2222-79,2222,3429,17242.9657,4529,D,6,4,4,350,,265026.2317,5,0,113,9805.190745,15.32061054,89106,300020,200,REESE REAL ESTATE & INVEST CO,PO BOX 708490,SANDY UT 84070, , , , ,840700000, ,1767, ,N,RANCHO,DR,LV, , , ,PB00020038PTB14   L2, ,EASTLAND HGTS PLAT #1 AMD,PLAT BOOK 2 PAGE 38,PT LOT 2 BLOCK 14, , , ,2027,1995,20140116, ,2.01401E+12, ,NS,575000,R,20140101, , , ,19,20,61,378000,1, ,0,78821, ,0,0,82760, ,0, ,0, ,0, ,0,0,71656,83676,0, ,0,0,0,0,0, ,0,0,0,N,20231117,20231117,0, ,13919812018,0, ,139,13919,139198,13919812,139,139198120,198,120,18,84070,0,001767   N RANCHO                DR  L,1920  61,0002,0038,REESE REAL ESTATE & INVEST CO   PO BOX 708490                   SANDY UT 84070,001767   N RANCHO                DR, ,378,606.1365648,20314.81641,606.1365648407617
19,27,1,-115.1857455,36.18880789,AA,1600,N,RANCHO,13920411005,13920411005,LAMAR,Orange,LM,672,40,860,4/18/1995,U-314-94, ,RQR-22270; RQR-4242, ,14x48,1,300, ,5,APN,HIGH,Matched via APN/PARCEL exact join,718717,0,0,703,0,13920411005,703,703,139,20,4,11,005,200,2223-91,2223,3431,11951.04611,4529,D,6,4,4,1308,,265026.2317,5,0,113,9805.190745,15.32061054,89106,300237,200,R H D H PROPERTIES L L C,5277 TRILLIUM BLVD,HOFFMAN ESTATES IL 60192, , , , ,601920000, ,1600, ,N,RANCHO,DR,LV, , , ,PB00020028PT      L5, ,SEBEC ACRES,PLAT BOOK 2 PAGE 28,PT LOT 5,& PT LOT 6, , ,2027,1979,20050125, ,2.00501E+12, ,NS,0, , , , , ,20,20,61,358000,1, ,0,96433, ,0,0,51222, ,0, ,0, ,0, ,0,0,87666,53759,0, ,0,0,0,0,0, ,0,0,0,N,20231117,20231117,0, ,13920411005,0, ,139,13920,139204,13920411,139,139204110,204,110,05,60192,0,001600   N RANCHO                DR  L,2020  61,0002,0028,R H D H PROPERTIES L L C        5277 TRILLIUM BLVD              HOFFMAN ESTATES IL 60192,001600   N RANCHO                DR, ,358,634.6602486,18774.93945,634.6602486293582
20,28,4,-115.1780259,36.18018807,AA,840,N,Rancho,13929702002,13929702002,Outfront,Brown,OF,672,40,820,3/16/1995,U-319-94, ,RQR-31809; U-319-94(1), ,14x48,1,300, ,5,APN,HIGH,Matched via APN/PARCEL exact join,507307,0,1.34,701,0,13929702002,701,701,139,29,7,02,002,207,2323-56,2323,201,19539.12989,4528,D,6,4,4,411,,265026.2317,5,0,113,9805.190745,15.32061054,89106,315903,207,840/844 RANCHO L L C,1125 CASHMAN DR,LAS VEGAS NV 89102-1911, , , , ,891021911, ,840, ,N,RANCHO,DR,LV, , , ,00000000, ,PT NW4 SE4 SEC 29 20 61, , , , , ,2027,0,20100322, ,2.01003E+12, ,NS,0, , , , , ,29,20,61,0,0, ,1,188973, ,0,0,0, ,0, ,0, ,0, ,0,0,173651,0,0, ,0,0,0,0,0, ,0,0,0,N,20231117,20231117,0, ,13929702002,0, ,139,13929,139297,13929702,139,139297020,297,020,02,89102,1911,000840   N RANCHO                DR  L,2920  61,0000,0000,840/844 RANCHO L L C            1125 CASHMAN DR                 LAS VEGAS NV 89102-1911,000840   N RANCHO                DR, ,0,1118.309622,59976.48633,1118.3096215591604
21,29,8,-115.1770127,36.17925129, ,816,N,Rancho,13929704001,13929704001,LAMAR,Orange,LM,672,40,1239,12/6/1995,U-107-95, ,RQR-6250; RQR-1738, ,14x48,1,300, ,5,APN,HIGH,Matched via APN/PARCEL exact join,568429,0,0.79,701,0,13929704001,701,701,139,29,7,04,001,207,2323-66,2323,201,19539.12989,4528,D,6,4,4,411,,265026.2317,5,0,113,9805.190745,15.32061054,89106,315911,207,SELBY JOHN M & PENNY TRUST,SELBY PENNY TRS,C/O OREILLY AUTO STORES #2709,PO BOX 9167,SPRINGFIELD MO 65801, , ,658010000, ,816, ,N,RANCHO,DR,LV, , , ,PM00580005        L2, ,PARCEL MAP FILE 58 PAGE 5,LOT 2,& VAC RD, , , ,2027,1989,20051103, ,2.00511E+12, ,NS,875000,R,19960101, , , ,29,20,61,370000,1, ,1,126464, ,0,0,139923, ,0, ,0, ,0, ,0,0,114420,144586,0, ,0,0,0,0,0, ,0,0,0,N,20231117,20231117,0, ,13929704001,0, ,139,13929,139297,13929704,139,139297040,297,040,01,65801,0,000816   N RANCHO                DR  L,2920  61,0058,0005,SELBY JOHN M & PENNY TRUST      SELBY PENNY TRS                 C/O OREILLY AUTO STORES #2709   PO BOX 9167                     SPRINGFIELD MO 65801,000816   N RANCHO                DR, ,370,752.2040169,34654.36914,752.2040168910294
22,30,7,-115.1766031,36.17759946, ,601,N,Rancho,13929703003,13929703003,Clear Channel Outdoor,Red,CC,672,40,0, ,U-34-66, , , ,14x48,1,750, ,5,APN,HIGH,Matched via APN/PARCEL exact join,726945,0,0.35000000000000003,701,0,13929703003,701,701,139,29,7,03,003,207,2323-76,2323,101,28476.66851,4638,D,6,4,4,410,,265026.2317,5,0,113,9805.190745,15.32061054,89106,315910,207,M L P M L L C,9355 E STOCKTON BLVD STE 225,ELK GROVE CA 95624, , , , ,956240000, ,601, ,N,RANCHO,DR,LV, , , ,00000000, ,PT NW4 SE4 SEC 29 20 61, , , , , ,2027,1977,20211227, ,2.02112E+12, ,NS,1100000,R,20060701, , , ,29,20,61,360000,1, ,0,69369, ,0,0,28284, ,0, ,0, ,0, ,0,0,64033,29954,0, ,0,0,0,0,0, ,0,0,0,N,20250826,20250826,0, ,13929703003,0, ,139,13929,139297,13929703,139,139297030,297,030,03,95624,0,000601   N RANCHO                DR  L,2920  61,0000,0000,M L P M L L C                   9355 E STOCKTON BLVD STE 225    ELK GROVE CA 95624,000601   N RANCHO                DR, ,360,508.7681704,15060.0293,508.7681704302214
23,31,11,-115.1730262,36.17608776, ,2401,W,Bonanza,13929813005,13929801004,LAMAR,Orange,LM,672,0,0, , , , , ,14x48,1,750, ,5,ADDRESS,LOW,Matched via address best-effort (may be approximate),,,,,,,,,,,,,,,,,,,,,,,,,,,,,,,,89106,,207,TWISTED WILLOW INVESTMENTS L L C,,,,,,,,,2401,,W,BONANZA,RD,,,,,,,,,,,,,,,,,,,,1600000,,20170301,,,,,,,355000,,,,292150,,,,285565,,,,,,,,,,,,,,,,,,,,,,,,,,,,,,,,,,,,,,,,,,,,,,,002401   W BONANZA               RD,,,,,
24,32,11,-115.1725678,36.15940571, ,2220,W,Charleston,13932804010,13932804010, ,Green,UK,672,40,0,11/10/1983, , , ,DONREY,14x48,0,300, ,5,APN,HIGH,Matched via APN/PARCEL exact join,747908,0.32100001,0.3,701,0,13932804010,701,701,139,32,8,04,010,200,2423-98,2423,203,19218.77425,4027,D,10,3,4,526,,161583.3057,1,0,83,11202.31054,17.50361022,89102,319757,200,KWIK-CHEK REALTY CO INC,C/O AV TAX DEPT #2052-17256,PO BOX 711,DALLAS TX 75221-0711, , , ,752210711, ,2220, ,W,CHARLESTON,BLVD,LV, ,BLDG REBUILT;RD 20191126:3569;.07A RD 2019112,2.729166667,00000000, ,PT SE4 SE4 SEC 32 20 61, , , , , ,2027,1974,20200116, ,2.02001E+12, ,NS,0, , , , , ,32,20,61,358000,1, ,0,121206, ,0,0,41128, ,0, ,0, ,0, ,0,0,121206,41050,0, ,0,0,0,0,0, ,0,0,0,N,20240617,20240617,0, ,030330042,0, ,139,13932,139328,13932804,139,139328040,328,040,10,75221,711,002220   W CHARLESTON            BLVDL,3220  61,0000,0000,KWIK-CHEK REALTY CO INC         C/O AV TAX DEPT #2052-17256     PO BOX 711                      DALLAS TX 75221-0711,002220   W CHARLESTON            BLVD, ,358,467.1177008,13975.66211,467.11770081386027
26,34,19,-115.2453827,36.21964137,AA,6704,W,Cheyene,13810816007,13810816007,LAMAR,Orange,LM,672,30,0, , ,V-155-96,V-155-96(1), ,14x48,1,750, ,4,APN,HIGH,Matched via APN/PARCEL exact join,683314,4.33699989,4.43,807,0,13810816007,807,807,138,10,8,16,007,200,1918-99,1918,3412,18534.86578,2004,B,3,3,4,226,,265026.2317,5,0,113,9805.190745,15.32061054,89108,211987,200,95 L L C,3711 REGULUS AVE STE 200,LAS VEGAS NV 89102, , , , ,891020000, ,6800, ,W,CHEYENNE,AVE,LV, ,.01A TO RD 20211222:3186, ,PB00370091PTB1    L1, ,CHEYENNE VILLAGE SHOPPING CENTER,PLAT BOOK 37 PAGE 91,PT LOT 1 BLOCK 1, , , ,2027,1985,20101105, ,2.01011E+12, ,NS,0, , , , , ,10,20,60,355000,1, ,4,607859, ,0,0,991873, ,0, ,0, ,0, ,0,0,540319,1017997,0, ,0,0,0,0,0, ,0,0,0,N,20240603,20240603,0, ,13810816006,0, ,138,13810,138108,13810816,138,138108160,108,160,07,89102,0,006800   W CHEYENNE              AVE L,1020  60,0037,0091,95 L L C                        3711 REGULUS AVE STE 200        LAS VEGAS NV 89102,006800   W CHEYENNE              AVE, ,355,3436.343775,188926.4082,3436.313591
27,35,16,-115.2439622,36.18996922,AA,1701,N,RAINBOW,13822812001,13822803001,LAMAR,Orange,LM,672,40,417,7/26/1994,U-55-89, ,"RQR-12174; U-55-89(1),(2)&(3)", ,14x48,1,750, ,5,APN,HIGH,Matched via APN/PARCEL exact join,642422,0,14.09,807,0,13822812001,807,807,138,22,8,12,001,200,2218-89,2218,3422,17582.76641,2023,B,34,6,4,345,,265026.2317,5,0,113,9805.190745,15.32061054,89108,236759,200,JERMAC,C/O B PALLUCK,2655 S MARYLAND PKWY STE 201,LAS VEGAS NV 89109, , , ,891090000, ,1851, ,N,RAINBOW,BLVD,LV, ,SF 169-56, ,PB01370077        L1, ,ATHLETIC CLUB PLAZA,PLAT BOOK 137 PAGE 77,LOT 1, , , ,2027,2005,19980318, ,1.99803E+12, ,NS,0, , , , , ,22,20,60,345000,1, ,14,2577792, ,0,0,4804079, ,0, ,0, ,0, ,0,0,2362976,4810854,0, ,0,0,0,0,0, ,0,0,0,N,20250915,20250915,0, ,13822803001,0, ,138,13822,138228,13822812,138,138228120,228,120,01,89109,0,001851   N RAINBOW               BLVDL,2220  60,0137,0077,JERMAC                          C/O B PALLUCK                   2655 S MARYLAND PKWY STE 201    LAS VEGAS NV 89109,001851   N RAINBOW               BLVD, ,345,3466.068997,614067.4238,3466.0689973128237
28,36,15,-115.2450237,36.18829342, ,0, , ,13827501001,13827501001,LAMAR,Orange,LM,672,55,0, ,U-65-92, ,RQR-34975; RQR-21508; U-65-92(1)&(2), ,14x48,1,750, ,1,APN,HIGH,Matched via APN/PARCEL exact join,378756,6.66699982,6.7,701,0,13827501001,701,701,138,27,5,01,001,200,2318-18,2318,3003,17627.74367,3764,C,34,6,3,375,,161583.3057,1,0,83,11202.31054,17.50361022,89128,249848,200,ROCK SPRINGS 55 APTS L L C,6021 S FORT APACHE RD # 100,LAS VEGAS NV 89148, , , , ,891480000, ,1501, , ,ROCK SPRINGS,DR,LV, , , ,00000000, ,PT HOMESITE PLACER MINING CLAIM,& PT NE4 NE4 SEC 27 20 60, , , , ,2027,2019,20170706, ,2.01707E+12, ,NS,2700000,R,20151201, , , ,27,20,60,150001,220, ,7,2156000, ,0,0,10423272, ,0, ,0, ,0, ,0,0,2156000,10314800,0, ,0,0,0,0,0, ,0,0,0,N,20231117,20231117,0, ,13827501001,0, ,138,13827,138275,13827501,138,138275010,275,010,01,89148,0,001501     ROCK SPRINGS          DR  L,2720  60,0000,0000,ROCK SPRINGS 55 APTS L L C      6021 S FORT APACHE RD # 100     LAS VEGAS NV 89148,001501     ROCK SPRINGS          DR, ,150,2171.937309,290413.1895,2171.937309116583
29,37,16,-115.2439266,36.18671933, ,1399, ,Rainbow,13827502007,13827502002, ,Green,UK,672,40,1435,4/22/1996,U-138-90,V-86-95,RQR-25872; V-86-95(1)&(2), ,14x48,1,750, ,5,APN,HIGH,Matched via APN/PARCEL exact join,546944,0,1.93,701,0,13827502007,701,701,138,27,5,02,007,200,2318-29,2318,3104,12374.15899,2025,B,34,6,4,376,,161583.3057,1,0,83,11202.31054,17.50361022,89108,249852,200,E S S PRISA L L C,C/O PARADIGM TAX-ESS #0159,PO BOX 800729,DALLAS TX 75380, , , ,753800000, ,1399, ,N,RAINBOW,BLVD,LV, , , ,PM00600056        L1, ,PARCEL MAP FILE 60 PAGE 56,LOT 1,& PT NE4 NE4 SEC 27 20 60, , , ,2027,1989,20050726, ,2.00507E+12, ,NS,5659476,R,20050701, , , ,27,20,60,250000,90, ,2,411948, ,0,0,674553, ,0, ,0, ,0, ,0,0,382523,687578,0, ,0,0,0,0,0, ,0,0,0,N,20231117,20231117,0, ,13827502006,0, ,138,13827,138275,13827502,138,138275020,275,020,07,75380,0,001399   N RAINBOW               BLVDL,2720  60,0060,0056,E S S PRISA L L C               C/O PARADIGM TAX-ESS #0159      PO BOX 800729                   DALLAS TX 75380,001399   N RAINBOW               BLVD, ,250,1310.850517,84533.54297,1310.8505170613957
30,38,6,-115.2262093,36.17465611, ,192,N,Wallace,13826801009,13826801009,Clear Channel Outdoor,Red,CC,672,65,0, , , , ,"SDR-35904;L-0343-05, moved US95 widening;L-4725-04",14x48,1,750,Finnaled,1,APN,HIGH,Matched via APN/PARCEL exact join,173218,0,0.56,701,0,13826801009,701,701,138,26,8,01,009,200,2319-99,2319,3102,16779.24642,2028,B,34,6,4,406,,161583.3057,1,0,83,11202.31054,17.50361022,89107,247549,200,STATE OF NEVADA TRANSPORTATION,C/O RIGHT-OF-WAY DIV,1263 S STEWART ST,CARSON CITY NV 89712, , , ,897120000, ,0, , , , ,LV, , , ,PM00820093        L2, ,PARCEL MAP FILE 82 PAGE 93,LOT 2, , , , ,2027,0,20060418, ,2.00604E+12, ,NS,0, , , , , ,26,20,60,0,0, ,1,0, ,0,0,0, ,0, ,0, ,0,55,0,0,0,0,0, ,0,0,0,0,0, ,0,0,0,N,20231117,20231117,0, ,13826801007,0, ,138,13826,138268,13826801,138,138268010,268,010,09,89712,0,000000                               L,2620  60,0082,0093,STATE OF NEVADA TRANSPORTATION  C/O RIGHT-OF-WAY DIV            1263 S STEWART ST               CARSON CITY NV 89712,000000, ,0,659.0891714,24403.75977,659.0891714
31,40,26,-115.1688522,36.17661105,45,2017,W,Bonanza,13928401001,13928410023,Clear Channel Outdoor,Red,CC,672,70,0,5/20/2004,SUP-12936, ,RQR-28136,L-4724-04,14x48,1,750,Finalled,5,APN,HIGH,Matched via APN/PARCEL exact join,735150,0,0.38,701,0,13928401001,701,701,139,28,4,01,001,212,2324-81,2324,201,19539.12989,4528,D,6,4,4,412,,265026.2317,5,0,113,9805.190745,15.32061054,89106,313749,212,U-HAUL REAL ESTATE COMPANY,PO BOX 29046,PHOENIX AZ 85038-9046, , , , ,850389046, ,2021, ,W,BONANZA,RD,LV, , , ,00000000, ,PT SW4 SW4 SEC 28 20 61, , , , , ,2027,1982,19890717, ,1.98907E+12, ,NS,0, , , , , ,28,20,61,370000,1, ,0,43452, ,0,0,24197, ,0, ,0, ,0, ,0,0,40555,24902,0, ,0,0,0,0,0, ,0,0,0,N,20231117,20231117,0, ,13928401001,0, ,139,13928,139284,13928401,139,139284010,284,010,01,85038,9046,002021   W BONANZA               RD  L,2820  61,0000,0000,U-HAUL REAL ESTATE COMPANY      PO BOX 29046                    PHOENIX AZ 85038-9046,002021   W BONANZA               RD, ,370,522.6917515,16150.11719,522.6917515289897
32,41,25,-115.1669533,36.17652211,45,1915,W,Bonanza,13928412001,13928401024,LAMAR,Orange,LM,672,40,0, , , , ,"L-4521-03, moved US 95 widening",14x48,1,750, ,5,APN,HIGH,Matched via APN/PARCEL exact join,599659,0,9.77,807,0,13928412001,807,807,139,28,4,12,001,212,2324-83,2324,201,19539.12989,4528,D,6,4,4,412,,265026.2317,5,0,113,9805.190745,15.32061054,89106,313889,212,DON & PAUL L L C,8350 EASTGATE RD,HENDERSON NV 89015, , , , ,890150000, ,1785, ,W,BONANZA,RD,LV,B,"FR 139-28-401-002,003,024,025,411-001;+.21C", ,PB01350030        L1, ,AHERN RENTAL MERGER & RESUB,PLAT BOOK 135 PAGE 30,LOT 1, , , ,2027,1974,20040609, ,2.00406E+12, ,NS,0, , , , , ,28,20,61,240000,1, ,10,950322, ,0,0,1239452, ,0, ,0, ,0, ,0,0,782005,1243705,0, ,0,0,0,0,0, ,0,0,0,N,20250908,20250908,0, ,13928411001,0, ,139,13928,139284,13928412,139,139284120,284,120,01,89015,0,001785   W BONANZA               RD  L,2820  61,0135,0030,DON & PAUL L L C                8350 EASTGATE RD                HENDERSON NV 89015,001785   W BONANZA               RD, ,240,3813.940422,414064.6641,3813.940422354291
33,43,16,-115.1594353,36.17560731,45,0, , ,13928801003,13928801003,Clear Channel Outdoor,Red,CC,672,40,0, , , , , ,14x48,1,750, ,5,APN,HIGH,Matched via APN/PARCEL exact join,394432,0,3.81,701,0,13928801003,701,701,139,28,8,01,003,203,2324-87,2324,301,35552.9138,4030,D,6,4,4,414,,265026.2317,5,0,113,9805.190745,15.32061054,89106,314395,203,LAS VEGAS REVIEW-JOURNAL INC,C/O S HALL CFO,1111 W BONANZA RD,LAS VEGAS NV 89106, , , ,891060000, ,1001, ,W,BONANZA,RD,LV, , , ,00000000, ,PT SW4 SE4 SEC 28 20 61, , , , , ,2027,1963,20170327, ,2.01703E+12, ,NS,16000000,M,20150301, , , ,28,20,61,610000,1, ,4,435656, ,0,0,179383, ,0, ,0, ,0, ,0,0,365951,175728,0, ,0,0,0,0,0, ,0,0,0,N,20250908,20250908,0, ,010630022,0, ,139,13928,139288,13928801,139,139288010,288,010,03,89106,0,001001   W BONANZA               RD  L,2820  61,0000,0000,LAS VEGAS REVIEW-JOURNAL INC    C/O S HALL CFO                  1111 W BONANZA RD               LAS VEGAS NV 89106,001001   W BONANZA               RD, ,610,1798.485437,165480.2598,1798.4854374785034
34,44,13,-115.1525814,36.17462195,45,720,W,Mesquite,13928802001,13928802001,LAMAR,Orange,LM,672,70,0, ,U-77-97, , , ,14x48,1,750, ,5,APN,HIGH,Matched via APN/PARCEL exact join,394528,0,3.91,701,0,13928802001,701,701,139,28,8,02,001,203,2324-89,2324,301,35552.9138,4030,D,6,4,4,416,,265026.2317,5,0,113,9805.190745,15.32061054,89106,314405,203,N V D D HOLDING R P 5 L L C,4830 E CARTIER AVE,LAS VEGAS NV 89115, , , , ,891150000, ,800, ,W,MESQUITE,AVE,LV, , , ,00000000, ,PT S2 SW4 SEC 27 20 61 & PT S2,SE4 SEC 28 20 61, , , , ,2027,1977,20140320, ,2.01403E+12, ,NS,2000000,R,20140301, , , ,28,20,61,210000,1, ,4,447090, ,0,0,182275, ,0, ,0, ,0, ,0,0,417284,185873,0, ,0,0,0,0,0, ,0,0,0,N,20240617,20240617,0, ,13928802001,0, ,139,13928,139288,13928802,139,139288020,288,020,01,89115,0,000800   W MESQUITE              AVE L,2820  61,0000,0000,N V D D HOLDING R P 5 L L C     4830 E CARTIER AVE              LAS VEGAS NV 89115,000800   W MESQUITE              AVE, ,210,1852.525454,168843.7617,1852.5254540558774
35,45,34,-115.1494506,36.17540725, ,0, , ,13927401006,13927401006,Clear Channel Outdoor,Red,CC,672,0,0, , , , , ,14x48,1,750, ,5,APN,HIGH,Matched via APN/PARCEL exact join,138625,0,3.23,701,0,13927401006,701,701,139,27,4,01,006,203,2325-81,2325,301,35552.9138,4030,D,6,4,4,416,,265026.2317,5,0,113,9805.190745,15.32061054,89106,312964,203,NEVADA READY MIX CORPORATION,151 CASSIA WAY,HENDERSON NV 89014-6616, , , , ,890146616, ,601, ,W,BONANZA,RD,LV, , , ,PM00480025        L2, ,PARCEL MAP FILE 48 PAGE 25,LOT 2, , , , ,2027,2007,19890803, ,1.98908E+12, ,NS,0, , , , , ,27,20,61,378000,1, ,3,369335, ,0,0,682145, ,0, ,0, ,0, ,0,0,344713,663016,0, ,0,0,0,0,0, ,0,0,0,N,20240617,20240617,0, ,010640038,0, ,139,13927,139274,13927401,139,139274010,274,010,06,89014,6616,000601   W BONANZA               RD  L,2720  61,0048,0025,NEVADA READY MIX CORPORATION    151 CASSIA WAY                  HENDERSON NV 89014-6616,000601   W BONANZA               RD, ,378,1609.90801,143006.7578,1609.9080096881523
36,46,33,-115.1477149,36.17591813, ,420,W,Mesquite,13927401022,13927401022, ,Green,UK,672,0,0, , , , ,DONREY,14x48,1,750, ,5,APN,HIGH,Matched via APN/PARCEL exact join,505269,0,0.23,701,0,13927401022,701,701,139,27,4,01,022,203,2325-83,2325,301,35552.9138,4030,D,6,4,4,417,,265026.2317,5,0,113,9805.190745,15.32061054,89106,312974,203,TSAGRINOS VASSILIOS,6715 ARVILLE ST,LAS VEGAS NV 89118, , , , ,891180000, ,420, ,W,MESQUITE,AVE,LV, ,C-20191114:3362, ,00000000, ,PT SW4 SW4 SEC 27 20 61, , , , , ,2027,1959,20191114, ,2.01911E+12, ,NS,76983,A,20191101, , , ,27,20,61,240000,1, ,0,26300, ,0,0,13514, ,0, ,0, ,0, ,0,0,24547,13303,0, ,0,0,0,0,0, ,0,0,0,N,20240617,20240617,0, ,13927401022,0, ,139,13927,139274,13927401,139,139274010,274,010,22,89118,0,000420   W MESQUITE              AVE L,2720  61,0000,0000,TSAGRINOS VASSILIOS             6715 ARVILLE ST                 LAS VEGAS NV 89118,000420   W MESQUITE              AVE, ,240,465.7740618,10271.33203,465.77406179853074
37,47,32,-115.1458713,36.17579063, ,0, , ,13927499013,13927401024,Outfront,Brown,OF,672,40,0, ,U-22-92,V-46-92,RQR-34324;RQR-13616; RQR-6345; RQR-1909,ROC-18260; DIR-14084,14x48,1,750, ,5,NONE,NONE,No parcel match (ROW/easement/geometry mismatch or missing APN/address),,,,,,,,,,,,,,,,,,,,,,,,,,,,,,,,89106,,203,,,,,,,,,,0,,,,,,,,,,,,,,,,,,,,,,,,0,,,,,,,,,0,,,,0,,,,0,,,,,,,,,,,,,,,,,,,,,,,,,,,,,,,,,,,,,,,,,,,,,,,,,,,,
38,48,40,-115.1431683,36.17562172, ,429,N,Bonanza,13927403002,13927403002,LAMAR,Orange,LM,672,0,0,10/3/1983, , , , ,14x48,1,750, ,5,APN,HIGH,Matched via APN/PARCEL exact join,724809,0,0.29,701,0,13927403002,701,701,139,27,4,03,002,203,2325-85,2325,700,20035.3234,4510,D,11,2,4,420,,265026.2317,5,0,113,9805.190745,15.32061054,89101,312996,203,CALIFORNIA HOTEL & CASINO,C/O BOYD GAMING,6465 S RAINBOW BLVD,LAS VEGAS NV 89118-3215, , , ,891183215, ,429, ,N,MAIN,ST,LV, , , ,00000000, ,PT SW4 SE4 SEC 27 20 61, , , , , ,2027,0,19941117, ,1.99411E+12, ,NS,600000,R,19941101, , , ,27,20,61,0,0, ,0,46423, ,0,0,0, ,0, ,0, ,0, ,0,0,46423,0,0, ,0,0,0,0,0, ,0,0,0,N,20231117,20231117,0, ,13927403002,0, ,139,13927,139274,13927403,139,139274030,274,030,02,89118,3215,000429   N MAIN                  ST  L,2720  61,0000,0000,CALIFORNIA HOTEL & CASINO       C/O BOYD GAMING                 6465 S RAINBOW BLVD             LAS VEGAS NV 89118-3215,000429   N MAIN                  ST, ,0,457.7044646,12504.55469,457.7044646
39,49,26,-115.135531,36.1739383, ,650,E,Bonanza,13927804003,13927804003,LAMAR,Orange,LM,672,60,0, ,U-33-88, ,RQR-32716; U-33-88(1), ,14x48,1,750, ,5,APN,HIGH,Matched via APN/PARCEL exact join,108985,0,0.21,701,0,13927804003,701,701,139,27,8,04,003,203,2325-99,2325,700,20035.3234,4019,D,11,2,1,478,,265026.2317,5,0,113,9805.190745,15.32061054,89101,313236,203,T L C PROPERTIES INC,1863 HELM DR,LAS VEGAS NV 89119-3911, , , , ,891193911, ,650, ,E,BONANZA,RD,LV, , , ,00000000, ,PT SE4 SE4 SEC 27 20 61, , , , , ,2027,0,20070207, ,2.00702E+12, ,NS,57100,C,20070201, , , ,27,20,61,0,0, ,0,16650, ,0,0,0, ,0, ,0, ,0, ,0,0,14088,0,0, ,0,0,0,0,0, ,0,0,0,N,20231117,20231117,0, ,13927804003,0, ,139,13927,139278,13927804,139,139278040,278,040,03,89119,3911,000650   E BONANZA               RD  L,2720  61,0000,0000,T L C PROPERTIES INC            1863 HELM DR                    LAS VEGAS NV 89119-3911,000650   E BONANZA               RD, ,0,505.4571596,8805.851563,505.45715953859616
40,50,4,-115.1293983,36.17019124,AA,369,N,13TH,13935101001,13935101001,LAMAR,Orange,LM,672,75,978,6/26/1995,U-0322-94, ,RQR-33351; U-322-94(1),SDR-27197,14x48,1,750, ,5,APN,HIGH,Matched via APN/PARCEL exact join,717534,0,0.25,701,0,13935101001,701,701,139,35,1,01,001,203,2426-33,2426,403,10852.63913,4019,D,11,2,1,484,,265026.2317,5,0,113,9805.190745,15.32061054,89101,322627,203,VEGAS OUTDOOR ADVERTISING INC,1105 SHARP CIR,NORTH LAS VEGAS NV 89030-8055, , , , ,890308055, ,369, ,N,13TH,ST,LV, ,REV PB 140-65;L-20250929:1553, ,00000000, ,NE4 NW4 SEC 35 20 61, , , , , ,2027,1996,19951003, ,1.9951E+12, ,NS,550000,U,20250901, , , ,35,20,61,335000,1, ,0,36209, ,0,0,65955, ,0, ,0, ,0, ,0,0,32398,62341,0, ,0,0,0,0,0, ,0,0,0,N,20250930,20250930,0, ,13935111182,0, ,139,13935,139351,13935101,139,139351010,351,010,01,89030,8055,000369   N 13TH                  ST  L,3520  61,0000,0000,VEGAS OUTDOOR ADVERTISING INC   1105 SHARP CIR                  NORTH LAS VEGAS NV 89030-8055,000369   N 13TH                  ST, ,335,433.2766448,11069.86328,433.27664482547044
41,51,7,-115.1046873,36.16810998, ,3300,E,Bonanza,13936502004,13936502003,LAMAR,Orange,LM,672,57,0, ,U-34-96, , ,5 yr review has not been done,14x48,1,750, ,3,SPATIAL,MEDIUM,Matched via spatial intersect (buffered point),,,,,,,,,,,,,,,,,,,,,,,,,,,,,,,,89101,,200,CITY OF LAS VEGAS,,,,,,,,,0,,,,,,,,,,,,,,,,,,,,,,,,0,,,,,,,,,346000,,,,0,,,,0,,,,,,,,,,,,,,,,,,,,,,,,,,,,,,,,,,,,,,,,,,,,,,,000000,,,,,
42,52,8,-115.1028205,36.16799597, ,3300,E,Bonanza,13936502004,13936502003,LAMAR,Orange,LM,672,57,0, ,U-34-96, , ,5 yr review has not been done,14x48,1,750, ,3,SPATIAL,MEDIUM,Matched via spatial intersect (buffered point),,,,,,,,,,,,,,,,,,,,,,,,,,,,,,,,89101,,200,CITY OF LAS VEGAS,,,,,,,,,0,,,,,,,,,,,,,,,,,,,,,,,,0,,,,,,,,,346000,,,,0,,,,0,,,,,,,,,,,,,,,,,,,,,,,,,,,,,,,,,,,,,,,,,,,,,,,000000,,,,,
43,53,9,-115.1008962,36.16785579, ,3300,E,Bonanza,13936502004,13936502003,LAMAR,Orange,LM,672,57,0, ,U-34-96, , ,5 yr review has not been done,14x48,1,750, ,3,SPATIAL,MEDIUM,Matched via spatial intersect (buffered point),,,,,,,,,,,,,,,,,,,,,,,,,,,,,,,,89101,,200,CITY OF LAS VEGAS,,,,,,,,,0,,,,,,,,,,,,,,,,,,,,,,,,0,,,,,,,,,346000,,,,0,,,,0,,,,,,,,,,,,,,,,,,,,,,,,,,,,,,,,,,,,,,,,,,,,,,,000000,,,,,
44,54,10,-115.098979,36.16738998, ,3300,E,Bonanza,13936502004,13936502003,LAMAR,Orange,LM,672,70,0, ,U-34-96, , ,SDR-27195,14x48,1,750, ,3,SPATIAL,MEDIUM,Matched via spatial intersect (buffered point),,,,,,,,,,,,,,,,,,,,,,,,,,,,,,,,89101,,200,CITY OF LAS VEGAS,,,,,,,,,0,,,,,,,,,,,,,,,,,,,,,,,,0,,,,,,,,,346000,,,,0,,,,0,,,,,,,,,,,,,,,,,,,,,,,,,,,,,,,,,,,,,,,,,,,,,,,000000,,,,,
45,55,6,-115.1114914,36.16723329, ,2800, ,Marlin,13936213001,13936213001,LAMAR,Orange,LM,672,80,1124,9/25/1995,U-41-95, ,RQR-36250; RQR-5170,SDR-27196,14x48,1,750, ,3,APN,HIGH,Matched via APN/PARCEL exact join,24221,0,0,703,0,13936213001,703,703,139,36,2,13,001,200,2427-53,2427,523,12475.35592,4543,D,11,2,1,494,,150972.2077,3,0,57,8235.233709,12.86755267,89101,325201,200,BOYS CLUBS OF CLARK COUNTY INC,2850 LINDELL RD,LAS VEGAS NV 89146, , , , ,891460000, ,2800, , ,MARLIN,AVE,LV, ,900321:803 RD;900405:540 VAC;20021014:594 VAC, ,PB00060033  BA    L33, ,SHENANDOAH SQUARE UNIT #1 RESUB,PLAT BOOK 6 PAGE 33,LOT 33 BLOCK A,& VAC ALLEY, , ,2027,1966,19861231, ,1.98612E+12, ,NS,0, , , , , ,36,20,61,450000,1, ,0,22030, ,0,0,6118, ,0, ,0, ,0,40,28148,0,22030,5999,0, ,28029,0,0,0,0, ,0,0,0,N,20231117,20231117,0, ,020592010,0, ,139,13936,139362,13936213,139,139362130,362,130,01,89146,0,002800     MARLIN                AVE L,3620  61,0006,0033,BOYS CLUBS OF CLARK COUNTY INC  2850 LINDELL RD                 LAS VEGAS NV 89146,002800     MARLIN                AVE, ,450,365.4941915,7238.326172,365.49419153637456
46,56,27,-115.1163239,36.16692603, ,2421,E,Stewart,13935612044,13935612044,Clear Channel Outdoor,Red,CC,672,75,0, ,U-0029-87, ,RQR-29719; RQR-1793, ,14x48,1,750, ,3,APN,HIGH,Matched via APN/PARCEL exact join,399087,0,0,703,0,13935612044,703,703,139,35,6,12,044,207,2426-59,2426,521,11850.17796,4547,D,11,2,1,490,,150972.2077,3,0,57,8235.233709,12.86755267,89101,324198,207,PENA ERIC PENA,2421 STEWART AVE,LAS VEGAS NV 89101, , , , ,891010000, ,2421, , ,STEWART,AVE,LV, , , ,PB00010080  B6    L28, ,BOULDER DAM HOMESITE ADD TR #04,PLAT BOOK 1 PAGE 80,LOT 28 BLOCK 6,& LOTS 29-32, , ,2027,1966,20231213, ,2.02312E+12, ,NS,1300000,R,20231201, , , ,35,20,61,370000,1, ,0,44192, ,0,0,27528, ,0, ,0, ,0, ,0,0,44192,27101,0, ,0,0,0,0,0, ,0,0,0,N,20240117,20240117,0, ,13935612044,0, ,139,13935,139356,13935612,139,139356120,356,120,44,89101,0,002421     STEWART               AVE L,3520  61,0001,0080,PENA ERIC PENA                  2421 STEWART AVE                LAS VEGAS NV 89101,002421     STEWART               AVE, ,370,460.1175238,13560.92969,460.11752378017957
47,57,26,-115.1210752,36.16685859, ,2015,E,Stewart,13935611087,13935611087, ,Green,UK,672,65,0, , ,V-96-92, ,5 yr review has not been done,14x48,1,750, ,3,APN,HIGH,Matched via APN/PARCEL exact join,40136,0,0,703,0,13935611087,703,703,139,35,6,11,087,200,2426-57,2426,521,11850.17796,4547,D,11,2,1,490,,150972.2077,3,0,57,8235.233709,12.86755267,89101,324146,200,HARON SERGIO & ASHOR,2021 STEWART AVE,LAS VEGAS NV 89101-4475, , , , ,891014475, ,0, , , , ,LV, , , ,PB00010079  B2    L27, ,BOULDER DAM HOMESITE ADD TRACT #,PLAT BOOK 1 PAGE 79,LOT 27 BLOCK 2,& LOTS 28-30, , ,2027,0,20100903, ,2.01009E+12, ,JT,1058288,M,20031101, , , ,35,20,61,358000,0, ,0,36286, ,0,0,0, ,0, ,0, ,0, ,0,0,36286,0,0, ,0,0,0,0,0, ,0,0,0,N,20231117,20231117,0, ,13935611087,0, ,139,13935,139356,13935611,139,139356110,356,110,87,89101,4475,000000                               L,3520  61,0001,0079,HARON SERGIO & ASHOR            2021 STEWART AVE                LAS VEGAS NV 89101-4475,000000, ,358,447.13577399999997,12362.14453,447.1357740049675
48,58,10,-115.1294007,36.16947363, ,339,N,13th,13935201003,13935212005,LAMAR,Orange,LM,672,50,0, , , , ,Z-70-91,14x48,1,750, ,5,APN,HIGH,Matched via APN/PARCEL exact join,447552,0,0.26,701,0,13935201003,701,701,139,35,2,01,003,203,2426-33,2426,403,10852.63913,4547,D,11,2,1,485,,150972.2077,3,0,57,8235.233709,12.86755267,89101,322843,203,R S INVESTMENT HOLDINGS LTD,1105 SHARP CIR,NORTH LAS VEGAS NV 89030-8055, , , , ,890308055, ,339, ,N,13TH,ST,LV, ,REV PB 140-65, ,00000000, ,SE4 NW4 SEC 35 20 61, , , , , ,2027,0,19990324, ,1.99903E+12, ,NS,0, , , , , ,35,20,61,399000,0, ,0,33695, ,0,0,0, ,0, ,0, ,0, ,0,0,33695,0,0, ,0,0,0,0,0, ,0,0,0,N,20231117,20231117,0, ,13935212129,0, ,139,13935,139352,13935201,139,139352010,352,010,03,89030,8055,000339   N 13TH                  ST  L,3520  61,0000,0000,R S INVESTMENT HOLDINGS LTD     1105 SHARP CIR                  NORTH LAS VEGAS NV 89030-8055,000339   N 13TH                  ST, ,399,434.0013817,11651.86914,434.00138170733004
49,59,39,-115.146181,36.17520024, ,0, , ,13927499011,13927410003,LAMAR,Orange,LM,672,72,0, ,U-238-91, ,RQR-30641;RQR-13989; RQR-6252; RQR-1993, ,14x48,1,750, ,5,NONE,NONE,No parcel match (ROW/easement/geometry mismatch or missing APN/address),,,,,,,,,,,,,,,,,,,,,,,,,,,,,,,,89106,,203,,,,,,,,,,0,,,,,,,,,,,,,,,,,,,,,,,,0,,,,,,,,,0,,,,0,,,,0,,,,,,,,,,,,,,,,,,,,,,,,,,,,,,,,,,,,,,,,,,,,,,,,,,,,
50,60,35,-115.1496513,36.17388865, ,0, , ,13927410005,13927410004,Clear Channel Outdoor,Red,CC,672,0,0, ,U-94-98; Z-100-97, ,RQR-35268; 21345; 11403; 5683; 1974, ,14x48,1,750, ,5,APN,HIGH,Matched via APN/PARCEL exact join,589438,2.76999998,2.69,807,0,13927410005,807,807,139,27,4,10,005,203,2424-19,2424,301,35552.9138,4613,D,11,2,4,452,,265026.2317,5,0,113,9805.190745,15.32061054,89106,312998,203,W M C PAVILIONS S P E L L C,C/O TAX DEPT,475 S GRAND CENTRAL PKWY # 1615,LAS VEGAS NV 89106, , , ,891060000,WORLD MARKET CENTER,0, , , , ,LV, ,.02A  RD 20190521:1280, ,PB00530061PT      L3, ,PARKWAY CENTER,PLAT BOOK 53 PAGE 61,PT LOT 3, , , ,2027,0,20170926, ,2.01709E+12, ,NS,17209451,M,20040901, , , ,27,20,61,0,0, ,3,902255, ,0,0,0, ,0, ,0, ,0, ,0,0,902255,0,0, ,0,0,0,0,0, ,0,0,0,N,20231117,20231117,0, ,13933511002,0, ,139,13927,139274,13927410,139,139274100,274,100,05,89106,0,000000                               L,2720  61,0053,0061,W M C PAVILIONS S P E L L C     C/O TAX DEPT                    475 S GRAND CENTRAL PKWY # 1615 LAS VEGAS NV 89106,000000, ,0,2289.56515,120859.4063,2289.565149655446
51,61,36,-115.1513241,36.17344676, ,0, , ,13927410005,13927410004,Clear Channel Outdoor,Red,CC,672,0,0, ,U-94-98; Z-100-97, ,RQR-35268; 21345; 11403; 5683; 1974, ,14x48,1,750, ,5,APN,HIGH,Matched via APN/PARCEL exact join,589438,2.76999998,2.69,807,0,13927410005,807,807,139,27,4,10,005,203,2424-19,2424,301,35552.9138,4613,D,11,2,4,452,,265026.2317,5,0,113,9805.190745,15.32061054,89106,312998,203,W M C PAVILIONS S P E L L C,C/O TAX DEPT,475 S GRAND CENTRAL PKWY # 1615,LAS VEGAS NV 89106, , , ,891060000,WORLD MARKET CENTER,0, , , , ,LV, ,.02A  RD 20190521:1280, ,PB00530061PT      L3, ,PARKWAY CENTER,PLAT BOOK 53 PAGE 61,PT LOT 3, , , ,2027,0,20170926, ,2.01709E+12, ,NS,17209451,M,20040901, , , ,27,20,61,0,0, ,3,902255, ,0,0,0, ,0, ,0, ,0, ,0,0,902255,0,0, ,0,0,0,0,0, ,0,0,0,N,20231117,20231117,0, ,13933511002,0, ,139,13927,139274,13927410,139,139274100,274,100,05,89106,0,000000                               L,2720  61,0053,0061,W M C PAVILIONS S P E L L C     C/O TAX DEPT                    475 S GRAND CENTRAL PKWY # 1615 LAS VEGAS NV 89106,000000, ,0,2289.56515,120859.4063,2289.565149655446
52,62,22,-115.154954,36.17214644, ,0, , ,13933511004,13933511002,Outfront,Brown,OF,672,0,0, ,U-94-98; Z-100-97; U-314-91, ,RQR-34844; 21496; 12065; 6003; 1974, ,14x48,1,750, ,5,APN,HIGH,Matched via APN/PARCEL exact join,300701,17.68000031,17.8,807,0,13933511004,807,807,139,33,5,11,004,203,2424-19,2424,301,35552.9138,4613,D,11,2,4,452,,265026.2317,5,0,113,9805.190745,15.32061054,89106,320547,203,W M C PAVILIONS S P E L L C,C/O TAX DEPT,475 S GRAND CENTRAL PKWY # 1615,LAS VEGAS NV 89106, , , ,891060000,WORLD MARKET CENTER,205, ,S,GRAND CENTRAL,PKWY,LV, ,.17A  RD 20190521:1280, ,PB00530061PT      L3, ,PARKWAY CENTER,PLAT BOOK 53 PAGE 61,PT LOT 3, , , ,2027,2005,20170926, ,2.01709E+12, ,NS,17209451,M,20040901, , , ,33,20,61,330000,1, ,18,4776267, ,0,0,511901, ,0, ,0, ,0, ,0,0,4776267,512227,0, ,0,0,0,0,0, ,0,0,0,N,20240117,20240117,0, ,13933511002,0, ,139,13933,139335,13933511,139,139335110,335,110,04,89106,0,000205   S GRAND CENTRAL         PKWYL,3320  61,0053,0061,W M C PAVILIONS S P E L L C     C/O TAX DEPT                    475 S GRAND CENTRAL PKWY # 1615 LAS VEGAS NV 89106,000205   S GRAND CENTRAL         PKWY, ,330,4887.686402,770141.2246,4887.686401919336
53,63,31,-115.1592942,36.16528956, ,0, , ,13933710005,13933710001,Clear Channel Outdoor,Red,CC,672,40,0, ,Z-100-97; U-315-91, ,RQR-1974, ,14x48,1,750, ,5,SPATIAL,MEDIUM,Matched via spatial intersect (buffered point),,,,,,,,,,,,,,,,,,,,,,,,,,,,,,,,89106,,203,SIMON CHELSEA L V DEV L L C,,,,,,,,,875,,S,GRAND CENTRAL,PKWY,,,,,,,,,,,,,,,,,,,,0,,,,,,,,,355000,,,,9795705,,,,37919022,,,,,,,,,,,,,,,,,,,,,,,,,,,,,,,,,,,,,,,,,,,,,,,000875   S GRAND CENTRAL         PKWY,,,,,
54,64,32,-115.1596716,36.16229713, ,0, , ,13933710005,13933710001,Clear Channel Outdoor,Red,CC,1200,50,0, ,SUP-10134,VAR-10409,RQR-33270,Z-100-97; RQR-1974,20x60,1,750, ,5,SPATIAL,MEDIUM,Matched via spatial intersect (buffered point),,,,,,,,,,,,,,,,,,,,,,,,,,,,,,,,89106,,203,SIMON CHELSEA L V DEV L L C,,,,,,,,,875,,S,GRAND CENTRAL,PKWY,,,,,,,,,,,,,,,,,,,,0,,,,,,,,,355000,,,,9795705,,,,37919022,,,,,,,,,,,,,,,,,,,,,,,,,,,,,,,,,,,,,,,,,,,,,,,000875   S GRAND CENTRAL         PKWY,,,,,
55,66,25,-115.1611399,36.1544203, ,1500,S,Western,16204602015,16204602011, ,Green,UK,672,30,0, , ,V-93-91,V-93-91(1), ,14x48,1,750, ,3,SPATIAL,MEDIUM,Matched via spatial intersect (buffered point),,,,,,,,,,,,,,,,,,,,,,,,,,,,,,,,89102,,200,STATE OF NEVADA TRANSPORTATION,,,,,,,,,0,,,,,,,,,,,,,,,,,,,,,,,,0,,,,,,,,,0,,,,0,,,,0,,,,,,,,,,,,,,,,,,,,,,,,,,,,,,,,,,,,,,,,,,,,,,,000000,,,,,
56,67,25,-115.1621848,36.15305371, ,1508,S,Western,16204602012,16204602010, ,Green,UK,672,0,0, , ,V-93-91,V-93-91(1), ,14x48,1,750, ,3,SPATIAL,MEDIUM,Matched via spatial intersect (buffered point),,,,,,,,,,,,,,,,,,,,,,,,,,,,,,,,89102,,200,GRANT PROPERTIES L V L L C,,,,,,,,,1514,,,WESTERN,AVE,,,,,,,,,,,,,,,,,,,,0,,,,,,,,,360000,,,,589376,,,,203246,,,,,,,,,,,,,,,,,,,,,,,,,,,,,,,,,,,,,,,,,,,,,,,001514     WESTERN               AVE,,,,,
57,68,30,-115.162819,36.15235283, ,1604,W,Oakey,16204602009,16204602009, ,Green,UK,672,40,0, , , , ,DONREY,14x48,1,750, ,3,APN,HIGH,Matched via APN/PARCEL exact join,429432,0,2.12,701,0,16204602009,701,701,162,04,6,02,009,212,2524-46,2524,204,18398.81093,5562,E,15,10,4,558,,150972.2077,3,0,57,8235.233709,12.86755267,89102,438324,212,STATE OF NEVADA TRANSPORTATION,C/O STAFF SPECIALIST - ACQ,1263 S STEWART ST,CARSON CITY NV 89712, , , ,897120000, ,1604, ,W,OAKEY,BLVD,LV, ,C-20161205:3039, ,00000000, ,PT S2 NE4 SEC 4-21-61, , , , , ,2027,1965,20160125, ,2.01601E+12, ,NS,0, , , , , ,04,21,61,358000,1, ,2,799956, ,0,0,4507, ,0, ,0, ,0,55,804463,0,763756,4410,0, ,768166,0,0,0,0, ,0,0,0,N,20231117,20231117,0, ,16204602009,0, ,162,16204,162046,16204602,162,162046020,046,020,09,89712,0,001604   W OAKEY                 BLVDL,0421  61,0000,0000,STATE OF NEVADA TRANSPORTATION  C/O STAFF SPECIALIST - ACQ      1263 S STEWART ST               CARSON CITY NV 89712,001604   W OAKEY                 BLVD, ,358,1752.603966,94805.87695,1752.6039657965157
60,71,28,-115.1663556,36.14893567, ,2002, ,Highland,16204301009,16204301008,Clear Channel Outdoor,Red,CC,672,65,0, , ,V-26-88,RQR-35243; 21344; 6150; 1704, ,14x48,1,750, ,3,SPATIAL,MEDIUM,Matched via spatial intersect (buffered point),,,,,,,,,,,,,,,,,,,,,,,,,,,,,,,,89102,,212,STATE OF NEVADA (TRANSPORTATION),,,,,,,,,2056,,,HIGHLAND,AVE,,,,,,,,,,,,,,,,,,,,240000,,19970901,,,,,,,0,,,,95592,,,,0,,,,,,,,,,,,,,,,,,,,,,,,,,,,,,,,,,,,,,,,,,,,,,,002056     HIGHLAND              AVE,,,,,
61,74,14,-115.174236,36.14001324, ,2801,W,Westwood,16208604001,16208604001,LAMAR,Orange,LM,672,55,0, , ,VAR-4733, ,L-4119-04,14x48,1,750, ,1,APN,HIGH,Matched via APN/PARCEL exact join,528656,0,1.27,701,0,16208604001,701,701,162,08,6,04,001,200,2623-39,2623,2201,24882.77491,5014,E,15,10,1,606,,150972.2077,3,0,57,8235.233709,12.86755267,89109,444836,200,D 2801 WESTWOOD INC,PO BOX 570413,HOUSTON TX 77257-0413, , , , ,772570413, ,2801, , ,WESTWOOD,DR,LV, , , ,PM00270014        L3, ,PARCEL MAP FILE 27 PAGE 14,LOT 3, , , , ,2027,2003,20010329, ,2.00103E+12, ,NS,2000000,R,20010301, , , ,08,21,61,360000,1, ,1,367885, ,0,0,1515290, ,0, ,0, ,0, ,0,0,348522,1552473,0, ,0,0,0,0,0, ,0,0,0,N,20231117,20231117,0, ,16208604001,0, ,162,16208,162086,16208604,162,162086040,086,040,01,77257,413,002801     WESTWOOD              DR  L,0821  61,0027,0014,D 2801 WESTWOOD INC             PO BOX 570413                   HOUSTON TX 77257-0413,002801     WESTWOOD              DR, ,360,941.9824933,53601.85547,941.9824932969696
62,75,15,-115.1751744,36.13886899, ,0, , ,16208699007,16208604002, ,Green,UK,672,0,0, , , , ,DONREY,14x48,1,750, ,1,NONE,NONE,No parcel match (ROW/easement/geometry mismatch or missing APN/address),,,,,,,,,,,,,,,,,,,,,,,,,,,,,,,,89109,,212,,,,,,,,,,0,,,,,,,,,,,,,,,,,,,,,,,,0,,,,,,,,,0,,,,0,,,,0,,,,,,,,,,,,,,,,,,,,,,,,,,,,,,,,,,,,,,,,,,,,,,,,,,,,
63,76,22,-115.1812814,36.13046025, ,3260,S,Rancho,16208418002,16208401004,LAMAR,Orange,LM,672,70,0,11/30/1995,U-101-95, ,RQR-33287; RQR-5513, ,14x48,1,750, ,1,APN,HIGH,Matched via APN/PARCEL exact join,576074,0,14.72,807,0,16208418002,807,807,162,08,4,18,002,212,2623-85,2623,2201,24882.77491,6711,F,15,10,3,605,,150972.2077,3,0,57,8235.233709,12.86755267,89102,444713,212,INTEGRAL PTNRS PARK PL L V LLC,C/O FISHER BROTHERS,299 PARK AVE 42ND FL,NEW YORK NY 10171-4299, , , ,101714299, ,3215, ,S,RANCHO,DR,LV, ,C-20060301:385, ,PB01180022PT      L1, ,FLETCHER JONES IMPORTS PROPERTY,PLAT BOOK 118 PAGE 22,PT LOT 1, , , ,2027,2019,20051121, ,2.00511E+12, ,NS,50000000,R,20051101, , , ,08,21,61,200000,1, ,15,2378863, ,0,0,8417455, ,0, ,0, ,0, ,0,0,2154442,8390932,0, ,0,0,0,0,0, ,0,0,0,N,20231117,20231117,0, ,16208418001,0, ,162,16208,162084,16208418,162,162084180,084,180,02,10171,4299,003215   S RANCHO                DR  L,0821  61,0118,0022,INTEGRAL PTNRS PARK PL L V LLC  C/O FISHER BROTHERS             299 PARK AVE 42ND FL            NEW YORK NY 10171-4299,003215   S RANCHO                DR, ,200,3982.155665,641336.2813,3982.1556653848506
64,77,20,-115.1804538,36.13360173, ,2900,W,Sirus,16208899002,16208702002, ,Green,UK,672,40,0,6/15/1994, ,V-58-94, , ,14x48,1,750, ,1,NONE,NONE,No parcel match (ROW/easement/geometry mismatch or missing APN/address),,,,,,,,,,,,,,,,,,,,,,,,,,,,,,,,89102,,212,,,,,,,,,,0,,,,,,,,,,,,,,,,,,,,,,,,0,,,,,,,,,0,,,,0,,,,0,,,,,,,,,,,,,,,,,,,,,,,,,,,,,,,,,,,,,,,,,,,,,,,,,,,,
65,78,20,-115.1796256,36.13514288, ,2900,W,Sirus,16208710004,16208702002, ,Green,UK,672,40,0,8/11/1994,U-168-92,V-58-94,RQR-26324; RQR-1143, ,14x48,1,750, ,1,SPATIAL,MEDIUM,Matched via spatial intersect (buffered point),,,,,,,,,,,,,,,,,,,,,,,,,,,,,,,,89102,,212,F B L V DISTRICT 2 L L C,,,,,,,,,0,,,,,,,,,,,,,,,,,,,,,,,,0,,,,,,,,,0,,,,0,,,,0,,,,,,,,,,,,,,,,,,,,,,,,,,,,,,,,,,,,,,,,,,,,,,,000000,,,,,
66,79,18,-115.177916,36.13742486, ,2800,S,Rancho,16208602007,16208602006, ,Green,UK,672,65,0, , ,V-01-87,V-01-87(1)&(2),2 yr review has not been done,14x48,1,750, ,1,SPATIAL,MEDIUM,Matched via spatial intersect (buffered point),,,,,,,,,,,,,,,,,,,,,,,,,,,,,,,,89102,,213,NEW VEGAS D5 L L C,,,,,,,,,0,,,,,,,,,,,,,,,,,,,,,,,,0,,,,,,,,,730000,,,,41165,,,,0,,,,,,,,,,,,,,,,,,,,,,,,,,,,,,,,,,,,,,,,,,,,,,,000000,,,,,
67,80,17,-115.1767814,36.13866126, ,2800,S,Rancho,16208610105,16208602006, ,Green,UK,672,65,0,12/4/1986, ,V-104-86, , ,14x48,1,750, ,1,ADDRESS,LOW,Matched via address best-effort (may be approximate),,,,,,,,,,,,,,,,,,,,,,,,,,,,,,,,89102,,213,NEW VEGAS D5 L L C,,,,,,,,,2800,,S,RANCHO,DR,,,,,,,,,,,,,,,,,,,,0,,,,,,,,,345000,,,,1653430,,,,3602894,,,,,,,,,,,,,,,,,,,,,,,,,,,,,,,,,,,,,,,,,,,,,,,002800   S RANCHO                DR,,,,,
68,81,16,-115.1760005,36.13985223, ,2800,S,Rancho,16208610105,16208602006, ,Green,UK,672,65,0,12/7/1986, ,V-104-86, , ,14x48,1,750, ,1,SPATIAL,MEDIUM,Matched via spatial intersect (buffered point),,,,,,,,,,,,,,,,,,,,,,,,,,,,,,,,89102,,213,NEW VEGAS D5 L L C,,,,,,,,,2800,,S,RANCHO,DR,,,,,,,,,,,,,,,,,,,,0,,,,,,,,,345000,,,,1653430,,,,3602894,,,,,,,,,,,,,,,,,,,,,,,,,,,,,,,,,,,,,,,,,,,,,,,002800   S RANCHO                DR,,,,,
69,82,19,-115.171648,36.14499738,AA,2320,S,RANCHO,16204412011,16204401004,Outfront,Brown,OF,672,90,719,1/19/1995, ,V-154-94,RQR-39424; RQR-24171; RQR-3705, ,14x48,1,750, ,1,SPATIAL,MEDIUM,Matched via spatial intersect (buffered point),,,,,,,,,,,,,,,,,,,,,,,,,,,,,,,,89102,,213,SAHARA RANCHO OFFICE CTR L L C,,,,,,,,,0,,,,,,,,,,,,,,,,,,,,,,,,0,,,,,,,,,730000,,,,726002,,,,53295,,,,,,,,,,,,,,,,,,,,,,,,,,,,,,,,,,,,,,,,,,,,,,,000000,,,,,
70,83,30,-115.1606567,36.16448519, ,0, , ,13933799008,13933701005,LAMAR,Orange,LM,72,20,0, , , , , , ,1,750, ,5,NONE,NONE,No parcel match (ROW/easement/geometry mismatch or missing APN/address),,,,,,,,,,,,,,,,,,,,,,,,,,,,,,,,89106,,200,,,,,,,,,,0,,,,,,,,,,,,,,,,,,,,,,,,0,,,,,,,,,0,,,,0,,,,0,,,,,,,,,,,,,,,,,,,,,,,,,,,,,,,,,,,,,,,,,,,,,,,,,,,,
71,84,28,-115.1606122,36.16516967, ,0, , ,13933799008,13933701005, ,Green,UK,672,40,0, , , , ,DONREY,14x48,1,750, ,5,NONE,NONE,No parcel match (ROW/easement/geometry mismatch or missing APN/address),,,,,,,,,,,,,,,,,,,,,,,,,,,,,,,,89106,,200,,,,,,,,,,0,,,,,,,,,,,,,,,,,,,,,,,,0,,,,,,,,,0,,,,0,,,,0,,,,,,,,,,,,,,,,,,,,,,,,,,,,,,,,,,,,,,,,,,,,,,,,,,,,
72,85,26,-115.1599212,36.16759254, ,351,S,Martin L King,13933699009,13933601003,LAMAR,Orange,LM,672,40,0,5/31/1983, , , , ,14x48,1,750, ,5,NONE,NONE,No parcel match (ROW/easement/geometry mismatch or missing APN/address),,,,,,,,,,,,,,,,,,,,,,,,,,,,,,,,89106,,212,,,,,,,,,,0,,,,,,,,,,,,,,,,,,,,,,,,0,,,,,,,,,0,,,,0,,,,0,,,,,,,,,,,,,,,,,,,,,,,,,,,,,,,,,,,,,,,,,,,,,,,,,,,,
73,86,20,-115.159614,36.16987288, ,0, , ,13933501028,13933501012,Clear Channel Outdoor,Red,CC,288,0,0, ,U-159-89, ,RQR-31586;RQR-3732,SDR-71228, ,1,750, ,5,SPATIAL,MEDIUM,Matched via spatial intersect (buffered point),,,,,,,,,,,,,,,,,,,,,,,,,,,,,,,,89106,,203,UNITED WAREHOUSE L P ETAL,,,,,,,,,0,,,,,,,,,,,,,,,,,,,,,,,,0,,,,,,,,,0,,,,6861,,,,0,,,,,,,,,,,,,,,,,,,,,,,,,,,,,,,,,,,,,,,,,,,,,,,000000,,,,,
74,87,19,-115.1579286,36.17230619, ,275,S,Martin L. King,13933510009,13933510006,Clear Channel Outdoor,Red,CC,672,0,0, , , , , ,14x48,1,750, ,5,SPATIAL,MEDIUM,Matched via spatial intersect (buffered point),,,,,,,,,,,,,,,,,,,,,,,,,,,,,,,,89106,,203,CLARK COUNTY,,,,,,,,,0,,,,,,,,,,,,,,,,,,,,,,,,29283,,20240501,,,,,,,358000,,,,48597,,,,0,,,,,,,,,,,,,,,,,,,,,,,,,,,,,,,,,,,,,,,,,,,,,,,000000,,,,,
75,88,20,-115.1579941,36.17364437,45,81,S,Martin L. King,13933510002,13933510002,Clear Channel Outdoor,Red,CC,672,0,0, , ,V-20-91,RQR-33830; V-20-91(1)&(2), ,14x48,1,750, ,5,APN,HIGH,Matched via APN/PARCEL exact join,62448,0,0,807,0,13933510002,807,807,139,33,5,10,002,203,2424-16,2424,301,35552.9138,4612,D,11,2,4,450,,161583.3057,1,0,83,11202.31054,17.50361022,89106,320542,203,CLARK COUNTY,C/O DIRECTOR ~ REAL PPTY MGMT,500 S GRAND CENTRAL PKWY 4TH FL,LAS VEGAS NV 89155, , , ,891550000, ,73, ,S,MARTIN L KING,BLVD,LV, , , ,PB00480089PT      L1, ,LEVITZ PLAZA,PLAT BOOK 48 PAGE 89,PT LOT 1, , , ,2027,1991,20250401, ,2.02504E+12, ,NS,14200000,R,20031001, , , ,33,20,61,358000,1, ,8,1028874, ,0,0,3521190, ,0, ,0, ,0,60,4550064,0,1028874,3586488,0, ,4615362,0,0,0,0, ,0,0,0,N,20240617,20240617,0, ,13933510001,0, ,139,13933,139335,13933510,139,139335100,335,100,02,89155,0,000073   S MARTIN L KING         BLVDL,3320  61,0048,0089,CLARK COUNTY                    C/O DIRECTOR ~ REAL PPTY MGMT   500 S GRAND CENTRAL PKWY 4TH FL LAS VEGAS NV 89155,000073   S MARTIN L KING         BLVD, ,358,2982.923997,356302.7363,2982.9239966612954
76,89,13,-115.1518641,36.17606738,45,720,W,Mesquite,13928802001,13928802001,LAMAR,Orange,LM,672,85,0, ,U-77-97, , , ,14x48,1,750, ,5,APN,HIGH,Matched via APN/PARCEL exact join,394528,0,3.91,701,0,13928802001,701,701,139,28,8,02,001,203,2324-89,2324,301,35552.9138,4030,D,6,4,4,416,,265026.2317,5,0,113,9805.190745,15.32061054,89106,314405,203,N V D D HOLDING R P 5 L L C,4830 E CARTIER AVE,LAS VEGAS NV 89115, , , , ,891150000, ,800, ,W,MESQUITE,AVE,LV, , , ,00000000, ,PT S2 SW4 SEC 27 20 61 & PT S2,SE4 SEC 28 20 61, , , , ,2027,1977,20140320, ,2.01403E+12, ,NS,2000000,R,20140301, , , ,28,20,61,210000,1, ,4,447090, ,0,0,182275, ,0, ,0, ,0, ,0,0,417284,185873,0, ,0,0,0,0,0, ,0,0,0,N,20240617,20240617,0, ,13928802001,0, ,139,13928,139288,13928802,139,139288020,288,020,01,89115,0,000800   W MESQUITE              AVE L,2820  61,0000,0000,N V D D HOLDING R P 5 L L C     4830 E CARTIER AVE              LAS VEGAS NV 89115,000800   W MESQUITE              AVE, ,210,1852.525454,168843.7617,1852.5254540558774
78,91,10,-115.1429288,36.18619704, ,1405,N,A St.,13927501003,10490008,LAMAR,Orange,LM,672,80,1322,1/31/1996, ,V-131-90,RQR-33286; RQR-5732, ,14x48,1,750, ,5,APN,HIGH,Matched via APN/PARCEL exact join,427516,0,3.0300000000000002,701,0,13927501003,701,701,139,27,5,01,003,214,2325-25,2325,301,35552.9138,4030,D,6,4,4,385,,265026.2317,5,0,113,9805.190745,15.32061054,89106,313013,214,EWING INVESTMENTS,1200 A ST,LAS VEGAS NV 89106-3215, , , , ,891063215, ,1405, , ,A,ST,LV, , , ,00000000, ,PT NW4 NE4 SEC 27 20 61, , , , , ,2027,1978,20050301, ,2.00503E+12, ,NS,2550000,R,20050301, , , ,27,20,61,378000,1, ,3,346466, ,0,0,473501, ,0, ,0, ,0, ,0,0,300271,483326,0, ,0,0,0,0,0, ,0,0,0,N,20231117,20231117,0, ,13927501003,0, ,139,13927,139275,13927501,139,139275010,275,010,03,89106,3215,001405     A                     ST  L,2720  61,0000,0000,EWING INVESTMENTS               1200 A ST                       LAS VEGAS NV 89106-3215,001405     A                     ST, ,378,1456.437536,130023.582,1456.437535653471
79,92,24,-115.1513382,36.17776055, ,616, ,H St.,13927310069,13927310069,Eagle,Pink,PO,672,85,0, , ,V-66-97,RQR-32901; V-66-97(1), ,14x48,1,750, ,5,APN,HIGH,Matched via APN/PARCEL exact join,539829,0,0,703,0,13927310069,703,703,139,27,3,10,069,203,2325-71,2325,301,35552.9138,4030,D,6,4,4,415,,265026.2317,5,0,113,9805.190745,15.32061054,89106,312921,203,SUN INVESTMENTS L L C,20551 CARANCHO RD,TEMECULA CA 92590-3958, , , , ,925903958, ,0, , , , ,LV, , , ,00000000, ,"ORIGINAL LVT LOTS 13,14 BLK 7", , , , , ,2027,0,20071106, ,2.00711E+12, ,NS,0, , , , , ,27,20,61,0,0, ,0,16007, ,0,0,0, ,0, ,0, ,0, ,0,0,12806,0,0, ,0,0,0,0,0, ,0,0,0,N,20240617,20240617,0, ,13927310069,0, ,139,13927,139273,13927310,139,139273100,273,100,69,92590,3958,000000                               L,2720  61,0000,0000,SUN INVESTMENTS L L C           20551 CARANCHO RD               TEMECULA CA 92590-3958,000000, ,0,347.1996967,6208.230469,347.1996966576719
80,93,15,-115.1527028,36.17680842,45,831,W,Bonanza,13928801020,13928801010,Clear Channel Outdoor,Red,CC,672,40,0, ,U-86-86, ,RQR-33344; U-86-86(1)&(2), ,14x48,1,750, ,5,ADDRESS,LOW,Matched via address best-effort (may be approximate),,,,,,,,,,,,,,,,,,,,,,,,,,,,,,,,89106,,203,Z3 P O L L C,,,,,,,,,831,,W,BONANZA,RD,,,,,,,,,,,,,,,,,,,,4000000,,20231101,,,,,,,365000,,,,169231,,,,313693,,,,,,,,,,,,,,,,,,,,,,,,,,,,,,,,,,,,,,,,,,,,,,,000831   W BONANZA               RD,,,,,
81,94,11,-115.2601937,36.18199971,AA,901,N,BUFFALO,13828620003,13828620001, ,Green,UK,672,40,0,6/19/1996, ,V-43-96,RQR-33738; V-43-96(1), ,14x48,1,750, ,4,APN,HIGH,Matched via APN/PARCEL exact join,316028,0,0.9,807,0,13828620003,807,807,138,28,6,20,003,200,2317-59,2317,3220,23975.80167,3762,C,34,6,3,373,,175071.7184,2,0,105,18966.19916,29.63468619,89128,254205,200,REBEL LAND & DEVELOPMENT L L C,C/O KE ANDREWS,2424 RIDGE RD,ROCKWALL TX 75087, , , ,750870000, ,901, ,N,BUFFALO,DR,LV, , , ,PB00620032PT      L1, ,ROCK SPRINGS VISTA COML,PLAT BOOK 62 PAGE 32,PT LOT 1, , , ,2027,1998,20151223, ,2.01512E+12, ,NS,2464500,R,20151201, , , ,28,20,60,365000,1, ,1,259335, ,0,0,332066, ,0, ,0, ,0, ,0,0,231617,336442,0, ,0,0,0,0,0, ,0,0,0,N,20231117,20231117,0, ,13828620001,0, ,138,13828,138286,13828620,138,138286200,286,200,03,75087,0,000901   N BUFFALO               DR  L,2820  60,0062,0032,REBEL LAND & DEVELOPMENT L L C  C/O KE ANDREWS                  2424 RIDGE RD                   ROCKWALL TX 75087,000901   N BUFFALO               DR, ,365,777.3514288,39393.77344,777.3514288341653
82,96,7,-115.2060971,36.20336962,AA,2401,N,DECATUR,13813801083,13813801083,LAMAR,Orange,LM,672,40,1029,7/21/1995,U-36-95, ,RQR-17764; RQR-4959, ,14x48,1,300, ,5,APN,HIGH,Matched via APN/PARCEL exact join,777619,0,0.63,701,0,13813801083,701,701,138,13,8,01,083,200,2121-99,2121,3427,15093.99431,4000,D,3,3,4,294,,265026.2317,5,0,113,9805.190745,15.32061054,89108,216381,200,FOSTER-DAY CORP,C/O R FOSTER,2560 RED ARROW DR,LAS VEGAS NV 89135-1627, , , ,891351627, ,2401, ,N,DECATUR,BLVD,LV, , , ,00000000, ,PT SE4 SE4 SEC 13 20 60, , , , , ,2027,1981,19940131, ,1.99401E+12, ,NS,477000,R,19940101, , , ,13,20,60,370000,1, ,1,124866, ,0,0,45348, ,0, ,0, ,0, ,0,0,115261,46484,0, ,0,0,0,0,0, ,0,0,0,N,20231117,20231117,0, ,13813801083,0, ,138,13813,138138,13813801,138,138138010,138,010,83,89135,1627,002401   N DECATUR               BLVDL,1320  60,0000,0000,FOSTER-DAY CORP                 C/O R FOSTER                    2560 RED ARROW DR               LAS VEGAS NV 89135-1627,002401   N DECATUR               BLVD, ,370,654.4848822,27997.83984,654.4848821560075
83,97,5,-115.205081,36.20247391,AA,2390,N,DECATUR,13919101001,13919101001,LAMAR,Orange,LM,672,40,505,9/21/1994,U-173-94, ,RQR-31834;U-173-94(1), ,14x48,1,300, ,5,APN,HIGH,Matched via APN/PARCEL exact join,43380,0,0.67,701,0,13919101001,701,701,139,19,1,01,001,200,2222-11,2222,3428,12854.37258,4000,D,3,3,4,315,,265026.2317,5,0,113,9805.190745,15.32061054,89108,297626,200,DHALAI AHMED,ABDULFATTAH NADYA,6574 AMERICAN BEAUTY AVE,LAS VEGAS NV 89142, , , ,891420000, ,2390, ,N,DECATUR,BLVD,LV, , , ,PM00510063        L1, ,PARCEL MAP FILE 51 PAGE 63,LOT 1, , , , ,2027,1988,20200930, ,2.02009E+12, ,NS-NS,1600000,R,20200901, , , ,19,20,61,358000,1, ,1,132792, ,0,0,136841, ,0, ,0, ,0, ,0,0,122577,139858,0, ,0,0,0,0,0, ,0,0,0,N,20231117,20231117,0, ,13919101001,0, ,139,13919,139191,13919101,139,139191010,191,010,01,89142,0,002390   N DECATUR               BLVDL,1920  61,0051,0063,DHALAI AHMED                    ABDULFATTAH NADYA               6574 AMERICAN BEAUTY AVE        LAS VEGAS NV 89142,002390   N DECATUR               BLVD, ,358,667.3390205,29100.57813,667.3390205283508
84,99,7,-115.2231,36.19591711, ,5910,W,Lake Mead,13824215008,13824215002, ,Green,UK,96,30,1276,12/28/1995, ,V-92-95,5 yr review has not been done,Burger King sign only, ,9,300, ,5,SPATIAL,MEDIUM,Matched via spatial intersect (buffered point),,,,,,,,,,,,,,,,,,,,,,,,,,,,,,,,89108,,200,L M JONES L L C,,,,,,,,,0,,,,,,,,,,,,,,,,,,,,,,,,0,,,,,,,,,730000,,,,78973,,,,365,,,,,,,,,,,,,,,,,,,,,,,,,,,,,,,,,,,,,,,,,,,,,,,000000,,,,,
85,100,4,-115.2432543,36.15967919,AA,1060,S,RAINBOW,13834819014,13834819015,LAMAR,Orange,LM,672,40,0, ,U-0005-97, ,RQR-28937; RQR-14207; U-05-97(1),DIR-16647,14x48,1,300, ,1,APN,HIGH,Matched via APN/PARCEL exact join,171899,0,0.56,807,0,13834819014,807,807,138,34,8,19,014,213,2418-99,2418,3006,16870.76892,3007,C,34,6,4,521,,161583.3057,1,0,83,11202.31054,17.50361022,89107,265262,213,REBEL LAND & DEVELOPMENT L L C D,C/O KE ANDREWS,2424 RIDGE RD,ROCKWALL TX 75087, , , ,750870000, ,1080, ,S,RAINBOW,BLVD,LV, , , ,PB00560054PT      L1C, ,RAINBOW VISTA,PLAT BOOK 56 PAGE 54,PT LOT 1C,& PT LOT 2, , ,2027,1994,20151223, ,2.01512E+12, ,NS,693250,R,20151201, , , ,34,20,60,358000,1, ,1,213448, ,0,0,180447, ,0, ,0, ,0, ,0,0,204910,184220,0, ,0,0,0,0,0, ,0,0,0,N,20231117,20231117,0, ,13834819012,0, ,138,13834,138348,13834819,138,138348190,348,190,14,75087,0,001080   S RAINBOW               BLVDL,3420  60,0056,0054,REBEL LAND & DEVELOPMENT L L C DC/O KE ANDREWS                  2424 RIDGE RD                   ROCKWALL TX 75087,001080   S RAINBOW               BLVD, ,358,633.6501837,24313.21094,633.6501836687603
86,101,29,-115.239069,36.15891036, ,6611,W,Charleston,16302104001,16302104001,LAMAR,Orange,LM,672,40,1072,8/21/1995,U-27-95, ,RQR-30595;RQR-5169, ,14x48,0,300, ,1,APN,HIGH,Matched via APN/PARCEL exact join,753845,0.49500000000000005,0.51,701,0,16302104001,701,701,163,02,1,04,001,213,2519-13,2519,2905,22083.86182,3009,C,10,3,4,542,,161583.3057,1,0,83,11202.31054,17.50361022,89146,485346,213,FIELDS MARGARET C IRREVOCABLE TR,FIELDS MARGARET C TRS,3114 OAKHURST AVE,LOS ANGELES CA 90034, , , ,900340000, ,6651, ,W,CHARLESTON,BLVD,LV, , , ,PM00610022        L3, ,PARCEL MAP FILE 61 PAGE 22,LOT 3, , , , ,2027,2021,20210723, ,2.02107E+12, ,NS,2770000,U,20210701, , , ,02,21,60,365000,1, ,1,169897, ,0,0,107590, ,0, ,0, ,0, ,0,0,160955,109145,0, ,0,0,0,0,0, ,0,0,0,N,20231117,20231117,0, ,16302104001,0, ,163,16302,163021,16302104,163,163021040,021,040,01,90034,0,006651   W CHARLESTON            BLVDL,0221  60,0061,0022,FIELDS MARGARET C IRREVOCABLE TRFIELDS MARGARET C TRS           3114 OAKHURST AVE               LOS ANGELES CA 90034,006651   W CHARLESTON            BLVD, ,365,579.5414079,21581.65039,579.5044251845923
87,102,8,-115.2347785,36.1598068, ,1000,S,Torrey Pines,13835402011,13835402011, ,Green,UK,288,0,0, , , , ,DONREY, ,0,300, ,1,APN,HIGH,Matched via APN/PARCEL exact join,43658,0,0.67,701,0,13835402011,701,701,138,35,4,02,011,213,2419-94,2419,103,15971.10357,3007,C,34,6,4,521,,161583.3057,1,0,83,11202.31054,17.50361022,89107,266082,213,A & R L L C,667 SOLITUDE ROCK CT,HENDERSON NV 89012, , , , ,890120000, ,1000, ,S,TORREY PINES,DR,LV, , , ,00000000, ,PT SE4 SW4 SEC 35 20 60, , , , , ,2027,1966,20240614, ,2.02406E+12, ,NS,2400000,M,20240601, , , ,35,20,60,355000,1, ,1,178758, ,0,0,80458, ,0, ,0, ,0, ,0,0,168544,80344,0, ,0,0,0,0,0, ,0,0,0,N,20240717,20240717,0, ,13835402009,0, ,138,13835,138354,13835402,138,138354020,354,020,11,89012,0,001000   S TORREY PINES          DR  L,3520  60,0000,0000,A & R L L C                     667 SOLITUDE ROCK CT            HENDERSON NV 89012,001000   S TORREY PINES          DR, ,355,698.2888869,29317.99609,698.2888868614729
88,105,20,-115.2248183,36.15903724, ,6151,W,Charleston,16301101001,16301101002, ,Green,UK,288,40,0,10/24/1984, , , ,DONREY, ,0,300, ,1,APN,HIGH,Matched via APN/PARCEL exact join,10277,0,4.42,701,0,16301101001,701,701,163,01,1,01,001,200,2521-11,2521,2905,22083.86182,3009,C,10,3,4,544,,161583.3057,1,0,83,11202.31054,17.50361022,89146,483798,200,CHURCH METHODIST TRINITY UNITED,C/O BOARD OF TRUSTEES,6151 W CHARLESTON BLVD,LAS VEGAS NV 89146-1126, , , ,891461126, ,6151, ,W,CHARLESTON,BLVD,LV, ,+.01A COR;CA-7/6/72;.01A VAC 20020924:1018, ,00000000, ,PT GOV LOT 12, , , , , ,2027,1965,19640327, ,1.96403E+12, ,NS,0, , , , , ,01,21,60,420000,1, ,4,1152322, ,0,0,424991, ,0, ,0, ,0,25,1577313,0,1091673,424698,0, ,980486,0,0,0,0, ,0,0,0,N,20250702,20250702,0, ,16301101001,0, ,163,16301,163011,16301101,163,163011010,011,010,01,89146,1126,006151   W CHARLESTON            BLVDL,0121  60,0000,0000,CHURCH METHODIST TRINITY UNITED C/O BOARD OF TRUSTEES           6151 W CHARLESTON BLVD          LAS VEGAS NV 89146-1126,006151   W CHARLESTON            BLVD, ,420,1823.725328,192827.0332,1823.7253281472185
89,107,27,-115.2183655,36.15933992,AA,5636,W,Charleston,13836408002,13836408002, ,Green,UK,672,40,0,9/22/1986,U-67-86, ,U-67-86(1)&(2),"1997 review incomplete, needs a review",14x48,1,300, ,1,APN,HIGH,Matched via APN/PARCEL exact join,527803,0,1.1,701,0,13836408002,701,701,138,36,4,08,002,213,2421-93,2421,107,15976.53479,3000,C,10,3,4,523,,161583.3057,1,0,83,11202.31054,17.50361022,89146,268922,213,UPLAND SQUARE L L C,C/O BEST CO,6450 SPRING MOUNTAIN RD # 12,LAS VEGAS NV 89146-8836, , , ,891468836, ,5650, ,W,CHARLESTON,BLVD,LV, , , ,00000000, ,PT GOV LOT 53, , , , , ,2027,1964,20000606, ,2.00006E+12, ,NS,0, , , , , ,36,20,60,355000,1, ,1,318641, ,0,0,297607, ,0, ,0, ,0, ,0,0,301871,304435,0, ,0,0,0,0,0, ,0,0,0,N,20231117,20231117,0, ,13836408002,0, ,138,13836,138364,13836408,138,138364080,364,080,02,89146,8836,005650   W CHARLESTON            BLVDL,3620  60,0000,0000,UPLAND SQUARE L L C             C/O BEST CO                     6450 SPRING MOUNTAIN RD # 12    LAS VEGAS NV 89146-8836,005650   W CHARLESTON            BLVD, ,355,1080.596553,50396.58203,1080.5965533488327
90,108,26,-115.217328,36.15939839,AA,5600,W,Charleston,13836408006,13836408008, ,Green,UK,288,40,0,11/14/1983, , , ,DONREY, ,1,300, ,1,ADDRESS,LOW,Matched via address best-effort (may be approximate),,,,,,,,,,,,,,,,,,,,,,,,,,,,,,,,89146,,213,GETTY LEASING INC,,,,,,,,,5600,,W,CHARLESTON,BLVD,,,,,,,,,,,,,,,,,,,,3700000,,20191101,,,,,,,370000,,,,243324,,,,213276,,,,,,,,,,,,,,,,,,,,,,,,,,,,,,,,,,,,,,,,,,,,,,,005600   W CHARLESTON            BLVD,,,,,
91,109,25,-115.2151158,36.15891127, ,5301,W,Charleston,16301501011,16301501005,Clear Channel Outdoor,Red,CC,672,40,0,6/7/1989, ,V-23-89,"RQR-30592;RQR-17662; RQR-12232, V-23-89(1),(2)&(3)", ,14x48,1,300, ,1,APN,HIGH,Matched via APN/PARCEL exact join,515870,0,5.74,701,0,16301501011,701,701,163,01,5,01,011,213,2521-16,2521,1003,21474.83292,3003,C,10,3,4,548,,161583.3057,1,0,83,11202.31054,17.50361022,89146,484395,213,M D C COAST 13 L L C,C/O LEGAL DEPARTMENT,11995 EL CAMINO REAL,SAN DIEGO CA 92130, , , ,921300000, ,5301, ,W,CHARLESTON,BLVD,LV, , , ,PM01070034        L2, ,PARCEL MAP FILE 107 PAGE 34,LOT 2, , , , ,2027,2001,20221122, ,2.02211E+12, ,NS,15162984,R,20221101, , , ,01,21,60,358000,1, ,6,1496453, ,0,0,346391, ,0, ,0, ,0, ,0,0,1417693,350503,0, ,0,0,0,0,0, ,0,0,0,N,20231117,20231117,0, ,16301501009,0, ,163,16301,163015,16301501,163,163015010,015,010,11,92130,0,005301   W CHARLESTON            BLVDL,0121  60,0107,0034,M D C COAST 13 L L C            C/O LEGAL DEPARTMENT            11995 EL CAMINO REAL            SAN DIEGO CA 92130,005301   W CHARLESTON            BLVD, ,358,2568.806967,249964.7871,2568.806966520142
92,110,23,-115.2140624,36.15933613,AA,5300,W,Charleston,13836815001,13836803003,Clear Channel Outdoor,Red,CC,288,30,0, ,U-84-86, ,U-84-86(1)&(2),"Abeyed 11/26/96, 5 yr review has not been done", ,1,300, ,1,ADDRESS,LOW,Matched via address best-effort (may be approximate),,,,,,,,,,,,,,,,,,,,,,,,,,,,,,,,89146,,213,RHINO HOLDINGS MOHAWK L L C,,,,,,,,,5300,,W,CHARLESTON,BLVD,,,,,,,,,,,,,,,,,,,,2000000,,20250801,,,,,,,0,,,,506930,,,,0,,,,,,,,,,,,,,,,,,,,,,,,,,,,,,,,,,,,,,,,,,,,,,,005300   W CHARLESTON            BLVD,,,,,
93,111,26,-115.2120599,36.15892888, ,5200,W,Charleston,16301502014,16301502002, ,Green,UK,288,40,0, , , , ,DONREY,12x24,1,300, ,1,APN,HIGH,Matched via APN/PARCEL exact join,41331,0,0.66,701,0,16301502014,701,701,163,01,5,02,014,213,2521-18,2521,1003,21474.83292,3003,C,10,3,4,548,,161583.3057,1,0,83,11202.31054,17.50361022,89146,484403,213,ALEXANDER LIVING TRUST,ALEXANDER GEORGE & LILLIAN TRS,3744 E CHAPMAN AVE # 12355,ORANGE CA 92859, , , ,928590000, ,5231, ,W,CHARLESTON,BLVD,LV, , , ,PM01100019        L1, ,PARCEL MAP FILE 110 PAGE 19,LOT 1, , , , ,2027,2006,20200410, ,2.02004E+12, ,NS,2745000,R,20200401, , , ,01,21,60,335000,1, ,1,210306, ,0,0,287900, ,0, ,0, ,0, ,0,0,199238,288433,0, ,0,0,0,0,0, ,0,0,0,N,20231117,20231117,0, ,16301502003,0, ,163,16301,163015,16301502,163,163015020,015,020,14,92859,0,005231   W CHARLESTON            BLVDL,0121  60,0110,0019,ALEXANDER LIVING TRUST          ALEXANDER GEORGE & LILLIAN TRS  3744 E CHAPMAN AVE # 12355      ORANGE CA 92859,005231   W CHARLESTON            BLVD, ,335,771.3207554,28399.85156,771.3207553531535
94,113,19,-115.2069967,36.15932176,AA,4820,W,CHARLESTON,13836804008,13836804008,LAMAR,Orange,LM,672,40,711,1/13/1995,U-262-94, ,RQR-39107; 22322; 4240; 1979, ,14x48,1,300, ,1,APN,HIGH,Matched via APN/PARCEL exact join,738185,0,0.72,701,0,13836804008,701,701,138,36,8,04,008,213,2421-99,2421,107,15976.53479,3000,C,10,3,4,523,,161583.3057,1,0,83,11202.31054,17.50361022,89146,269925,213,CHARWEST INC,4820 W CHARLESTON BLVD,LAS VEGAS NV 89146-1400, , , , ,891461400, ,4820, ,W,CHARLESTON,BLVD,LV, , , ,00000000, ,PT GOV LOT 63, , , , , ,2027,1967,20000821, ,2.00008E+12, ,NS,0, , , , , ,36,20,60,370000,1, ,1,208564, ,0,0,62866, ,0, ,0, ,0, ,0,0,197587,62146,0, ,0,0,0,0,0, ,0,0,0,N,20231117,20231117,0, ,13836804008,0, ,138,13836,138368,13836804,138,138368040,368,040,08,89146,1400,004820   W CHARLESTON            BLVDL,3620  60,0000,0000,CHARWEST INC                    4820 W CHARLESTON BLVD          LAS VEGAS NV 89146-1400,004820   W CHARLESTON            BLVD, ,370,754.06473,31189.78711,754.0647299865134
95,114,28,-115.2055196,36.15859207, ,4717,W,Charleston,16206102001,16206102001, ,Green,UK,672,40,0,2/11/1985, , , ,MARTIN,14x48,1,300, ,1,APN,HIGH,Matched via APN/PARCEL exact join,830449,0,0.47000000000000003,701,0,16206102001,701,701,162,06,1,02,001,213,2522-12,2522,1004,23018.88734,3043,C,10,3,4,550,,161583.3057,1,0,83,11202.31054,17.50361022,89102,440977,213,S W & S H FAMILY TRUST,PARK SOONHI & SUNGWON TRS,C/O STARBUCKS COFFEE CO~C/O MAIL,2401 UTAH AVE S # 800,SEATTLE WA 98134, , ,981340000, ,4717, ,W,CHARLESTON,BLVD,LV, , , ,00000000, ,PT GOV LOT 4, , , , , ,2027,2015,20160909, ,2.01609E+12, ,NS,2500000,R,20160901, , , ,06,21,61,360000,1, ,0,165381, ,0,0,188948, ,0, ,0, ,0, ,0,0,163016,192378,0, ,0,0,0,0,0, ,0,0,0,N,20231117,20231117,0, ,16206102001,0, ,162,16206,162061,16206102,162,162061020,061,020,01,98134,0,004717   W CHARLESTON            BLVDL,0621  61,0000,0000,S W & S H FAMILY TRUST          PARK SOONHI & SUNGWON TRS       C/O STARBUCKS COFFEE CO~C/O MAIL2401 UTAH AVE S # 800           SEATTLE WA 98134,004717   W CHARLESTON            BLVD, ,360,565.7563794,20602.01953,565.7563794397433
96,115,14,-115.1954273,36.15923795, ,4100,W,Charleston,13931899005,13931801009,Clear Channel Outdoor,Red,CC,672,40,0, ,U-216-90, ,RQR-39097; 21349; 12233; 5939, ,14x48,1,300, ,1,NONE,NONE,No parcel match (ROW/easement/geometry mismatch or missing APN/address),,,,,,,,,,,,,,,,,,,,,,,,,,,,,,,,89102,,200,,,,,,,,,,0,,,,,,,,,,,,,,,,,,,,,,,,0,,,,,,,,,0,,,,0,,,,0,,,,,,,,,,,,,,,,,,,,,,,,,,,,,,,,,,,,,,,,,,,,,,,,,,,,
97,116,7,-115.1940637,36.15918975,AA,3920,W,CHARLESTON,13931801018,13931801011,LAMAR,Orange,LM,672,55,347,6/2/1994,U-43-94, ,RQR-34974; 21510; 5168; 2861, ,14x48,0,300, ,1,APN,HIGH,Matched via APN/PARCEL exact join,294750,0,3.06,701,0,13931801018,701,701,139,31,8,01,018,213,2422-97,2422,105,19501.19535,3045,C,10,3,4,524,,161583.3057,1,0,83,11202.31054,17.50361022,89102,318779,213,D J S DEVELOPMENT L L C,16461 SHERMAN WAY # 140,VAN NUYS CA 91406, , , , ,914060000, ,3920, ,W,CHARLESTON,BLVD,LV, , , ,00000000, ,PT SW4 SE4 SEC 31 20 61, , , , , ,2027,1972,20160908, ,2.01609E+12, ,NS,3500000,R,20160901, , , ,31,20,61,335000,1, ,3,816426, ,0,0,809351, ,0, ,0, ,0, ,0,0,699794,826230,0, ,0,0,0,0,0, ,0,0,0,N,20251006,20251006,0, ,13931801012,0, ,139,13931,139318,13931801,139,139318010,318,010,18,91406,0,003920   W CHARLESTON            BLVDL,3120  61,0000,0000,D J S DEVELOPMENT L L C         16461 SHERMAN WAY # 140         VAN NUYS CA 91406,003920   W CHARLESTON            BLVD, ,335,1494.652432,133415.7773,1494.6524323074348
98,118,22,-115.1567901,36.15864303, ,0, , ,16204504011,16204504009, ,Green,UK,672,40,0, , , , ,DONREY,14x48,0,300, ,3,APN,HIGH,Matched via APN/PARCEL exact join,427782,0,2.59,701,0,16204504011,701,701,162,04,5,04,011,212,2524-18,2524,204,18398.81093,5562,E,15,10,4,558,,150972.2077,3,0,57,8235.233709,12.86755267,89102,438236,212,L G C 231 L L C,6140 BRENT THURMAN WAY # 140,LAS VEGAS NV 89148, , , , ,891480000, ,241, ,W,CHARLESTON,BLVD,LV,180,CF 89-2004;+.07A COR;CA-20130813:3708, ,PM01080005        L1, ,PARCEL MAP FILE 108 PAGE 5,LOT 1, , , , ,2027,1955,20031222, ,2.00312E+12, ,NS,0, , , , , ,04,21,61,358000,1, ,3,939791, ,0,0,625999, ,0, ,0, ,0, ,0,0,939791,623279,0, ,0,0,0,0,0, ,0,0,0,N,20231117,20231117,0, ,16204504009,0, ,162,16204,162045,16204504,162,162045040,045,040,11,89148,0,000241   W CHARLESTON            BLVDL,0421  61,0108,0005,L G C 231 L L C                 6140 BRENT THURMAN WAY # 140    LAS VEGAS NV 89148,000241   W CHARLESTON            BLVD, ,358,1460.274335,111598.0117,1460.2743346032753
99,119,33,-115.1565005,36.15911151, ,1001, ,Iron Hourse,13933810004,13933810004,Clear Channel Outdoor,Red,CC,288,30,0, , , , , , ,0,300, ,5,APN,HIGH,Matched via APN/PARCEL exact join,421542,0,3.18,807,0,13933810004,807,807,139,33,8,10,004,203,2424-97,2424,301,35552.9138,4615,D,11,2,4,528,,161583.3057,1,0,83,11202.31054,17.50361022,89106,320604,203,ETERNO RESORTS S P E L L C,C/O BRAIN BURDZINSKI,840 S RANCHO DR # 4-572,LAS VEGAS NV 89106, , , ,891060000, ,1001, , ,IRON HORSE,CT,LV, , , ,PB00530061        L8, ,PARKWAY CENTER,PLAT BOOK 53 PAGE 61,LOT 8, , , ,2027,0,20250515, ,2.02505E+12, ,NS,0, , , , , ,33,20,61,0,0, ,3,0, ,0,0,0, ,0, ,0, ,0, ,0,0,0,0,0, ,0,0,0,0,0, ,0,0,0,N,20250612,20250612,0, ,13933810004,0, ,139,13933,139338,13933810,139,139338100,338,100,04,89106,0,001001     IRON HORSE            CT  L,3320  61,0053,0061,ETERNO RESORTS S P E L L C      C/O BRAIN BURDZINSKI            840 S RANCHO DR # 4-572         LAS VEGAS NV 89106,001001     IRON HORSE            CT, ,0,1546.492413,138333.1328,1546.492413104671
100,120,34,-115.1559301,36.15913203, ,1022, ,Commerce,13933801018,13933801014,Clear Channel Outdoor,Red,CC,288,30,0, , , , , , ,1,300, ,3,APN,HIGH,Matched via APN/PARCEL exact join,139927,0,3.49,701,0,13933801018,701,701,139,33,8,01,018,203,2424-98,2424,7900,18758.08233,4605,D,11,2,4,529,,150972.2077,3,0,57,8235.233709,12.86755267,89106,320595,203,1000 & 1018 S COMMERCE L L C,C/O S MOLASKY,920 S COMMERCE ST,LAS VEGAS NV 89106, , , ,891060000, ,1022, ,S,COMMERCE,ST,LV, , , ,00000000, ,PT SE4 SE4 SEC 33 20 61, , , , , ,2027,0,20250310, ,2.02503E+12, ,NS,3500000,R,20231101, , , ,33,20,61,0,0, ,3,1771840, ,0,0,0, ,0, ,0, ,0, ,0,0,1771840,0,0, ,0,0,0,0,0, ,0,0,0,N,20240916,20240916,0, ,13933801017,0, ,139,13933,139338,13933801,139,139338010,338,010,18,89106,0,001022   S COMMERCE              ST  L,3320  61,0000,0000,1000 & 1018 S COMMERCE L L C    C/O S MOLASKY                   920 S COMMERCE ST               LAS VEGAS NV 89106,001022   S COMMERCE              ST, ,0,2697.040564,152215.8984,2697.040564390596
101,122,14,-115.1357884,36.15866662, ,1292,E,Charleston,16202110005,16202110001,Clear Channel Outdoor,Red,CC,288,40,1953,1/7/1996, ,V-0068-90,RQR-29809; RQR-15054; V-68-90(1), ,12x24,1,300, ,3,SPATIAL,MEDIUM,Matched via spatial intersect (buffered point),,,,,,,,,,,,,,,,,,,,,,,,,,,,,,,,89104,,203,OELSNER COMMERCIAL PROPERTIES,,,,,,,,,1300,,E,CHARLESTON,BLVD,,,,,,,,,,,,,,,,,,,,900000,,19970601,,,,,,,358000,,,,244242,,,,289756,,,,,,,,,,,,,,,,,,,,,,,,,,,,,,,,,,,,,,,,,,,,,,,001300   E CHARLESTON            BLVD,,,,,
102,123,16,-115.1323583,36.15869632, ,1524,E,Charleston,16202111001,16202111001, ,Green,UK,288,40,0, , , , ,DONREY,12x24,1,300, ,3,APN,HIGH,Matched via APN/PARCEL exact join,557342,0,0,703,0,16202111001,703,703,162,02,1,11,001,203,2526-13,2526,1300,19091.79862,5384,E,15,10,1,571,,150972.2077,3,0,57,8235.233709,12.86755267,89104,433236,203,KIMBROUGH FAMILY TRUST ETAL,KIMBROUGH DENNIS TRS,4125 MARKET ST STE 5,VENTURA CA 93003, , , ,930030000, ,1524, ,E,CHARLESTON,BLVD,LV, , , ,PB00020066  B2    L1, ,CHARLESTON SQUARE TRACT #1,PLAT BOOK 2 PAGE 66,LOT 1 BLOCK 2,& VAC RD, , ,2027,1992,20230203, ,2.02302E+12, ,NS,0, , , , , ,02,21,61,730000,1, ,0,32930, ,0,0,4639, ,0, ,0, ,0, ,0,0,31101,4678,0, ,0,0,0,0,0, ,0,0,0,Y,20240102,20240102,0, ,16202111001,0, ,162,16202,162021,16202111,162,162021110,021,110,01,93003,0,001524   E CHARLESTON            BLVDL,0221  61,0002,0066,KIMBROUGH FAMILY TRUST ETAL     KIMBROUGH DENNIS TRS            4125 MARKET ST STE 5            VENTURA CA 93003,001524   E CHARLESTON            BLVD, ,730,403.2401715,10566.13086,403.2401715239554
103,124,16,-115.1315544,36.15868637, ,1548,E,Charleston,16202111039,16202111039, ,Green,UK,288,40,0, , , , ,DONREY,12x24,1,300, ,3,APN,HIGH,Matched via APN/PARCEL exact join,247191,0,0,703,0,16202111039,703,703,162,02,1,11,039,203,2526-13,2526,1300,19091.79862,5384,E,15,10,1,571,,150972.2077,3,0,57,8235.233709,12.86755267,89104,433274,203,KIMBROUGH FAMILY TRUST ETAL,KIMBROUGH DENNIS TRS,4125 MARKET ST STE 5,VENTURA CA 93003, , , ,930030000, ,1548, ,E,CHARLESTON,BLVD,LV, , , ,PB00020066PTB1    L3, ,CHARLESTON SQUARE TRACT #1,PLAT BOOK 2 PAGE 66,PT LOT 3 BLOCK 1,& PT LOT 4, , ,2027,1967,20230203, ,2.02302E+12, ,NS,0, , , , , ,02,21,61,358000,1, ,0,54886, ,0,0,106148, ,0, ,0, ,0, ,0,0,51836,106088,0, ,0,0,0,0,0, ,0,0,0,Y,20240130,20240130,0, ,16202111039,0, ,162,16202,162021,16202111,162,162021110,021,110,39,93003,0,001548   E CHARLESTON            BLVDL,0221  61,0002,0066,KIMBROUGH FAMILY TRUST ETAL     KIMBROUGH DENNIS TRS            4125 MARKET ST STE 5            VENTURA CA 93003,001548   E CHARLESTON            BLVD, ,358,531.8670446,17597.1543,531.8670445885484
104,125,18,-115.1294192,36.15906323, ,1647,E,Charleston,13935413031,13935413031, ,Green,UK,288,40,0, , , , ,DONREY,12x24,1,300, ,3,APN,HIGH,Matched via APN/PARCEL exact join,222008,0,0,703,0,13935413031,703,703,139,35,4,13,031,203,2426-93,2426,600,10938.2623,4547,D,11,2,1,1307,,150972.2077,3,0,57,8235.233709,12.86755267,89104,323477,203,CHAN STEPHANIE,700 SHOOTING STAR ST,LAS VEGAS NV 89107, , , , ,891070000, ,1647, ,E,CHARLESTON,BLVD,LV, , , ,PB00020047  B4    L15, ,MAYFAIR TRACT #2 AMD,PLAT BOOK 2 PAGE 47,LOT 15 BLOCK 4, , , ,2027,1951,20180404, ,2.01804E+12, ,NS,232000,R,20180401, , , ,35,20,61,358000,1, ,0,21956, ,0,0,30692, ,0, ,0, ,0, ,0,0,20736,30663,0, ,0,0,0,0,0, ,0,0,0,N,20231117,20231117,0, ,13935413031,0, ,139,13935,139354,13935413,139,139354130,354,130,31,89107,0,001647   E CHARLESTON            BLVDL,3520  61,0002,0047,CHAN STEPHANIE                  700 SHOOTING STAR ST            LAS VEGAS NV 89107,001647   E CHARLESTON            BLVD, ,358,368.0154306,7020.941406,368.0154306
105,126,16,-115.1291025,36.15867232, ,1636,E,Charleston,16202113005,16202113005, ,Green,UK,288,40,0, , , , ,DONREY,12x24,1,300, ,3,APN,HIGH,Matched via APN/PARCEL exact join,795355,0,0,703,0,16202113005,703,703,162,02,1,13,005,203,2526-14,2526,1300,19091.79862,5384,E,15,10,1,571,,150972.2077,3,0,57,8235.233709,12.86755267,89104,433308,203,BANG ON BUMRUNGJITT LIV TR,4012 LILAC CREEK CT,LAS VEGAS NV 89122-3582, , , , ,891223582, ,1636, ,E,CHARLESTON,BLVD,LV, , , ,PB00020099  B1    L5, ,CHARLESTON SQUARE TRACT #4,PLAT BOOK 2 PAGE 99,LOT 5 BLOCK 1, , , ,2027,1952,20171219, ,2.01712E+12, ,NS,325000,R,20070901, , , ,02,21,61,335000,1, ,0,20582, ,0,0,27067, ,0, ,0, ,0, ,0,0,19439,26546,0, ,0,0,0,0,0, ,0,0,0,N,20231117,20231117,0, ,16202113005,0, ,162,16202,162021,16202113,162,162021130,021,130,05,89122,3582,001636   E CHARLESTON            BLVDL,0221  61,0002,0099,BANG ON BUMRUNGJITT LIV TR      4012 LILAC CREEK CT             LAS VEGAS NV 89122-3582,001636   E CHARLESTON            BLVD, ,335,365.515971,6718.773438,365.5159709758094
106,127,19,-115.1285781,36.15903095, ,1707,E,Charleston,13935413159,13935413159, ,Green,UK,672,40,0, , , , ,DONREY,14x48,1,300, ,3,APN,HIGH,Matched via APN/PARCEL exact join,691881,0,0,703,0,13935413159,703,703,139,35,4,13,159,203,2426-93,2426,600,10938.2623,4547,D,11,2,1,1307,,150972.2077,3,0,57,8235.233709,12.86755267,89104,323603,203,S A LIBERTAD L L C,1707 E CHARLESTON BLVD # D,LAS VEGAS NV 89104, , , , ,891040000, ,1707, ,E,CHARLESTON,BLVD,LV,100, , ,PB00020047PTB7    L1, ,MAYFAIR TRACT #2 AMD,PLAT BOOK 2 PAGE 47,PT LOT 1 BLOCK 7,& PT LOT 2, , ,2027,1950,20150416, ,2.01504E+12, ,NS,290000,M,20150401, , , ,35,20,61,335000,1, ,0,27443, ,0,0,28819, ,0, ,0, ,0, ,0,0,25918,28260,0, ,0,0,0,0,0, ,0,0,0,N,20231117,20231117,0, ,13935413159,0, ,139,13935,139354,13935413,139,139354131,354,131,59,89104,0,001707   E CHARLESTON            BLVDL,3520  61,0002,0047,S A LIBERTAD L L C              1707 E CHARLESTON BLVD # D      LAS VEGAS NV 89104,001707   E CHARLESTON            BLVD, ,335,411.3156854,8648.046875,411.31568537265935
107,128,18,-115.1248452,36.1597158, ,1800,E,Lewis,13935814001,13935814001, ,Green,UK,288,30,0, , , , ,DONREY,12x24,1,300, ,3,APN,HIGH,Matched via APN/PARCEL exact join,540342,0,0,703,0,13935814001,703,703,139,35,8,14,001,203,2426-95,2426,521,11850.17796,4543,D,11,2,1,492,,150972.2077,3,0,57,8235.233709,12.86755267,89101,324773,203,VAZQUEZ LUIS ENRIQUE PEREZ,6823 SIERRA TRAIL,LAS VEGAS NV 89146, , , , ,891460000, ,1800, , ,LEWIS,AVE,LV, , , ,PB00030009        L1, ,LAWRENCE LOVE TRACT,PLAT BOOK 3 PAGE 9,LOT 1, , , ,2027,1952,20230707, ,2.02307E+12, ,NS,330000,R,20230701, , , ,35,20,61,335000,1, ,0,21956, ,0,0,45121, ,0, ,0, ,0, ,0,0,20736,44261,0, ,0,0,0,0,0, ,0,0,0,N,20231117,20231117,0, ,13935814001,0, ,139,13935,139358,13935814,139,139358140,358,140,01,89146,0,001800     LEWIS                 AVE L,3520  61,0003,0009,VAZQUEZ LUIS ENRIQUE PEREZ      6823 SIERRA TRAIL               LAS VEGAS NV 89146,001800     LEWIS                 AVE, ,335,346.3637849,6796.984375,346.36378485332114
108,129,23,-115.1241259,36.15905766, ,1813,E,Charleston,13935814016,13935814016,Clear Channel Outdoor,Red,CC,672,40,0, , , , , ,14x48,1,300, ,3,APN,HIGH,Matched via APN/PARCEL exact join,349612,0,0,703,0,13935814016,703,703,139,35,8,14,016,203,2426-95,2426,521,11850.17796,4543,D,11,2,1,492,,150972.2077,3,0,57,8235.233709,12.86755267,89104,324786,203,GARDEN APARTMENTS L L C SERIES 1,9540 SMILEY CREEK ST,LAS VEGAS NV 89178, , , , ,891780000, ,1813, ,E,CHARLESTON,BLVD,LV, , , ,PB00030009        L17, ,LAWRENCE LOVE TRACT,PLAT BOOK 3 PAGE 9,LOT 17,& VAC RD, , ,2027,1952,20250922, ,2.02509E+12, ,NS,0, , , , , ,35,20,61,150000,9, ,0,55125, ,0,0,30093, ,0, ,0, ,0, ,0,0,53550,29595,0, ,0,0,0,0,0, ,0,0,0,N,20250924,20250924,0, ,13935814016,0, ,139,13935,139358,13935814,139,139358140,358,140,16,89178,0,001813   E CHARLESTON            BLVDL,3520  61,0003,0009,GARDEN APARTMENTS L L C SERIES 19540 SMILEY CREEK ST            LAS VEGAS NV 89178,001813   E CHARLESTON            BLVD, ,150,393.729164,8256.347656,393.72916397092314
109,130,17,-115.1223352,36.15863935, ,1924,E,Charleston,16202512005,16202512005, ,Green,UK,288,40,0, , , , ,DONREY,12x24,1,300, ,3,APN,HIGH,Matched via APN/PARCEL exact join,574825,0,0,703,0,16202512005,703,703,162,02,5,12,005,203,2526-18,2526,1401,15449.9407,5384,E,15,10,1,571,,150972.2077,3,0,57,8235.233709,12.86755267,89104,434393,203,FRANCO JOSEPH,10717 HUNTERS WOOD PL,LAS VEGAS NV 89134, , , , ,891340000, ,1924, ,E,CHARLESTON,BLVD,LV, , , ,PB00030003        L5, ,CRESTWOOD HOMES TRACT #5,PLAT BOOK 3 PAGE 3,LOT 5,& VAC RD, , ,2027,1951,20230510, ,2.02305E+12, ,NS,505000,M,20141001, , , ,02,21,61,335000,1, ,0,35677, ,0,0,44362, ,0, ,0, ,0, ,0,0,33695,43505,0, ,0,0,0,0,0, ,0,0,0,N,20231117,20231117,0, ,16202512005,0, ,162,16202,162025,16202512,162,162025120,025,120,05,89134,0,001924   E CHARLESTON            BLVDL,0221  61,0003,0003,FRANCO JOSEPH                   10717 HUNTERS WOOD PL           LAS VEGAS NV 89134,001924   E CHARLESTON            BLVD, ,335,465.5212468,11409.01172,465.5212467610895
110,131,19,-115.1197568,36.15865755, ,2028,E,Charleston,16202512012,16202512012, ,Green,UK,672,40,0, , , , ,DONREY,14x48,1,300, ,3,APN,HIGH,Matched via APN/PARCEL exact join,441479,0,0,703,0,16202512012,703,703,162,02,5,12,012,203,2526-19,2526,1401,15449.9407,5384,E,15,10,1,571,,150972.2077,3,0,57,8235.233709,12.86755267,89104,434400,203,MUYA GROUP L L C,4553 BALFOUR DR,LAS VEGAS NV 89121, , , , ,891210000, ,2032, ,E,CHARLESTON,BLVD,LV,UT 110, , ,PB00030003        L14, ,CRESTWOOD HOMES TRACT #5,PLAT BOOK 3 PAGE 3,LOT 14,& VAC RD, , ,2027,1953,20221020, ,2.0221E+12, ,NS,1450000,M,20220401, , , ,02,21,61,358000,1, ,0,32930, ,0,0,44217, ,0, ,0, ,0, ,0,0,31101,44146,0, ,0,0,0,0,0, ,0,0,0,N,20231117,20231117,0, ,16202512012,0, ,162,16202,162025,16202512,162,162025120,025,120,12,89121,0,002032   E CHARLESTON            BLVDL,0221  61,0003,0003,MUYA GROUP L L C                4553 BALFOUR DR                 LAS VEGAS NV 89121,002032   E CHARLESTON            BLVD, ,358,456.4559229,10575.2832,456.45592286121837
111,132,3,-115.1147735,36.15703497, ,2550,E,Femont,16201111014,16201111015, ,Green,UK,288,40,0, , , , ,YESCO,14x48,0,300, ,3,APN,HIGH,Matched via APN/PARCEL exact join,234505,0,0,703,0,16201111014,703,703,162,01,1,11,014,203,2527-22,2527,1401,15449.9407,5563,E,14,21,1,574,,150972.2077,3,0,57,8235.233709,12.86755267,89104,432194,203,DRIVE TODAY L L C,2273 SAG HARBOR DR,LAS VEGAS NV 89104, , , , ,891040000, ,2520, , ,FREMONT,ST,LV, ,SF 241-26, ,PB00020009  B6    L10, ,FISHERS FREMONT ST BOULDER DAM H,PLAT BOOK 2 PAGE 9,LOT 10 BLOCK 6,"& LOTS 11,12", , ,2027,1951,20240708, ,2.02407E+12, ,NS,260000,R,20240701, , , ,01,21,61,730000,1, ,0,35218, ,0,0,2081, ,0, ,0, ,0, ,0,0,31864,2039,0, ,0,0,0,0,0, ,0,0,0,N,20240904,20240904,0, ,16201111014,0, ,162,16201,162011,16201111,162,162011110,011,110,14,89104,0,002520     FREMONT               ST  L,0121  61,0002,0009,DRIVE TODAY L L C               2273 SAG HARBOR DR              LAS VEGAS NV 89104,002520     FREMONT               ST, ,730,403.6338621,9614.650391,403.6338620883691
112,134,24,-115.1187079,36.16007595, ,2217,E,Fremont,13935819002,13935804009,LAMAR,Orange,LM,672,30,0, , , , ,Non-conforming 300ft.,14x48,1,300, ,3,SPATIAL,MEDIUM,Matched via spatial intersect (buffered point),,,,,,,,,,,,,,,,,,,,,,,,,,,,,,,,89101,,203,SIENA 67 HOLDING LIMITED PARTNER,,,,,,,,,2231,,,FREMONT,ST,,,,,,,,,,,,,,,,,,,,0,,,,,,,,,365000,,,,312847,,,,0,,,,,,,,,,,,,,,,,,,,,,,,,,,,,,,,,,,,,,,,,,,,,,,002231     FREMONT               ST,,,,,
113,135,25,-115.1183771,36.16026208, ,2217,E,Fremont,13935899020,13935804010,LAMAR,Orange,LM,672,40,0, , , , ,Non-conforming 300ft.,14x48,1,300, ,3,NONE,NONE,No parcel match (ROW/easement/geometry mismatch or missing APN/address),,,,,,,,,,,,,,,,,,,,,,,,,,,,,,,,89101,,203,,,,,,,,,,0,,,,,,,,,,,,,,,,,,,,,,,,0,,,,,,,,,0,,,,0,,,,0,,,,,,,,,,,,,,,,,,,,,,,,,,,,,,,,,,,,,,,,,,,,,,,,,,,,
114,138,14,-115.1252898,36.16441466, ,145,N,Bruce,13935312059,13935312059, ,Green,UK,0,0,0, , , , ,????, ,0,300, ,3,APN,HIGH,Matched via APN/PARCEL exact join,355307,0,0,703,0,13935312059,703,703,139,35,3,12,059,203,2426-65,2426,600,10938.2623,4547,D,11,2,1,1306,,150972.2077,3,0,57,8235.233709,12.86755267,89101,323211,203,PAC WOLF FAMILY TRUST,AUSTIN LINDA LOU TRS,PO BOX 19425,JEAN NV 89019-9425, , , ,890199425, ,145, ,N,BRUCE,ST,LV, , , ,PB00020042  B4    L18, ,MAYFAIR #03,PLAT BOOK 2 PAGE 42,LOT 18 BLOCK 4, , , ,2027,1943,20100125, ,2.01001E+12, ,NS,40000,R,20100101, , , ,35,20,61,335000,1, ,0,24394, ,0,0,19094, ,0, ,0, ,0, ,0,0,24394,18720,0, ,0,0,0,0,0, ,0,0,0,N,20250528,20250528,0, ,13935312059,0, ,139,13935,139353,13935312,139,139353120,353,120,59,89019,9425,000145   N BRUCE                 ST  L,3520  61,0002,0042,PAC WOLF FAMILY TRUST           AUSTIN LINDA LOU TRS            PO BOX 19425                    JEAN NV 89019-9425,000145   N BRUCE                 ST, ,335,374.6603344,8833.640625,374.6603343563433
115,139,33,-115.1404131,36.16928344, ,500, ,Fremont,13934699005,13934611004,LAMAR,Orange,LM,50,20,0, , , , ,Permit # 11881see documentation CODEENF-54974,5x10,0,300, ,5,NONE,NONE,No parcel match (ROW/easement/geometry mismatch or missing APN/address),,,,,,,,,,,,,,,,,,,,,,,,,,,,,,,,89101,,203,,,,,,,,,,0,,,,,,,,,,,,,,,,,,,,,,,,0,,,,,,,,,0,,,,0,,,,0,,,,,,,,,,,,,,,,,,,,,,,,,,,,,,,,,,,,,,,,,,,,,,,,,,,,
116,141,17,-115.2247306,36.14468367,AA,6070,W,SAHARA,16301401010,16301401010,LAMAR,Orange,LM,672,40,805,3/10/1995,U-315-94, ,RQR-39215; RQR-22271; RQR-4238, ,14x48,0,300, ,1,APN,HIGH,Matched via APN/PARCEL exact join,680357,0,0.51,701,0,16301401010,701,701,163,01,4,01,010,200,2521-92,2521,1003,21474.83292,3003,C,10,3,4,547,,161583.3057,1,0,83,11202.31054,17.50361022,89146,484343,200,7-ELEVEN INC,C/O AV TAX DEPT #0125,PO BOX 711,DALLAS TX 75221-0711, , , ,752210711, ,6070, ,W,SAHARA,AVE,LV, ,CA-4/30/99;L-20251218:1200, ,PM00480013        L2, ,PARCEL MAP FILE 48 PAGE 13,LOT 2, , , , ,2027,1986,19851230, ,1.98512E+12, ,NS,1050000,U,20251201, , , ,01,21,60,358000,1, ,1,202166, ,0,0,122809, ,0, ,0, ,0, ,0,0,192057,125776,0, ,0,0,0,0,0, ,0,0,0,N,20251219,20251219,0, ,16301401010,0, ,163,16301,163014,16301401,163,163014010,014,010,10,75221,711,006070   W SAHARA                AVE L,0121  60,0048,0013,7-ELEVEN INC                    C/O AV TAX DEPT #0125           PO BOX 711                      DALLAS TX 75221-0711,006070   W SAHARA                AVE, ,358,582.4093631,22125.87891,582.4093630846922
117,142,9,-115.2003824,36.14419959, ,0, , ,16207101019,16207101013,LAMAR,Orange,LM,672,55,0, , , , , ,14x48,0,300, ,1,APN,HIGH,Matched via APN/PARCEL exact join,359135,0,0.59,701,0,16207101019,701,701,162,07,1,01,019,213,2622-14,2622,2203,17495.99418,5542,E,10,3,3,602,,150972.2077,3,0,57,8235.233709,12.86755267,89102,442285,213,ARCHLAND PROPERTY I L L C,C/O MCDONALDS CORP ~ ATTN: DEPT,110 N CARPENTER ST,CHICAGO IL 60607, , , ,606070000, ,4401, ,W,SAHARA,AVE,LV, ,"Z,G-20180404:2731;Z,G-20180406:966", ,00000000, ,PT NE4 NW4 SEC 07 21 61, , , , , ,2027,2004,20040630, ,2.00406E+12, ,NS,0, , , , , ,07,21,61,360000,1, ,1,180979, ,0,0,251495, ,0, ,0, ,0, ,0,0,180979,256939,0, ,0,0,0,0,0, ,0,0,0,N,20231117,20231117,0, ,16207101013,0, ,162,16207,162071,16207101,162,162071010,071,010,19,60607,0,004401   W SAHARA                AVE L,0721  61,0000,0000,ARCHLAND PROPERTY I L L C       C/O MCDONALDS CORP ~ ATTN: DEPT 110 N CARPENTER ST              CHICAGO IL 60607,004401   W SAHARA                AVE, ,360,980.0703696,26968.4668,980.0251296
118,143,42,-115.1934371,36.14474083, ,3920,W,Sahara,16206801005,16206801005,LAMAR,Orange,LM,672,40,1240,12/6/1995, ,V-136-95,RQR-31588;RQR-11432; V-136-95(1), ,14x48,0,300, ,1,APN,HIGH,Matched via APN/PARCEL exact join,775631,0,0.55,701,0,16206801005,701,701,162,06,8,01,005,213,2522-98,2522,1004,23018.88734,3039,C,10,3,4,553,,161583.3057,1,0,83,11202.31054,17.50361022,89102,442001,213,GRAMMY 1932 INVESTMENTS L L C,15 CORPORATE PLAZA DR # 240,NEWPORT BEACH CA 92660, , , , ,926600000, ,3920, ,W,SAHARA,AVE,LV, , , ,00000000, ,PT SE4 SE4 SEC 06 21 61, , , , , ,2027,1965,20211117, ,2.02111E+12, ,NS,0, , , , , ,06,21,61,370000,1, ,1,168712, ,0,0,22815, ,0, ,0, ,0, ,0,0,168712,22310,0, ,0,0,0,0,0, ,0,0,0,N,20231117,20231117,0, ,16206801005,0, ,162,16206,162068,16206801,162,162068010,068,010,05,92660,0,003920   W SAHARA                AVE L,0621  61,0000,0000,GRAMMY 1932 INVESTMENTS L L C   15 CORPORATE PLAZA DR # 240     NEWPORT BEACH CA 92660,003920   W SAHARA                AVE, ,370,613.941824,23977.66602,613.9418239914801
119,144,42,-115.1913762,36.14469578, ,3810,W,Sahara,16206801008,16206801008,CLEAR CHANNEL OUTDOOR,Red,CC,672,40,0,6/21/1989, ,V-46-97; V-46-89,RQR-33797, ,14x48,0,300, ,1,APN,HIGH,Matched via APN/PARCEL exact join,661995,0.33000001,0.33,701,0,16206801008,701,701,162,06,8,01,008,213,2522-99,2522,1004,23018.88734,3039,C,10,3,4,553,,161583.3057,1,0,83,11202.31054,17.50361022,89102,442004,213,B 2 L L C,6884 TOMIYASU LN,LAS VEGAS NV 89120, , , , ,891200000, ,3800, ,W,SAHARA,AVE,LV, , , ,00000000, ,PT SE4 SE4 SEC 06 21 61, , , , , ,2027,1962,20081114, ,2.00811E+12, ,NS,0, , , , , ,06,21,61,370000,1, ,0,105656, ,0,0,36118, ,0, ,0, ,0, ,0,0,105656,35447,0, ,0,0,0,0,0, ,0,0,0,N,20231117,20231117,0, ,16206801008,0, ,162,16206,162068,16206801,162,162068010,068,010,08,89120,0,003800   W SAHARA                AVE L,0621  61,0000,0000,B 2 L L C                       6884 TOMIYASU LN                LAS VEGAS NV 89120,003800   W SAHARA                AVE, ,370,509.9372543,14574.97852,509.9372542749517
120,145,12,-115.1897423,36.14410428, ,3641,W,Sahara,16208101007,16208101002,LAMAR,Orange,LM,672,55,1746, ,U-40-96, ,RQR-33828; U-40-96(1), ,14x48,0,300, ,1,APN,HIGH,Matched via APN/PARCEL exact join,524194,0,0.73,701,0,16208101007,701,701,162,08,1,01,007,213,2623-11,2623,2201,24882.77491,5030,E,10,3,4,604,,150972.2077,3,0,57,8235.233709,12.86755267,89102,444307,213,H J E E L L C,2325 E CHEYENNE AVE,NORTH LAS VEGAS NV 89030, , , , ,890300000, ,3641, ,W,SAHARA,AVE,LV, , , ,PM00850061        L1, ,PARCEL MAP FILE 85 PAGE 61,LOT 1, , , , ,2027,1988,20100114, ,2.01001E+12, ,NS,1825000,R,20100101, , , ,08,21,61,360000,1, ,1,214246, ,0,0,115300, ,0, ,0, ,0, ,0,0,214246,119448,0, ,0,0,0,0,0, ,0,0,0,N,20231117,20231117,0, ,16208101002,0, ,162,16208,162081,16208101,162,162081010,081,010,07,89030,0,003641   W SAHARA                AVE L,0821  61,0085,0061,H J E E L L C                   2325 E CHEYENNE AVE             NORTH LAS VEGAS NV 89030,003641   W SAHARA                AVE, ,360,714.0001365,31832.40625,714.0001365311872
121,146,1,-115.1851375,36.14405769,AA,3209,W,SAHARA,16208104001,16208104001,LAMAR,Orange,LM,672,50,78,11/18/1993,U-200-93, ,RQR-32733; U-200-93(1), ,14x48,0,300, ,1,APN,HIGH,Matched via APN/PARCEL exact join,241053,0,0.26,701,0,16208104001,701,701,162,08,1,04,001,213,2623-13,2623,2201,24882.77491,5030,E,10,3,4,604,,150972.2077,3,0,57,8235.233709,12.86755267,89102,444320,213,SIMON INC,2624 SPALDING DR,LAS VEGAS NV 89134-7550, , , , ,891347550, ,3209, ,W,SAHARA,AVE,LV, ,CC-961218:694, ,00000000, ,PT NE4 NW4 SEC 08 21 61, , , , , ,2027,1974,19970114, ,1.99701E+12, ,NS,305000,R,19961201, , , ,08,21,61,360000,1, ,0,79758, ,0,0,32409, ,0, ,0, ,0, ,0,0,79758,32284,0, ,0,0,0,0,0, ,0,0,0,N,20231117,20231117,0, ,16208104001,0, ,162,16208,162081,16208104,162,162081040,081,040,01,89134,7550,003209   W SAHARA                AVE L,0821  61,0000,0000,SIMON INC                       2624 SPALDING DR                LAS VEGAS NV 89134-7550,003209   W SAHARA                AVE, ,360,421.5187287,10833.17773,421.5187287264248
122,147,3,-115.1839646,36.14410097,AA,3101,W,SAHARA,16208104004,16208104004,LAMAR,Orange,LM,672,55,253,3/24/1994,U-271-93, ,RQR-33734; U-271-91(1)&(2), ,14x48,0,300, ,1,APN,HIGH,Matched via APN/PARCEL exact join,831861,0,0.37,701,0,16208104004,701,701,162,08,1,04,004,213,2623-14,2623,2201,24882.77491,5030,E,10,3,4,604,,150972.2077,3,0,57,8235.233709,12.86755267,89102,444323,213,PAPA JOSEPH E & MARIA SERENA REV,PAPA JOSEPH E & MARIA SERENA TRS,10550 HAZEL ST,LARGO FL 33778, , , ,337780000, ,3101, ,W,SAHARA,AVE,LV, , , ,00000000, ,PT NE4 NW4 SEC 08 21 61, , , , , ,2027,1979,20250121, ,2.02501E+12, ,NS,1600000,R,20250101, , , ,08,21,61,360000,1, ,0,113496, ,0,0,107077, ,0, ,0, ,0, ,0,0,113496,112301,0, ,0,0,0,0,0, ,0,0,0,N,20250227,20250227,0, ,16208104004,0, ,162,16208,162081,16208104,162,162081040,081,040,04,33778,0,003101   W SAHARA                AVE L,0821  61,0000,0000,PAPA JOSEPH E & MARIA SERENA REVPAPA JOSEPH E & MARIA SERENA TRS10550 HAZEL ST                  LARGO FL 33778,003101   W SAHARA                AVE, ,360,503.2177512,15795.32031,503.21775116418934
123,148,13,-115.1818593,36.14395848, ,2921,W,Sahara,16208501001,16208501001,Clear Channel Outdoor,Red,CC,672,55,0, ,U-107-90, ,RQR-33272; RQR-4021; RQR-1701, ,14x48,0,300, ,1,APN,HIGH,Matched via APN/PARCEL exact join,374212,0,0.29,701,0,16208501001,701,701,162,08,5,01,001,213,2623-15,2623,2201,24882.77491,5030,E,10,3,4,604,,150972.2077,3,0,57,8235.233709,12.86755267,89102,444718,213,KATANA HOLDINGS L L C,848 N RAINBOW BLVD # 2998,LAS VEGAS NV 89107, , , , ,891070000, ,2921, ,W,SAHARA,AVE,LV, , , ,PM00640044        L1, ,PARCEL MAP FILE 64 PAGE 44,LOT 1, , , , ,2027,1970,20180907, ,2.01809E+12, ,NS,1750000,M,20180901, , , ,08,21,61,358000,1, ,0,88955, ,0,0,44001, ,0, ,0, ,0, ,0,0,88955,43934,0, ,0,0,0,0,0, ,0,0,0,N,20240808,20240808,0, ,16208501001,0, ,162,16208,162085,16208501,162,162085010,085,010,01,89107,0,002921   W SAHARA                AVE L,0821  61,0064,0044,KATANA HOLDINGS L L C           848 N RAINBOW BLVD # 2998       LAS VEGAS NV 89107,002921   W SAHARA                AVE, ,358,430.6081351,11833.28516,430.6081350583182
124,149,7,-115.1769764,36.144035,AA,2625,W,SAHARA,16208502013,16208502001,LAMAR,Orange,LM,672,40,543,10/13/1994,U-141-94, ,RQR-1740, ,14x48,0,300, ,1,APN,HIGH,Matched via APN/PARCEL exact join,471529,0,0.76,701,0,16208502013,701,701,162,08,5,02,013,200,2623-18,2623,2201,24882.77491,5030,E,10,3,4,1211,,150972.2077,3,0,57,8235.233709,12.86755267,89102,444726,200,UNGAR INVESTMENTS LIMITED PARTNE,PO BOX 80246,LAS VEGAS NV 89180-0246, , , , ,891800246, ,2625, ,W,SAHARA,AVE,LV, , , ,00000000, ,PT NE4 NE4 SEC 08 21 61, , , , , ,2027,2009,20191101, ,2.01911E+12, ,NS,0, , , , , ,08,21,61,358000,1, ,1,307058, ,0,0,271565, ,0, ,0, ,0, ,0,0,307058,274200,0, ,0,0,0,0,0, ,0,0,0,N,20231117,20231117,0, ,16208502005,0, ,162,16208,162085,16208502,162,162085020,085,020,13,89180,246,002625   W SAHARA                AVE L,0821  61,0000,0000,UNGAR INVESTMENTS LIMITED PARTNEPO BOX 80246                    LAS VEGAS NV 89180-0246,002625   W SAHARA                AVE, ,358,752.3589094,33992.83008,752.3589093843448
125,150,7,-115.1690909,36.14298473, ,2560,S,Highland,16209199015,16209110020,NEVADA,Pink,PO,672,40,1594,8/1/1996,U-55-95, ,U-55-95(1),4 yr review has not been done,14x48,1,750, ,1,NONE,NONE,No parcel match (ROW/easement/geometry mismatch or missing APN/address),,,,,,,,,,,,,,,,,,,,,,,,,,,,,,,,89109,,212,,,,,,,,,,0,,,,,,,,,,,,,,,,,,,,,,,,0,,,,,,,,,0,,,,0,,,,0,,,,,,,,,,,,,,,,,,,,,,,,,,,,,,,,,,,,,,,,,,,,,,,,,,,,
126,151,3,-115.1680657,36.14334548,AA,2550,S,HIGHLAND,16209199017,16209110019,LAMAR,Orange,LM,672,55,709,1/12/1995,U-265-94, ,RQR-39106; 22324; 4243; 1978, ,14x48,1,750, ,1,NONE,NONE,No parcel match (ROW/easement/geometry mismatch or missing APN/address),,,,,,,,,,,,,,,,,,,,,,,,,,,,,,,,89109,,212,,,,,,,,,,0,,,,,,,,,,,,,,,,,,,,,,,,0,,,,,,,,,0,,,,0,,,,0,,,,,,,,,,,,,,,,,,,,,,,,,,,,,,,,,,,,,,,,,,,,,,,,,,,,
127,152,6,-115.167837,36.14475348,AA,1516, ,SCOTLAND,16204404016,16204404015,LAMAR,Orange,LM,672,40,0, , , , , ,14x48,1,750, ,3,APN,HIGH,Matched via APN/PARCEL exact join,186776,0,0.12,701,0,16204404016,701,701,162,04,4,04,016,212,2524-93,2524,204,18398.81093,5562,E,15,10,4,559,,150972.2077,3,0,57,8235.233709,12.86755267,89102,438173,212,VANDIS ELEANORE MAHLEIN TRS,WALL IRVING M TRS,C/O LAUNA HARRISON,1968 NEREID AVE,BRONX NY 10466, , ,104660000, ,0, , , , ,LV, , , ,00000000, ,PT SE4 SW4 SEC 04 21 61, , , , , ,2027,1985,20010403, ,2.00104E+12, ,NS,0, , , , , ,04,21,61,730000,1, ,0,38235, ,0,0,4048, ,0, ,0, ,0, ,0,0,36223,4256,0, ,0,0,0,0,0, ,0,0,0,N,20231117,20231117,0, ,16204404016,0, ,162,16204,162044,16204404,162,162044040,044,040,16,10466,0,000000                               L,0421  61,0000,0000,VANDIS ELEANORE MAHLEIN TRS     WALL IRVING M TRS               C/O LAUNA HARRISON              1968 NEREID AVE                 BRONX NY 10466,000000, ,730,321.2924462,6454.146484,321.2924461933905
128,153,8,-115.166199,36.14428721,AA,2441, ,Western,16204406012,16204406012, ,Green,UK,672,75,0,2/26/1981, ,V-01-81, , ,14x48,1,300, ,3,APN,HIGH,Matched via APN/PARCEL exact join,361422,0,1.32,701,0,16204406012,701,701,162,04,4,06,012,212,2524-94,2524,204,18398.81093,5562,E,15,10,4,559,,150972.2077,3,0,57,8235.233709,12.86755267,89102,438186,212,NEBULOUS,2441 WESTERN AVE,LAS VEGAS NV 89102-4815, , , , ,891024815, ,2441, , ,WESTERN,AVE,LV, , , ,PM00040021        L4, ,PARCEL MAP FILE 4 PAGE 21,LOT 4, , , , ,2027,1980,20070214, ,2.00702E+12, ,NS,4100000,R,20070201, , , ,04,21,61,358000,1, ,1,382368, ,0,0,339566, ,0, ,0, ,0, ,0,0,344132,350496,0, ,0,0,0,0,0, ,0,0,0,N,20250925,20250925,0, ,16204406012,0, ,162,16204,162044,16204406,162,162044060,044,060,12,89102,4815,002441     WESTERN               AVE L,0421  61,0004,0021,NEBULOUS                        2441 WESTERN AVE                LAS VEGAS NV 89102-4815,002441     WESTERN               AVE, ,358,1036.936303,59008.29688,1036.9363033867505
129,154,38,-115.1650778,36.14424193, ,2466,S,Industrial,16204407001,16204407001,Clear Channel Outdoor,Red,CC,672,40,0, , , , , ,14x48,1,300, ,3,APN,HIGH,Matched via APN/PARCEL exact join,63953,0,2.65,701,0,16204407001,701,701,162,04,4,07,001,212,2524-95,2524,1100,17577.33001,5044,E,15,10,4,562,,150972.2077,3,0,57,8235.233709,12.86755267,89102,438188,212,INDUSTRIAL ROAD 2440-2497 L L C,3178 S BARRINGTON AVE,LOS ANGELES CA 90066, , , , ,900660000, ,2466, , ,INDUSTRIAL,RD,LV, , , ,00000000, ,PT SW4 SE4 SEC 04 21 61, , , , , ,2027,1972,20110729, ,2.01107E+12, ,NS,3000000,T,20110701, , , ,04,21,61,0,0, ,3,1131253, ,0,0,10035, ,0, ,0, ,0, ,0,0,997927,9819,0, ,0,0,0,0,0, ,0,0,0,N,20250925,20250925,0, ,16204407001,0, ,162,16204,162044,16204407,162,162044070,044,070,01,90066,0,002466     INDUSTRIAL            RD  L,0421  61,0000,0000,INDUSTRIAL ROAD 2440-2497 L L C 3178 S BARRINGTON AVE           LOS ANGELES CA 90066,002466     INDUSTRIAL            RD, ,0,1428.862684,114354.4297,1428.862684
130,155,21,-115.1625236,36.14419412,AA,336,W,SAHARA,16204807002,16204807002,LAMAR,Orange,LM,672,40,1030,7/20/1995,U-52-95, ,RQR-37772; 18679; 5767; 1222, ,14x48,1,300, ,3,APN,HIGH,Matched via APN/PARCEL exact join,246978,0,0.55,701,0,16204807002,701,701,162,04,8,07,002,203,2524-96,2524,1100,17577.33001,5044,E,15,10,4,562,,150972.2077,3,0,57,8235.233709,12.86755267,89102,438586,203,S A W L L C,PO BOX 27483,OAKLAND CA 94602, , , , ,946020000, ,336, ,W,SAHARA,AVE,LV, , , ,00000000, ,PT SW4 SE4 SEC 04-21-61, , , , , ,2027,2002,20170605, ,2.01706E+12, ,NS,317343,R,20170601, , , ,04,21,61,399000,1, ,1,241078, ,0,0,13214, ,0, ,0, ,0, ,0,0,230596,13355,0, ,0,0,0,0,0, ,0,0,0,N,20251117,20251117,0, ,040490002,0, ,162,16204,162048,16204807,162,162048070,048,070,02,94602,0,000336   W SAHARA                AVE L,0421  61,0000,0000,S A W L L C                     PO BOX 27483                    OAKLAND CA 94602,000336   W SAHARA                AVE, ,399,628.7482981,24282.12695,628.7482981075156
132,158,41,-115.1574834,36.14395119, ,2400,S,Las Vegas,16204812003,16204812003,LAMAR,Orange,LM,672,40,0, , , , ,No Case History,14x48,0,300, ,3,APN,HIGH,Matched via APN/PARCEL exact join,8573,0,0,703,0,16204812003,703,703,162,04,8,12,003,203,2524-98,2524,1100,17577.33001,5044,E,15,10,4,561,,150972.2077,3,0,57,8235.233709,12.86755267,89104,438646,203,L'CHAIM 24 FREMONT PROPERTY L L,6130 W FLAMINGO RD # 402,LAS VEGAS NV 89103, , , , ,891030000, ,2400, ,S,LAS VEGAS,BLVD,LV, , , ,PB00030040PTB1, ,MEADOWS ADD RESUB BLK 1&9,PLAT BOOK 3 PAGE 40,PT BLOCK 1, , , ,2027,0,20161021, ,2.0161E+12, ,NS,50000000,M,20161001, , , ,04,21,61,355000,0, ,1,1119426, ,0,0,0, ,0, ,0, ,0, ,0,0,1068543,0,0, ,0,0,0,0,0, ,0,0,0,N,20231117,20231117,0, ,16204812003,0, ,162,16204,162048,16204812,162,162048120,048,120,03,89103,0,002400   S LAS VEGAS             BLVDL,0421  61,0003,0040,L'CHAIM 24 FREMONT PROPERTY L L 6130 W FLAMINGO RD # 402        LAS VEGAS NV 89103,002400   S LAS VEGAS             BLVD, ,355,867.8504518,38847.97266,867.8252134
133,160,40,-115.1539553,36.14393341, ,208,E,Sahara,16203401006,16203413023,Orion Outdoor Media,Green,UK,672,40,0,8/6/2003,SUP-2467,VAR-2468,RQR-30447;RQR-6777, ,14x48,1,300, ,3,SPATIAL,MEDIUM,Matched via spatial intersect (buffered point),,,,,,,,,,,,,,,,,,,,,,,,,,,,,,,,89104,,214,S & S C HOLDINGS L L C,,,,,,,,,208,,E,SAHARA,AVE,,,,,,,,,,,,,,,,,,,,0,,,,,,,,,0,,,,142811,,,,0,,,,,,,,,,,,,,,,,,,,,,,,,,,,,,,,,,,,,,,,,,,,,,,000208   E SAHARA                AVE,,,,,
134,161,36,-115.1529593,36.14398945, ,308,E,Sahara,16203414025,16203414025, ,Green,UK,672,40,0, , , , ,DONREY,14x48,0,300, ,3,APN,HIGH,Matched via APN/PARCEL exact join,282779,0,0,703,0,16203414025,703,703,162,03,4,14,025,214,2525-92,2525,1200,21379.77876,5350,E,15,10,1,570,,150972.2077,3,0,57,8235.233709,12.86755267,89104,436281,214,LA CUT WU L L C,3849 SYRACUSE DR,LAS VEGAS NV 89121, , , , ,891210000, ,308, ,E,SAHARA,AVE,LV, , , ,PB00030014  B1    L45, ,PARADISE VILLAGE TRACT #2,PLAT BOOK 3 PAGE 14,LOT 45 BLOCK 1, , , ,2027,1951,20230411, ,2.02304E+12, ,NS,212674,A,20230401, , , ,03,21,61,335000,1, ,0,49243, ,0,0,32222, ,0, ,0, ,0, ,0,0,46652,31604,0, ,0,0,0,0,0, ,0,0,0,N,20231117,20231117,0, ,040442022,0, ,162,16203,162034,16203414,162,162034140,034,140,25,89121,0,000308   E SAHARA                AVE L,0321  61,0003,0014,LA CUT WU L L C                 3849 SYRACUSE DR                LAS VEGAS NV 89121,000308   E SAHARA                AVE, ,335,340.1405583,7448.162109,340.1405583359919
135,162,37,-115.1520282,36.1439916, ,410,E,Sahara,16203414025,16203414025, ,Green,UK,672,40,0, , , , ,DONREY,14x48,0,300, ,3,APN,HIGH,Matched via APN/PARCEL exact join,282779,0,0,703,0,16203414025,703,703,162,03,4,14,025,214,2525-92,2525,1200,21379.77876,5350,E,15,10,1,570,,150972.2077,3,0,57,8235.233709,12.86755267,89104,436281,214,LA CUT WU L L C,3849 SYRACUSE DR,LAS VEGAS NV 89121, , , , ,891210000, ,308, ,E,SAHARA,AVE,LV, , , ,PB00030014  B1    L45, ,PARADISE VILLAGE TRACT #2,PLAT BOOK 3 PAGE 14,LOT 45 BLOCK 1, , , ,2027,1951,20230411, ,2.02304E+12, ,NS,212674,A,20230401, , , ,03,21,61,335000,1, ,0,49243, ,0,0,32222, ,0, ,0, ,0, ,0,0,46652,31604,0, ,0,0,0,0,0, ,0,0,0,N,20231117,20231117,0, ,040442022,0, ,162,16203,162034,16203414,162,162034140,034,140,25,89121,0,000308   E SAHARA                AVE L,0321  61,0003,0014,LA CUT WU L L C                 3849 SYRACUSE DR                LAS VEGAS NV 89121,000308   E SAHARA                AVE, ,335,340.1405583,7448.162109,340.1405583359919
136,163,38,-115.1509449,36.14397085, ,438,E,Sahara,16203416024,16203416024, ,Green,UK,672,40,0, , , , ,DONREY,14x48,0,300, ,3,APN,HIGH,Matched via APN/PARCEL exact join,536607,0,0,703,0,16203416024,703,703,162,03,4,16,024,214,2525-93,2525,1200,21379.77876,5350,E,15,10,1,570,,150972.2077,3,0,57,8235.233709,12.86755267,89104,436372,214,WATERS KERMITT L & JAN L,704 S 9TH ST,LAS VEGAS NV 89101-7015, , , , ,891017015, ,438, ,E,SAHARA,AVE,LV, , , ,PB00030066  B3    L3, ,PARADISE VILLAGE TRACT 4,PLAT BOOK 3 PAGE 66,LOT 3 BLOCK 3, , , ,2027,1952,19860811, ,1.98608E+12, ,JT,0, , , , , ,03,21,61,335000,1, ,0,46351, ,0,0,32638, ,0, ,0, ,0, ,0,0,43911,32011,0, ,0,0,0,0,0, ,0,0,0,N,20231117,20231117,0, ,040452009,0, ,162,16203,162034,16203416,162,162034160,034,160,24,89101,7015,000438   E SAHARA                AVE L,0321  61,0003,0066,WATERS KERMITT L & JAN L        704 S 9TH ST                    LAS VEGAS NV 89101-7015,000438   E SAHARA                AVE, ,335,337.89402,7094.884766,337.89401996599526
137,164,39,-115.1473839,36.14416423, ,536,E,Sahara,16203421019,16203421019, ,Green,UK,672,40,0, , , , ,DONREY,14x48,0,300, ,3,APN,HIGH,Matched via APN/PARCEL exact join,519332,0,0,703,0,16203421019,703,703,162,03,4,21,019,214,2525-94,2525,1200,21379.77876,5350,E,15,10,1,570,,150972.2077,3,0,57,8235.233709,12.86755267,89104,436503,214,L L C C L L L C,C/O K LEAVITT MGR,1980 FESTIVAL PLAZA DR STE 650,LAS VEGAS NV 89135, , , ,891350000, ,536, ,E,SAHARA,AVE,LV, , , ,PB00040047        L21, ,PARADISE PLAZA TRACT 1,PLAT BOOK 4 PAGE 47,LOT 21, , , ,2027,1958,20120824, ,2.01208E+12, ,NS,0, , , , , ,03,21,61,335000,1, ,0,46351, ,0,0,22003, ,0, ,0, ,0, ,0,0,43911,22294,0, ,0,0,0,0,0, ,0,0,0,N,20231117,20231117,0, ,16203421019,0, ,162,16203,162034,16203421,162,162034210,034,210,19,89135,0,000536   E SAHARA                AVE L,0321  61,0004,0047,L L C C L L L C                 C/O K LEAVITT MGR               1980 FESTIVAL PLAZA DR STE 650  LAS VEGAS NV 89135,000536   E SAHARA                AVE, ,335,329.4966929,6791.427734,329.49669286385557
138,165,42,-115.1447343,36.14421049, ,750,E,Sahara,16203801104,16203801104, ,Green,UK,672,40,0, , , , ,MARTIN,14x48,0,300, ,3,APN,HIGH,Matched via APN/PARCEL exact join,42038,0,0.64,701,0,16203801104,701,701,162,03,8,01,104,212,2525-96,2525,1200,21379.77876,5350,E,15,10,1,570,,150972.2077,3,0,57,8235.233709,12.86755267,89104,437563,212,S & L FAMILY TRUST,ZURAWSKI STANLEY M & LINDA A TRS,750 E SAHARA AVE,LAS VEGAS NV 89104, , , ,891040000, ,750, ,E,SAHARA,AVE,LV, , , ,PM00350015        L3, ,PARCEL MAP FILE 35 PAGE 15,LOT 3, , , , ,2027,1982,20180125, ,2.01801E+12, ,NS,0, , , , , ,03,21,61,358000,1, ,1,185389, ,0,0,309698, ,0, ,0, ,0, ,0,0,175631,317130,0, ,0,0,0,0,0, ,0,0,0,N,20231117,20231117,0, ,16203801104,0, ,162,16203,162038,16203801,162,162038011,038,011,04,89104,0,000750   E SAHARA                AVE L,0321  61,0035,0015,S & L FAMILY TRUST              ZURAWSKI STANLEY M & LINDA A TRS750 E SAHARA AVE                LAS VEGAS NV 89104,000750   E SAHARA                AVE, ,358,730.6896785,28569.34375,730.6896784518633
139,166,44,-115.1420892,36.14432974, ,946,E,Sahara,16203801113,16203801114, ,Green,UK,288,30,0, , , , ,DONREY,12x24,0,300, ,3,APN,HIGH,Matched via APN/PARCEL exact join,333541,0,0.1,701,0,16203801113,701,701,162,03,8,01,113,212,2525-97,2525,1200,21379.77876,5350,E,15,10,1,570,,150972.2077,3,0,57,8235.233709,12.86755267,89104,437572,212,R Z SAHARA INVESTMENTS L L C ETA,CHURCH TRINITY LIFE CENTER,376 W SAHARA AVE,LAS VEGAS NV 89102, , , ,891020000, ,900, ,E,SAHARA,AVE,LV, , , ,00000000, ,PT SW4 SE4 SEC 03 21 61, , , , , ,2027,1972,20220406, ,2.02204E+12, ,NS,625000,M,20220301, , , ,03,21,61,330000,1, ,0,28967, ,0,0,901, ,0, ,0, ,0, ,0,0,27443,882,0, ,0,0,0,0,0, ,0,0,0,Y,20231117,20231117,0, ,16203801113,0, ,162,16203,162038,16203801,162,162038011,038,011,13,89102,0,000900   E SAHARA                AVE L,0321  61,0000,0000,R Z SAHARA INVESTMENTS L L C ETACHURCH TRINITY LIFE CENTER      376 W SAHARA AVE                LAS VEGAS NV 89102,000900   E SAHARA                AVE, ,330,371.6564754,4757.041016,371.6564753637176
140,167,43,-115.1382594,36.14452971, ,1140,E,Sahara,16203812005,16203802007, ,Green,UK,672,55,0, ,U-44-86, , , ,14x48,0,300, ,3,SPATIAL,MEDIUM,Matched via spatial intersect (buffered point),,,,,,,,,,,,,,,,,,,,,,,,,,,,,,,,89104,,212,F E M L L C,,,,,,,,,0,,,,,,,,,,,,,,,,,,,,,,,,0,,,,,,,,,365000,,,,304158,,,,209863,,,,,,,,,,,,,,,,,,,,,,,,,,,,,,,,,,,,,,,,,,,,,,,000000,,,,,
141,168,21,-115.1351828,36.14453779, ,1300,E,Sahara,16202410095,16202410095, ,Green,UK,672,40,0, , , , ,YESCO,14x48,0,300, ,3,APN,HIGH,Matched via APN/PARCEL exact join,597552,0,0,703,0,16202410095,703,703,162,02,4,10,095,200,2526-91,2526,1300,19091.79862,5565,E,15,10,1,573,,150972.2077,3,0,57,8235.233709,12.86755267,89104,434168,200,HABASHI SOLIMAN,BISHARA SHERIN,4529 ROCKPINE DR,NORTH LAS VEGAS NV 89081, , , ,890810000, ,1300, ,E,SAHARA,AVE,LV, , , ,PB00040014  B5    L6, ,FRANCISCO PARK,PLAT BOOK 4 PAGE 14,LOT 6 BLOCK 5, , , ,2027,1954,20060309, ,2.00603E+12, ,JT,750000,M,20060301, , , ,02,21,61,410000,1, ,0,28509, ,0,0,36920, ,0, ,0, ,0, ,0,0,29157,36207,0, ,0,0,0,0,0, ,0,0,0,N,20231117,20231117,0, ,16202410095,0, ,162,16202,162024,16202410,162,162024100,024,100,95,89081,0,001300   E SAHARA                AVE L,0221  61,0004,0014,HABASHI SOLIMAN                 BISHARA SHERIN                  4529 ROCKPINE DR                NORTH LAS VEGAS NV 89081,001300   E SAHARA                AVE, ,410,346.9011512,7390.316406,346.9011512
142,169,23,-115.134048,36.14455809, ,1380,E,Sahara,16202410117,16202410117, ,Green,UK,672,40,0, , , , ,DONREY,14x48,0,300, ,3,APN,HIGH,Matched via APN/PARCEL exact join,814331,0,0,703,0,16202410117,703,703,162,02,4,10,117,200,2526-92,2526,1300,19091.79862,5565,E,15,10,1,573,,150972.2077,3,0,57,8235.233709,12.86755267,89104,434190,200,SAHARA138 L L C,1809 WHITE HAWK CT,LAS VEGAS NV 89134, , , , ,891340000, ,1380, ,E,SAHARA,AVE,LV, , , ,PB00040014  B6    L12, ,FRANCISCO PARK,PLAT BOOK 4 PAGE 14,LOT 12 BLOCK 6, , , ,2027,1954,20180831, ,2.01808E+12, ,NS,562500,M,20180801, , , ,02,21,61,335000,1, ,0,30188, ,0,0,39125, ,0, ,0, ,0, ,0,0,30874,38325,0, ,0,0,0,0,0, ,0,0,0,N,20231117,20231117,0, ,16202410117,0, ,162,16202,162024,16202410,162,162024101,024,101,17,89134,0,001380   E SAHARA                AVE L,0221  61,0004,0014,SAHARA138 L L C                 1809 WHITE HAWK CT              LAS VEGAS NV 89134,001380   E SAHARA                AVE, ,335,362.2321401,7866.736328,362.2321400769748
143,170,22,-115.1326567,36.14461881, ,1500,E,Sahara,16202410140,16202410140, ,Green,UK,672,40,0, , , , ,YESCO,14x48,0,300, ,3,APN,HIGH,Matched via APN/PARCEL exact join,735800,0,0,703,0,16202410140,703,703,162,02,4,10,140,200,2526-93,2526,1300,19091.79862,5565,E,15,10,1,573,,150972.2077,3,0,57,8235.233709,12.86755267,89104,434213,200,UMEH JEREMIAH CHIDI & CHISOM,1358 DUNFORD CT,HENDERSON NV 89012, , , , ,890120000, ,1500, ,E,SAHARA,AVE,LV, , , ,PB00040014  B8    L10, ,FRANCISCO PARK,PLAT BOOK 4 PAGE 14,LOT 10 BLOCK 8,& LOT 11, , ,2027,1965,20251006, ,2.0251E+12, ,JT,1290000,R,20251001, , , ,02,21,61,335000,1, ,0,62050, ,0,0,80133, ,0, ,0, ,0, ,0,0,63461,78585,0, ,0,0,0,0,0, ,0,0,0,N,20251112,20251112,0, ,16202410140,0, ,162,16202,162024,16202410,162,162024101,024,101,40,89012,0,001500   E SAHARA                AVE L,0221  61,0004,0014,UMEH JEREMIAH CHIDI & CHISOM    1358 DUNFORD CT                 HENDERSON NV 89012,001500   E SAHARA                AVE, ,335,499.5008549,16075.6875,499.5008549233243
144,171,24,-115.1311629,36.14466213, ,1550,E,Sahara,16202411022,16202411022, ,Green,UK,672,0,0, , , , ,DONREY,14x48,0,300, ,3,APN,HIGH,Matched via APN/PARCEL exact join,253276,0,0,703,0,16202411022,703,703,162,02,4,11,022,200,2526-93,2526,1300,19091.79862,5565,E,15,10,1,573,,150972.2077,3,0,57,8235.233709,12.86755267,89104,434253,200,JOSEPHS FAMILY L P,3471 W OQUENDO RD STE 301,LAS VEGAS NV 89118, , , , ,891180000, ,1556, ,E,SAHARA,AVE,LV, , , ,PB00040083  B6    L24, ,FRANCISCO PARK #02,PLAT BOOK 4 PAGE 83,LOT 24 BLOCK 6, , , ,2027,1956,19980210, ,1.99802E+12, ,NS,0, , , , , ,02,21,61,358000,1, ,0,28509, ,0,0,18887, ,0, ,0, ,0, ,0,0,29157,18753,0, ,0,0,0,0,0, ,0,0,0,N,20250410,20250410,0, ,16202411022,0, ,162,16202,162024,16202411,162,162024110,024,110,22,89118,0,001556   E SAHARA                AVE L,0221  61,0004,0083,JOSEPHS FAMILY L P              3471 W OQUENDO RD STE 301       LAS VEGAS NV 89118,001556   E SAHARA                AVE, ,358,349.3286453,7302.107422,349.3286453340409
145,172,26,-115.1227412,36.14464528, ,1914,E,Sahara,16202811026,16202811025,Clear Channel Outdoor,Red,CC,672,40,0, , , , , ,14x48,0,300, ,3,APN,HIGH,Matched via APN/PARCEL exact join,206001,0,0,703,0,16202811026,703,703,162,02,8,11,026,200,2526-98,2526,1402,20339.88725,5565,E,15,10,1,573,,150972.2077,3,0,57,8235.233709,12.86755267,89104,435400,200,CLEAR CHANNEL OUTDOOR INC,4830 N LOOP 1604 W STE 111,SAN ANTONIO TX 78249, , , , ,782490000, ,0, , , , ,LV, ,CA-7/11/01, ,PB00020012  B7    L25, ,METROPOLITAN ADD AMD,PLAT BOOK 2 PAGE 12,LOT 25 BLOCK 7,& LOT 26, , ,2027,0,20001016, ,2.0001E+12, ,NS,36000,R,20001001, , , ,02,21,61,0,0, ,0,18449, ,0,0,0, ,0, ,0, ,0, ,0,0,18869,0,0, ,0,0,0,0,0, ,0,0,0,N,20231117,20231117,0, ,16202811026,0, ,162,16202,162028,16202811,162,162028110,028,110,26,78249,0,000000                               L,0221  61,0002,0012,CLEAR CHANNEL OUTDOOR INC       4830 N LOOP 1604 W STE 111      SAN ANTONIO TX 78249,000000, ,0,283.6271192,4704.367188,283.62711915492395
146,173,28,-115.1221104,36.14460137, ,1920,E,Sahara,16202811067,16202811067,LAMAR,Orange,LM,672,40,0, , , , , ,14x48,0,300, ,3,APN,HIGH,Matched via APN/PARCEL exact join,57634,0,0,703,0,16202811067,703,703,162,02,8,11,067,200,2526-98,2526,1402,20339.88725,5565,E,15,10,1,573,,150972.2077,3,0,57,8235.233709,12.86755267,89104,435435,200,1920 E SAHARA L L C,24 TRAILSIDE CT,HENDERSON NV 89012, , , , ,890120000, ,1920, ,E,SAHARA,AVE,LV, , , ,PB00020012PTB8    L21, ,METROPOLITAN ADD AMD,PLAT BOOK 2 PAGE 12,PT LOT 21 BLOCK 8,& PT LOT 22 & VAC RD, , ,2027,1978,20180518, ,2.01805E+12, ,NS,725000,M,20180501, , , ,02,21,61,335000,1, ,0,18449, ,0,0,75280, ,0, ,0, ,0, ,0,0,18869,76922,0, ,0,0,0,0,0, ,0,0,0,N,20231117,20231117,0, ,16202811067,0, ,162,16202,162028,16202811,162,162028110,028,110,67,89012,0,001920   E SAHARA                AVE L,0221  61,0002,0012,1920 E SAHARA L L C             24 TRAILSIDE CT                 HENDERSON NV 89012,001920   E SAHARA                AVE, ,335,278.6349015,4620.570313,278.6228040269691
147,174,27,-115.1207024,36.14466438, ,1942,E,Sahara,16202811116,16202811116,Clear Channel Outdoor,Red,CC,288,40,0, , , , , ,14x48,0,300, ,3,APN,HIGH,Matched via APN/PARCEL exact join,267331,0,0,703,0,16202811116,703,703,162,02,8,11,116,200,2526-99,2526,1402,20339.88725,5565,E,15,10,1,573,,150972.2077,3,0,57,8235.233709,12.86755267,89104,435479,200,RIBAUDO FAMILY TRUST,CANZONA CONCETTA RIBAUDO TRS,C/O C CANZONA,PO BOX 291698,LOS ANGELES CA 90029, , ,900290000, ,1942, ,E,SAHARA,AVE,LV, , , ,PB00020012  B9    L17, ,METROPOLITAN ADD AMD,PLAT BOOK 2 PAGE 12,LOT 17 BLOCK 9,& LOT 18 & VAC RD, , ,2027,1972,20180924, ,2.01809E+12, ,NS,725000,M,20180901, , , ,02,21,61,358000,1, ,0,18449, ,0,0,27103, ,0, ,0, ,0, ,0,0,18869,27015,0, ,0,0,0,0,0, ,0,0,0,N,20231117,20231117,0, ,16202811116,0, ,162,16202,162028,16202811,162,162028111,028,111,16,90029,0,001942   E SAHARA                AVE L,0221  61,0002,0012,RIBAUDO FAMILY TRUST            CANZONA CONCETTA RIBAUDO TRS    C/O C CANZONA                   PO BOX 291698                   LOS ANGELES CA 90029,001942   E SAHARA                AVE, ,358,279.0497338,4650.179688,279.03996049694126
148,175,5,-115.1165228,36.14468762, ,2333,E,Sahara,16201401005,16201401006,Clear Channel Outdoor,Red,CC,672,40,0, , , , , ,14x48,0,300, ,3,APN,HIGH,Matched via APN/PARCEL exact join,817900,0,0.99,701,0,16201401005,701,701,162,01,4,01,005,200,2527-91,2527,1402,20339.88725,5563,E,14,21,1,576,,150972.2077,3,0,57,8235.233709,12.86755267,89104,432806,200,FEDERATED EMPLOYERS NEVADA INC,2303 E SAHARA AVE,LAS VEGAS NV 89104-4138, , , , ,891044138, ,2303, ,E,SAHARA,AVE,LV,201,SF 179-35, ,00000000, ,PT SW4 SW4 SEC 01-21-61, , , , , ,2027,1979,19861121, ,1.98611E+12, ,NS,0, , , , , ,01,21,61,335000,1, ,1,157726, ,0,0,63087, ,0, ,0, ,0, ,0,0,161349,59511,0, ,0,0,0,0,0, ,0,0,0,N,20231117,20231117,0, ,050550008,0, ,162,16201,162014,16201401,162,162014010,014,010,05,89104,4138,002303   E SAHARA                AVE L,0121  61,0000,0000,FEDERATED EMPLOYERS NEVADA INC  2303 E SAHARA AVE               LAS VEGAS NV 89104-4138,002303   E SAHARA                AVE, ,335,1253.829885,42482.63086,1253.8298846741825
149,176,4,-115.1185271,36.145668, ,2329,S,Eastern,16201499010,16201401003,Clear Channel Outdoor,Red,CC,672,40,0,5/3/1972,Z-30-72, , , ,14x48,0,300, ,3,NONE,NONE,No parcel match (ROW/easement/geometry mismatch or missing APN/address),,,,,,,,,,,,,,,,,,,,,,,,,,,,,,,,89104,,200,,,,,,,,,,0,,,,,,,,,,,,,,,,,,,,,,,,0,,,,,,,,,0,,,,0,,,,0,,,,,,,,,,,,,,,,,,,,,,,,,,,,,,,,,,,,,,,,,,,,,,,,,,,,
150,177,21,-115.1822342,36.13017981, ,3200,S,Rancho,16208418002,16208401004,LAMAR,Orange,LM,672,55,0,11/30/1995,U-101-95, ,RQR-33287; RQR-5513, ,14x48,1,750, ,1,APN,HIGH,Matched via APN/PARCEL exact join,576074,0,14.72,807,0,16208418002,807,807,162,08,4,18,002,212,2623-85,2623,2201,24882.77491,6711,F,15,10,3,605,,150972.2077,3,0,57,8235.233709,12.86755267,89102,444713,212,INTEGRAL PTNRS PARK PL L V LLC,C/O FISHER BROTHERS,299 PARK AVE 42ND FL,NEW YORK NY 10171-4299, , , ,101714299, ,3215, ,S,RANCHO,DR,LV, ,C-20060301:385, ,PB01180022PT      L1, ,FLETCHER JONES IMPORTS PROPERTY,PLAT BOOK 118 PAGE 22,PT LOT 1, , , ,2027,2019,20051121, ,2.00511E+12, ,NS,50000000,R,20051101, , , ,08,21,61,200000,1, ,15,2378863, ,0,0,8417455, ,0, ,0, ,0, ,0,0,2154442,8390932,0, ,0,0,0,0,0, ,0,0,0,N,20231117,20231117,0, ,16208418001,0, ,162,16208,162084,16208418,162,162084180,084,180,02,10171,4299,003215   S RANCHO                DR  L,0821  61,0118,0022,INTEGRAL PTNRS PARK PL L V LLC  C/O FISHER BROTHERS             299 PARK AVE 42ND FL            NEW YORK NY 10171-4299,003215   S RANCHO                DR, ,200,3982.155665,641336.2813,3982.1556653848506
151,178,9,-115.1887322,36.13039207,AA,3720,W,DESERT INN,16208410033,16208410033,LAMAR,Orange,LM,672,40,752,2/1/1995,U-300-94, ,RQR-31822; U-300-94(1)&(2), ,14x48,1,300, ,1,APN,HIGH,Matched via APN/PARCEL exact join,105603,0,0,703,0,16208410033,703,703,162,08,4,10,033,200,2623-91,2623,2201,24882.77491,6711,F,15,10,3,605,,150972.2077,3,0,57,8235.233709,12.86755267,89102,444702,200,3720 W DESERT INN L L C,5008 MOUNTAIN CREEK DR,LAS VEGAS NV 89148, , , , ,891480000, ,3720, ,W,DESERT INN,RD,LV, , , ,PB00030088  B10   L4, ,STARLIGHT PARK SUB,PLAT BOOK 3 PAGE 88,LOT 4 BLOCK 10, , , ,2027,1988,20220301, ,2.02203E+12, ,NS,1500000,M,20220101, , , ,08,21,61,370000,1, ,0,90904, ,0,0,124447, ,0, ,0, ,0, ,0,0,82328,126501,0, ,0,0,0,0,0, ,0,0,0,N,20231117,20231117,0, ,070693006,0, ,162,16208,162084,16208410,162,162084100,084,100,33,89148,0,003720   W DESERT INN            RD  L,0821  61,0003,0088,3720 W DESERT INN L L C         5008 MOUNTAIN CREEK DR          LAS VEGAS NV 89148,003720   W DESERT INN            RD, ,370,585.3460618,19685.63281,585.3460618070856
152,179,11,-115.1900522,36.13205236,AA,3180,S,VALLEY VIEW,16208410018,16208410018,Clear Channel Outdoor,Red,CC,672,40,1009,4/14/1995,U-23-95, ,RQR-34329;RQR-17661; RQR-4664, ,14x48,0,300, ,1,APN,HIGH,Matched via APN/PARCEL exact join,469511,0,0,703,0,16208410018,703,703,162,08,4,10,018,200,2623-81,2623,2201,24882.77491,6711,F,15,10,3,605,,150972.2077,3,0,57,8235.233709,12.86755267,89102,444691,200,SHOSHONE CATTLE LAND & DEV CO,4560 S DEACTUR BLVD # 202,LAS VEGAS NV 89103-5252, , , , ,891035252, ,3200, ,S,VALLEY VIEW,BLVD,LV,200, , ,PB00030088  B11   L1, ,STARLIGHT PARK SUB,PLAT BOOK 3 PAGE 88,LOT 1 BLOCK 11,& LOT 2, , ,2027,1997,20090109, ,2.00901E+12, ,NS,3250000,R,20070601, , , ,08,21,61,338000,1, ,1,165229, ,0,0,593580, ,0, ,0, ,0, ,0,0,149030,602065,0, ,0,0,0,0,0, ,0,0,0,N,20231117,20231117,0, ,16208410018,0, ,162,16208,162084,16208410,162,162084100,084,100,18,89103,5252,003200   S VALLEY VIEW           BLVDL,0821  61,0003,0088,SHOSHONE CATTLE LAND & DEV CO   4560 S DEACTUR BLVD # 202       LAS VEGAS NV 89103-5252,003200   S VALLEY VIEW           BLVD, ,338,765.7761363,37140.73438,765.7761362452786
153,181,19,-115.1901877,36.13469141, ,3052,S,Valley View,16208302010,16208302010, ,Green,UK,576,40,1503,6/13/1996,U-26-96, ,RQR-32966, ,24x24,0,300, ,1,APN,HIGH,Matched via APN/PARCEL exact join,140239,0,0.29,701,0,16208302010,701,701,162,08,3,02,010,200,2623-71,2623,2201,24882.77491,5545,E,10,3,3,605,,150972.2077,3,0,57,8235.233709,12.86755267,89102,444629,200,PALAFOX CREATIVE IRONWORKS INC,3052 S VALLEY VIEW BLVD,LAS VEGAS NV 89102, , , , ,891020000, ,3052, ,S,VALLEY VIEW,BLVD,LV,B, , ,00000000, ,PT NW4 SW4         SEC 08 21 61, , , , , ,2027,1965,20221107, ,2.02211E+12, ,NS,490000,P,20221101, , , ,08,21,61,378000,1, ,0,56370, ,0,0,38505, ,0, ,0, ,0, ,0,0,50844,38011,0, ,0,0,0,0,0, ,0,0,0,N,20231117,20231117,0, ,070700028,0, ,162,16208,162083,16208302,162,162083020,083,020,10,89102,0,003052   S VALLEY VIEW           BLVDL,0821  61,0000,0000,PALAFOX CREATIVE IRONWORKS INC  3052 S VALLEY VIEW BLVD         LAS VEGAS NV 89102,003052   S VALLEY VIEW           BLVD, ,378,612.1734459,12414.58594,612.1734458820794
154,182,8,-115.1907029,36.13678302,AA,3001,S,VALLEY VIEW,16207702004,16207702004,LAMAR,Orange,LM,672,40,859,4/18/1995,U-193-94, , , ,14x48,0,300, ,1,APN,HIGH,Matched via APN/PARCEL exact join,202216,0.75,0.74,701,0,16207702004,701,701,162,07,7,02,004,200,2622-59,2622,2204,11019.94158,5545,E,10,3,3,603,,150972.2077,3,0,57,8235.233709,12.86755267,89102,444087,200,MILLER JOAN L 1993 TRUST,FERGUSON LISA ANN MILLER TRS,C/O SEVEN ELEVEN INC ~ C/O FOX D,PO BOX 711,DALLAS TX 75221-0711, , ,752210711, ,3001, ,S,VALLEY VIEW,BLVD,LV, , , ,00000000, ,PT NE4 SE4 SEC 07 21 61, , , , , ,2027,1974,20161109, ,2.01611E+12, ,NS,0, , , , , ,07,21,61,358000,1, ,1,143844, ,0,0,34780, ,0, ,0, ,0, ,0,0,129742,34731,0, ,0,0,0,0,0, ,0,0,0,N,20231117,20231117,0, ,070760008,0, ,162,16207,162077,16207702,162,162077020,077,020,04,75221,711,003001   S VALLEY VIEW           BLVDL,0721  61,0000,0000,MILLER JOAN L 1993 TRUST        FERGUSON LISA ANN MILLER TRS    C/O SEVEN ELEVEN INC ~ C/O FOX DPO BOX 711                      DALLAS TX 75221-0711,003001   S VALLEY VIEW           BLVD, ,358,741.4111418,32489.94531,741.3727575643421
155,183,12,-115.1904401,36.14305955, ,2562,S,Valley View,16208101005,16208101005,LAMAR,Orange,LM,672,40,0, , , , , ,14x48,0,300, ,1,APN,HIGH,Matched via APN/PARCEL exact join,578427,0,0.43,701,0,16208101005,701,701,162,08,1,01,005,200,2623-11,2623,2201,24882.77491,5030,E,10,3,4,604,,150972.2077,3,0,57,8235.233709,12.86755267,89102,444305,200,JAK T D FAMILY L P,4755 DEAN MARTIN DR,LAS VEGAS NV 89103, , , , ,891030000, ,2558, ,S,VALLEY VIEW,BLVD,LV, , , ,PM00440047        L3, ,PARCEL MAP FILE 44 PAGE 47,LOT 3, , , , ,2027,1986,20030410, ,2.00304E+12, ,NS,1050000,R,20030401, , , ,08,21,61,355000,1, ,0,108958, ,0,0,111416, ,0, ,0, ,0, ,0,0,108958,115857,0, ,0,0,0,0,0, ,0,0,0,N,20240214,20240214,0, ,16208101005,0, ,162,16208,162081,16208101,162,162081010,081,010,05,89103,0,002558   S VALLEY VIEW           BLVDL,0821  61,0044,0047,JAK T D FAMILY L P              4755 DEAN MARTIN DR             LAS VEGAS NV 89103,002558   S VALLEY VIEW           BLVD, ,355,551.7989074,19224.41992,551.7989074216739
156,184,7,-115.1926773,36.15988642,AA,3900,W,CHARLESTON,13931801018,13931801018,LAMAR,Orange,LM,672,55,348,6/2/1994,U-43-94, ,RQR-18678; 12172; 5171; 2860,Denied 6/20/07,14x48,1,300, ,1,APN,HIGH,Matched via APN/PARCEL exact join,294750,0,3.06,701,0,13931801018,701,701,139,31,8,01,018,213,2422-97,2422,105,19501.19535,3045,C,10,3,4,524,,161583.3057,1,0,83,11202.31054,17.50361022,89102,318779,213,D J S DEVELOPMENT L L C,16461 SHERMAN WAY # 140,VAN NUYS CA 91406, , , , ,914060000, ,3920, ,W,CHARLESTON,BLVD,LV, , , ,00000000, ,PT SW4 SE4 SEC 31 20 61, , , , , ,2027,1972,20160908, ,2.01609E+12, ,NS,3500000,R,20160901, , , ,31,20,61,335000,1, ,3,816426, ,0,0,809351, ,0, ,0, ,0, ,0,0,699794,826230,0, ,0,0,0,0,0, ,0,0,0,N,20251006,20251006,0, ,13931801012,0, ,139,13931,139318,13931801,139,139318010,318,010,18,91406,0,003920   W CHARLESTON            BLVDL,3120  61,0000,0000,D J S DEVELOPMENT L L C         16461 SHERMAN WAY # 140         VAN NUYS CA 91406,003920   W CHARLESTON            BLVD, ,335,1494.652432,133415.7773,1494.6524323074348
157,185,11,-115.192694,36.16211797,AA,820,S,VALLEY VIEW,13931801002,13931801002,Clear Channel Outdoor,Red,CC,672,40,746,1/27/1995,SUP-4521; U-296-94, ,RQR-34682, ,14x48,1,300, ,1,APN,HIGH,Matched via APN/PARCEL exact join,663855,0,0.33,701,0,13931801002,701,701,139,31,8,01,002,213,2422-87,2422,105,19501.19535,3045,C,10,3,4,524,,161583.3057,1,0,83,11202.31054,17.50361022,89107,318773,213,SAFETY INSTITUTE BUILDING L L C,PO BOX 751523,LAS VEGAS NV 89131, , , , ,891310000, ,820, ,S,VALLEY VIEW,BLVD,LV,100, , ,PM00310049PT      L2, ,PARCEL MAP FILE 31 PAGE 49,PT LOT 2, , , , ,2027,1986,20140128, ,2.01401E+12, ,NS,662500,R,20140101, , , ,31,20,61,335000,1, ,0,80500, ,0,0,208105, ,0, ,0, ,0, ,0,0,75469,211628,0, ,0,0,0,0,0, ,0,0,0,N,20231117,20231117,0, ,13931801002,0, ,139,13931,139318,13931801,139,139318010,318,010,02,89131,0,000820   S VALLEY VIEW           BLVDL,3120  61,0031,0049,SAFETY INSTITUTE BUILDING L L C PO BOX 751523                   LAS VEGAS NV 89131,000820   S VALLEY VIEW           BLVD, ,335,486.8885748,14656.31055,486.88857477979053
158,186,29,-115.2061957,36.16042892, ,4800, ,Alpine,13836802009,13836802009,LAMAR,Orange,LM,672,40,0, ,U-27-93, ,RQR-9376; RQR-2903,Denied 1/18/06,14x48,0,300, ,1,APN,HIGH,Matched via APN/PARCEL exact join,523516,0,0.78,701,0,13836802009,701,701,138,36,8,02,009,213,2421-99,2421,107,15976.53479,3000,C,10,3,4,523,,161583.3057,1,0,83,11202.31054,17.50361022,89107,269908,213,FOUNDATION FOR RECOVERY INC,4800 ALPINE PL STE 12,LAS VEGAS NV 89107, , , , ,891070000, ,4800, , ,ALPINE,PL,LV, , , ,PM00520006        L1, ,PARCEL MAP FILE 52 PAGE 6,LOT 1,& LOT 2, , , ,2027,1996,20220422, ,2.02204E+12, ,NS,3850000,R,20220401, , , ,36,20,60,335000,1, ,1,184325, ,0,0,675718, ,0, ,0, ,0,40,751850,0,172433,663860,0, ,731088,0,0,0,0, ,0,0,0,N,20231117,20231117,0, ,13836802008,0, ,138,13836,138368,13836802,138,138368020,368,020,09,89107,0,004800     ALPINE                PL  L,3620  60,0052,0006,FOUNDATION FOR RECOVERY INC     4800 ALPINE PL STE 12           LAS VEGAS NV 89107,004800     ALPINE                PL, ,335,717.032176,32208.52734,717.0321760293017
159,187,24,-115.2075783,36.15551466,AA,1351,S,DECATUR,16206211001,16206211001,LAMAR,Orange,LM,672,40,836,3/30/1995,U-185-89, ,RQR-39435; 23916; 6793; 4282, ,14x48,1,300, ,1,APN,HIGH,Matched via APN/PARCEL exact join,349388,0,1.9000000000000001,811,0,16206211001,811,811,162,06,2,11,001,213,2522-31,2522,1004,23018.88734,3043,C,10,3,4,550,,161583.3057,1,0,83,11202.31054,17.50361022,89102,441005,213,F C P T RESTAURANT PROPERTIES L,1000 DARDEN CENTER DR,ORLANDO FL 32837, , , , ,328370000, ,1361, ,S,DECATUR,BLVD,LV, , , ,PB00400023PT      L1, ,CHARLESTON HGTS 35D,PLAT BOOK 40 PAGE 23,PT LOT 1, , , ,2027,1991,20151113, ,2.01511E+12, ,NS,0, , , , , ,06,21,61,360000,1, ,2,434511, ,0,0,422320, ,0, ,0, ,0, ,0,0,405544,436966,0, ,0,0,0,0,0, ,0,0,0,N,20231117,20231117,0, ,16206211001,0, ,162,16206,162062,16206211,162,162062110,062,110,01,32837,0,001361   S DECATUR               BLVDL,0621  61,0040,0023,F C P T RESTAURANT PROPERTIES L 1000 DARDEN CENTER DR           ORLANDO FL 32837,001361   S DECATUR               BLVD, ,360,1303.145008,99468.44336,1303.1450078143225
160,188,29,-115.2077119,36.15376446, ,1611,S,Decatur,16206211003,16206211003,Clear Channel Outdoor,Red,CC,288,40,0, , , , , ,12x24,9,300, ,1,APN,HIGH,Matched via APN/PARCEL exact join,527726,0,1.28,811,0,16206211003,811,811,162,06,2,11,003,213,2522-41,2522,1004,23018.88734,3043,C,10,3,4,550,,161583.3057,1,0,83,11202.31054,17.50361022,89102,441007,213,O'REILLY AUTO ENTERPRISES L L C,PO BOX 9167,SPRINGFIELD MO 65801, , , , ,658010000, ,1611, ,S,DECATUR,BLVD,LV, , , ,PB00400023PT      L1, ,CHARLESTON HGTS 35D,PLAT BOOK 40 PAGE 23,PT LOT 1, , , ,2027,2013,20141017, ,2.0141E+12, ,NS,700000,R,20110901, , , ,06,21,61,370000,1, ,1,292724, ,0,0,712262, ,0, ,0, ,0, ,0,0,273209,720290,0, ,0,0,0,0,0, ,0,0,0,N,20231117,20231117,0, ,16206211003,0, ,162,16206,162062,16206211,162,162062110,062,110,03,65801,0,001611   S DECATUR               BLVDL,0621  61,0040,0023,O'REILLY AUTO ENTERPRISES L L C PO BOX 9167                     SPRINGFIELD MO 65801,001611   S DECATUR               BLVD, ,370,948.2821909,56145.07813,948.2821908673927
161,189,30,-115.2077511,36.15245804, ,1617,S,Decarut,16206211004,16206211004,Clear Channel Outdoor,Red,CC,672,40,0, , , , , ,14x48,1,300, ,1,APN,HIGH,Matched via APN/PARCEL exact join,388975,0,1.32,811,0,16206211004,811,811,162,06,2,11,004,213,2522-41,2522,1004,23018.88734,3043,C,10,3,4,550,,161583.3057,1,0,83,11202.31054,17.50361022,89102,441008,213,1617 DECATUR L L C,C/O BECKER ENTERPRISES LLC,50 S JONES BLVD # 100,LAS VEGAS NV 89107-2672, , , ,891072672, ,1617, ,S,DECATUR,BLVD,LV, , , ,PB00400023PT      L1, ,CHARLESTON HGTS 35D,PLAT BOOK 40 PAGE 23,PT LOT 1, , , ,2027,1986,20120329, ,2.01203E+12, ,NS,0, , , , , ,06,21,61,360000,1, ,1,301870, ,0,0,252033, ,0, ,0, ,0, ,0,0,281745,262357,0, ,0,0,0,0,0, ,0,0,0,N,20231117,20231117,0, ,16206211004,0, ,162,16206,162062,16206211,162,162062110,062,110,04,89107,2672,001617   S DECATUR               BLVDL,0621  61,0040,0023,1617 DECATUR L L C              C/O BECKER ENTERPRISES LLC      50 S JONES BLVD # 100           LAS VEGAS NV 89107-2672,001617   S DECATUR               BLVD, ,360,1004.631944,57945.00391,1004.6195231047782
162,190,27,-115.2085552,36.15194965, ,1624,S,Decatur,16301602006,16301602006,LAMAR,Orange,LM,672,40,0, ,U-130-95, , , ,14x48,1,300, ,1,APN,HIGH,Matched via APN/PARCEL exact join,460295,0.38,0.4,701,0,16301602006,701,701,163,01,6,02,006,213,2521-59,2521,1003,21474.83292,3003,C,10,3,4,548,,161583.3057,1,0,83,11202.31054,17.50361022,89146,484652,213,SCOUT VENTURES NEVADA L L C,7621 LARDEO ST,LAS VEGAS NV 89117, , , , ,891170000, ,1624, ,S,DECATUR,BLVD,LV, , , ,PM00360019        L2, ,PARCEL MAP FILE 36 PAGE 19,LOT 2, , , , ,2027,1981,20180928, ,2.01809E+12, ,NS,625000,R,20130901, , , ,01,21,60,358000,1, ,0,115870, ,0,0,56488, ,0, ,0, ,0, ,0,0,109771,58974,0, ,0,0,0,0,0, ,0,0,0,N,20231117,20231117,0, ,16301602006,0, ,163,16301,163016,16301602,163,163016020,016,020,06,89117,0,001624   S DECATUR               BLVDL,0121  60,0036,0019,SCOUT VENTURES NEVADA L L C     7621 LARDEO ST                  LAS VEGAS NV 89117,001624   S DECATUR               BLVD, ,358,549.4397772,16686.83398,549.4397771804912
163,191,33,-115.2076505,36.15129712, ,1701,S,Decatur,16206301001,16206301001,Clear Channel Outdoor,Red,CC,672,40,1298,1/16/1996,U-135-95, ,RQR-38940; RQR-6149; RQR-1791, ,14x48,1,300,Finalled,1,APN,HIGH,Matched via APN/PARCEL exact join,745995,0,0.51,701,0,16206301001,701,701,162,06,3,01,001,213,2522-51,2522,1004,23018.88734,3039,C,10,3,4,551,,161583.3057,1,0,83,11202.31054,17.50361022,89102,441205,213,LAZAROU REAL ESTATE L L C,1701 S DECATUR BLVD,LAS VEGAS NV 89102, , , , ,891020000, ,1701, ,S,DECATUR,BLVD,LV, , , ,PM00340087        L1, ,PARCEL MAP FILE 34 PAGE 87,LOT 1, , , , ,2027,1982,20200226, ,2.02002E+12, ,NS,2300000,R,20200201, , , ,06,21,61,358000,1, ,1,147736, ,0,0,167410, ,0, ,0, ,0, ,0,0,139961,174738,0, ,0,0,0,0,0, ,0,0,0,N,20231117,20231117,0, ,16206301001,0, ,162,16206,162063,16206301,162,162063010,063,010,01,89102,0,001701   S DECATUR               BLVDL,0621  61,0034,0087,LAZAROU REAL ESTATE L L C       1701 S DECATUR BLVD             LAS VEGAS NV 89102,001701   S DECATUR               BLVD, ,358,589.847195,22303.02539,589.8471949
164,192,34,-115.207697,36.1498989, ,2003,S,Decatur,16206301004,16206301003,Clear Channel Outdoor,Red,CC,672,40,0, ,U-03-91, ,RQR-32951; U-03-91(1), ,14x48,1,300, ,1,APN,HIGH,Matched via APN/PARCEL exact join,350219,0,1.76,701,0,16206301004,701,701,162,06,3,01,004,213,2522-71,2522,1004,23018.88734,3039,C,10,3,4,551,,161583.3057,1,0,83,11202.31054,17.50361022,89102,441208,213,BOUKATHER GEORGE A TRUST,BOUKATHER GEORGE A & REBECCA NUA,PO BOX 10578,NEWPORT BEACH CA 92658, , , ,926580000, ,2027, ,S,DECATUR,BLVD,LV, , , ,PM00670052        L2, ,PARCEL MAP FILE 67 PAGE 52,LOT 2, , , , ,2027,1991,20150116, ,2.01501E+12, ,NS,5100000,M,20150101, , , ,06,21,61,370000,1, ,2,402497, ,0,0,528442, ,0, ,0, ,0, ,0,0,375663,535545,0, ,0,0,0,0,0, ,0,0,0,N,20260112,20260112,0, ,16206301004,0, ,162,16206,162063,16206301,162,162063010,063,010,04,92658,0,002027   S DECATUR               BLVDL,0621  61,0067,0052,BOUKATHER GEORGE A TRUST        BOUKATHER GEORGE A & REBECCA NUAPO BOX 10578                    NEWPORT BEACH CA 92658,002027   S DECATUR               BLVD, ,370,1448.512106,75110.625,1448.5121062591538
165,193,23,-115.2248758,36.15658364, ,1300,S,Jones,16301102022,16301102022, ,Green,UK,672,40,0,4/17/1996,Z-22-96, , , ,14x48,0,300, ,1,APN,HIGH,Matched via APN/PARCEL exact join,473666,0,1.78,701,0,16301102022,701,701,163,01,1,02,022,200,2521-21,2521,1003,21474.83292,3003,C,10,3,4,546,,161583.3057,1,0,83,11202.31054,17.50361022,89146,483817,200,NEW DISCOVERY LTD,505 VERDE RD,TAOS NM 87571, , , , ,875710000, ,1339, ,S,JONES,BLVD,LV, ,+.15A COR;SF 150-74, ,00000000, ,PT GOV LOT 13 PT NW4 NW4 SEC,1/21/1960, , , , ,2027,0,19860219, ,1.98602E+12, ,NS,0, , , , , ,01,21,60,0,0, ,2,390787, ,0,0,0, ,0, ,0, ,0, ,0,0,366363,0,0, ,0,0,0,0,0, ,0,0,0,N,20231117,20231117,0, ,03A230034,0, ,163,16301,163011,16301102,163,163011020,011,020,22,87571,0,001339   S JONES                 BLVDL,0121  60,0000,0000,NEW DISCOVERY LTD               505 VERDE RD                    TAOS NM 87571,001339   S JONES                 BLVD, ,0,1291.539998,78807.99805,1291.5399979690837
166,194,22,-115.2246564,36.1575776, ,1201,S,Jones,16301101009,16301101007, ,Green,UK,672,40,0,6/20/2001,U-160-96,V-09-96,RQR-33733, ,14x48,1,300, ,1,APN,HIGH,Matched via APN/PARCEL exact join,294388,0,0.71,701,0,16301101009,701,701,163,01,1,01,009,200,2521-11,2521,2905,22083.86182,3009,C,10,3,4,544,,161583.3057,1,0,83,11202.31054,17.50361022,89146,483803,200,ADDILAND L L C,C/O P J ADDI,1861 WOODHAVEN DR,HENDERSON NV 89074-0928, , , ,890740928, ,1201, ,S,JONES,BLVD,LV,104, , ,00000000, ,PT GOV LOT 11, , , , , ,2027,1988,20080222, ,2.00802E+12, ,NS,1450000,R,20030901, , , ,01,21,60,358000,1, ,1,205671, ,0,0,221279, ,0, ,0, ,0, ,0,0,194846,229618,0, ,0,0,0,0,0, ,0,0,0,N,20231117,20231117,0, ,16301101007,0, ,163,16301,163011,16301101,163,163011010,011,010,09,89074,928,001201   S JONES                 BLVDL,0121  60,0000,0000,ADDILAND L L C                  C/O P J ADDI                    1861 WOODHAVEN DR               HENDERSON NV 89074-0928,001201   S JONES                 BLVD, ,358,894.5062345,40546.68555,894.5062345
167,195,21,-115.2241462,36.1586288, ,1131,S,Jones,16301101005,16301101005, ,Green,UK,288,40,0,11/13/1984, , , ,DONREY, ,0,300, ,1,APN,HIGH,Matched via APN/PARCEL exact join,645189,0,0.47000000000000003,701,0,16301101005,701,701,163,01,1,01,005,200,2521-11,2521,2905,22083.86182,3009,C,10,3,4,544,,161583.3057,1,0,83,11202.31054,17.50361022,89146,483802,200,ADDILAND L L C,1861 WOODHAVEN DR,HENDERSON NV 89074, , , , ,890740000, ,1131, ,S,JONES,BLVD,LV, , , ,PM00070053        L2, ,PARCEL MAP FILE 7 PAGE 53,LOT 2, , , , ,2027,1966,20201104, ,2.02011E+12, ,NS,280000,R,20201101, , , ,01,21,60,730000,1, ,0,131846, ,0,0,3673, ,0, ,0, ,0, ,0,0,123606,3648,0, ,0,0,0,0,0, ,0,0,0,N,20250331,20250331,0, ,16301101005,0, ,163,16301,163011,16301101,163,163011010,011,010,05,89074,0,001131   S JONES                 BLVDL,0121  60,0007,0053,ADDILAND L L C                  1861 WOODHAVEN DR               HENDERSON NV 89074,001131   S JONES                 BLVD, ,730,599.0104345,19595.49219,599.0049445636729
168,196,19,-115.1847185,36.13620698, ,3227,W,Meade,16208303007,16208303007,LAMAR,Orange,LM,288,35,1515,6/16/1996,U-19-96, ,RQR-32956, ,12x24,1,300, ,1,APN,HIGH,Matched via APN/PARCEL exact join,701442,0,1.04,701,0,16208303007,701,701,162,08,3,03,007,200,2623-64,2623,2201,24882.77491,5545,E,10,3,3,605,,150972.2077,3,0,57,8235.233709,12.86755267,89102,444647,200,PARAMOUNT INVESTMENTS CO,PO BOX 80652,LAS VEGAS NV 89180, , , , ,891800000, ,3227, , ,MEADE,AVE,LV, , , ,00000000, ,PT NE4 SW4 SEC 08 21 61, , , , , ,2027,1978,19940729, ,1.99407E+12, ,NS,650000,R,19940701, , , ,08,21,61,358000,1, ,1,199623, ,0,0,154805, ,0, ,0, ,0, ,0,0,180755,160258,0, ,0,0,0,0,0, ,0,0,0,N,20241231,20241231,0, ,16208303007,0, ,162,16208,162083,16208303,162,162083030,083,030,07,89180,0,003227     MEADE                 AVE L,0821  61,0000,0000,PARAMOUNT INVESTMENTS CO        PO BOX 80652                    LAS VEGAS NV 89180,003227     MEADE                 AVE, ,358,904.6098737,45303.00781,904.6098737033467
169,199,35,-115.1543061,36.14433498, ,2221, ,Paradise,16203413021,16203413022,Clear Channel Outdoor,Red,CC,672,0,0, , , , , ,14x48,0,300, ,3,APN,HIGH,Matched via APN/PARCEL exact join,689920,0,0,703,0,16203413021,703,703,162,03,4,13,021,203,2525-91,2525,1200,21379.77876,5350,E,15,10,1,570,,150972.2077,3,0,57,8235.233709,12.86755267,89104,436235,203,PARADISE PLAZA L L C,C/O A MESCOHI,11845 W OLYMPIC BLVD # 1265W,LOS ANGELES CA 90064-5083, , , ,900645083, ,2221, , ,PARADISE,RD,LV, , , ,PB00030002PTB1    L2, ,PARADISE VILLAGE TRACT #1,PLAT BOOK 3 PAGE 2,PT LOT 2 BLOCK 1,& LOT 3, , ,2027,1951,20040127, ,2.00401E+12, ,NS,400000,R,20040101, , , ,03,21,61,335000,1, ,0,51831, ,0,0,14219, ,0, ,0, ,0, ,0,0,49641,13944,0, ,0,0,0,0,0, ,0,0,0,N,20231117,20231117,0, ,16203413021,0, ,162,16203,162034,16203413,162,162034130,034,130,21,90064,5083,002221     PARADISE              RD  L,0321  61,0003,0002,PARADISE PLAZA L L C            C/O A MESCOHI                   11845 W OLYMPIC BLVD # 1265W    LOS ANGELES CA 90064-5083,002221     PARADISE              RD, ,335,371.7872182,8488.861328,371.7872182248863
170,200,31,-115.154318,36.14772677, ,2011,S,Las Vegas,16203310017,16203310013,Clear Channel Outdoor,Red,CC,1200,80,0, , ,V-34-69, ,No Reviews required, ,0,300, ,3,APN,HIGH,Matched via APN/PARCEL exact join,528799,0,0,703,0,16203310017,703,703,162,03,3,10,017,203,2525-71,2525,1200,21379.77876,5350,E,15,10,1,567,,150972.2077,3,0,57,8235.233709,12.86755267,89104,435980,203,WHITNEY BUILDING L L C,2007 LAS VEGAS BLVD S,LAS VEGAS NV 89104, , , , ,891040000, ,2007, ,S,LAS VEGAS,BLVD,LV,UT 1,"FR 162-03-310-013,016", ,PB00020072PTB2    L1, ,SOUTH FIFTH STREET TRACT,PLAT BOOK 2 PAGE 72,PT LOT 1 BLOCK 2, , , ,2027,1957,20040219, ,2.00402E+12, ,NS,0, , , , , ,03,21,61,335000,1, ,1,1091758, ,0,0,430765, ,0, ,0, ,0, ,0,0,1039770,423525,0, ,0,0,0,0,0, ,0,0,0,N,20250911,20250911,0, ,16203310016,0, ,162,16203,162033,16203310,162,162033100,033,100,17,89104,0,002007   S LAS VEGAS             BLVDL,0321  61,0002,0072,WHITNEY BUILDING L L C          2007 LAS VEGAS BLVD S           LAS VEGAS NV 89104,002007   S LAS VEGAS             BLVD, ,335,997.300528,53940.97656,997.3005279551315
171,201,28,-115.1540688,36.14922516, ,1830,S,Las Vegas,16203302005,16203302005,,Green,UK,672,55,0,3/22/1984, ,V-35-84, ,DONREY,14x48,0,300, ,3,APN,HIGH,Matched via APN/PARCEL exact join,667968,0.07,0.08,701,0,16203302005,701,701,162,03,3,02,005,203,2525-61,2525,1100,17577.33001,5044,E,15,10,4,566,,150972.2077,3,0,57,8235.233709,12.86755267,89104,435964,203,DENNYS INC,HUBER FAMILY TRUST 1996,C/O A YOUNG,203 E MAIN ST,SPARTANBURG SC 29319, , ,293190000, ,1830, ,S,LAS VEGAS,BLVD,LV, ,.02A TO RD 20190403:2231, ,00000000, ,PT NW4 SW4 SEC 03 21 61, , , , , ,2027,0,20151005, ,2.0151E+12, ,NS-NS,1500000,M,20151001, , , ,03,21,61,360000,0, ,0,70441, ,0,0,0, ,0, ,0, ,0, ,0,0,67086,0,0, ,0,0,0,0,0, ,0,0,0,Y,20231117,20231117,0, ,16203302005,0, ,162,16203,162033,16203302,162,162033020,033,020,05,29319,0,001830   S LAS VEGAS             BLVDL,0321  61,0000,0000,DENNYS INC                      HUBER FAMILY TRUST 1996         C/O A YOUNG                     203 E MAIN ST                   SPARTANBURG SC 29319,001830   S LAS VEGAS             BLVD, ,360,256.4683085,2967.953125,256.45064871252333
172,202,27,-115.1520434,36.15219389, ,1510,S,Las Vegas,16203210062,16203210062,LAMAR,Orange,LM,864,30,0, , , , ,3 sides/No case history, ,0,300, ,3,APN,HIGH,Matched via APN/PARCEL exact join,687965,0.322,0.33,703,0,16203210062,703,703,162,03,2,10,062,203,2525-42,2525,1100,17577.33001,5044,E,15,10,4,564,,150972.2077,3,0,57,8235.233709,12.86755267,89104,435813,203,RINGSIDE LIQUOR INC,1516 LAS VEGAS BLVD S,LAS VEGAS NV 89104-1323, , , , ,891041323, ,1510, ,S,LAS VEGAS,BLVD,LV, ,.02A RD 20191205:1988, ,PB00010052  B17   L13, ,BOULDER ADDITION,PLAT BOOK 1 PAGE 52,LOT 13 BLOCK 17,& LOTS 14-16, , ,2027,1957,19930511, ,1.99305E+12, ,NS,0, , , , , ,03,21,61,360000,1, ,0,290555, ,0,0,72057, ,0, ,0, ,0, ,0,0,276719,72054,0, ,0,0,0,0,0, ,0,0,0,N,20231117,20231117,0, ,040331003,0, ,162,16203,162032,16203210,162,162032100,032,100,62,89104,1323,001510   S LAS VEGAS             BLVDL,0321  61,0001,0052,RINGSIDE LIQUOR INC             1516 LAS VEGAS BLVD S           LAS VEGAS NV 89104-1323,001510   S LAS VEGAS             BLVD, ,360,556.0475137,14039.19727,556.0388645553842
173,203,21,-115.1481384,36.15747164, ,1147,S,Las Vegas,16203112021,16203112021,Clear Channel Outdoor,Red,CC,672,40,0, , , , ,No Case History,14x48,1,300, ,3,APN,HIGH,Matched via APN/PARCEL exact join,762788,1.03999996,1.04,703,0,16203112021,703,703,162,03,1,12,021,203,2525-14,2525,1200,21379.77876,5350,E,15,10,1,568,,150972.2077,3,0,57,8235.233709,12.86755267,89104,435703,203,3250 SPRING MOUNTAIN TRUST,LOVE LANNY D TRS,3850 W TROPICANA AVE # D,LAS VEGAS NV 89103, , , ,891030000, ,1141, ,S,LAS VEGAS,BLVD,LV,190,C-20080327:39; .05A TO RD 20171012:1292, ,PB00010048PT      LH, ,PARK PLACE,PLAT BOOK 1 PAGE 48,PT LOT H, , , ,2027,2018,20120829, ,2.01208E+12, ,NS,825000,R,19950401, , , ,03,21,61,358000,1, ,1,915667, ,0,0,436810, ,0, ,0, ,0, ,0,0,872064,444746,0, ,0,0,0,0,0, ,0,0,0,N,20231117,20231117,0, ,16203112021,0, ,162,16203,162031,16203112,162,162031120,031,120,21,89103,0,001141   S LAS VEGAS             BLVDL,0321  61,0001,0048,3250 SPRING MOUNTAIN TRUST      LOVE LANNY D TRS                3850 W TROPICANA AVE # D        LAS VEGAS NV 89103,001141   S LAS VEGAS             BLVD, ,358,875.0538582,45403.44922,875.0413879523423
174,204,20,-115.1484757,36.15771251, ,1120,S,Las Vegas,16203112018,16203112018,Clear Channel Outdoor,Red,CC,672,40,0, , , , ,No Case History,14x48,1,300, ,3,APN,HIGH,Matched via APN/PARCEL exact join,461020,0,0,703,0,16203112018,703,703,162,03,1,12,018,203,2525-14,2525,1100,17577.33001,5044,E,15,10,4,565,,150972.2077,3,0,57,8235.233709,12.86755267,89104,435702,203,BLVD L L C,1050 RANCHO CIR,LAS VEGAS NV 89107-4623, , , , ,891074623, ,1132, ,S,LAS VEGAS,BLVD,LV, , , ,PB00010054  BI    L11, ,PARK PLACE ADD BLK 1,PLAT BOOK 1 PAGE 54,LOT 11 BLOCK I,& LOT 12 & VAC ALLEY, , ,2027,1965,20100218, ,2.01002E+12, ,NS,2100000,R,20050601, , , ,03,21,61,370000,1, ,0,343370, ,0,0,25278, ,0, ,0, ,0, ,0,0,327019,24758,0, ,0,0,0,0,0, ,0,0,0,N,20231117,20231117,0, ,16203112018,0, ,162,16203,162031,16203112,162,162031120,031,120,18,89107,4623,001132   S LAS VEGAS             BLVDL,0321  61,0001,0054,BLVD L L C                      1050 RANCHO CIR                 LAS VEGAS NV 89107-4623,001132   S LAS VEGAS             BLVD, ,370,563.2529527,16974.06836,563.2529527143655
175,205,42,-115.1453982,36.16098768, ,735,S,Las Vegas,13934410175,13934410175,LAMAR,Orange,LM,72,20,0, , , , ,No Case History,8x16,0,300, ,3,APN,HIGH,Matched via APN/PARCEL exact join,322906,0,0,703,0,13934410175,703,703,139,34,4,10,175,203,2425-84,2425,7900,18758.08233,4020,D,11,2,1,533,,150972.2077,3,0,57,8235.233709,12.86755267,89101,321375,203,CLOVELLY L L C,STUPAK SUBTRUST,3015 BEL AIR DR,LAS VEGAS NV 89109, , , ,891090000, ,735, ,S,LAS VEGAS,BLVD,LV, ,20191101:675 RD, ,PB00010051  B25   L15, ,SOUTH ADD,PLAT BOOK 1 PAGE 51,LOT 15 BLOCK 25,& LOT 16, , ,2027,1967,20120502, ,2.01205E+12, ,NS-NS,0, , , , , ,34,20,61,358000,1, ,0,174424, ,0,0,13056, ,0, ,0, ,0, ,0,0,174424,12849,0, ,0,0,0,0,0, ,0,0,0,Y,20231117,20231117,0, ,13934410175,0, ,139,13934,139344,13934410,139,139344101,344,101,75,89109,0,000735   S LAS VEGAS             BLVDL,3420  61,0001,0051,CLOVELLY L L C                  STUPAK SUBTRUST                 3015 BEL AIR DR                 LAS VEGAS NV 89109,000735   S LAS VEGAS             BLVD, ,358,368.7885002,6773.109375,368.7488141775301
176,206,51,-115.1443934,36.16321795, ,0, , ,13934399002,13934310056,LAMAR,Orange,LM,288,35,0,11/20/1996, ,V-123-96,V-123-96(1),5 yr review has not been done,12x24,0,300, ,3,NONE,NONE,No parcel match (ROW/easement/geometry mismatch or missing APN/address),,,,,,,,,,,,,,,,,,,,,,,,,,,,,,,,89101,,203,,,,,,,,,,0,,,,,,,,,,,,,,,,,,,,,,,,0,,,,,,,,,0,,,,0,,,,0,,,,,,,,,,,,,,,,,,,,,,,,,,,,,,,,,,,,,,,,,,,,,,,,,,,,
177,207,37,-115.1441197,36.16434238, ,500,S,Las Vegas,13934399002,13934311152,Clear Channel Outdoor,Red,CC,672,30,1878,12/4/1996,U-68-86, ,"RQR-32726; U-68-86(1),(2),(3)&(4)", ,14x48,0,300, ,3,NONE,NONE,No parcel match (ROW/easement/geometry mismatch or missing APN/address),,,,,,,,,,,,,,,,,,,,,,,,,,,,,,,,89101,,203,,,,,,,,,,0,,,,,,,,,,,,,,,,,,,,,,,,0,,,,,,,,,0,,,,0,,,,0,,,,,,,,,,,,,,,,,,,,,,,,,,,,,,,,,,,,,,,,,,,,,,,,,,,,
178,208,14,-115.1342502,36.18486968, ,1300,N,LV Blvd. N,13927603028,13927504010, ,Green,UK,288,40,0, , , , ,DONREY, ,9,300, ,5,APN,HIGH,Matched via APN/PARCEL exact join,427569,0,3.88,701,0,13927603028,701,701,139,27,6,03,028,214,2325-39,2325,401,13803.29433,4510,D,11,2,4,387,,265026.2317,5,0,113,9805.190745,15.32061054,89101,313069,214,PALM MORTUARY INC,C/O PPTY TAX 9TH FLR,PO BOX 130548,HOUSTON TX 77219-0548, , , ,772190548, ,0, , , , ,LV, , , ,PM01140095        L1, ,PARCEL MAP FILE 114 PAGE 95,LOT 1, , , , ,2027,0,19590416, ,1.95904E+12, ,NS,0, , , , , ,27,20,61,330000,0, ,4,34310, ,0,0,0, ,0, ,0, ,0,30,0,0,29577,0,0, ,0,0,0,0,0, ,0,0,0,N,20231117,20231117,0, ,13927504011,0, ,139,13927,139276,13927603,139,139276030,276,030,28,77219,548,000000                               L,2720  61,0114,0095,PALM MORTUARY INC               C/O PPTY TAX 9TH FLR            PO BOX 130548                   HOUSTON TX 77219-0548,000000, ,330,1894.22297,174654.5391,1894.2229697366952
179,209,8,-115.116328,36.18736556, ,1535,N,Eastern,13926505004,13926505004,Clear Channel Outdoor,Red,CC,672,40,0, ,U-0006-90, ,RQR-29832; RQR-4268, ,14x48,1,300, ,3,APN,HIGH,Matched via APN/PARCEL exact join,229638,0,0.5700000000000001,701,0,13926505004,701,701,139,26,5,05,004,207,2326-19,2326,510,15899.12978,5022,E,11,2,1,389,,150972.2077,3,0,57,8235.233709,12.86755267,89101,311337,207,SILVER STATE EQUITY PARTNERS L L,390 6TH AVE,SANTA CRUZ CA 95062, , , , ,950620000, ,1545, ,N,EASTERN,AVE,LV, , , ,00000000, ,PT NE4 NE4 SEC 26 20 61, , , , , ,2027,1963,20210611, ,2.02106E+12, ,NS,675000,R,20210601, , , ,26,20,61,358000,1, ,1,82557, ,0,0,110334, ,0, ,0, ,0, ,0,0,73866,109020,0, ,0,0,0,0,0, ,0,0,0,N,20240812,20240812,0, ,13926505004,0, ,139,13926,139265,13926505,139,139265050,265,050,04,95062,0,001545   N EASTERN               AVE L,2620  61,0000,0000,SILVER STATE EQUITY PARTNERS L L390 6TH AVE                     SANTA CRUZ CA 95062,001545   N EASTERN               AVE, ,358,701.3943515,25429.21094,701.3943514954227
180,210,11,-115.1128893,36.17363741, ,2700,E,Bonanza,13936110030,13936110030, ,Green,UK,288,30,0, , , , ,DONREY, ,1,300, ,3,APN,HIGH,Matched via APN/PARCEL exact join,682175,0,2.35,811,0,13936110030,811,811,139,36,1,10,030,200,2427-12,2427,522,10747.66325,4548,D,11,2,1,493,,150972.2077,3,0,57,8235.233709,12.86755267,89101,324944,200,C F T NV DEVELOPMENTS L L C,2700 E BONANZA RD,LAS VEGAS NV 89144, , , , ,891440000, ,2700, ,E,BONANZA,RD,LV, , , ,PB00010038PTB1    L8, ,ARTESIAN ACRES,PLAT BOOK 1 PAGE 38,PT LOT 8 BLOCK 1,2.35AC, , ,2027,1974,20240502, ,2.02405E+12, ,NS,1985000,R,20240501, , , ,36,20,61,358000,1, ,2,307635, ,0,0,38405, ,0, ,0, ,0, ,0,0,275252,38312,0, ,0,0,0,0,0, ,0,0,0,N,20240605,20240605,0, ,13936110030,0, ,139,13936,139361,13936110,139,139361100,361,100,30,89144,0,002700   E BONANZA               RD  L,3620  61,0001,0038,C F T NV DEVELOPMENTS L L C     2700 E BONANZA RD               LAS VEGAS NV 89144,002700   E BONANZA               RD, ,358,1283.478895,102667.6133,1283.478894576355
181,211,10,-115.0970916,36.17328302, ,3551,E,Bonanza,14031121006,14031121004, ,Green,UK,672,30,0,9/27/1990,U-176-90, ,RQR-32902; U-176-90(1), ,14x48,1,300, ,3,APN,HIGH,Matched via APN/PARCEL exact join,385113,0,1.1400000000000001,807,0,14031121006,807,807,140,31,1,21,006,200,2428-11,2428,516,20160.12543,4541,D,11,2,1,500,,150972.2077,3,0,57,8235.233709,12.86755267,89110,357050,200,WILLICK INVESTMENTS INC,C/O M WILLICK,3591 E BONANZA RD FL 2,LAS VEGAS NV 89110-2101, , , ,891102101, ,3591, ,E,BONANZA,RD,LV,UT 110,SF 155-80, ,PB00880026PT      L1, ,PECOS BONANZA PLAZA,PLAT BOOK 88 PAGE 26,PT LOT 1, , , ,2027,2007,20060703, ,2.00607E+12, ,NS,0, , , , , ,31,20,62,335000,1, ,1,165113, ,0,0,891766, ,0, ,0, ,0, ,0,0,147733,841807,0, ,0,0,0,0,0, ,0,0,0,N,20231117,20231117,0, ,14031121004,0, ,140,14031,140311,14031121,140,140311210,311,210,06,89110,2101,003591   E BONANZA               RD  L,3120  62,0088,0026,WILLICK INVESTMENTS INC         C/O M WILLICK                   3591 E BONANZA RD FL 2          LAS VEGAS NV 89110-2101,003591   E BONANZA               RD, ,335,1055.915072,49495.54883,1055.9150723113717
182,212,19,-115.0677695,36.17357939, ,4851,E,Bonanza,14032502001,14032502001, ,Green,UK,672,40,1442,2/21/1996, ,V-0184-95,RQR-28191; V-184-95(1), ,14x48,1,300, ,3,APN,HIGH,Matched via APN/PARCEL exact join,730378,0,5.19,701,0,14032502001,701,701,140,32,5,02,001,200,2429-17,2429,517,16190.84829,5031,E,14,21,1,504,,150972.2077,3,0,57,8235.233709,12.86755267,89110,360071,200,E S S PROPERTIES 114 L L C,C/O PARADIGM TAX-ESS #1737,PO BOX 800729,DALLAS TX 75380, , , ,753800000, ,4861, ,E,BONANZA,RD,LV, , , ,00000000, ,PT NW4 NE4 SEC 32 20 62, , , , , ,2027,1996,20151015, ,2.0151E+12, ,NS,12000000,M,20080401, , , ,32,20,62,250000,561, ,5,605318, ,0,0,1201389, ,0, ,0, ,0, ,0,0,551513,1200189,0, ,0,0,0,0,0, ,0,0,0,N,20231117,20231117,0, ,14032502001,0, ,140,14032,140325,14032502,140,140325020,325,020,01,75380,0,004861   E BONANZA               RD  L,3220  62,0000,0000,E S S PROPERTIES 114 L L C      C/O PARADIGM TAX-ESS #1737      PO BOX 800729                   DALLAS TX 75380,004861   E BONANZA               RD, ,250,2166.593119,218405.0352,2166.593119342543
183,213,14,-115.0968626,36.15914276, ,3700,E,Charleston,14031401036,14031401036, ,Green,UK,672,40,0,EXPIRED,U-39-90, ,RQR-31805;U-39-90(1), ,14x48,1,300, ,3,APN,HIGH,Matched via APN/PARCEL exact join,154524,0,2.04,701,0,14031401036,701,701,140,31,4,01,036,200,2428-91,2428,518,20237.98402,4543,D,11,2,1,499,,150972.2077,3,0,57,8235.233709,12.86755267,89110,357404,200,MILLER B LANCE & MARIANNE,VAN VOLKOM MICHAEL & NADINE,220 26TH ST # 200,SANTA MONICA CA 90402-2565, , , ,904022565, ,3700, ,E,CHARLESTON,BLVD,LV,105, , ,00000000, ,PT GOV LOT 4, , , , , ,2027,1983,20100929, ,2.01009E+12, ,NS-NS,900000,F,20100901, , , ,31,20,62,358000,1, ,2,265920, ,0,0,473443, ,0, ,0, ,0, ,0,0,251302,487669,0, ,0,0,0,0,0, ,0,0,0,N,20231117,20231117,0, ,14031401036,0, ,140,14031,140314,14031401,140,140314010,314,010,36,90402,2565,003700   E CHARLESTON            BLVDL,3120  62,0000,0000,MILLER B LANCE & MARIANNE       VAN VOLKOM MICHAEL & NADINE     220 26TH ST # 200               SANTA MONICA CA 90402-2565,003700   E CHARLESTON            BLVD, ,358,1190.682113,88255.13867,1190.6821131192926
184,215,23,-115.0624289,36.1659456, ,251,N,Nellis,14032701005,14032701005, ,Green,UK,672,40,1550,7/3/1996,U-28-96, ,RQR-32721, ,14x48,1,300, ,3,APN,HIGH,Matched via APN/PARCEL exact join,554674,0,0.76,701,0,14032701005,701,701,140,32,7,01,005,200,2429-59,2429,519,16131.54994,5007,E,14,21,1,505,,150972.2077,3,0,57,8235.233709,12.86755267,89110,360531,200,PARLIAMENT PROPERTIES L L C,1580 S JONES BLVD,LAS VEGAS NV 89146-1237, , , , ,891461237, ,251, ,N,NELLIS,BLVD,LV, , , ,PM00810045        L1, ,PARCEL MAP FILE 81 PAGE 45,LOT 1, , , , ,2027,1996,20160404, ,2.01604E+12, ,NS,1995000,R,20080801, , , ,32,20,62,358000,1, ,1,196981, ,0,0,196982, ,0, ,0, ,0, ,0,0,196981,200213,0, ,0,0,0,0,0, ,0,0,0,N,20231117,20231117,0, ,14032701002,0, ,140,14032,140327,14032701,140,140327010,327,010,05,89146,1237,000251   N NELLIS                BLVDL,3220  62,0081,0045,PARLIAMENT PROPERTIES L L C     1580 S JONES BLVD               LAS VEGAS NV 89146-1237,000251   N NELLIS                BLVD, ,358,708.0815159,32711.18164,708.0815158742823
185,216,8,-115.062417,36.18731681, ,1527,N,Nellis,14029510025,14029510025,Clear Channel Outdoor,Red,CC,288,40,0, , , , , ,12x24,1,300, ,3,APN,HIGH,Matched via APN/PARCEL exact join,777631,0,0,703,0,14029510025,703,703,140,29,5,10,025,200,2329-19,2329,513,16074.78248,5012,E,28,2,1,395,,150972.2077,3,0,57,8235.233709,12.86755267,89110,353912,200,LAS VEGAS STORAGE OWNER L L C,PO BOX 638,ADDISON TX 75001, , , , ,750010000, ,1527, ,N,NELLIS,BLVD,LV, , , ,PB00030069  B1    L38, ,HAPPY VALLEY RANCHO TRACT 1,PLAT BOOK 3 PAGE 69,LOT 38 BLOCK 1, , , ,2027,1973,20220323, ,2.02203E+12, ,NS,2556242,M,20161001, , , ,29,20,62,250000,50, ,1,90255, ,0,0,49411, ,0, ,0, ,0, ,0,0,82937,48641,0, ,0,0,0,0,0, ,0,0,0,N,20240307,20240307,0, ,14029510025,0, ,140,14029,140295,14029510,140,140295100,295,100,25,75001,0,001527   N NELLIS                BLVDL,2920  62,0003,0069,LAS VEGAS STORAGE OWNER L L C   PO BOX 638                      ADDISON TX 75001,001527   N NELLIS                BLVD, ,250,759.5431042,28008.76953,759.5431042435132
186,217,10,-115.0623729,36.18799926, ,1559,N,Nellis,14029510023,14029510023, ,Green,UK,288,30,0, , , , ,DONREY,12x24,0,300, ,3,APN,HIGH,Matched via APN/PARCEL exact join,714381,0,0,703,0,14029510023,703,703,140,29,5,10,023,200,2329-19,2329,513,16074.78248,5012,E,28,2,1,395,,150972.2077,3,0,57,8235.233709,12.86755267,89110,353910,200,LAS VEGAS STORAGE OWNER L L C,PO BOX 638,ADDISON TX 75001, , , , ,750010000, ,1559, ,N,NELLIS,BLVD,LV, , , ,PB00030069  B1    L40, ,HAPPY VALLEY RANCHO TRACT 1,PLAT BOOK 3 PAGE 69,LOT 40 BLOCK 1, , , ,2027,1973,20220323, ,2.02203E+12, ,NS,2556242,M,20161001, , , ,29,20,62,250000,50, ,1,90255, ,0,0,48770, ,0, ,0, ,0, ,0,0,82937,47968,0, ,0,0,0,0,0, ,0,0,0,N,20240307,20240307,0, ,14029510023,0, ,140,14029,140295,14029510,140,140295100,295,100,23,75001,0,001559   N NELLIS                BLVDL,2920  62,0003,0069,LAS VEGAS STORAGE OWNER L L C   PO BOX 638                      ADDISON TX 75001,001559   N NELLIS                BLVD, ,250,757.3814668,27814.12305,757.3814667892767
187,218,44,-115.1372874,36.14484166, ,2440,S,Maryland Pkwy,16203899017,16203802009, ,Green,UK,672,40,0, , , , ,DONREY,14x48,0,300, ,3,NONE,NONE,No parcel match (ROW/easement/geometry mismatch or missing APN/address),,,,,,,,,,,,,,,,,,,,,,,,,,,,,,,,89104,,212,,,,,,,,,,0,,,,,,,,,,,,,,,,,,,,,,,,0,,,,,,,,,0,,,,0,,,,0,,,,,,,,,,,,,,,,,,,,,,,,,,,,,,,,,,,,,,,,,,,,,,,,,,,,
188,219,20,-115.1367433,36.14590822, ,2211,S,Maryland Pkwy,16202410089,16202410089,LAMAR,Orange,LM,672,40,0, , , , , ,14x48,0,300, ,3,APN,HIGH,Matched via APN/PARCEL exact join,611146,0,0,703,0,16202410089,703,703,162,02,4,10,089,214,2526-91,2526,1300,19091.79862,5565,E,15,10,1,573,,150972.2077,3,0,57,8235.233709,12.86755267,89104,434162,214,MADRID MARIA D,6217 SAGINAW DR,LAS VEGAS NV 89108, , , , ,891080000, ,2211, ,S,MARYLAND,PKWY,LV, ,C-20220919:2033, ,PB00040014  B4    L17, ,FRANCISCO PARK,PLAT BOOK 4 PAGE 14,LOT 17 BLOCK 4,& LOT 18, , ,2027,1992,20220919, ,2.02209E+12, ,NS,750000,R,20220901, , , ,02,21,61,360000,1, ,0,54885, ,0,0,128996, ,0, ,0, ,0, ,0,0,54885,133278,0, ,0,0,0,0,0, ,0,0,0,N,20231117,20231117,0, ,16202410089,0, ,162,16202,162024,16202410,162,162024100,024,100,89,89108,0,002211   S MARYLAND              PKWYL,0221  61,0004,0014,MADRID MARIA D                  6217 SAGINAW DR                 LAS VEGAS NV 89108,002211   S MARYLAND              PKWY, ,360,462.8738578,13723.2207,462.87385780670684
189,221,12,-115.1317194,36.16750347, ,211,N,Maryland,13935211063,13935211063, ,Green,UK,72,20,0, , , , ,NEVADA,8x16,0,300, ,5,APN,HIGH,Matched via APN/PARCEL exact join,250885,0,0,703,0,13935211063,703,703,139,35,2,11,063,203,2426-42,2426,700,20035.3234,4019,D,11,2,1,480,,265026.2317,5,0,113,9805.190745,15.32061054,89101,322923,203,FORTRESS OGDEN II L L C,5215 PONDEROSA WAY # B,LAS VEGAS NV 89118, , , , ,891180000, ,213, ,N,MARYLAND,PKWY,LV, , , ,PB00010007  B6    L13, ,FAIRVIEW TRACT,PLAT BOOK 1 PAGE 7,LOT 13 BLOCK 6, , , ,2027,1964,20150605, ,2.01506E+12, ,NS,132500,R,20130401, , , ,35,20,61,358000,1, ,0,30625, ,0,0,17825, ,0, ,0, ,0, ,0,0,30625,17450,0, ,0,0,0,0,0, ,0,0,0,N,20240617,20240617,0, ,13935211063,0, ,139,13935,139352,13935211,139,139352110,352,110,63,89118,0,000213   N MARYLAND              PKWYL,3520  61,0001,0007,FORTRESS OGDEN II L L C         5215 PONDEROSA WAY # B          LAS VEGAS NV 89118,000213   N MARYLAND              PKWY, ,358,380.0328312,6979.150391,380.0328311615234
190,222,11,-115.1310632,36.16794263, ,1200,E,Stewart,13935211075,13935211075, ,Green,UK,288,40,0, , , , ,DONREY,12x24,0,300, ,5,APN,HIGH,Matched via APN/PARCEL exact join,563738,0,0,703,0,13935211075,703,703,139,35,2,11,075,203,2426-42,2426,700,20035.3234,4547,D,11,2,1,480,,150972.2077,3,0,57,8235.233709,12.86755267,89101,322929,203,SAN MATEO 506 L L C ETAL,PRIVATE REAL ESTATE SERVICE INC,713 W DUERTE RD UNIT G,ARCADIA CA 91007, , , ,910070000, ,1200, , ,STEWART,AVE,LV, , , ,PB00010007  B5    L1, ,FAIRVIEW TRACT,PLAT BOOK 1 PAGE 7,LOT 1 BLOCK 5, , , ,2027,1957,20220621, ,2.02206E+12, ,NS,710000,R,20220601, , , ,35,20,61,355000,1, ,0,28586, ,0,0,61950, ,0, ,0, ,0, ,0,0,28586,61940,0, ,0,0,0,0,0, ,0,0,0,Y,20250213,20250213,0, ,13935211075,0, ,139,13935,139352,13935211,139,139352110,352,110,75,91007,0,001200     STEWART               AVE L,3520  61,0001,0007,SAN MATEO 506 L L C ETAL        PRIVATE REAL ESTATE SERVICE INC 713 W DUERTE RD UNIT G          ARCADIA CA 91007,001200     STEWART               AVE, ,355,376.5419653,6740.259766,376.54196530486837
193,226,23,-115.1536933,36.15443857, ,1401,S,Main,16203210022,16203210022,Clear Channel Outdoor,Red,CC,288,40,0, , , , , ,12x24,0,300, ,3,APN,HIGH,Matched via APN/PARCEL exact join,485891,0,0,703,0,16203210022,703,703,162,03,2,10,022,203,2525-31,2525,1100,17577.33001,5044,E,15,10,4,563,,150972.2077,3,0,57,8235.233709,12.86755267,89104,435778,203,BELAGRASCO ON MAIN L L C,4471 DEAN MARTIN DR UNIT 809,LAS VEGAS NV 89103, , , , ,891030000, ,1401, ,S,MAIN,ST,LV, , , ,PB00010052  B10   L1, ,BOULDER ADD,PLAT BOOK 1 PAGE 52,LOT 1 BLOCK 10,& LOT 2, , ,2027,1955,20211105, ,2.02111E+12, ,NS,2900000,R,20211101, , , ,03,21,61,370000,1, ,0,129976, ,0,0,45774, ,0, ,0, ,0, ,0,0,124068,44985,0, ,0,0,0,0,0, ,0,0,0,N,20231117,20231117,0, ,16203210022,0, ,162,16203,162032,16203210,162,162032100,032,100,22,89103,0,001401   S MAIN                  ST  L,0321  61,0001,0052,BELAGRASCO ON MAIN L L C        4471 DEAN MARTIN DR UNIT 809    LAS VEGAS NV 89103,001401   S MAIN                  ST, ,370,474.4095949,13676.46484,474.40959487931696
194,227,23,-115.1536295,36.15529878, ,1323,S,Main,16203199057,16203110088,Clear Channel Outdoor,Red,CC,288,40,0, ,U-171-89, ,RQR-12716; RQR-8821;RQR-4271, ,12x24,0,300, ,3,NONE,NONE,No parcel match (ROW/easement/geometry mismatch or missing APN/address),,,,,,,,,,,,,,,,,,,,,,,,,,,,,,,,89104,,203,,,,,,,,,,0,,,,,,,,,,,,,,,,,,,,,,,,0,,,,,,,,,0,,,,0,,,,0,,,,,,,,,,,,,,,,,,,,,,,,,,,,,,,,,,,,,,,,,,,,,,,,,,,,
195,228,22,-115.1538955,36.15628323, ,1238,S,Main,16203110096,16203110096,Clear Channel Outdoor,Red,CC,288,40,0, , , , , ,12x24,0,300, ,3,APN,HIGH,Matched via APN/PARCEL exact join,793106,0,0,703,0,16203110096,703,703,162,03,1,10,096,203,2525-21,2525,1100,17577.33001,5044,E,15,10,4,560,,150972.2077,3,0,57,8235.233709,12.86755267,89104,435666,203,SILVER CLOUD PROPERTIES II L L C,2330 INDUSTRIAL RD,LAS VEGAS NV 89102, , , , ,891020000, ,6, ,W,COLORADO,AVE,LV, , , ,PB00010052PTB2    L16, ,BOULDER ADD,PLAT BOOK 1 PAGE 52,PT LOT 16 BLOCK 2, , , ,2027,1949,20230406, ,2.02304E+12, ,NS,1500000,M,20230401, , , ,03,21,61,370000,1, ,0,63391, ,0,0,25248, ,0, ,0, ,0, ,0,0,60372,24673,0, ,0,0,0,0,0, ,0,0,0,N,20231117,20231117,0, ,16203110096,0, ,162,16203,162031,16203110,162,162031100,031,100,96,89102,0,000006   W COLORADO              AVE L,0321  61,0001,0052,SILVER CLOUD PROPERTIES II L L C2330 INDUSTRIAL RD              LAS VEGAS NV 89102,000006   W COLORADO              AVE, ,370,300.0003841,5000.011719,300.00038410435735
196,229,26,-115.1548035,36.1567683, ,1215,S,Commerce,16203110120,16203110120,Clear Channel Outdoor,Red,CC,288,40,0, ,U-155-96, ,RQR-19160; RQR-5680; RQR-1102,"Denied, remove by September 3, 2007",12x24,0,300, ,3,APN,HIGH,Matched via APN/PARCEL exact join,734154,0,0,703,0,16203110120,703,703,162,03,1,10,120,203,2525-21,2525,1100,17577.33001,5044,E,15,10,4,560,,150972.2077,3,0,57,8235.233709,12.86755267,89104,435684,203,GIL UTAH L L C,3543 TOBIAS LN,LAS VEGAS NV 89120, , , , ,891200000, ,1217, ,S,COMMERCE,ST,LV, , , ,PB00010052  B2    L5, ,BOULDER ADD,PLAT BOOK 1 PAGE 52,LOT 5 BLOCK 2,& LOT 6, , ,2027,1955,20240207, ,2.02402E+12, ,NS,3337000,M,20240201, , , ,03,21,61,335000,1, ,0,148075, ,0,0,19631, ,0, ,0, ,0, ,0,0,141024,19314,0, ,0,0,0,0,0, ,0,0,0,N,20240208,20240208,0, ,16203110120,0, ,162,16203,162031,16203110,162,162031101,031,101,20,89120,0,001217   S COMMERCE              ST  L,0321  61,0001,0052,GIL UTAH L L C                  3543 TOBIAS LN                  LAS VEGAS NV 89120,001217   S COMMERCE              ST, ,335,520.2410995,16193.70703,520.2410995359677
197,230,22,-115.1534104,36.15813054, ,1117,S,Main,16203110077,16203110007,Clear Channel Outdoor,Red,CC,672,40,0, , , , , ,14x48,1,300, ,3,APN,HIGH,Matched via APN/PARCEL exact join,146332,0,0,703,0,16203110077,703,703,162,03,1,10,077,203,2525-11,2525,1100,17577.33001,5044,E,15,10,4,563,,150972.2077,3,0,57,8235.233709,12.86755267,89104,435656,203,L & J INVESTMENT L L C,625 NORTH WEST KNOLL DR,WEST HOLLYWOOD CA 90069, , , , ,900690000, ,1115, ,S,MAIN,ST,LV, , , ,PB00010052  B7    L13, ,BOULDER ADD,PLAT BOOK 1 PAGE 52,LOT 13 BLOCK 7, , , ,2027,1996,20210603, ,2.02106E+12, ,NS,1500000,M,20210601, , , ,03,21,61,370000,1, ,0,79241, ,0,0,36611, ,0, ,0, ,0, ,0,0,75468,36850,0, ,0,0,0,0,0, ,0,0,0,N,20231117,20231117,0, ,16203110077,0, ,162,16203,162031,16203110,162,162031100,031,100,77,90069,0,001115   S MAIN                  ST  L,0321  61,0001,0052,L & J INVESTMENT L L C          625 NORTH WEST KNOLL DR         WEST HOLLYWOOD CA 90069,001115   S MAIN                  ST, ,370,375.3638276,6703.201172,375.36382761139697
198,231,22,-115.1541611,36.15865985, ,9,W,Charleston,16203110109,16203110109,Clear Channel Outdoor,Red,CC,672,40,0, , , , , ,14x48,1,300, ,3,APN,HIGH,Matched via APN/PARCEL exact join,373458,0,0,703,0,16203110109,703,703,162,03,1,10,109,203,2525-11,2525,1100,17577.33001,5044,E,15,10,4,560,,150972.2077,3,0,57,8235.233709,12.86755267,89104,435674,203,J B S ENTERPRISE L L C,10316 POMPEI PL,LAS VEGAS NV 89144-1207, , , , ,891441207, ,9, ,W,CHARLESTON,BLVD,LV, , , ,PB00010052  B1    L7, ,BOULDER ADD,PLAT BOOK 1 PAGE 52,LOT 7 BLOCK 1,& LOT 8, , ,2027,1948,20090526, ,2.00905E+12, ,NS,825000,R,20050301, , , ,03,21,61,240000,1, ,0,60988, ,0,0,32716, ,0, ,0, ,0, ,0,0,58548,32608,0, ,0,0,0,0,0, ,0,0,0,N,20231117,20231117,0, ,16203110109,0, ,162,16203,162031,16203110,162,162031101,031,101,09,89144,1207,000009   W CHARLESTON            BLVDL,0321  61,0001,0052,J B S ENTERPRISE L L C          10316 POMPEI PL                 LAS VEGAS NV 89144-1207,000009   W CHARLESTON            BLVD, ,240,379.290477,7051.71875,379.2904770395735
199,232,23,-115.1533302,36.15864464, ,1111,S,Main,16203110076,16203110076,Clear Channel Outdoor,Red,CC,672,40,0, , , , , ,14x48,1,300, ,3,APN,HIGH,Matched via APN/PARCEL exact join,537133,0,0,703,0,16203110076,703,703,162,03,1,10,076,203,2525-11,2525,1100,17577.33001,5044,E,15,10,4,563,,150972.2077,3,0,57,8235.233709,12.86755267,89104,435655,203,L & J INVESTMENT L L C,625 NORTH WEST KNOLL DR,WEST HOLLYWOOD CA 90069, , , , ,900690000, ,1111, ,S,MAIN,ST,LV, , , ,PB00010052  B7    L1, ,BOULDER ADD,PLAT BOOK 1 PAGE 52,LOT 1 BLOCK 7,& LOT 2, , ,2027,1955,20210603, ,2.02106E+12, ,NS,1500000,M,20210601, , , ,03,21,61,730000,1, ,0,57173, ,0,0,2092, ,0, ,0, ,0, ,0,0,54886,2102,0, ,0,0,0,0,0, ,0,0,0,N,20231117,20231117,0, ,16203110076,0, ,162,16203,162031,16203110,162,162031100,031,100,76,90069,0,001111   S MAIN                  ST  L,0321  61,0001,0052,L & J INVESTMENT L L C          625 NORTH WEST KNOLL DR         WEST HOLLYWOOD CA 90069,001111   S MAIN                  ST, ,730,378.7576717,6432.611328,378.75767171178853
200,233,40,-115.1539592,36.15902632, ,1065,S,Main,13933811015,13933811015,Clear Channel Outdoor,Red,CC,672,25,0, , , , , ,14x48,0,300, ,3,APN,HIGH,Matched via APN/PARCEL exact join,778454,0,0,703,0,13933811015,703,703,139,33,8,11,015,203,2424-99,2424,7900,18758.08233,4605,D,11,2,4,529,,150972.2077,3,0,57,8235.233709,12.86755267,89101,320619,203,MOLASKY VENTURES LLC,920 S COMMERCE ST,LAS VEGAS NV 89106, , , , ,891060000, ,1088, ,S,MAIN,ST,LV, , , ,PB00010051PTB5, ,SOUTH ADD,PLAT BOOK 1 PAGE 51,PT BLOCK 5, , , ,2027,0,20161103, ,2.01611E+12, ,NS,1448000,R,20161101, , , ,33,20,61,0,0, ,0,80045, ,0,0,0, ,0, ,0, ,0, ,0,0,76843,0,0, ,0,0,0,0,0, ,0,0,0,N,20231117,20231117,0, ,13933811015,0, ,139,13933,139338,13933811,139,139338110,338,110,15,89106,0,001088   S MAIN                  ST  L,3320  61,0001,0051,MOLASKY VENTURES LLC            920 S COMMERCE ST               LAS VEGAS NV 89106,001088   S MAIN                  ST, ,0,523.6375757,9209.945313,523.6375757145942
201,234,39,-115.1536926,36.15931212, ,1065,S,Main,13933811015,13933811015,Clear Channel Outdoor,Red,CC,672,40,0, , , , , ,14x48,1,300, ,3,APN,HIGH,Matched via APN/PARCEL exact join,778454,0,0,703,0,13933811015,703,703,139,33,8,11,015,203,2424-99,2424,7900,18758.08233,4605,D,11,2,4,529,,150972.2077,3,0,57,8235.233709,12.86755267,89101,320619,203,MOLASKY VENTURES LLC,920 S COMMERCE ST,LAS VEGAS NV 89106, , , , ,891060000, ,1088, ,S,MAIN,ST,LV, , , ,PB00010051PTB5, ,SOUTH ADD,PLAT BOOK 1 PAGE 51,PT BLOCK 5, , , ,2027,0,20161103, ,2.01611E+12, ,NS,1448000,R,20161101, , , ,33,20,61,0,0, ,0,80045, ,0,0,0, ,0, ,0, ,0, ,0,0,76843,0,0, ,0,0,0,0,0, ,0,0,0,N,20231117,20231117,0, ,13933811015,0, ,139,13933,139338,13933811,139,139338110,338,110,15,89106,0,001088   S MAIN                  ST  L,3320  61,0001,0051,MOLASKY VENTURES LLC            920 S COMMERCE ST               LAS VEGAS NV 89106,001088   S MAIN                  ST, ,0,523.6375757,9209.945313,523.6375757145942
202,235,40,-115.1533345,36.16042382, ,1018, ,Main,13933899024,13933811008,,Green,UK,672,40,0, , , , ,No Case History,14x48,1,300, ,3,NONE,NONE,No parcel match (ROW/easement/geometry mismatch or missing APN/address),,,,,,,,,,,,,,,,,,,,,,,,,,,,,,,,89101,,203,,,,,,,,,,0,,,,,,,,,,,,,,,,,,,,,,,,0,,,,,,,,,0,,,,0,,,,0,,,,,,,,,,,,,,,,,,,,,,,,,,,,,,,,,,,,,,,,,,,,,,,,,,,,
203,237,35,-115.1523558,36.16189866, ,900,S,Main,13933811032,13933811002,Clear Channel Outdoor,Red,CC,288,40,0, , , , , ,12x24,1,300, ,3,SPATIAL,MEDIUM,Matched via spatial intersect (buffered point),,,,,,,,,,,,,,,,,,,,,,,,,,,,,,,,89101,,203,900 SOUTH MAIN L L C,,,,,,,,,0,,,,,,,,,,,,,,,,,,,,,,,,0,,,,,,,,,210000,,,,402500,,,,200771,,,,,,,,,,,,,,,,,,,,,,,,,,,,,,,,,,,,,,,,,,,,,,,000000,,,,,
204,239,40,-115.1513416,36.16275001, ,807,S,Main,13934310081,13934310008,Clear Channel Outdoor,Red,CC,672,40,0, , , , , ,14x48,1,300, ,3,SPATIAL,MEDIUM,Matched via spatial intersect (buffered point),,,,,,,,,,,,,,,,,,,,,,,,,,,,,,,,89101,,203,L S VENTURES L L C,,,,,,,,,808,,S,1ST,ST,,,,,,,,,,,,,,,,,,,,0,,,,,,,,,360000,,,,135379,,,,39869,,,,,,,,,,,,,,,,,,,,,,,,,,,,,,,,,,,,,,,,,,,,,,,000808   S 1ST                   ST,,,,,
205,242,40,-115.1505981,36.16559627, ,0, , ,13934302007,13934302007,Clear Channel Outdoor,Red,CC,672,30,0, , , , , ,14x48,1,300, ,3,APN,HIGH,Matched via APN/PARCEL exact join,475105,0,2.3000000000000003,701,0,13934302007,701,701,139,34,3,02,007,203,2425-51,2425,7900,18758.08233,4605,D,11,2,4,529,,150972.2077,3,0,57,8235.233709,12.86755267,89106,320781,203,M B LAND L L C,C/O AMERICAN NEVADA CO,2360 CORPORATE CIR # 330,HENDERSON NV 89074, , , ,890740000, ,5, ,W,BONNEVILLE,AVE,LV, , , ,00000000, ,PT NW4 SW4 SEC 34 20 61, , , , , ,2027,1985,20030221, ,2.00302E+12, ,NS,2864543,M,20011201, , , ,34,20,61,730000,1, ,2,1232563, ,0,0,423, ,0, ,0, ,0, ,0,0,1232563,432,0, ,0,0,0,0,0, ,0,0,0,N,20231117,20231117,0, ,13933702002,0, ,139,13934,139343,13934302,139,139343020,343,020,07,89074,0,000005   W BONNEVILLE            AVE L,3420  61,0000,0000,M B LAND L L C                  C/O AMERICAN NEVADA CO          2360 CORPORATE CIR # 330        HENDERSON NV 89074,000005   W BONNEVILLE            AVE, ,730,1399.989159,99975.82813,1399.9891592139213
206,244,13,-115.16437,36.1451477,AA,2330, ,Industrial,16204802007,16204802007,,Green,UK,672,40,456,8/15/1994,U-126-94, ,RQR-34323;RQR-3023, ,14x48,1,300, ,3,APN,HIGH,Matched via APN/PARCEL exact join,352967,0,1.78,701,0,16204802007,701,701,162,04,8,02,007,212,2524-95,2524,1100,17577.33001,5044,E,15,10,4,562,,150972.2077,3,0,57,8235.233709,12.86755267,89102,438563,212,SILVER CLOUD PROPERTIES L L C,C/O C HERSCHMAN,PO BOX  46470,LAS VEGAS NV 89114, , , ,891140000, ,2330, , ,INDUSTRIAL,RD,LV, , , ,00000000, ,PT SW4 SE4 SEC 04 21 61, , , , , ,2027,1963,20180822, ,2.01808E+12, ,NS,0, , , , , ,04,21,61,378000,1, ,2,542759, ,0,0,236280, ,0, ,0, ,0, ,0,0,489840,231377,0, ,0,0,0,0,0, ,0,0,0,N,20250925,20250925,0, ,16204802007,0, ,162,16204,162048,16204802,162,162048020,048,020,07,89114,0,002330     INDUSTRIAL            RD  L,0421  61,0000,0000,SILVER CLOUD PROPERTIES L L C   C/O C HERSCHMAN                 PO BOX  46470                   LAS VEGAS NV 89114,002330     INDUSTRIAL            RD, ,378,1117.642592,77987.42188,1117.6425918495165
207,245,38,-115.1649788,36.14761556, ,2111, ,Western,16204399009,16204801001,Clear Channel Outdoor,Red,CC,288,40,0, ,U-110-97, ,RQR-26303; RQR-1365, , ,1,300, ,3,NONE,NONE,No parcel match (ROW/easement/geometry mismatch or missing APN/address),,,,,,,,,,,,,,,,,,,,,,,,,,,,,,,,89102,,212,,,,,,,,,,0,,,,,,,,,,,,,,,,,,,,,,,,0,,,,,,,,,0,,,,0,,,,0,,,,,,,,,,,,,,,,,,,,,,,,,,,,,,,,,,,,,,,,,,,,,,,,,,,,
208,246,37,-115.1619472,36.14871047, ,1900,S,Industrial,16204704006,16204704006,Clear Channel Outdoor,Red,CC,288,40,1175,11/7/1995,U-103-95, ,RQR-31387;RQR-5443, ,12x24,1,300, ,3,APN,HIGH,Matched via APN/PARCEL exact join,52369,0,1.01,701,0,16204704006,701,701,162,04,7,04,006,212,2524-66,2524,1100,17577.33001,5044,E,15,10,4,562,,150972.2077,3,0,57,8235.233709,12.86755267,89102,438410,212,NINETEEN HUNDRED SOUTH L L C,1900 INDUSTRIAL RD,LAS VEGAS NV 89102, , , , ,891020000, ,1910, , ,INDUSTRIAL,RD,LV, , , ,00000000, ,PT NW4 SE4 SEC 04 21 61, , , , , ,2027,1967,20250108, ,2.02501E+12, ,NS,45000000,M,20250101, , , ,04,21,61,620000,1, ,1,307972, ,0,0,317290, ,0, ,0, ,0, ,0,0,292573,323784,0, ,0,0,0,0,0, ,0,0,0,N,20250320,20250320,0, ,16204704006,0, ,162,16204,162047,16204704,162,162047040,047,040,06,89102,0,001910     INDUSTRIAL            RD  L,0421  61,0000,0000,NINETEEN HUNDRED SOUTH L L C    1900 INDUSTRIAL RD              LAS VEGAS NV 89102,001910     INDUSTRIAL            RD, ,620,1048.142531,44105.14844,1048.1425314802402
209,247,37,-115.1603223,36.15040502, ,1719, ,Industrial,16204705001,16204705001,LAMAR,Orange,LM,288,40,1413,4/8/1996,U-223-90, ,RQR-31931; U-223-90(1), ,12x24,0,300, ,3,APN,HIGH,Matched via APN/PARCEL exact join,173500,0,0.54,701,0,16204705001,701,701,162,04,7,05,001,203,2524-67,2524,1100,17577.33001,5044,E,15,10,4,562,,150972.2077,3,0,57,8235.233709,12.86755267,89102,438413,203,BELL REAL ESTATE L L C,1910 INDUSTRIAL RD,LAS VEGAS NV 89102-4610, , , , ,891024610, ,1719, , ,INDUSTRIAL,RD,LV, ,L-20000929:1021, ,00000000, ,PT NW4 SE4 SEC 04 21 61, , , , , ,2027,1975,20000929, ,2.00009E+12, ,NS,0, , , , , ,04,21,61,370000,1, ,1,172887, ,0,0,117336, ,0, ,0, ,0, ,0,0,156421,115365,0, ,0,0,0,0,0, ,0,0,0,N,20250925,20250925,0, ,16204705001,0, ,162,16204,162047,16204705,162,162047050,047,050,01,89102,4610,001719     INDUSTRIAL            RD  L,0421  61,0000,0000,BELL REAL ESTATE L L C          1910 INDUSTRIAL RD              LAS VEGAS NV 89102-4610,001719     INDUSTRIAL            RD, ,370,722.6265569,24679.10547,722.6265568804541
210,248,31,-115.1594232,36.15185625, ,1607, ,Industrial,16204609010,16204609010,Clear Channel Outdoor,Red,CC,288,30,0, , , , , , ,0,300, ,3,APN,HIGH,Matched via APN/PARCEL exact join,25925,0,1.37,701,0,16204609010,701,701,162,04,6,09,010,203,2524-58,2524,1100,17577.33001,5044,E,15,10,4,562,,150972.2077,3,0,57,8235.233709,12.86755267,89102,438384,203,YELLOWSTONE MOUNTAIN TRUST ETAL,FORTE DUANE & JILL A TRS,6795 S AGILYSYS WAY STE 210,LAS VEGAS NV 89113, , , ,891130000, ,1607, , ,INDUSTRIAL,RD,LV, , , ,PM00430015        L1, ,PARCEL MAP FILE 43 PAGE 15,LOT 1, , , , ,2027,1962,20230612, ,2.02306E+12, ,NS,1666657,A,20230601, , , ,04,21,61,370000,1, ,1,545567, ,0,0,99080, ,0, ,0, ,0, ,0,0,520920,97008,0, ,0,0,0,0,0, ,0,0,0,Y,20231117,20231117,0, ,16204609010,0, ,162,16204,162046,16204609,162,162046090,046,090,10,89113,0,001607     INDUSTRIAL            RD  L,0421  61,0043,0015,YELLOWSTONE MOUNTAIN TRUST ETAL FORTE DUANE & JILL A TRS        6795 S AGILYSYS WAY STE 210     LAS VEGAS NV 89113,001607     INDUSTRIAL            RD, ,370,1028.922786,59156.49023,1028.8791431500258
211,249,36,-115.1603714,36.15234222, ,1600, ,Industrial,16204609001,16204609001,LAMAR,Orange,LM,288,30,1323,2/1/1996,U-144-95, , ,5 yr review has not been done,12x24,1,300, ,3,APN,HIGH,Matched via APN/PARCEL exact join,316023,0,0.96,701,0,16204609001,701,701,162,04,6,09,001,212,2524-57,2524,1100,17577.33001,5044,E,15,10,4,562,,150972.2077,3,0,57,8235.233709,12.86755267,89102,438377,212,1700 I R REAL ESTATE L L C,10777 W TWAIN AVE STE 300C FL 3,LAS VEGAS NV 89135, , , , ,891350000, ,1600, , ,INDUSTRIAL,RD,LV, , , ,PM00440015        L1, ,PARCEL MAP FILE 44 PAGE 15,LOT 1, , , , ,2027,2010,20190731, ,2.01907E+12, ,NS,8420000,M,20190701, , , ,04,21,61,370000,1, ,1,402498, ,0,0,43028, ,0, ,0, ,0, ,0,0,384203,43012,0, ,0,0,0,0,0, ,0,0,0,N,20231117,20231117,0, ,16204609001,0, ,162,16204,162046,16204609,162,162046090,046,090,01,89135,0,001600     INDUSTRIAL            RD  L,0421  61,0044,0015,1700 I R REAL ESTATE L L C      10777 W TWAIN AVE STE 300C FL 3 LAS VEGAS NV 89135,001600     INDUSTRIAL            RD, ,370,821.685485,39381.91211,821.6191576346301
212,250,32,-115.1602225,36.1543114, ,1422,S,Western,16204602007,16204602006, ,Green,UK,288,30,0, , , , ,DONREY,12x24,0,750, ,3,SPATIAL,MEDIUM,Matched via spatial intersect (buffered point),,,,,,,,,,,,,,,,,,,,,,,,,,,,,,,,89102,,212,PURPLE ROCK L L C,,,,,,,,,1412,,,WESTERN,AVE,,,,,,,,,,,,,,,,,,,,130000,,19990101,,,,,,,358000,,,,55341,,,,28521,,,,,,,,,,,,,,,,,,,,,,,,,,,,,,,,,,,,,,,,,,,,,,,001412     WESTERN               AVE,,,,,
213,251,31,-115.1587117,36.15256592, ,236,W,Wyoming,16204608011,16204608011,,Green,UK,200,20,0, , , , ,DONREY,10x20,0,300, ,3,APN,HIGH,Matched via APN/PARCEL exact join,193200,0.19,0.18,701,0,16204608011,701,701,162,04,6,08,011,203,2524-48,2524,1100,17577.33001,5044,E,15,10,4,560,,150972.2077,3,0,57,8235.233709,12.86755267,89102,438370,203,REY DE AUTOS TRUST,KABOLI RAMON STEVE TRS,2434 PING DR,HENDERSON NV 89074, , , ,890740000, ,240, ,W,WYOMING,AVE,LV, , , ,00000000, ,PT SE4 NE4 SEC 04 21 61, , , , , ,2027,1963,20191206, ,2.01912E+12, ,NS,215000,R,20000601, , , ,04,21,61,330000,1, ,0,83017, ,0,0,34354, ,0, ,0, ,0, ,0,0,79230,33656,0, ,0,0,0,0,0, ,0,0,0,N,20231117,20231117,0, ,16204608011,0, ,162,16204,162046,16204608,162,162046080,046,080,11,89074,0,000240   W WYOMING               AVE L,0421  61,0000,0000,REY DE AUTOS TRUST              KABOLI RAMON STEVE TRS          2434 PING DR                    HENDERSON NV 89074,000240   W WYOMING               AVE, ,330,364.1664225,8264.861328,364.14583361246883
214,252,31,-115.1589744,36.15260268, ,236,W,Wyoming,16204608011,16204608011,Clear Channel Outdoor,Red,CC,288,40,0, , , , , ,12x24,0,300, ,3,APN,HIGH,Matched via APN/PARCEL exact join,193200,0.19,0.18,701,0,16204608011,701,701,162,04,6,08,011,203,2524-48,2524,1100,17577.33001,5044,E,15,10,4,560,,150972.2077,3,0,57,8235.233709,12.86755267,89102,438370,203,REY DE AUTOS TRUST,KABOLI RAMON STEVE TRS,2434 PING DR,HENDERSON NV 89074, , , ,890740000, ,240, ,W,WYOMING,AVE,LV, , , ,00000000, ,PT SE4 NE4 SEC 04 21 61, , , , , ,2027,1963,20191206, ,2.01912E+12, ,NS,215000,R,20000601, , , ,04,21,61,330000,1, ,0,83017, ,0,0,34354, ,0, ,0, ,0, ,0,0,79230,33656,0, ,0,0,0,0,0, ,0,0,0,N,20231117,20231117,0, ,16204608011,0, ,162,16204,162046,16204608,162,162046080,046,080,11,89074,0,000240   W WYOMING               AVE L,0421  61,0000,0000,REY DE AUTOS TRUST              KABOLI RAMON STEVE TRS          2434 PING DR                    HENDERSON NV 89074,000240   W WYOMING               AVE, ,330,364.1664225,8264.861328,364.14583361246883
215,253,31,-115.1561189,36.15243325, ,1530,S,Commerce,16204608017,16204608017,Clear Channel Outdoor,Red,CC,288,40,0, , , , , ,12x24,0,300, ,3,APN,HIGH,Matched via APN/PARCEL exact join,619124,0.435,0.45,701,0,16204608017,701,701,162,04,6,08,017,203,2524-49,2524,1100,17577.33001,5044,E,15,10,4,560,,150972.2077,3,0,57,8235.233709,12.86755267,89102,438376,203,1530 S COMMERCE L L C,105 W CHARLESTON BLVD,LAS VEGAS NV 89102, , , , ,891020000, ,1530, ,S,COMMERCE,ST,LV, ,.01A TO RD 20240918:96, ,00000000, ,PT SE4 NE4 SEC 04 21 61, , , , , ,2027,2011,20211118, ,2.02111E+12, ,NS,850000,R,20070101, , , ,04,21,61,399000,1, ,0,188669, ,0,0,16450, ,0, ,0, ,0, ,0,0,180094,16418,0, ,0,0,0,0,0, ,0,0,0,N,20231117,20231117,0, ,16204608017,0, ,162,16204,162046,16204608,162,162046080,046,080,17,89102,0,001530   S COMMERCE              ST  L,0421  61,0000,0000,1530 S COMMERCE L L C           105 W CHARLESTON BLVD           LAS VEGAS NV 89102,001530   S COMMERCE              ST, ,399,577.3292406,18970.30859,577.3292405593309
216,254,16,-115.1605777,36.17329702, ,101,S,Martin L King,13933501002,13933501002, ,Green,UK,288,40,0, , , , ,DONREY,12x24,0,300,finalled,5,APN,HIGH,Matched via APN/PARCEL exact join,485592,0,1.03,701,0,13933501002,701,701,139,33,5,01,002,212,2424-15,2424,301,35552.9138,4612,D,11,2,4,450,,161583.3057,1,0,83,11202.31054,17.50361022,89106,320529,212,D F A L L C,8350 EASTGATE RD,HENDERSON NV 89015, , , , ,890150000, ,101, ,S,MARTIN L KING,BLVD,LV, , , ,00000000, ,PT NW4 NE4 SEC 33-20-61, , , , , ,2027,1973,20191018, ,2.0191E+12, ,NS,2250000,R,20191001, , , ,33,20,61,240000,1, ,1,235552, ,0,0,150581, ,0, ,0, ,0, ,0,0,235552,147483,0, ,0,0,0,0,0, ,0,0,0,N,20240617,20240617,0, ,13933501002,0, ,139,13933,139335,13933501,139,139335010,335,010,02,89015,0,000101   S MARTIN L KING         BLVDL,3320  61,0000,0000,D F A L L C                     8350 EASTGATE RD                HENDERSON NV 89015,000101   S MARTIN L KING         BLVD, ,240,858.0081545,44647.69727,858.0081545501232
217,255,20,-115.1604513,36.17444241,45,73,S,Martin L. King,13933510002,13933510002,Clear Channel Outdoor,Red,CC,672,72,0, ,U-25-98, ,RQR-29722; RQR-17098; U-25-98(1)&(2), ,14x48,1,750, ,5,APN,HIGH,Matched via APN/PARCEL exact join,62448,0,0,807,0,13933510002,807,807,139,33,5,10,002,203,2424-16,2424,301,35552.9138,4612,D,11,2,4,450,,161583.3057,1,0,83,11202.31054,17.50361022,89106,320542,203,CLARK COUNTY,C/O DIRECTOR ~ REAL PPTY MGMT,500 S GRAND CENTRAL PKWY 4TH FL,LAS VEGAS NV 89155, , , ,891550000, ,73, ,S,MARTIN L KING,BLVD,LV, , , ,PB00480089PT      L1, ,LEVITZ PLAZA,PLAT BOOK 48 PAGE 89,PT LOT 1, , , ,2027,1991,20250401, ,2.02504E+12, ,NS,14200000,R,20031001, , , ,33,20,61,358000,1, ,8,1028874, ,0,0,3521190, ,0, ,0, ,0,60,4550064,0,1028874,3586488,0, ,4615362,0,0,0,0, ,0,0,0,N,20240617,20240617,0, ,13933510001,0, ,139,13933,139335,13933510,139,139335100,335,100,02,89155,0,000073   S MARTIN L KING         BLVDL,3320  61,0048,0089,CLARK COUNTY                    C/O DIRECTOR ~ REAL PPTY MGMT   500 S GRAND CENTRAL PKWY 4TH FL LAS VEGAS NV 89155,000073   S MARTIN L KING         BLVD, ,358,2982.923997,356302.7363,2982.9239966612954
218,256,23,-115.1610555,36.17670609,25,525, ,Martin L King,13928401033,13928401026,Clear Channel Outdoor,Red,CC,288,15,0, , , , ,Is this billboard there?,12x24,1,300, ,5,APN,HIGH,Matched via APN/PARCEL exact join,475611,0,2.54,701,0,13928401033,701,701,139,28,4,01,033,212,2324-85,2324,201,19539.12989,4528,D,6,4,4,412,,265026.2317,5,0,113,9805.190745,15.32061054,89106,313757,212,D F A L L C,8350 EASTGATE RD,HENDERSON NV 89015, , , , ,890150000, ,1505, ,W,BONANZA,RD,LV, ,CF 14-2006;.37A TO RD 20070315:3963, ,00000000, ,PT SE4 SW4 SEC 28 20 61, , , , , ,2027,0,19980821, ,1.99808E+12, ,NS,0, , , , , ,28,20,61,0,0, ,3,580871, ,0,0,0, ,0, ,0, ,0, ,0,0,487931,0,0, ,0,0,0,0,0, ,0,0,0,N,20250908,20250908,0, ,13928401026,0, ,139,13928,139284,13928401,139,139284010,284,010,33,89015,0,001505   W BONANZA               RD  L,2820  61,0000,0000,D F A L L C                     8350 EASTGATE RD                HENDERSON NV 89015,001505   W BONANZA               RD, ,0,1299.967269,108461.6914,1299.9672686078159
219,259,5,-115.147074,36.18858306, ,1601,n,Dst,13922404002,13922404002,LAMAR,Orange,LM,144,15,0, , , , ,U-35-76?,12x24,1,300, ,5,APN,HIGH,Matched via APN/PARCEL exact join,662261,0,0.32,701,0,13922404002,701,701,139,22,4,04,002,204,2225-93,2225,301,35552.9138,4028,D,6,4,4,354,,265026.2317,5,0,113,9805.190745,15.32061054,89106,304842,204,ARMSTRONG-WOODS DUSTY,1920 SUTRO LN,LAS VEGAS NV 89106, , , , ,891060000, ,1601, , ,D,ST,LV, , , ,00000000, ,PT SE4 SW4 SEC 22 20 61, , , , , ,2027,1955,20240417, ,2.02404E+12, ,NS,152677,A,20240401, , , ,22,20,61,370000,1, ,0,36590, ,0,0,16929, ,0, ,0, ,0, ,0,0,36590,16664,0, ,0,0,0,0,0, ,0,0,0,N,20240422,20240422,0, ,13922404002,0, ,139,13922,139224,13922404,139,139224040,224,040,02,89106,0,001601     D                     ST  L,2220  61,0000,0000,ARMSTRONG-WOODS DUSTY           1920 SUTRO LN                   LAS VEGAS NV 89106,001601     D                     ST, ,370,489.8866716,14435.625,489.8866715961743
220,260,4,-115.1447003,36.18862563, ,300,W,Owens,13922404004,13922404001,Clear Channel Outdoor,Red,CC,288,30,0, , , , , ,12x24,1,750, ,5,APN,HIGH,Matched via APN/PARCEL exact join,318389,0,0.14,701,0,13922404004,701,701,139,22,4,04,004,204,2225-94,2225,301,35552.9138,4028,D,6,4,4,354,,265026.2317,5,0,113,9805.190745,15.32061054,89106,304844,204,EWING INVESTMENTS,1400 A ST,LAS VEGAS NV 89106-3215, , , , ,891063215, ,0, , , , ,LV, , , ,00000000, ,PT SE4 SW4 SEC 22 20 61, , , , , ,2027,0,20130912, ,2.01309E+12, ,NS,1758719,M,20130901, , , ,22,20,61,0,0, ,0,16007, ,0,0,0, ,0, ,0, ,0, ,0,0,16007,0,0, ,0,0,0,0,0, ,0,0,0,N,20231117,20231117,0, ,13922404004,0, ,139,13922,139224,13922404,139,139224040,224,040,04,89106,3215,000000                               L,2220  61,0000,0000,EWING INVESTMENTS               1400 A ST                       LAS VEGAS NV 89106-3215,000000, ,0,318.8007297,5973.011719,318.80072966252214
221,261,22,-115.1616205,36.1769783,25,525, ,Martin L King,13928401033,13928401026,Clear Channel Outdoor,Red,CC,288,15,0, , , , , ,14x48,1,300, ,5,APN,HIGH,Matched via APN/PARCEL exact join,475611,0,2.54,701,0,13928401033,701,701,139,28,4,01,033,212,2324-85,2324,201,19539.12989,4528,D,6,4,4,412,,265026.2317,5,0,113,9805.190745,15.32061054,89106,313757,212,D F A L L C,8350 EASTGATE RD,HENDERSON NV 89015, , , , ,890150000, ,1505, ,W,BONANZA,RD,LV, ,CF 14-2006;.37A TO RD 20070315:3963, ,00000000, ,PT SE4 SW4 SEC 28 20 61, , , , , ,2027,0,19980821, ,1.99808E+12, ,NS,0, , , , , ,28,20,61,0,0, ,3,580871, ,0,0,0, ,0, ,0, ,0, ,0,0,487931,0,0, ,0,0,0,0,0, ,0,0,0,N,20250908,20250908,0, ,13928401026,0, ,139,13928,139284,13928401,139,139284010,284,010,33,89015,0,001505   W BONANZA               RD  L,2820  61,0000,0000,D F A L L C                     8350 EASTGATE RD                HENDERSON NV 89015,001505   W BONANZA               RD, ,0,1299.967269,108461.6914,1299.9672686078159
222,263,16,-115.15728,36.1769329,25,1001,W,Bonanza,13928801003,13928801003,Clear Channel Outdoor,Red,CC,288,40,0, , , , , ,12x24,1,300, ,5,APN,HIGH,Matched via APN/PARCEL exact join,394432,0,3.81,701,0,13928801003,701,701,139,28,8,01,003,203,2324-87,2324,301,35552.9138,4030,D,6,4,4,414,,265026.2317,5,0,113,9805.190745,15.32061054,89106,314395,203,LAS VEGAS REVIEW-JOURNAL INC,C/O S HALL CFO,1111 W BONANZA RD,LAS VEGAS NV 89106, , , ,891060000, ,1001, ,W,BONANZA,RD,LV, , , ,00000000, ,PT SW4 SE4 SEC 28 20 61, , , , , ,2027,1963,20170327, ,2.01703E+12, ,NS,16000000,M,20150301, , , ,28,20,61,610000,1, ,4,435656, ,0,0,179383, ,0, ,0, ,0, ,0,0,365951,175728,0, ,0,0,0,0,0, ,0,0,0,N,20250908,20250908,0, ,010630022,0, ,139,13928,139288,13928801,139,139288010,288,010,03,89106,0,001001   W BONANZA               RD  L,2820  61,0000,0000,LAS VEGAS REVIEW-JOURNAL INC    C/O S HALL CFO                  1111 W BONANZA RD               LAS VEGAS NV 89106,001001   W BONANZA               RD, ,610,1798.485437,165480.2598,1798.4854374785034
223,264,17,-115.1563183,36.17693257,25,919,W,Bonanza,13928801018,13928801005,Clear Channel Outdoor,Red,CC,288,40,0, , , , , ,12x24,1,300, ,5,APN,HIGH,Matched via APN/PARCEL exact join,249502,0,2.59,701,0,13928801018,701,701,139,28,8,01,018,203,2324-87,2324,301,35552.9138,4030,D,6,4,4,414,,265026.2317,5,0,113,9805.190745,15.32061054,89106,314403,203,LAS VEGAS REVIEW-JOURNAL INC,C/O S HALL CFO,1111 W BONANZA RD,LAS VEGAS NV 89106, , , ,891060000, ,901, ,W,BONANZA,RD,LV, , , ,00000000, ,PT S2 SE4 SEC 28 20 61, , , , , ,2027,1958,20170327, ,2.01703E+12, ,NS,16000000,M,20150301, , , ,28,20,61,335000,1, ,3,296153, ,0,0,211505, ,0, ,0, ,0, ,0,0,248768,207739,0, ,0,0,0,0,0, ,0,0,0,N,20250908,20250908,0, ,13928801006,0, ,139,13928,139288,13928801,139,139288010,288,010,18,89106,0,000901   W BONANZA               RD  L,2820  61,0000,0000,LAS VEGAS REVIEW-JOURNAL INC    C/O S HALL CFO                  1111 W BONANZA RD               LAS VEGAS NV 89106,000901   W BONANZA               RD, ,335,1692.677887,112695.5313,1692.6778872785844
224,265,19,-115.1473851,36.17741061, ,410,W,Bonanza,13927301003,13927310079,Clear Channel Outdoor,Red,CC,288,0,0, , , , , , ,1,750, ,5,APN,HIGH,Matched via APN/PARCEL exact join,393631,4.26999998,4.29,701,0,13927301003,701,701,139,27,3,01,003,203,2325-72,2325,301,35552.9138,4030,D,6,4,4,418,,265026.2317,5,0,113,9805.190745,15.32061054,89106,312857,203,LAS VEGAS RESCUE MISSION,LAS VEGAS RESCUE MISSION INC,480 W BONANZA RD,LAS VEGAS NV 89106-3227, , , ,891063227, ,480, ,W,BONANZA,RD,LV,9,CF 50-2008;.2A VAC 20241010:304, ,00000000, ,PT NW4 SW4 SEC 27 20 61, , , , , ,2027,1995,20241113, ,2.02411E+12, ,NS/NS,0, , , , , ,27,20,61,450000,1, ,4,490539, ,0,0,1726269, ,0, ,0, ,0,40,2216808,0,457836,1739591,0, ,2197428,0,0,0,0, ,0,0,0,N,20241210,20241210,0, ,13927301002,0, ,139,13927,139273,13927301,139,139273010,273,010,03,89106,3227,000480   W BONANZA               RD  L,2720  61,0000,0000,LAS VEGAS RESCUE MISSION        LAS VEGAS RESCUE MISSION INC    480 W BONANZA RD                LAS VEGAS NV 89106-3227,000480   W BONANZA               RD, ,450,1782.85348,185960.248,1782.5241726695506
225,266,16,-115.1438614,36.17750281, ,601,N,Main,13927310094,13927310094,Clear Channel Outdoor,Red,CC,288,0,0,7/20/1988, ,V-72-88,"RQR-33829; V-72-88(1),(2)&(3)", , ,1,300, ,5,APN,HIGH,Matched via APN/PARCEL exact join,117268,0,1.48,811,0,13927310094,811,811,139,27,3,10,094,203,2325-75,2325,401,13803.29433,4040,D,6,4,4,419,,265026.2317,5,0,113,9805.190745,15.32061054,89101,312928,203,BEHNEN BENNY BINION,BEHNEN JACK NICHOLAS,1900 SILVER AVE,LAS VEGAS NV 89102-2431, , , ,891022431, ,601, ,N,MAIN,ST,LV, , , ,PB00010046PTB1, ,LAS VEGAS ORIG TOWNSITE 2ND AMD,PLAT BOOK 1 PAGE 46,PT BLOCK 1,1.48A & PT SE4 27-20-61 .04A, , ,2027,1955,20250306, ,2.02503E+12, ,NS-NS,500000,M,20121201, , , ,27,20,61,210000,1, ,2,204755, ,0,0,313843, ,0, ,0, ,0, ,0,0,180666,311416,0, ,0,0,0,0,0, ,0,0,0,N,20250313,20250313,0, ,13927310094,0, ,139,13927,139273,13927310,139,139273100,273,100,94,89102,2431,000601   N MAIN                  ST  L,2720  61,0001,0046,BEHNEN BENNY BINION             BEHNEN JACK NICHOLAS            1900 SILVER AVE                 LAS VEGAS NV 89102-2431,000601   N MAIN                  ST, ,210,1145.853293,68741.01172,1145.8532932144205
226,267,17,-115.1427489,36.17763637, ,0, , ,13927705003,13927705001, ,Green,UK,672,40,0, , , , ,DONREY,14x48,1,300, ,5,APN,HIGH,Matched via APN/PARCEL exact join,751597,0,0.19,701,0,13927705003,701,701,139,27,7,05,003,203,2325-75,2325,401,13803.29433,4040,D,6,4,4,419,,265026.2317,5,0,113,9805.190745,15.32061054,89101,313091,203,BEHNEN BENNY BINION,BEHNEN JACK NICHOLAS,1900 SILVER AVE,LAS VEGAS NV 89102-2431, , , ,891022431, ,609, ,N,MAIN,ST,LV, , , ,00000000, ,PT NW4 SE4 SEC 27 20 61, , , , , ,2027,0,20250306, ,2.02503E+12, ,NS-NS,500000,M,20121201, , , ,27,20,61,0,0, ,0,28966, ,0,0,0, ,0, ,0, ,0, ,0,0,26069,0,0, ,0,0,0,0,0, ,0,0,0,N,20240617,20240617,0, ,13927705003,0, ,139,13927,139277,13927705,139,139277050,277,050,03,89102,2431,000609   N MAIN                  ST  L,2720  61,0000,0000,BEHNEN BENNY BINION             BEHNEN JACK NICHOLAS            1900 SILVER AVE                 LAS VEGAS NV 89102-2431,000609   N MAIN                  ST, ,0,378.3203145,7954.707031,378.32031448659404
227,268,17,-115.1540329,36.17695525,25,845,W,BONANZA,13928801008,13928801008,LAMAR,Orange,LM,672,0,0, ,U-0002-98, ,RQR-28416; RQR-11174; RQR-3233, ,14x48,1,750, ,5,APN,HIGH,Matched via APN/PARCEL exact join,317563,0,0.9,701,0,13928801008,701,701,139,28,8,01,008,203,2324-88,2324,301,35552.9138,4030,D,6,4,4,414,,265026.2317,5,0,113,9805.190745,15.32061054,89106,314397,203,ALLEN MARCUS,4740 WINDY HOLLOW ST,LAS VEGAS NV 89130, , , , ,891300000, ,845, ,W,BONANZA,RD,LV, , , ,00000000, ,PT SE4 SE4 SEC 28 20 61, , , , , ,2027,1957,20220624, ,2.02206E+12, ,NS,700000,R,20220601, , , ,28,20,61,240000,1, ,1,102911, ,0,0,83927, ,0, ,0, ,0, ,0,0,96050,87134,0, ,0,0,0,0,0, ,0,0,0,N,20240617,20240617,0, ,13928801008,0, ,139,13928,139288,13928801,139,139288010,288,010,08,89130,0,000845   W BONANZA               RD  L,2820  61,0000,0000,ALLEN MARCUS                    4740 WINDY HOLLOW ST            LAS VEGAS NV 89130,000845   W BONANZA               RD, ,240,822.2568694,39170.60352,822.2568693812666
228,269,17,-115.1559088,36.17525121,25,1111,W,BONANZA,13928801016,13928801016,Clear Channel Outdoor,Red,CC,672,0,0, ,U-69-98, ,RQR-30045;RQR-5263, ,14x48,1,750, ,5,APN,HIGH,Matched via APN/PARCEL exact join,647897,0,11.84,701,0,13928801016,701,701,139,28,8,01,016,203,2324-87,2324,301,35552.9138,4030,D,6,4,4,414,,265026.2317,5,0,113,9805.190745,15.32061054,89106,314402,203,LAS VEGAS REVIEW-JOURNAL INC,C/O S HALL CFO,1111 W BONANZA RD,LAS VEGAS NV 89106, , , ,891060000, ,1211, ,W,BONANZA,RD,LV, , , ,00000000, ,PT S2 SE4 SEC 28 20 61, , , , , ,2027,1970,20170327, ,2.01703E+12, ,NS,16000000,M,20150301, , , ,28,20,61,335001,1, ,12,1151670, ,0,0,7628916, ,0, ,0, ,0, ,0,0,947691,7764069,0, ,0,0,0,0,0, ,0,0,0,N,20250908,20250908,0, ,13928801014,0, ,139,13928,139288,13928801,139,139288010,288,010,16,89106,0,001211   W BONANZA               RD  L,2820  61,0000,0000,LAS VEGAS REVIEW-JOURNAL INC    C/O S HALL CFO                  1111 W BONANZA RD               LAS VEGAS NV 89106,001211   W BONANZA               RD, ,335,3985.315387,507421.0742,3985.3153869250564
229,270,17,-115.1567494,36.14499388,AA,2310,S,LAS VEGAS,16204813072,16204813072,SHEPCO,Pink,PO,672,40,671,12/12/1994,U-230-94, ,RQR-31826;U-230-94(1), ,14x48,0,300, ,3,APN,HIGH,Matched via APN/PARCEL exact join,293936,0,0,703,0,16204813072,703,703,162,04,8,13,072,203,2524-99,2524,1100,17577.33001,5044,E,15,10,4,561,,150972.2077,3,0,57,8235.233709,12.86755267,89104,438709,203,M & D REAL ESTATE L L C,6130 W FLAMINGO RD # 402,LAS VEGAS NV 89103, , , , ,891030000, ,2310, ,S,LAS VEGAS,BLVD,LV, , , ,PB00010043  B2    L24, ,MEADOWS ADD,PLAT BOOK 1 PAGE 43,LOT 24 BLOCK 2,& LOTS 25-36 & VAC ALLEY, , ,2027,1949,20230615, ,2.02306E+12, ,NS,21000000,M,20230601, , , ,04,21,61,321000,1, ,1,801203, ,0,0,70014, ,0, ,0, ,0, ,0,0,763051,70026,0, ,0,0,0,0,0, ,0,0,0,N,20231117,20231117,0, ,040501005,0, ,162,16204,162048,16204813,162,162048130,048,130,72,89103,0,002310   S LAS VEGAS             BLVDL,0421  61,0001,0043,M & D REAL ESTATE L L C         6130 W FLAMINGO RD # 402        LAS VEGAS NV 89103,002310   S LAS VEGAS             BLVD, ,321,870.898637,39787.46289,870.8986370193645
230,271,56,-115.238324,36.24629478, ,0, , ,13802102014,13802102012,Clear Channel Outdoor,Red,CC,288,0,0, , , , , ,12x24,1,300, ,6,APN,HIGH,Matched via APN/PARCEL exact join,427914,0,2.56,701,0,13802102014,701,701,138,02,1,02,014,200,1819-23,1819,3410,23515.28301,2710,B,3,3,4,1269,,265026.2317,5,0,113,9805.190745,15.32061054,89130,194799,200,METROPOLIS LAS VEGAS L L C,1350 REYNOLDS AVE # 100,IRVINE CA 92614, , , , ,926140000, ,4700, ,N,RANCHO,DR,LV, , , ,PM00990042PT      L1, ,PARCEL MAP FILE 99 PAGE 42,PT LOT 1, , , , ,2027,2024,20211001, ,2.0211E+12, ,NS,1600000,R,20211001, , , ,02,20,60,250000,1, ,3,568666, ,0,0,4073057, ,0, ,0, ,0, ,0,0,515195,4065176,0, ,0,0,0,0,0, ,0,0,0,N,20240708,20240708,0, ,13802102012,0, ,138,13802,138021,13802102,138,138021020,021,020,14,92614,0,004700   N RANCHO                DR  L,0220  60,0099,0042,METROPOLIS LAS VEGAS L L C      1350 REYNOLDS AVE # 100         IRVINE CA 92614,004700   N RANCHO                DR, ,250,1660.117428,111315.0371,1660.1174282811266
232,273,58,-115.2365749,36.24349818, ,4500,N,Rancho,13802202015,13802202011,LAMAR,Orange,LM,672,20,0, , ,V-153-95, , ,14x48,1,300, ,6,APN,HIGH,Matched via APN/PARCEL exact join,221165,0,1.18,701,0,13802202015,701,701,138,02,2,02,015,200,1819-33,1819,3409,18042.44829,2710,B,3,3,4,153,,265026.2317,5,0,113,9805.190745,15.32061054,89130,194971,200,MATLOCK HOLDINGS L L C SER MATLO,4279 BERTSOS DR,LAS VEGAS NV 89103, , , , ,891030000, ,0, , , , ,LV, ,G-20241016:84, ,PM01110012        L2-1, ,PARCEL MAP FILE 111 PAGE 12,LOT 2-1, , , , ,2027,0,20241114, ,2.02411E+12, ,NS,950000,U,20241001, , , ,02,20,60,0,0, ,1,233875, ,0,0,0, ,0, ,0, ,0, ,0,0,215884,0,0, ,0,0,0,0,0, ,0,0,0,N,20241017,20241017,0, ,13802202011,0, ,138,13802,138022,13802202,138,138022020,022,020,15,89103,0,000000                               L,0220  60,0111,0012,MATLOCK HOLDINGS L L C SER MATLO4279 BERTSOS DR                 LAS VEGAS NV 89103,000000, ,0,1231.303669,51518.66406,1231.3036691016687
233,274,59,-115.2335666,36.24013923, ,4401,N,Rancho,13802602001,13802602001,LAMAR,Orange,LM,672,40,0,2/1/1995,U-261-94, ,RQR-22325; RQR-4244, ,14x48,1,300, ,6,APN,HIGH,Matched via APN/PARCEL exact join,38777,0,0.36,701,0,13802602001,701,701,138,02,6,02,001,200,1819-55,1819,3409,18042.44829,2710,B,3,3,4,153,,265026.2317,5,0,113,9805.190745,15.32061054,89130,196106,200,SHAHRAM INC,8821 CANYON SPRINGS DR,LAS VEGAS NV 89117-5839, , , , ,891175839, ,4401, ,N,RANCHO,DR,LV, , , ,00000000, ,PT SW4 NE4 SEC 02 20 60, , , , , ,2027,1983,20020906, ,2.00209E+12, ,NS,540000,R,20020901, , , ,02,20,60,358000,1, ,0,101541, ,0,0,48654, ,0, ,0, ,0, ,0,0,96052,50899,0, ,0,0,0,0,0, ,0,0,0,N,20231117,20231117,0, ,13802602001,0, ,138,13802,138026,13802602,138,138026020,026,020,01,89117,5839,004401   N RANCHO                DR  L,0220  60,0000,0000,SHAHRAM INC                     8821 CANYON SPRINGS DR          LAS VEGAS NV 89117-5839,004401   N RANCHO                DR, ,358,521.5245476,16364.74609,521.5245476104757
234,275,60,-115.2262471,36.23230182, ,0,N,Rancho,13802803001,13802803001,Outfront,Brown,OF,288,40,0, ,U-25-96, ,RQR-34411;RQR-12064; RQR-6148; RQR-1689, ,12x24,1,300, ,6,APN,HIGH,Matched via APN/PARCEL exact join,244884,0,3.12,701,0,13802803001,701,701,138,02,8,03,001,200,1819-99,1819,3413,25122.3741,2005,B,3,3,4,207,,265026.2317,5,0,113,9805.190745,15.32061054,89108,196560,200,ACHIARDI MICHELLE,3066 CADBURY DR,LAS VEGAS NV 89121-5608, , , , ,891215608, ,0, , , , ,LV, , , ,PM00280030        L4, ,PARCEL MAP FILE 28 PAGE 30,LOT 4, , , , ,2027,0,20070514, ,2.00705E+12, ,NS,1087260,P,20030301, , , ,02,20,60,0,0, ,3,689728, ,0,0,0, ,0, ,0, ,0, ,0,0,642161,0,0, ,0,0,0,0,0, ,0,0,0,N,20231117,20231117,0, ,13802803001,0, ,138,13802,138028,13802803,138,138028030,028,030,01,89121,5608,000000                               L,0220  60,0028,0030,ACHIARDI MICHELLE               3066 CADBURY DR                 LAS VEGAS NV 89121-5608,000000, ,0,1923.776726,131943.5039,1923.776726
235,276,55,-115.2451946,36.24148262, ,6900,W,Craig,13803602011,0,Clear Channel Outdoor,Red,CC,672,40,0,9/18/1996,U-75-96, ,RQR-33798; U-75-96(1), ,14x48,1,750, ,4,APN,HIGH,Matched via APN/PARCEL exact join,61740,0,2.12,701,0,13803602011,701,701,138,03,6,02,011,200,1818-48,1818,3409,18042.44829,2003,B,3,3,4,152,,265026.2317,5,0,113,9805.190745,15.32061054,89108,198182,200,MINI-MASTERS INC,3800 HOWARD HUGHES PKWY 17TH FL,LAS VEGAS NV 89169-0925, , , , ,891690925, ,6900, ,W,CRAIG,RD,LV, , , ,00000000, ,PT SE4 NE4 SEC 03 20 60, , , , , ,2027,0,19921020, ,1.9921E+12, ,NS,0, , , , , ,03,20,60,250000,0, ,2,258572, ,0,0,0, ,0, ,0, ,0, ,0,0,226250,0,0, ,0,0,0,0,0, ,0,0,0,N,20231117,20231117,0, ,270680008,0, ,138,13803,138036,13803602,138,138036020,036,020,11,89169,925,006900   W CRAIG                 RD  L,0320  60,0000,0000,MINI-MASTERS INC                3800 HOWARD HUGHES PKWY 17TH FL LAS VEGAS NV 89169-0925,006900   W CRAIG                 RD, ,250,1268.609868,94860.45508,1268.4811837734476
236,277,54,-115.2445502,36.24078414, ,6900,W,Craig,13803602015,13803602015,Clear Channel Outdoor,Red,CC,672,40,954,1/18/1995,U-0298-94, ,RQR-29528; RQR-2790, ,14x48,1,300, ,4,APN,HIGH,Matched via APN/PARCEL exact join,628403,0,1.18,701,0,13803602015,701,701,138,03,6,02,015,200,1818-58,1818,3409,18042.44829,2003,B,3,3,4,152,,265026.2317,5,0,113,9805.190745,15.32061054,89108,198186,200,MINI-MASTERS INC,3800 HOWARD HUGHES PKWY 17TH FL,LAS VEGAS NV 89169-0925, , , , ,891690925, ,6900, ,W,CRAIG,RD,LV, , , ,00000000, ,PT SE4 NE4 SEC 03 20 60, , , , , ,2027,1992,19921020, ,1.9921E+12, ,NS,0, , , , , ,03,20,60,250000,472, ,1,197894, ,0,0,1038615, ,0, ,0, ,0, ,0,0,179904,1053241,0, ,0,0,0,0,0, ,0,0,0,N,20231117,20231117,0, ,270680007,0, ,138,13803,138036,13803602,138,138036020,036,020,15,89169,925,006900   W CRAIG                 RD  L,0320  60,0000,0000,MINI-MASTERS INC                3800 HOWARD HUGHES PKWY 17TH FL LAS VEGAS NV 89169-0925,006900   W CRAIG                 RD, ,250,923.1528367,51488.54688,923.1528367
237,278,61,-115.2256957,36.23156011, ,3941,N,Rancho,13811502003,13811502003,Clear Channel Outdoor,Red,CC,672,40,0,8/21/1996,U-59-96, ,RQR-34321;U-59-96(1), ,14x48,1,300, ,6,APN,HIGH,Matched via APN/PARCEL exact join,730882,0,5.0600000000000005,701,0,13811502003,701,701,138,11,5,02,003,200,1919-29,1919,3413,25122.3741,2005,B,3,3,4,207,,265026.2317,5,0,113,9805.190745,15.32061054,89108,212939,200,RAINY DAY INVESTMENTS L L C,DAF HOLDING L L C,2350 SILVER BEACH DR,HENDERSON NV 89052, , , ,890520000, ,3941, ,N,RANCHO,DR,LV, , , ,PM00910093        L2, ,PARCEL MAP FILE 91 PAGE 93,LOT 2, , , , ,2027,0,20240903, ,2.02409E+12, ,NS-NS,2100000,M,20240901, , , ,11,20,60,0,0, ,5,964311, ,0,0,0, ,0, ,0, ,0, ,0,0,887166,0,0, ,0,0,0,0,0, ,0,0,0,N,20241014,20241014,0, ,13811502001,0, ,138,13811,138115,13811502,138,138115020,115,020,03,89052,0,003941   N RANCHO                DR  L,1120  60,0091,0093,RAINY DAY INVESTMENTS L L C     DAF HOLDING L L C               2350 SILVER BEACH DR            HENDERSON NV 89052,003941   N RANCHO                DR, ,0,1954.295917,220390.1094,1954.2959171347309
238,279,11,-115.2163707,36.22227353,AA,3500,N,RANCHO,13812710044,13812710044,LAMAR,Orange,LM,672,40,1028,7/21/1995,U-38-95, ,RQR-31547;RQR-5167, ,14x48,1,300, ,6,APN,HIGH,Matched via APN/PARCEL exact join,138482,0,0,703,0,13812710044,703,703,138,12,7,10,044,200,1921-65,1921,3414,26731.43109,2037,B,7,4,4,231,,265026.2317,5,0,113,9805.190745,15.32061054,89130,214812,200,RAINY DAY INVESTMENTS L L C,D A F HOLDING L L C,2530 SILVER BEACH DR,HENDERSON NV 89052, , , ,890520000, ,3500, ,N,RANCHO,DR,LV, , , ,PB00030086  B3    L21, ,ELSTNER EST SUB,PLAT BOOK 3 PAGE 86,LOT 21 BLOCK 3,& LOTS 22-24 & VAC RD, , ,2027,1955,20230105, ,2.02301E+12, ,NS,1530250,R,20221201, , , ,12,20,60,360000,2, ,3,459111, ,0,0,59060, ,0, ,0, ,0, ,0,0,416896,58749,0, ,0,0,0,0,0, ,0,0,0,N,20231117,20231117,0, ,01A741001,0, ,138,13812,138127,13812710,138,138127100,127,100,44,89052,0,003500   N RANCHO                DR  L,1220  60,0003,0086,RAINY DAY INVESTMENTS L L C     D A F HOLDING L L C             2530 SILVER BEACH DR            HENDERSON NV 89052,003500   N RANCHO                DR, ,360,1525.631058,143939.9707,1525.6310576289097
239,280,9,-115.2111142,36.21558511,AA,0,N,Rancho,13813512006,13813512002,Clear Channel Outdoor,Red,CC,288,30,0, , , , , ,12x24,1,300, ,5,APN,HIGH,Matched via APN/PARCEL exact join,220985,0,4.78,807,0,13813512006,807,807,138,13,5,12,006,200,2121-27,2121,3427,15093.99431,2046,B,3,3,4,294,,265026.2317,5,0,113,9805.190745,15.32061054,89130,215750,200,C R P P L L C,3065 N RANCHO DR # 132,LAS VEGAS NV 89130, , , , ,891300000, ,0, , , , ,LV, , , ,PB00950052PT      L1, ,CHEYENNE RANCHO PROFESSIONAL PLA,PLAT BOOK 95 PAGE 52,PT LOT 1, , , ,2027,0,20120531, ,2.01205E+12, ,NS,0, , , , , ,13,20,60,0,0, ,5,619446, ,0,0,0, ,0, ,0, ,0, ,0,0,601227,0,0, ,0,0,0,0,0, ,0,0,0,N,20231117,20231117,0, ,13813512002,0, ,138,13813,138135,13813512,138,138135120,135,120,06,89130,0,000000                               L,1320  60,0095,0052,C R P P L L C                   3065 N RANCHO DR # 132          LAS VEGAS NV 89130,000000, ,0,1880.082414,208498.1465,1880.0644789810601
240,281,62,-115.2415571,36.2035479, ,2400,N,Rainbow,13814401004,13814401004, ,Green,UK,336,40,1995,1/21/1997,U-129-96, , ,5 yr review has not been done, ,1,300, ,5,APN,HIGH,Matched via APN/PARCEL exact join,335714,0,0.9,701,0,13814401004,701,701,138,14,4,01,004,200,2119-91,2119,3415,32051.7746,2014,B,3,3,4,291,,265026.2317,5,0,113,9805.190745,15.32061054,89108,217745,200,PARLIAMENT PROPERTIES L L C,1580 S JONES BLVD,LAS VEGAS NV 89146-1237, , , , ,891461237, ,2400, ,N,RAINBOW,BLVD,LV, , , ,PM00770047        L1, ,PARCEL MAP FILE 77 PAGE 47,LOT 1, , , , ,2027,1994,20160404, ,2.01604E+12, ,NS,7000000,M,20060801, , , ,14,20,60,358000,1, ,1,260707, ,0,0,218904, ,0, ,0, ,0, ,0,0,246985,222426,0, ,0,0,0,0,0, ,0,0,0,N,20231117,20231117,0, ,13814401003,0, ,138,13814,138144,13814401,138,138144010,144,010,04,89146,1237,002400   N RAINBOW               BLVDL,1420  60,0077,0047,PARLIAMENT PROPERTIES L L C     1580 S JONES BLVD               LAS VEGAS NV 89146-1237,002400   N RAINBOW               BLVD, ,358,770.0137194,38608.34961,770.0137193789133
241,282,63,-115.2440137,36.20308234, ,0, , ,13822514006,13822503001,LAMAR,Orange,LM,672,55,0,7/17/1991,U-123-91,V-164-95,RQR-33992; V-164-95(1),2 yr review has not been done,14x48,1,750, ,5,SPATIAL,MEDIUM,Matched via spatial intersect (buffered point),,,,,,,,,,,,,,,,,,,,,,,,,,,,,,,,89108,,200,RAINBOW PLAZA ENTERPRISES L L C,,,,,,,,,2341,,N,RAINBOW,BLVD,,,,,,,,,,,,,,,,,,,,0,,,,,,,,,340000,,,,272139,,,,1314347,,,,,,,,,,,,,,,,,,,,,,,,,,,,,,,,,,,,,,,,,,,,,,,002341   N RAINBOW               BLVD,,,,,
242,283,27,-115.2438125,36.19948583, ,2021,N,Rainbow,13822514008,13822603001,LAMAR,Orange,LM,672,40,0, ,U-0137-95, ,RQR-41253; RQR-27423; RQR-1736, ,14x48,1,750, ,5,SPATIAL,MEDIUM,Matched via spatial intersect (buffered point),,,,,,,,,,,,,,,,,,,,,,,,,,,,,,,,89108,,200,8454 STELLER DRIVE L L C ETAL,,,,,,,,,2341,,N,RAINBOW,BLVD,,,,,,,,,,,,,,,,,,,,0,,,,,,,,,355000,,,,3093491,,,,2733066,,,,,,,,,,,,,,,,,,,,,,,,,,,,,,,,,,,,,,,,,,,,,,,002341   N RAINBOW               BLVD,,,,,
243,284,17,-115.2428539,36.19506368,AA,1981,N,RAINBOW,13822713002,13822703002, ,Green,UK,2016,40,0,6/23/1997, ,V-0040-97,RQR-40454; 25330; V-40-97(1), , ,1,750, ,5,APN,HIGH,Matched via APN/PARCEL exact join,473606,0,1.81,807,0,13822713002,807,807,138,22,7,13,002,200,2218-59,2218,3422,17582.76641,2023,B,34,6,4,345,,265026.2317,5,0,113,9805.190745,15.32061054,89108,236610,200,RESTAURANT ROW L L C,CHICK-FIL-A LEASE,C/O LEGAL DEPT,5200 BUFFINGTON RD,ATLANTA GA 30349, , ,303490000, ,1991, ,N,RAINBOW,BLVD,LV, ,LS-20171130:2996, ,PB00780093PT      L1, ,RESTAURANT ROW,PLAT BOOK 78 PAGE 93,PT LOT 1, , , ,2027,2018,19970717, ,1.99707E+12, ,NS,1843543,M,19980201, , , ,22,20,60,365000,1, ,2,524313, ,0,0,565152, ,0, ,0, ,0, ,0,0,496717,575738,0, ,0,0,0,0,0, ,0,0,0,N,20231117,20231117,0, ,13822713001,0, ,138,13822,138227,13822713,138,138227130,227,130,02,30349,0,001991   N RAINBOW               BLVDL,2220  60,0078,0093,RESTAURANT ROW L L C            CHICK-FIL-A LEASE               C/O LEGAL DEPT                  5200 BUFFINGTON RD              ATLANTA GA 30349,001991   N RAINBOW               BLVD, ,365,1100.204219,78827.76953,1100.2042188231574
244,285,16,-115.2437423,36.19214218,AA,1841,N,RAINBOW,13822812001,13822803001,LAMAR,Orange,LM,672,65,418,7/16/2003,SUP-2291,VAR-2292,RQR-28093, ,14x48,1,750, ,5,APN,HIGH,Matched via APN/PARCEL exact join,642422,0,14.09,807,0,13822812001,807,807,138,22,8,12,001,200,2218-89,2218,3422,17582.76641,2023,B,34,6,4,345,,265026.2317,5,0,113,9805.190745,15.32061054,89108,236759,200,JERMAC,C/O B PALLUCK,2655 S MARYLAND PKWY STE 201,LAS VEGAS NV 89109, , , ,891090000, ,1851, ,N,RAINBOW,BLVD,LV, ,SF 169-56, ,PB01370077        L1, ,ATHLETIC CLUB PLAZA,PLAT BOOK 137 PAGE 77,LOT 1, , , ,2027,2005,19980318, ,1.99803E+12, ,NS,0, , , , , ,22,20,60,345000,1, ,14,2577792, ,0,0,4804079, ,0, ,0, ,0, ,0,0,2362976,4810854,0, ,0,0,0,0,0, ,0,0,0,N,20250915,20250915,0, ,13822803001,0, ,138,13822,138228,13822812,138,138228120,228,120,01,89109,0,001851   N RAINBOW               BLVDL,2220  60,0137,0077,JERMAC                          C/O B PALLUCK                   2655 S MARYLAND PKWY STE 201    LAS VEGAS NV 89109,001851   N RAINBOW               BLVD, ,345,3466.068997,614067.4238,3466.0689973128237
245,286,29,-115.2458245,36.19422704, ,1910, ,Rock Springs,13822711005,13822702001,LAMAR,Orange,LM,672,30,0, ,U-61-92, ,RQR-21507; U-61-92(1)&(2), ,14x48,1,750, ,1,APN,HIGH,Matched via APN/PARCEL exact join,381175,0,2,807,0,13822711005,807,807,138,22,7,11,005,200,2218-68,2218,3421,14539.81059,3765,C,34,6,3,344,,161583.3057,1,0,83,11202.31054,17.50361022,89128,236605,200,RAD PROPERTIES ETAL,DESMET LIVING TRUST,C/O KAIRO COML MGT LLC,105 E RENO AVE # 3,LAS VEGAS NV 89119, , ,891190000, ,1922, , ,ROCK SPRINGS,DR,LV, , , ,PB00620031PT      L1, ,ROCK SPRINGS COML SUB,PLAT BOOK 62 PAGE 31,PT LOT 1, , , ,2027,1995,20180309, ,2.01803E+12, ,NS-NS,6900000,R,20180301, , , ,22,20,60,355000,1, ,2,487872, ,0,0,698763, ,0, ,0, ,0, ,0,0,463478,715513,0, ,0,0,0,0,0, ,0,0,0,Y,20241023,20241023,0, ,13822711003,0, ,138,13822,138227,13822711,138,138227110,227,110,05,89119,0,001922     ROCK SPRINGS          DR  L,2220  60,0062,0031,RAD PROPERTIES ETAL             DESMET LIVING TRUST             C/O KAIRO COML MGT LLC          105 E RENO AVE # 3              LAS VEGAS NV 89119,001922     ROCK SPRINGS          DR, ,355,1561.760227,90631.4375,1561.7602272582124
246,287,28,-115.2490042,36.19626603, ,7200,W,Lake Mead,13822610002,13822610002, ,Green,UK,672,40,1522,6/20/1996,U-74-95, ,RQR-33332, ,14x48,1,300, ,1,APN,HIGH,Matched via APN/PARCEL exact join,72647,0,0.88,807,0,13822610002,807,807,138,22,6,10,002,200,2218-56,2218,3418,14684.26311,3754,C,37,6,3,309,,161583.3057,1,0,83,11202.31054,17.50361022,89128,236098,200,3 R P M 3 L L C,848 N RAINBOW BLVD # 3667,LAS VEGAS NV 89107, , , , ,891070000, ,7200, ,W,LAKE MEAD,BLVD,LV, , , ,PB00560027PT      L1, ,LAKE MEAD ROCK SPRINGS,PLAT BOOK 56 PAGE 27,PT LOT 1, , , ,2027,1990,20160817, ,2.01608E+12, ,NS,3100000,M,20160801, , , ,22,20,60,360000,1, ,1,268331, ,0,0,203898, ,0, ,0, ,0, ,0,0,248206,210709,0, ,0,0,0,0,0, ,0,0,0,N,20240808,20240808,0, ,13822601005,0, ,138,13822,138226,13822610,138,138226100,226,100,02,89107,0,007200   W LAKE MEAD             BLVDL,2220  60,0056,0027,3 R P M 3 L L C                 848 N RAINBOW BLVD # 3667       LAS VEGAS NV 89107,007200   W LAKE MEAD             BLVD, ,360,792.8500516,38616.96289,792.8500516405874
247,288,14,-115.241874,36.2028,AA,2350,N,RAINBOW,13823110001,13823110001,LAMAR,Orange,LM,672,40,943,6/7/1995,U-18-95, ,RQR-17763; RQR-4661, ,14x48,1,300, ,5,APN,HIGH,Matched via APN/PARCEL exact join,512381,0,0.81,811,0,13823110001,811,811,138,23,1,10,001,200,2219-11,2219,3419,17710.47157,2014,B,3,3,4,311,,265026.2317,5,0,113,9805.190745,15.32061054,89108,236762,200,Z & Z PROPERTIES L L C RAINBOW S,9825 CANYON ROCK PL,LAS VEGAS NV 89134, , , , ,891340000, ,2350, ,N,RAINBOW,BLVD,LV, , , ,PB00020003        L1, ,ARTESIAN BELT ACRES TRACT,PLAT BOOK 2 PAGE 3,LOT 1,& PT LOT 2, , ,2027,1991,20120227, ,2.01202E+12, ,NS,128500,R,19940301, , , ,23,20,60,358000,1, ,1,234639, ,0,0,168637, ,0, ,0, ,0, ,0,0,222289,171532,0, ,0,0,0,0,0, ,0,0,0,N,20231117,20231117,0, ,13823110001,0, ,138,13823,138231,13823110,138,138231100,231,100,01,89134,0,002350   N RAINBOW               BLVDL,2320  60,0002,0003,Z & Z PROPERTIES L L C RAINBOW S9825 CANYON ROCK PL             LAS VEGAS NV 89134,002350   N RAINBOW               BLVD, ,358,601.1520765,22796.76758,601.1520764534534
248,290,6,-115.2063145,36.17517568,AA,101,N,DECATUR,13825812205,13825812204, ,Green,UK,672,40,0, , , , , ,14x48,1,750, ,1,APN,HIGH,Matched via APN/PARCEL exact join,812030,0,0,703,0,13825812205,703,703,138,25,8,12,205,200,2321-99,2321,108,16570.86966,4009,D,10,3,4,408,,161583.3057,1,0,83,11202.31054,17.50361022,89107,244450,200,115 N DECATUR BLVD TRUST,MY LITTLE UGLIES SP TRS,6250 AZURE DR,LAS VEGAS NV 89130-7295, , , ,891307295, ,115, ,N,DECATUR,BLVD,LV, , , ,PB00010096  B19   L11, ,LAS VEGAS SQUARE,PLAT BOOK 1 PAGE 96,LOT 11 BLOCK 19,"& LOTS 12-14,27-30", , ,2027,1966,20160121, ,2.01601E+12, ,NS,265000,R,20020801, , , ,25,20,60,360000,1, ,0,51226, ,0,0,24787, ,0, ,0, ,0, ,0,0,46347,24849,0, ,0,0,0,0,0, ,0,0,0,N,20231117,20231117,0, ,13825812205,0, ,138,13825,138258,13825812,138,138258122,258,122,05,89130,7295,000115   N DECATUR               BLVDL,2520  60,0001,0096,115 N DECATUR BLVD TRUST        MY LITTLE UGLIES SP TRS         6250 AZURE DR                   LAS VEGAS NV 89130-7295,000115   N DECATUR               BLVD, ,360,478.3020828,13883.44141,478.30208279109775
249,291,64,-115.1886298,36.19108501, ,1735,N,Rancho,13919812016,13919812016,Clear Channel Outdoor,Red,CC,288,0,0, , , , , ,12x24,1,300, ,5,APN,HIGH,Matched via APN/PARCEL exact join,72904,0,0,703,0,13919812016,703,703,139,19,8,12,016,200,2222-89,2222,3429,17242.9657,4529,D,6,4,4,350,,265026.2317,5,0,113,9805.190745,15.32061054,89106,300018,200,A R A ALPHA 30 L L C,1735 N RANCHO DR,LAS VEGAS NV 89106, , , , ,891060000, ,1735, ,N,RANCHO,DR,LV, , , ,PB00020038  B14   L3, ,EASTLAND HGTS PLAT #1 AMD,PLAT BOOK 2 PAGE 38,LOT 3 BLOCK 14, , , ,2027,1950,20251001, ,2.0251E+12, ,NS,2475000,R,20250601, , , ,19,20,61,180000,20, ,1,157642, ,0,0,45969, ,0, ,0, ,0, ,0,0,143311,45628,0, ,0,0,0,0,0, ,0,0,0,N,20250609,20250609,2136, ,13919812016,0, ,139,13919,139198,13919812,139,139198120,198,120,16,89106,0,001735   N RANCHO                DR  L,1920  61,0002,0038,A R A ALPHA 30 L L C            1735 N RANCHO DR                LAS VEGAS NV 89106,001735   N RANCHO                DR, ,180,810.6491363,41066.18164,810.6491363
250,292,65,-115.1868307,36.18983936, ,1660,N,Rancho,13920421135,13920411015,LAMAR,Orange,LM,0,0,0, , , , , , ,1,300, ,5,SPATIAL,MEDIUM,Matched via spatial intersect (buffered point),,,,,,,,,,,,,,,,,,,,,,,,,,,,,,,,89106,,200,ARCADIA COMMUNITY ASSOCIATION,,,,,,,,,1682,,N,RANCHO,DR,,,,,,,,,,,,,,,,,,,,0,,,,,,,,,100000,,,,0,,,,0,,,,,,,,,,,,,,,,,,,,,,,,,,,,,,,,,,,,,,,,,,,,,,,001682   N RANCHO                DR,,,,,
251,298,71,-115.1478172,36.17451202, ,100, ,City,13927410014,0,Clear Channel Outdoor,Red,CC,672,71,0,5/18/2005,SUP-23330; SUP-5877; U-94-98; Z-100-97,VAR-24021; VAR-6355; VAR-5878,RQR-11403; RQR-5683; RQR-1974,EOT-21831; EOT-21830,14x48,1,750, ,5,ADDRESS,LOW,Matched via address best-effort (may be approximate),,,,,,,,,,,,,,,,,,,,,,,,,,,,,,,,89106,,203,SOUTHERN NEVADA WATER AUTHORITY,,,,,,,,,100,,N,CITY,PKWY,,,,,,,,,,,,,,,,,,,,0,,,,,,,,,335000,,,,103284,,,,11650707,,,,,,,,,,,,,,,,,,,,,,,,,,,,,,,,,,,,,,,,,,,,,,,000100   N CITY                  PKWY,,,,,
252,299,72,-115.1472489,36.17856667, ,0, , ,13927310089,13927310089,LAMAR,Orange,LM,0,0,0, , , , , , ,1,750, ,5,APN,HIGH,Matched via APN/PARCEL exact join,599536,0,0,703,0,13927310089,703,703,139,27,3,10,089,203,2325-73,2325,301,35552.9138,4030,D,6,4,4,418,,265026.2317,5,0,113,9805.190745,15.32061054,89106,312926,203,BALL SIGNS L L C,1704 VERMIEL DR,LAS VEGAS NV 89117, , , , ,891170000, ,412, ,W,WILSON,AVE,LV, , , ,PB00010046PTB11   L2, ,LAS VEGAS ORIG TOWNSITE 2ND AMD,PLAT BOOK 1 PAGE 46,PT LOT 2 BLOCK 11,& PT LOTS 3-10, , ,2027,0,20180406, ,2.01804E+12, ,NS,0, , , , , ,27,20,61,0,0, ,0,21725, ,0,0,0, ,0, ,0, ,0, ,0,0,20276,0,0, ,0,0,0,0,0, ,0,0,0,N,20240820,20240820,0, ,13927310089,0, ,139,13927,139273,13927310,139,139273100,273,100,89,89117,0,000412   W WILSON                AVE L,2720  61,0001,0046,BALL SIGNS L L C                1704 VERMIEL DR                 LAS VEGAS NV 89117,000412   W WILSON                AVE, ,0,420.291847,8324.822266,420.2918470077467
253,300,73,-115.1495384,36.17762311, ,600,W,Bonanza,13927310073,13927310073,Clear Channel Outdoor,Red,CC,0,0,0, , , , , , ,1,750, ,5,APN,HIGH,Matched via APN/PARCEL exact join,262916,0,0,703,0,13927310073,703,703,139,27,3,10,073,203,2325-72,2325,301,35552.9138,4030,D,6,4,4,418,,265026.2317,5,0,113,9805.190745,15.32061054,89106,312925,203,MACIAS ALEJANDRO JESUS,ADAME NATALIE PENA,9838 ANGEL VALLEY DR,LAS VEGAS NV 89178, , , ,891780000, ,600, ,W,BONANZA,RD,LV, , , ,PB00010046  B6    L1, ,LAS VEGAS ORIG TOWNSITE 2ND AMD,PLAT BOOK 1 PAGE 46,LOT 1 BLOCK 6,"& LOT 2 PT LOTS 3-5,24 & VAC",ALLEY, ,2027,1956,20250828, ,2.02508E+12, ,NS,117946,A,20250701, , , ,27,20,61,730000,1, ,0,35448, ,0,0,8296, ,0, ,0, ,0, ,0,0,33085,8196,0, ,0,0,0,0,0, ,0,0,0,N,20250717,20250717,0, ,13927310073,0, ,139,13927,139273,13927310,139,139273100,273,100,73,89178,0,000600   W BONANZA               RD  L,2720  61,0001,0046,MACIAS ALEJANDRO JESUS          ADAME NATALIE PENA              9838 ANGEL VALLEY DR            LAS VEGAS NV 89178,000600   W BONANZA               RD, ,730,478.2425574,13575.4043,478.24255742362305
254,301,74,-115.1503759,36.17703807, ,601,W,Bonanza,13927401002,13927401002,LAMAR,Orange,LM,0,0,0, , , , , , ,1,750, ,5,APN,HIGH,Matched via APN/PARCEL exact join,351382,0,1.78,701,0,13927401002,701,701,139,27,4,01,002,203,2325-81,2325,301,35552.9138,4030,D,6,4,4,416,,265026.2317,5,0,113,9805.190745,15.32061054,89106,312960,203,NEVADA READY MIX CORPORATION,151 CASSIA WAY,HENDERSON NV 89014-6616, , , , ,890146616, ,601, ,W,BONANZA,RD,LV, ,.07A TO RD 20000512:295, ,00000000, ,PT SW4 SW4 SEC 27 20 61, , , , , ,2027,1946,19890803, ,1.98908E+12, ,NS,0, , , , , ,27,20,61,378000,1, ,2,203535, ,0,0,337365, ,0, ,0, ,0, ,0,0,189966,336044,0, ,0,0,0,0,0, ,0,0,0,N,20240617,20240617,0, ,010640002,0, ,139,13927,139274,13927401,139,139274010,274,010,02,89014,6616,000601   W BONANZA               RD  L,2720  61,0000,0000,NEVADA READY MIX CORPORATION    151 CASSIA WAY                  HENDERSON NV 89014-6616,000601   W BONANZA               RD, ,378,1091.690554,74000.4082,1091.690554096305
255,302,75,-115.1342359,36.18540933, ,1300,N,LV Blvd. N,13927603028,13927504010, ,Green,UK,0,0,0, , , , , , ,9,300, ,5,APN,HIGH,Matched via APN/PARCEL exact join,427569,0,3.88,701,0,13927603028,701,701,139,27,6,03,028,214,2325-39,2325,401,13803.29433,4510,D,11,2,4,387,,265026.2317,5,0,113,9805.190745,15.32061054,89101,313069,214,PALM MORTUARY INC,C/O PPTY TAX 9TH FLR,PO BOX 130548,HOUSTON TX 77219-0548, , , ,772190548, ,0, , , , ,LV, , , ,PM01140095        L1, ,PARCEL MAP FILE 114 PAGE 95,LOT 1, , , , ,2027,0,19590416, ,1.95904E+12, ,NS,0, , , , , ,27,20,61,330000,0, ,4,34310, ,0,0,0, ,0, ,0, ,0,30,0,0,29577,0,0, ,0,0,0,0,0, ,0,0,0,N,20231117,20231117,0, ,13927504011,0, ,139,13927,139276,13927603,139,139276030,276,030,28,77219,548,000000                               L,2720  61,0114,0095,PALM MORTUARY INC               C/O PPTY TAX 9TH FLR            PO BOX 130548                   HOUSTON TX 77219-0548,000000, ,330,1894.22297,174654.5391,1894.2229697366952
257,304,77,-115.1527999,36.17303455, ,0, , ,13933511004,0,Clear Channel Outdoor,Red,CC,672,0,0, ,U-94-98; Z-100-97, ,RQR-35268; 21345; 11403; 5683; 1974, ,14x48,1,750, ,5,APN,HIGH,Matched via APN/PARCEL exact join,300701,17.68000031,17.8,807,0,13933511004,807,807,139,33,5,11,004,203,2424-19,2424,301,35552.9138,4613,D,11,2,4,452,,265026.2317,5,0,113,9805.190745,15.32061054,89106,320547,203,W M C PAVILIONS S P E L L C,C/O TAX DEPT,475 S GRAND CENTRAL PKWY # 1615,LAS VEGAS NV 89106, , , ,891060000,WORLD MARKET CENTER,205, ,S,GRAND CENTRAL,PKWY,LV, ,.17A  RD 20190521:1280, ,PB00530061PT      L3, ,PARKWAY CENTER,PLAT BOOK 53 PAGE 61,PT LOT 3, , , ,2027,2005,20170926, ,2.01709E+12, ,NS,17209451,M,20040901, , , ,33,20,61,330000,1, ,18,4776267, ,0,0,511901, ,0, ,0, ,0, ,0,0,4776267,512227,0, ,0,0,0,0,0, ,0,0,0,N,20240117,20240117,0, ,13933511002,0, ,139,13933,139335,13933511,139,139335110,335,110,04,89106,0,000205   S GRAND CENTRAL         PKWYL,3320  61,0053,0061,W M C PAVILIONS S P E L L C     C/O TAX DEPT                    475 S GRAND CENTRAL PKWY # 1615 LAS VEGAS NV 89106,000205   S GRAND CENTRAL         PKWY, ,330,4887.686402,770141.2246,4887.686401919336
258,305,78,-115.1564914,36.17108943, ,0, , ,13933610031,13933511003,Clear Channel Outdoor,Red,CC,672,0,0, ,U-94-98; Z-100-97, ,RQR-35268; 21345; 11403; 5683; 1974,ROC-13357,14x48,1,750, ,5,SPATIAL,MEDIUM,Matched via spatial intersect (buffered point),,,,,,,,,,,,,,,,,,,,,,,,,,,,,,,,89106,,203,W M C V PHASE 3 S P E L L C,,,,,,,,,455,,S,GRAND CENTRAL,PKWY,,,,,,,,,,,,,,,,,,,,0,,,,,,,,,359000,,,,5326343,,,,156082326,,,,,,,,,,,,,,,,,,,,,,,,,,,,,,,,,,,,,,,,,,,,,,,000455   S GRAND CENTRAL         PKWY,,,,,
259,308,81,-115.1589583,36.16668293, ,0, , ,13933610014,13933610005,Clear Channel Outdoor,Red,CC,672,0,0, ,U-94-98; Z-100-97, ,RQR-35268; 21345; 11403; 5683; 1974,ROC-13357,14x48,1,750, ,5,APN,HIGH,Matched via APN/PARCEL exact join,483809,0,7.21,807,0,13933610014,807,807,139,33,6,10,014,203,2424-46,2424,301,35552.9138,4613,D,11,2,4,453,,265026.2317,5,0,113,9805.190745,15.32061054,89106,320563,203,W M C V PHASE 2 S P E L L C,C/O TAX DEPT,475 S GRAND CENTRAL PKWY # 1615,LAS VEGAS NV 89106, , , ,891060000,WORLD MARKET CENTER,475, ,S,GRAND CENTRAL,PKWY,LV,582, , ,PB00530061PT      L2, ,PARKWAY CENTER,PLAT BOOK 53 PAGE 61,PT LOT 2, , , ,2027,2006,20161114, ,2.01611E+12, ,NS,0, , , , , ,33,20,61,359000,1, ,7,2055575, ,0,0,76377381, ,0, ,0, ,0, ,0,0,2055575,78271210,0, ,0,0,0,0,0, ,0,0,0,N,20231117,20231117,0, ,13933610012,0, ,139,13933,139336,13933610,139,139336100,336,100,14,89106,0,000475   S GRAND CENTRAL         PKWYL,3320  61,0053,0061,W M C V PHASE 2 S P E L L C     C/O TAX DEPT                    475 S GRAND CENTRAL PKWY # 1615 LAS VEGAS NV 89106,000475   S GRAND CENTRAL         PKWY, ,359,2349.562271,314484.6328,2349.5622708331484
260,309,82,-115.159558,36.16385207, ,0, , ,13933710005,0,Clear Channel Outdoor,Red,CC,672,0,0, ,Z-100-97, ,RQR-1974, , ,1,750, ,5,SPATIAL,MEDIUM,Matched via spatial intersect (buffered point),,,,,,,,,,,,,,,,,,,,,,,,,,,,,,,,89106,,203,SIMON CHELSEA L V DEV L L C,,,,,,,,,875,,S,GRAND CENTRAL,PKWY,,,,,,,,,,,,,,,,,,,,0,,,,,,,,,355000,,,,9795705,,,,37919022,,,,,,,,,,,,,,,,,,,,,,,,,,,,,,,,,,,,,,,,,,,,,,,000875   S GRAND CENTRAL         PKWY,,,,,
261,310,83,-115.1510323,36.16378005, ,0, , ,13934399018,0,,Green,UK,0,0,0, , , , ,No Case History, ,1,300, ,3,NONE,NONE,No parcel match (ROW/easement/geometry mismatch or missing APN/address),,,,,,,,,,,,,,,,,,,,,,,,,,,,,,,,89101,,203,,,,,,,,,,0,,,,,,,,,,,,,,,,,,,,,,,,0,,,,,,,,,0,,,,0,,,,0,,,,,,,,,,,,,,,,,,,,,,,,,,,,,,,,,,,,,,,,,,,,,,,,,,,,
263,313,86,-115.1252884,36.16366003, ,125,M,Bruce,13935312062,0, ,Green,UK,0,0,0, , , , , , ,0,300, ,3,APN,HIGH,Matched via APN/PARCEL exact join,675581,0,0,703,0,13935312062,703,703,139,35,3,12,062,203,2426-75,2426,600,10938.2623,4547,D,11,2,1,1306,,150972.2077,3,0,57,8235.233709,12.86755267,89101,323214,203,B H DOWNTOWN L L C,801 S GRAND AVE STE 700,LOS ANGELES CA 90017, , , , ,900170000, ,125, ,N,BRUCE,ST,LV, , , ,PB00020042  B4    L21, ,MAYFAIR #03,PLAT BOOK 2 PAGE 42,LOT 21 BLOCK 4, , , ,2027,1943,20180727, ,2.01807E+12, ,NS,1000000,M,20180701, , , ,35,20,61,335000,1, ,0,15856, ,0,0,735, ,0, ,0, ,0, ,0,0,15856,719,0, ,0,0,0,0,0, ,0,0,0,N,20231117,20231117,0, ,13935312062,0, ,139,13935,139353,13935312,139,139353120,353,120,62,90017,0,000125   N BRUCE                 ST  L,3520  61,0002,0042,B H DOWNTOWN L L C              801 S GRAND AVE STE 700         LOS ANGELES CA 90017,000125   N BRUCE                 ST, ,335,316.7638154,5618.929688,316.76381539763844
264,317,90,-115.1228727,36.15909572, ,0, , ,13935814011,0,Clear Channel Outdoor,Red,CC,0,0,0, , , , , , ,1,300, ,3,APN,HIGH,Matched via APN/PARCEL exact join,252613,0,0,703,0,13935814011,703,703,139,35,8,14,011,203,2426-96,2426,521,11850.17796,4543,D,11,2,1,492,,150972.2077,3,0,57,8235.233709,12.86755267,89104,324781,203,1837 CHARLESTON L L C,1106 WHITWORTH AVE,LAS VEGAS NV 89148, , , , ,891480000, ,1837, ,E,CHARLESTON,BLVD,LV, , , ,PB00030009        L11, ,LAWRENCE LOVE TRACT,PLAT BOOK 3 PAGE 9,LOT 11, , , ,2027,1951,20101104, ,2.01011E+12, ,NS,550000,M,20020501, , , ,35,20,61,150000,10, ,0,59500, ,0,0,74530, ,0, ,0, ,0, ,0,0,56000,73354,0, ,0,0,0,0,0, ,0,0,0,N,20231117,20231117,0, ,13935814011,0, ,139,13935,139358,13935814,139,139358140,358,140,11,89148,0,001837   E CHARLESTON            BLVDL,3520  61,0003,0009,1837 CHARLESTON L L C           1106 WHITWORTH AVE              LAS VEGAS NV 89148,001837   E CHARLESTON            BLVD, ,150,403.3506347,8917.513672,403.3506347246137
265,318,91,-115.1185283,36.14504597, ,2329,S,Eastern,16201401008,16201401003,Clear Channel Outdoor,Red,CC,672,40,0,5/3/1972,Z-30-72, , , ,14x48,0,300, ,3,SPATIAL,MEDIUM,Matched via spatial intersect (buffered point),,,,,,,,,,,,,,,,,,,,,,,,,,,,,,,,89104,,200,TIGERTAIL FIVE L L C,,,,,,,,,2401,,S,EASTERN,AVE,,,,,,,,,,,,,,,,,,,,3000000,,20210701,,,,,,,355000,,,,248970,,,,237544,,,,,,,,,,,,,,,,,,,,,,,,,,,,,,,,,,,,,,,,,,,,,,,002401   S EASTERN               AVE,,,,,
266,319,92,-115.1534894,36.14572189, ,2033, ,Paradise,16203413012,16203413012,Clear Channel Outdoor,Red,CC,0,0,0, , , , ,No Case History, ,0,300, ,3,APN,HIGH,Matched via APN/PARCEL exact join,342253,0,0,703,0,16203413012,703,703,162,03,4,13,012,203,2525-81,2525,1200,21379.77876,5350,E,15,10,1,570,,150972.2077,3,0,57,8235.233709,12.86755267,89104,436226,203,24/7 SALON & DAY SPA STUDIO L L,3327 EL CAMINO RD,LAS VEGAS NV 89146, , , , ,891460000, ,2033, , ,PARADISE,RD,LV, , , ,PB00030002  B1    L12, ,PARADISE VILLAGE TRACT #1,PLAT BOOK 3 PAGE 2,LOT 12 BLOCK 1, , , ,2027,0,20190418, ,2.01904E+12, ,NS,238800,R,20190401, , , ,03,21,61,0,0, ,0,35181, ,0,0,0, ,0, ,0, ,0, ,0,0,33695,0,0, ,0,0,0,0,0, ,0,0,0,N,20231117,20231117,0, ,16203413012,0, ,162,16203,162034,16203413,162,162034130,034,130,12,89146,0,002033     PARADISE              RD  L,0321  61,0003,0002,24/7 SALON & DAY SPA STUDIO L L 3327 EL CAMINO RD               LAS VEGAS NV 89146,002033     PARADISE              RD, ,0,312.3180528,5732.246094,312.31805277910195
267,320,93,-115.1550929,36.1586768, ,105,W,Charleston,16204506008,16204506008,,Green,UK,0,0,0, , , , ,Iron Works advertisement, ,1,300, ,3,APN,HIGH,Matched via APN/PARCEL exact join,465900,0,1.47,701,0,16204506008,701,701,162,04,5,06,008,203,2524-19,2524,1100,17577.33001,5044,E,15,10,4,560,,150972.2077,3,0,57,8235.233709,12.86755267,89102,438242,203,105 W CHARLESTON L L C,105 W CHARLESTON BLVD,LAS VEGAS NV 89102, , , , ,891020000, ,105, ,W,CHARLESTON,BLVD,LV, , , ,PM00820014        L2, ,PARCEL MAP FILE 82 PAGE 14,LOT 2, , , , ,2027,1961,20211122, ,2.02111E+12, ,NS,1943000,R,20031201, , , ,04,21,61,358000,1, ,1,533395, ,0,0,181461, ,0, ,0, ,0, ,0,0,533395,179328,0, ,0,0,0,0,0, ,0,0,0,N,20231117,20231117,0, ,16204506006,0, ,162,16204,162045,16204506,162,162045060,045,060,08,89102,0,000105   W CHARLESTON            BLVDL,0421  61,0082,0014,105 W CHARLESTON L L C          105 W CHARLESTON BLVD           LAS VEGAS NV 89102,000105   W CHARLESTON            BLVD, ,358,1000.355191,63742.32422,1000.3551906073277
268,321,94,-115.159274,36.15726003, ,0, , ,16204513015,16204513015, ,Green,UK,672,80,0, ,U-0121-99, ,RQR-29609, ,14x48,1,750, ,3,APN,HIGH,Matched via APN/PARCEL exact join,196545,0,0,703,0,16204513015,703,703,162,04,5,13,015,212,2524-18,2524,204,18398.81093,5562,E,15,10,4,558,,150972.2077,3,0,57,8235.233709,12.86755267,89102,438302,212,CITY OF LAS VEGAS,495 S MAIN ST,LAS VEGAS NV 89101, , , , ,891010000, ,1226, , ,WESTERN,AVE,LV, , , ,PB00040022  B2    L1, ,PLUNKETT TRACT INDST SUB,PLAT BOOK 4 PAGE 22,LOT 1 BLOCK 2, , , ,2027,0,20230914, ,2.02309E+12, ,NS,3650000,M,20060301, , , ,04,21,61,0,0, ,0,0, ,0,0,0, ,0, ,0, ,0,55,0,0,112060,0,0, ,112060,0,0,0,0, ,0,0,0,N,20231117,20231117,0, ,16204513015,0, ,162,16204,162045,16204513,162,162045130,045,130,15,89101,0,001226     WESTERN               AVE L,0421  61,0004,0022,CITY OF LAS VEGAS               495 S MAIN ST                   LAS VEGAS NV 89101,001226     WESTERN               AVE, ,0,432.0083603,12058.35352,432.00836025426605
269,322,95,-115.1603047,36.15567663, ,0, , ,16204599083,16204503004, ,Green,UK,0,0,0, , , , , ,14x48,1,750, ,3,NONE,NONE,No parcel match (ROW/easement/geometry mismatch or missing APN/address),,,,,,,,,,,,,,,,,,,,,,,,,,,,,,,,89102,,200,,,,,,,,,,0,,,,,,,,,,,,,,,,,,,,,,,,0,,,,,,,,,0,,,,0,,,,0,,,,,,,,,,,,,,,,,,,,,,,,,,,,,,,,,,,,,,,,,,,,,,,,,,,,
270,323,96,-115.1648036,36.15043389, ,1716, ,Highland,16204301030,16204301002,Clear Channel Outdoor,Red,CC,672,65,0, , ,V-24-88,RQR-35242; RQR-21348; RQR-6152; RQR-1708, ,14x48,1,750, ,3,SPATIAL,MEDIUM,Matched via spatial intersect (buffered point),,,,,,,,,,,,,,,,,,,,,,,,,,,,,,,,89102,,212,O'ROURKE FAMILY L P,,,,,,,,,0,,,,,,,,,,,,,,,,,,,,,,,,0,,,,,,,,,0,,,,28967,,,,0,,,,,,,,,,,,,,,,,,,,,,,,,,,,,,,,,,,,,,,,,,,,,,,000000,,,,,
271,325,98,-115.1633611,36.14452912, ,0, , ,16204803014,0,,Green,UK,0,0,0, , , , , , ,1,300, ,3,APN,HIGH,Matched via APN/PARCEL exact join,364945,0,0.09,701,0,16204803014,701,701,162,04,8,03,014,203,2524-95,2524,1100,17577.33001,5044,E,15,10,4,562,,150972.2077,3,0,57,8235.233709,12.86755267,89102,438580,203,ZALACH ROI & KAREN,376 W SAHARA AVE,LAS VEGAS NV 89102, , , , ,891020000, ,2416, , ,TAM,DR,LV, ,L-20180702:2923, ,00000000, ,PT SW4 SE4 SEC 04 21 61, , , , , ,2027,1962,20141114, ,2.01411E+12, ,JT,580000,R,20141101, , , ,04,21,61,330000,1, ,0,28675, ,0,0,23418, ,0, ,0, ,0, ,0,0,27166,23458,0, ,0,0,0,0,0, ,0,0,0,N,20231117,20231117,0, ,16204803014,0, ,162,16204,162048,16204803,162,162048030,048,030,14,89102,0,002416     TAM                   DR  L,0421  61,0000,0000,ZALACH ROI & KAREN              376 W SAHARA AVE                LAS VEGAS NV 89102,002416     TAM                   DR, ,330,348.4523754,5253.212891,348.4523754008172
272,326,99,-115.1692999,36.14522152, ,1900,W,Sahara,16204402007,16204402007,LAMAR,Orange,LM,672,85,0,1/6/1993, ,V-156-92, , ,14x48,1,750, ,3,APN,HIGH,Matched via APN/PARCEL exact join,350244,0,1.6500000000000001,701,0,16204402007,701,701,162,04,4,02,007,212,2524-92,2524,204,18398.81093,5562,E,15,10,4,559,,150972.2077,3,0,57,8235.233709,12.86755267,89102,438153,212,REBEL OIL COMPANY INCORPORATED,2200 S HIGHLAND DR,LAS VEGAS NV 89102-4629, , , , ,891024629, ,1900, ,W,SAHARA,AVE,LV, ,CA-LETTER 7/13/89, ,00000000, ,PT S2 SW4 SEC 04 21 61, , , , , ,2027,1962,19710831, ,1.97108E+12, ,NS,0, , , , , ,04,21,61,375000,1, ,2,477962, ,0,0,154719, ,0, ,0, ,0, ,0,0,430166,150372,0, ,0,0,0,0,0, ,0,0,0,N,20250925,20250925,0, ,16204402007,0, ,162,16204,162044,16204402,162,162044020,044,020,07,89102,4629,001900   W SAHARA                AVE L,0421  61,0000,0000,REBEL OIL COMPANY INCORPORATED  2200 S HIGHLAND DR              LAS VEGAS NV 89102-4629,001900   W SAHARA                AVE, ,375,1061.338134,70899.40234,1061.293874566452
273,327,100,-115.1957995,36.1441357, ,4039,E,Sahara,16207511007,16207511007, ,Green,UK,0,40,0, , , , , ,14x48,0,300, ,1,APN,HIGH,Matched via APN/PARCEL exact join,147397,0,0,703,0,16207511007,703,703,162,07,5,11,007,213,2622-17,2622,2203,17495.99418,5028,E,10,3,4,603,,150972.2077,3,0,57,8235.233709,12.86755267,89102,443310,213,ROBARTS 1981 TRUST,ROBARTS MINNIE ANN TRS,2800 GILMARY AVE,LAS VEGAS NV 89102-2032, , , ,891022032, ,4029, ,W,SAHARA,AVE,LV, , , ,PB00080005  B12   L8, ,LAS VERDES HGTS 6 UNIT #4,PLAT BOOK 8 PAGE 5,LOT 8 BLOCK 12, , , ,2027,1974,20040816, ,2.00408E+12, ,NS,390550,M,19940601, , , ,07,21,61,358000,1, ,0,67484, ,0,0,68900, ,0, ,0, ,0, ,0,0,67484,68820,0, ,0,0,0,0,0, ,0,0,0,N,20231117,20231117,0, ,16207511007,0, ,162,16207,162075,16207511,162,162075110,075,110,07,89102,2032,004029   W SAHARA                AVE L,0721  61,0008,0005,ROBARTS 1981 TRUST              ROBARTS MINNIE ANN TRS          2800 GILMARY AVE                LAS VEGAS NV 89102-2032,004029   W SAHARA                AVE, ,358,426.7920443,9416.431641,426.7920442457359
274,0,0,-115.1150542,36.16902482, ,390,N,Earstern,13936216002,0,EASTERN 95 LLC,Pink,PO,,,,1/22/2014,SUP-51693, ,, ,,0,750, ,3,SPATIAL,MEDIUM,Matched via spatial intersect (buffered point),,,,,,,,,,,,,,,,,,,,,,,,,,,,,,,,89101,,207,JEAN VENTURES L L C,,,,,,,,,400,,N,EASTERN,AVE,,,,,,,,,,,,,,,,,,,,548000,,20190401,,,,,,,358000,,,,276640,,,,280630,,,,,,,,,,,,,,,,,,,,,,,,,,,,,,,,,,,,,,,,,,,,,,,000400   N EASTERN               AVE,,,,,
275,0,0,-115.2477215,36.23771899, ,4204,N,Tenaya,13803715003,13803701012,LAMAR,Orange,LM,0,40,0, , , , , ,14x48,1,750, ,4,APN,HIGH,Matched via APN/PARCEL exact join,353421,0,1.59,807,0,13803715003,807,807,138,03,7,15,003,200,1818-77,1818,3408,18735.68354,3724,C,3,3,4,176,,456628.1058,4,0,73,16334.56102,25.52275159,89129,198418,200,SOUTHWEST HOLDING COMPANY L L C,C/O GREAT AMER CAPITAL,8350 W SAHARA # 210,LAS VEGAS NV 89117-8941, , , ,891178941, ,7013, ,W,CRAIG,RD,LV, , , ,PB01170095PT      L1, ,CRAIG MARKETPLACE AMD,PLAT BOOK 117 PAGE 95,PT LOT 1, , , ,2027,2002,20040910, ,2.00409E+12, ,NS,0, , , , , ,03,20,60,730000,1, ,2,191019, ,0,0,9603, ,0, ,0, ,0, ,0,0,169202,9627,0, ,0,0,0,0,0, ,0,0,0,N,20231117,20231117,0, ,13803701022,0, ,138,13803,138037,13803715,138,138037150,037,150,03,89117,8941,007013   W CRAIG                 RD  L,0320  60,0117,0095,SOUTHWEST HOLDING COMPANY L L C C/O GREAT AMER CAPITAL          8350 W SAHARA # 210             LAS VEGAS NV 89117-8941,007013   W CRAIG                 RD, ,730,1538.43197,68987.0625,1538.4319696502669
276,0,0,-115.2830908,36.29386992, ,0, ,US 95,12517801002,12517801002,LAMAR,Orange,LM,672,40,0, , , , , ,14x48,1,750, ,CC,APN,HIGH,Matched via APN/PARCEL exact join,646753,0,0.5,701,0,12517801002,701,701,125,17,8,01,002,125,1416-87,1416,3235,22180.25605,3938,C,13,18,4,55,,4030.206945,0,57,0,20.75916217,0.032436190000000004,89131,114480,125,WYKOFF NEWBERG CORP,7181 N HUALAPAI WAY STE 130-302,LAS VEGAS NV 89166, , , , ,891660000, ,0, , , , ,CNTY, ,SF 242-39, ,00000000, ,PT SE4 SE4 SEC 17 19 60, , , , , ,2027,0,19800804, ,1.98008E+12, ,NS,0, , , , , ,17,19,60,0,0, ,0,111448, ,0,0,0, ,0, ,0, ,0, ,0,0,97193,0,0, ,0,0,0,0,0, ,0,0,0,N,20241216,20241216,0, ,490130006,13, ,125,12517,125178,12517801,125,125178010,178,010,02,89166,0,000000                               C,1719  60,0000,0000,WYKOFF NEWBERG CORP             7181 N HUALAPAI WAY STE 130-302 LAS VEGAS NV 89166,000000, ,0,741.3603958,22766.66992,741.3603958
277,0,0,-115.2816176,36.29206607, ,7211, ,Oso Blanca Rd.,12517801003,12517801003,Outfront,Brown,OF,672,40,0,7/7/2004, , , ,L-4805-04,14x48,1,750,Finalled,6,APN,HIGH,Matched via APN/PARCEL exact join,631356,0,4.69,701,0,12517801003,701,701,125,17,8,01,003,200,1416-98,1416,3235,22180.25605,3607,C,13,18,4,55,,456628.1058,4,0,73,16334.56102,25.52275159,89131,114481,200,UNDEVELOPED LAND L L C,C/O C PAPPAS,1125 CASHMAN DR,LAS VEGAS NV 89102-1911, , , ,891021911, ,7211, , ,OSO BLANCA,RD,LV, , , ,00000000, ,PT SE4 SE4 SEC 17 19 60, , , , , ,2027,0,20090909, ,2.00909E+12, ,NS,0, , , , , ,17,19,60,0,0, ,5,1185530, ,0,0,0, ,0, ,0, ,0, ,0,0,1033227,0,0, ,0,0,0,0,0, ,0,0,0,N,20231117,20231117,0, ,12517801003,13, ,125,12517,125178,12517801,125,125178010,178,010,03,89102,1911,007211     OSO BLANCA            RD  L,1719  60,0000,0000,UNDEVELOPED LAND L L C          C/O C PAPPAS                    1125 CASHMAN DR                 LAS VEGAS NV 89102-1911,007211     OSO BLANCA            RD, ,0,2049.697431,225675.6738,2049.6974311302656
278,0,0,-115.2791628,36.29222877, ,7215, ,Tule Springs,12517802011,12517802007,LAMAR,Orange,LM,672,40,0, , , , ,Relocated due to Elkhorn Road overpass  L-3700-04,14x48,1,750, ,6,APN,HIGH,Matched via APN/PARCEL exact join,506262,0,1.55,701,0,12517802011,701,701,125,17,8,02,011,200,1416-99,1416,3318,20817.54549,2067,B,13,18,4,1286,,455249.7461,6,0,93,26360.57173,41.18839332,89131,114488,200,AMERICAN GEAR REDUCTION INC,7181 N HUALAPAI WAY STE 130-302,LAS VEGAS NV 89166, , , , ,891660000, ,7215, , ,TULE SPRINGS,RD,LV, , , ,00000000, ,PT SE4 SE4 SEC 17 19 60, , , , , ,2027,0,19981015, ,1.9981E+12, ,NS,0, , , , , ,17,19,60,0,0, ,2,448995, ,0,0,0, ,0, ,0, ,0, ,0,0,425363,0,0, ,0,0,0,0,0, ,0,0,0,N,20231117,20231117,0, ,12517802007,13, ,125,12517,125178,12517802,125,125178020,178,020,11,89166,0,007215     TULE SPRINGS          RD  L,1719  60,0000,0000,AMERICAN GEAR REDUCTION INC     7181 N HUALAPAI WAY STE 130-302 LAS VEGAS NV 89166,007215     TULE SPRINGS          RD, ,0,1429.989704,66809.4668,1429.9897041434901
279,0,0,-115.2802449,36.29306432, ,7275, ,Tule Springs,12517802009,12517802003,LAMAR,Orange,LM,672,40,0, , , , ,Relocated due to Elkhorn Road overpass  L-3701-04,14x48,1,750, ,6,APN,HIGH,Matched via APN/PARCEL exact join,394379,0,3.45,701,0,12517802009,701,701,125,17,8,02,009,200,1416-99,1416,3318,20817.54549,2067,B,13,18,4,1286,,455249.7461,6,0,93,26360.57173,41.18839332,89131,114487,200,WYKOFF NEWBERG CORP,7181 N HUALAPAI WAY STE 130-302,LAS VEGAS NV 89166, , , , ,891660000, ,7285, , ,TULE SPRINGS,RD,LV, , , ,00000000, ,PT SE4 SE4 SEC 17 19 60, , , , , ,2027,0,19800804, ,1.98008E+12, ,NS,0, , , , , ,17,19,60,0,0, ,3,799500, ,0,0,0, ,0, ,0, ,0, ,0,0,757421,0,0, ,0,0,0,0,0, ,0,0,0,N,20231117,20231117,0, ,12517802003,5, ,125,12517,125178,12517802,125,125178020,178,020,09,89166,0,007285     TULE SPRINGS          RD  L,1719  60,0000,0000,WYKOFF NEWBERG CORP             7181 N HUALAPAI WAY STE 130-302 LAS VEGAS NV 89166,007285     TULE SPRINGS          RD, ,0,1907.299225,167009.3633,1907.2992250970105
280,0,0,-115.2813527,36.29420052, ,0, ,US 95,12517802001,12517802001,LAMAR,Orange,LM,672,40,0, , , , ,Relocated due to Elkhorn Road overpass,14x48,1,750, ,CC,APN,HIGH,Matched via APN/PARCEL exact join,646859,0,10.85,701,0,12517802001,701,701,125,17,8,02,001,125,1416-89,1416,3318,20817.54549,2612,B,13,18,4,1286,,4030.206945,0,57,0,20.75916217,0.032436190000000004,89131,114485,125,WYKOFF NEWBERG CORP,7181 N HUALAPAI WAY STE 130-302,LAS VEGAS NV 89166, , , , ,891660000, ,7375, , ,TULE SPRINGS,RD,CNTY, , , ,00000000, ,PT SE4 SE4 SEC 17 19 60, , , , , ,2027,1944,19800804, ,1.98008E+12, ,NS,0, , , , , ,17,19,60,359000,1, ,11,2042926, ,0,0,43126, ,0, ,0, ,0, ,0,0,1935403,42286,0, ,0,0,0,0,0, ,0,0,0,N,20240814,20240814,0, ,490130006,13, ,125,12517,125178,12517802,125,125178020,178,020,01,89166,0,007375     TULE SPRINGS          RD  C,1719  60,0000,0000,WYKOFF NEWBERG CORP             7181 N HUALAPAI WAY STE 130-302 LAS VEGAS NV 89166,007375     TULE SPRINGS          RD, ,359,3024.805015,507911.4512,3024.805014831812
281,0,0,-115.2823983,36.29534116, ,0, ,US 95,12517802001,12517802001,LAMAR,Orange,LM,672,40,0, , , , , ,14x48,1,750, ,CC,APN,HIGH,Matched via APN/PARCEL exact join,646859,0,10.85,701,0,12517802001,701,701,125,17,8,02,001,125,1416-89,1416,3318,20817.54549,2612,B,13,18,4,1286,,4030.206945,0,57,0,20.75916217,0.032436190000000004,89131,114485,125,WYKOFF NEWBERG CORP,7181 N HUALAPAI WAY STE 130-302,LAS VEGAS NV 89166, , , , ,891660000, ,7375, , ,TULE SPRINGS,RD,CNTY, , , ,00000000, ,PT SE4 SE4 SEC 17 19 60, , , , , ,2027,1944,19800804, ,1.98008E+12, ,NS,0, , , , , ,17,19,60,359000,1, ,11,2042926, ,0,0,43126, ,0, ,0, ,0, ,0,0,1935403,42286,0, ,0,0,0,0,0, ,0,0,0,N,20240814,20240814,0, ,490130006,13, ,125,12517,125178,12517802,125,125178020,178,020,01,89166,0,007375     TULE SPRINGS          RD  C,1719  60,0000,0000,WYKOFF NEWBERG CORP             7181 N HUALAPAI WAY STE 130-302 LAS VEGAS NV 89166,007375     TULE SPRINGS          RD, ,359,3024.805015,507911.4512,3024.805014831812
282,0,0,-115.2113038,36.21681294, ,0,N,Rancho,13813505001,13813505001,Clear Channel Outdoor,Red,CC,672,0,0, , , , ,North Las Vegas,14x48,1,300, ,NLV,APN,HIGH,Matched via APN/PARCEL exact join,352471,0,21.35,701,0,13813505001,701,701,138,13,5,05,001,250,2121-18,2121,3616,42091.81156,4039,D,6,4,4,1139,,0, ,0,0,0,0,89130,215711,250,MOSSMAN MYRA,1333 N ORANGE DR,HOLLYWOOD CA 90028, , , , ,900280000, ,3100, ,N,RANCHO,DR,NLV, , , ,00000000, ,PT NE4 NE4 SEC 13 20 60, , , , , ,2027,0,20241024, ,2.0241E+12, ,NS,0, , , , , ,13,20,60,0,0, ,21,2050663, ,0,0,0, ,0, ,0, ,0, ,0,0,1992073,0,0, ,0,0,0,0,0, ,0,0,0,N,20250107,20250107,0, ,13813505001,0, ,138,13813,138135,13813505,138,138135050,135,050,01,90028,0,003100   N RANCHO                DR  N,1320  60,0000,0000,MOSSMAN MYRA                    1333 N ORANGE DR                HOLLYWOOD CA 90028,003100   N RANCHO                DR, ,0,4049.691388,924688.6953,4049.385736295252
283,0,0,-115.2096214,36.21497627, ,0,N,Rancho,13813505001,13813505001,Clear Channel Outdoor,Red,CC,288,0,0, , , , ,North Las Vegas,12x24,1,300, ,NLV,APN,HIGH,Matched via APN/PARCEL exact join,352471,0,21.35,701,0,13813505001,701,701,138,13,5,05,001,250,2121-18,2121,3616,42091.81156,4039,D,6,4,4,1139,,0, ,0,0,0,0,89130,215711,250,MOSSMAN MYRA,1333 N ORANGE DR,HOLLYWOOD CA 90028, , , , ,900280000, ,3100, ,N,RANCHO,DR,NLV, , , ,00000000, ,PT NE4 NE4 SEC 13 20 60, , , , , ,2027,0,20241024, ,2.0241E+12, ,NS,0, , , , , ,13,20,60,0,0, ,21,2050663, ,0,0,0, ,0, ,0, ,0, ,0,0,1992073,0,0, ,0,0,0,0,0, ,0,0,0,N,20250107,20250107,0, ,13813505001,0, ,138,13813,138135,13813505,138,138135050,135,050,01,90028,0,003100   N RANCHO                DR  N,1320  60,0000,0000,MOSSMAN MYRA                    1333 N ORANGE DR                HOLLYWOOD CA 90028,003100   N RANCHO                DR, ,0,4049.691388,924688.6953,4049.385736295252
284,0,0,-115.2038916,36.20776327, ,0, ,Ranco,13918410015,13918410007,LAMAR,Orange,LM,672,0,0, ,U-59-01, ,RQR-31565;RQR-17040; RQR-6794; RQR-4239; RQR-1994,L-4945-01,14x48,1,300, ,5,SPATIAL,MEDIUM,Matched via spatial intersect (buffered point),,,,,,,,,,,,,,,,,,,,,,,,,,,,,,,,89108,,200,R V P PHASE 1 L L C,,,,,,,,,2705,,N,RANCHO,DR,,,,,,,,,,,,,,,,,,,,0,,,,,,,,,150001,,,,1960000,,,,13290296,,,,,,,,,,,,,,,,,,,,,,,,,,,,,,,,,,,,,,,,,,,,,,,002705   N RANCHO                DR,,,,,
285,0,0,-115.2053508,36.20769994, ,0, ,Decatur,16219201003,13918410007,LAMAR,Orange,LM,672,0,0, ,U-59-01, ,RQR-31565;RQR-17040; RQR-6794; RQR-4239; RQR-1994,L-4945-01,14x48,1,300, ,5,ADDRESS,LOW,Matched via address best-effort (may be approximate),,,,,,,,,,,,,,,,,,,,,,,,,,,,,,,,89103,,470,PIERCE HARDY LIMITED PARTNERSHIP,,,,,,,,,0,,S,DECATUR,BLVD,,,,,,,,,,,,,,,,,,,,1740117,,20110701,,,,,,,358000,,,,449939,,,,0,,,,,,,,,,,,,,,,,,,,,,,,,,,,,,,,,,,,,,,,,,,,,,,000000   S DECATUR               BLVD,,,,,
286,0,0,-115.1989897,36.2023093, ,2395,N,Rancho,13919102001,13919102001,LAMAR,Orange,LM,672,40,834,3/30/1995,U-0132-01; U-0189-89, ,RQR-40594; 26890; 11192; 3232, , ,1,300, ,5,APN,HIGH,Matched via APN/PARCEL exact join,524746,0,0.72,701,0,13919102001,701,701,139,19,1,02,001,200,2222-14,2222,3428,12854.37258,4000,D,3,3,4,315,,265026.2317,5,0,113,9805.190745,15.32061054,89130,297628,200,HERBST DEVELOPMENT L L C,C/O S HIGGINS,5195 LAS VEGAS BLVD,LAS VEGAS NV 89119-3209, , , ,891193209, ,2397, ,N,RANCHO,DR,LV, , , ,00000000, ,PT NE4 NW4 SEC 19 20 61, , , , , ,2027,1997,20060208, ,2.00602E+12, ,NS,2600000,R,20060201, , , ,19,20,61,358000,1, ,1,148190, ,0,0,247455, ,0, ,0, ,0, ,0,0,134469,251233,0, ,0,0,0,0,0, ,0,0,0,N,20231117,20231117,0, ,13919102001,0, ,139,13919,139191,13919102,139,139191020,191,020,01,89119,3209,002397   N RANCHO                DR  L,1920  61,0000,0000,HERBST DEVELOPMENT L L C        C/O S HIGGINS                   5195 LAS VEGAS BLVD             LAS VEGAS NV 89119-3209,002397   N RANCHO                DR, ,358,719.4112048,31128.50781,719.4112047399421
287,0,0,-115.174425,36.13934763, ,2901, ,Highland,16208613002,16208611002, ,Green,UK,0,0,0, , , , , , ,1,750, ,1,SPATIAL,MEDIUM,Matched via spatial intersect (buffered point),,,,,,,,,,,,,,,,,,,,,,,,,,,,,,,,89109,,212,HIGHLAND INDUSTRIAL PARK L L C,,,,,,,,,2901,,,HIGHLAND,DR,,,,,,,,,,,,,,,,,,,,0,,,,,,,,,240000,,,,355855,,,,157643,,,,,,,,,,,,,,,,,,,,,,,,,,,,,,,,,,,,,,,,,,,,,,,002901     HIGHLAND              DR,,,,,
288,0,0,-115.1730928,36.14122644, ,2401, ,Westwood,16209102004,16209102002,Clear Channel Outdoor,Red,CC,0,0,0, , , , ,May be 2701 Westwood Dr., ,1,750, ,1,APN,HIGH,Matched via APN/PARCEL exact join,60874,0,3.24,701,0,16209102004,701,701,162,09,1,02,004,200,2624-31,2624,2201,24882.77491,5014,E,15,10,1,606,,150972.2077,3,0,57,8235.233709,12.86755267,89109,445015,200,D 2753 L L C,PO BOX 570427,HOUSTON TX 77257, , , , ,772570000, ,2751, , ,WESTWOOD,DR,LV, ,SF 175-73, ,PM00500084        L2, ,PARCEL MAP FILE 50 PAGE 84,LOT 2, , , , ,2027,2003,20011119, ,2.00111E+12, ,NS,5950000,M,20011101, , , ,09,21,61,730000,1, ,3,677196, ,0,0,73770, ,0, ,0, ,0, ,0,0,799697,73916,0, ,0,0,0,0,0, ,0,0,0,N,20250925,20250925,0, ,16209102004,0, ,162,16209,162091,16209102,162,162091020,091,020,04,77257,0,002751     WESTWOOD              DR  L,0921  61,0050,0084,D 2753 L L C                    PO BOX 570427                   HOUSTON TX 77257,002751     WESTWOOD              DR, ,730,1969.749786,142067.5176,1969.749786000887
289,0,0,-115.1664352,36.14379732, ,1400,W,Sutter,16209198001,16209103002,LAMAR,Orange,LM,0,40,0, , , , , ,14x48,1,750, ,CC,NONE,NONE,No parcel match (ROW/easement/geometry mismatch or missing APN/address),138444,0,3.21408767,723,0,16209198001,723,723,162,09,1,98,001,410,2624-23,2624,2201,24882.77491,5014,E,15,10,1,607,,0, ,0,0,0,0,89109,0,410, , , , , , , ,0, ,0, , , , , , , , , , , , , , , , ,0,0, , , , , ,0, , , , , , , , ,0,0, ,0,0, ,0,0,0, ,0, ,0, ,0, ,0,0,0,0,0, ,0,0,0,0,0, ,0,0,0, , , ,0, , ,0, , , , , , , , , , ,0,0, , , , , , , ,0,3100.041422,140005.7109,3100.041421844427
290,0,0,-115.0800083,36.15944487, ,4400,E,Charleston,14032401004,14032401004, ,Green,UK,672,40,0, ,U-53-87, ,RQR-31529; U-53-87, ,14x48,1,300, ,3,APN,HIGH,Matched via APN/PARCEL exact join,44462,0,0.6,701,0,14032401004,701,701,140,32,4,01,004,200,2429-91,2429,519,16131.54994,5007,E,14,21,1,503,,150972.2077,3,0,57,8235.233709,12.86755267,89104,359857,200,GOLDEN ARCH L P,C/O MCDONALDS CORP ~ ATTN: DEPT,110 N CARPENTER ST,CHICAGO IL 60607, , , ,606070000, ,4400, ,E,CHARLESTON,BLVD,LV, ,"Z,SF 86-51;20050715:1208 RD;.06A RD 20161011:",2067,00000000, ,PT SW4 SW4 SEC 32 20 62, , , , , ,2027,1997,19960329, ,1.99603E+12, ,NS,750000,R,19960301, , , ,32,20,62,360000,1, ,1,164657, ,0,0,242376, ,0, ,0, ,0, ,0,0,155509,249478,0, ,0,0,0,0,0, ,0,0,0,N,20231117,20231117,0, ,14032401004,0, ,140,14032,140324,14032401,140,140324010,324,010,04,60607,0,004400   E CHARLESTON            BLVDL,3220  62,0000,0000,GOLDEN ARCH L P                 C/O MCDONALDS CORP ~ ATTN: DEPT 110 N CARPENTER ST              CHICAGO IL 60607,004400   E CHARLESTON            BLVD, ,360,654.4384632,26646.67578,654.4359485515043
291,0,0,-115.1316148,36.17013691, ,333,N,11th,13935211041,13935211041,Outfront,Brown,OF,672,65,871,4/25/1995, , , ,SDR-33880; SDR-27728; Z-8-95,14x48,1,750, ,5,APN,HIGH,Matched via APN/PARCEL exact join,619702,0,0.51,811,0,13935211041,811,811,139,35,2,11,041,203,2426-32,2426,403,10852.63913,4019,D,11,2,1,479,,265026.2317,5,0,113,9805.190745,15.32061054,89101,322913,203,T I E INC,329 N 11TH ST,LAS VEGAS NV 89101-3144, , , , ,891013144, ,333, ,N,11TH,ST,LV, ,.02A TO RD 20021014:602, ,00000000, ,PT SW4 NW4 SEC 35 20 61 & VAC RD, , , , , ,2027,1985,19780811, ,1.97808E+12, ,NS,0, , , , , ,35,20,61,730000,1, ,1,349902, ,0,0,5719, ,0, ,0, ,0,40,355621,0,349902,5814,0, ,355716,0,0,0,0, ,0,0,0,N,20240617,20240617,0, ,13935211041,0, ,139,13935,139352,13935211,139,139352110,352,110,41,89101,3144,000333   N 11TH                  ST  L,3520  61,0000,0000,T I E INC                       329 N 11TH ST                   LAS VEGAS NV 89101-3144,000333   N 11TH                  ST, ,730,551.3342629,19596.96094,551.3342628620807
292,0,0,-115.1495912,36.16641901, ,517,S,Main,13934399002,13934311001,Clear Channel Outdoor,Red,CC,288,30,0, , , , , ,12x24,1,300, ,3,NONE,NONE,No parcel match (ROW/easement/geometry mismatch or missing APN/address),,,,,,,,,,,,,,,,,,,,,,,,,,,,,,,,89101,,203,,,,,,,,,,0,,,,,,,,,,,,,,,,,,,,,,,,0,,,,,,,,,0,,,,0,,,,0,,,,,,,,,,,,,,,,,,,,,,,,,,,,,,,,,,,,,,,,,,,,,,,,,,,,
293,0,0,-115.1464362,36.15904846, ,906,S,6th,13934410202,13934410202,Clear Channel Outdoor,Red,CC,672,0,0, , , , ,No Case History,14x48,1,300, ,3,APN,HIGH,Matched via APN/PARCEL exact join,749584,0,0,703,0,13934410202,703,703,139,34,4,10,202,203,2425-93,2425,7900,18758.08233,4020,D,11,2,1,533,,150972.2077,3,0,57,8235.233709,12.86755267,89101,321394,203,DIAMOND RICHARD & S 2004 REV TR,DIAMOND RICHARD N & SUSAN TRS,24518-B WINDSOR DR,VALENCIA CA 91355-4427, , , ,913554427, ,906, ,S,6TH,ST,LV, , , ,PB00010051  B27   L26, ,SOUTH ADD,PLAT BOOK 1 PAGE 51,LOT 26 BLOCK 27,& LOT 27, , ,2027,1979,20041116, ,2.00411E+12, ,NS,175000,R,20010301, , , ,34,20,61,330000,1, ,0,109013, ,0,0,3147, ,0, ,0, ,0, ,0,0,109013,3241,0, ,0,0,0,0,0, ,0,0,0,N,20231117,20231117,0, ,13934410202,0, ,139,13934,139344,13934410,139,139344102,344,102,02,91355,4427,000906   S 6TH                   ST  L,3420  61,0001,0051,DIAMOND RICHARD & S 2004 REV TR DIAMOND RICHARD N & SUSAN TRS   24518-B WINDSOR DR              VALENCIA CA 91355-4427,000906   S 6TH                   ST, ,330,456.5612079,11247.36133,456.5341744320348
294,0,0,-115.1677546,36.14720479, ,2130, ,Highland,16204402001,16204402001,Clear Channel Outdoor,Red,CC,672,80,0, , ,V-25-88,RQR-35241; RQR-21346; RQR-6151; RQR-1706, ,14x48,1,750, ,3,APN,HIGH,Matched via APN/PARCEL exact join,704169,0,0.9500000000000001,701,0,16204402001,701,701,162,04,4,02,001,212,2524-73,2524,204,18398.81093,5562,E,15,10,4,559,,150972.2077,3,0,57,8235.233709,12.86755267,89102,438147,212,INVESTCO LIMITED L L C - SERIES,PO BOX 232345,LAS VEGAS NV 89105, , , , ,891050000, ,2146, , ,HIGHLAND,DR,LV, , , ,00000000, ,PT SE4 SW4 SEC 04 21 61, , , , , ,2027,1963,20160826, ,2.01608E+12, ,NS,635000,F,20160801, , , ,04,21,61,210000,1, ,1,275190, ,0,0,108037, ,0, ,0, ,0, ,0,0,260707,106348,0, ,0,0,0,0,0, ,0,0,0,N,20231117,20231117,0, ,16204402001,0, ,162,16204,162044,16204402,162,162044020,044,020,01,89105,0,002146     HIGHLAND              DR  L,0421  61,0000,0000,INVESTCO LIMITED L L C - SERIES PO BOX 232345                   LAS VEGAS NV 89105,002146     HIGHLAND              DR, ,210,820.8451458,39054.13086,820.7626826004364
295,0,0,-115.1594416,36.1586133, ,1109,S,Western,16204504001,16204504001,LAMAR,Orange,LM,672,40,1755,10/21/1996, ,V-112-96,RQR-12173; RQR-3685, ,14x48,1,750, ,3,APN,HIGH,Matched via APN/PARCEL exact join,807986,0,0.18,701,0,16204504001,701,701,162,04,5,04,001,212,2524-17,2524,204,18398.81093,5562,E,15,10,4,558,,150972.2077,3,0,57,8235.233709,12.86755267,89102,438232,212,CITY OF LAS VEGAS,495 S MAIN ST,LAS VEGAS NV 89101, , , , ,891010000, ,1109, , ,WESTERN,AVE,LV, , , ,00000000, ,PT N2 NE4 SEC 04 21 61, , , , , ,2027,0,20230914, ,2.02309E+12, ,NS,180000,T,20100501, , , ,04,21,61,0,0, ,0,0, ,0,0,0, ,0, ,0, ,0,55,0,0,0,0,0, ,0,0,0,0,0, ,0,0,0,N,20231117,20231117,0, ,16204504001,0, ,162,16204,162045,16204504,162,162045040,045,040,01,89101,0,001109     WESTERN               AVE L,0421  61,0000,0000,CITY OF LAS VEGAS               495 S MAIN ST                   LAS VEGAS NV 89101,001109     WESTERN               AVE, ,0,406.4164037,7829.769531,406.33224652474786
296,0,0,-115.1876169,36.14405117, ,3441,W,Sahara,16208110001,16208110001,LAMAR,Orange,LM,972,50,0,2/13/2003,SUP-1555,VAR-1554,RQR-1555, ,14x48,1,300, ,1,APN,HIGH,Matched via APN/PARCEL exact join,421301,0,0,703,0,16208110001,703,703,162,08,1,10,001,213,2623-12,2623,2201,24882.77491,5030,E,10,3,4,604,,150972.2077,3,0,57,8235.233709,12.86755267,89102,444329,213,N B CUBED L L C,1016 GOLDEN AGE CT,LAS VEGAS NV 89144, , , , ,891440000, ,3441, ,W,SAHARA,AVE,LV,UT D2, , ,PB00320036, ,SAHARA WEST,PLAT BOOK 32 PAGE 36,UNNUMBERED LOT, , , ,2027,1985,20191015, ,2.0191E+12, ,NS,3930000,R,20191001, , , ,08,21,61,355000,1, ,4,840436, ,0,0,577879, ,0, ,0, ,0, ,0,0,840436,535986,0, ,0,0,0,0,0, ,0,0,0,N,20231117,20231117,0, ,16208110001,0, ,162,16208,162081,16208110,162,162081100,081,100,01,89144,0,003441   W SAHARA                AVE L,0821  61,0032,0036,N B CUBED L L C                 1016 GOLDEN AGE CT              LAS VEGAS NV 89144,003441   W SAHARA                AVE, ,355,1696.981158,152485.377,1696.9811577664889
297,0,0,-115.1480168,36.15903333, ,928,SO,Las Vegas,13934410165,13934410165,Reagan National Advertising,Teal ,RG,672,40,0, ,U-0028-01, ,RQR-40298; -36373; 29727; 17518; 5247; 3024,ROC-7358,28x24,1,300, ,3,APN,HIGH,Matched via APN/PARCEL exact join,545275,0.68000001,0.67,703,0,13934410165,703,703,139,34,4,10,165,203,2425-93,2425,7900,18758.08233,4605,D,11,2,4,532,,150972.2077,3,0,57,8235.233709,12.86755267,89101,321369,203,L V B D CHARLESTON LAND HOLDINGS,3790 PARADISE RD STE 250,LAS VEGAS NV 89169, , , , ,891690000, ,928, ,S,LAS VEGAS,BLVD,LV, , , ,PB00010051  B21   L17, ,SOUTH ADD,PLAT BOOK 1 PAGE 51,LOT 17 BLOCK 21,& LOTS 18-23,& VAC RD, ,2027,0,20240417, ,2.02404E+12, ,NS,5950000,M,20240401, , , ,34,20,61,321000,0, ,1,612885, ,0,0,0, ,0, ,0, ,0, ,0,0,612885,0,0, ,0,0,0,0,0, ,0,0,0,N,20240418,20240418,0, ,13934410165,0, ,139,13934,139344,13934410,139,139344101,344,101,65,89169,0,000928   S LAS VEGAS             BLVDL,3420  61,0001,0051,L V B D CHARLESTON LAND HOLDINGS3790 PARADISE RD STE 250        LAS VEGAS NV 89169,000928   S LAS VEGAS             BLVD, ,321,712.4924624,28649.01172,712.4678810307959
298,0,0,-115.2730189,36.28280792, ,6695, ,Osa Blanca,12521301003,12521301003,LAMAR,Orange,LM,672,0,0, , , , , ,14x48,1,750, ,6,APN,HIGH,Matched via APN/PARCEL exact join,139145,0,3.14,701,0,12521301003,701,701,125,21,3,01,003,200,1517-63,1517,3235,22180.25605,3606,C,4,18,4,82,,456628.1058,4,0,73,16334.56102,25.52275159,89149,123053,200,215 PLAZA L L C,8360 W SAHARA AVE STE 260,LAS VEGAS NV 89117, , , , ,891170000, ,6705, , ,US HWY 95, ,LV, , , ,00000000, ,PT NE4 SW4 SEC 21 19 60, , , , , ,2027,0,20210618, ,2.02106E+12, ,NS,1620000,R,20210601, , , ,21,19,60,0,0, ,3,712340, ,0,0,0, ,0, ,0, ,0, ,0,0,610372,0,0, ,0,0,0,0,0, ,0,0,0,N,20231117,20231117,0, ,12521301003,0, ,125,12521,125213,12521301,125,125213010,213,010,03,89117,0,006705     US HWY 95                 L,2119  60,0000,0000,215 PLAZA L L C                 8360 W SAHARA AVE STE 260       LAS VEGAS NV 89117,006705     US HWY 95, ,0,1532.195254,137081.5215,1532.1952537476545
299,0,0,-115.2426577,36.15892339, ,1110,So,Rainbow,16302101002,16302101002,"COG III, Limited",Pink,PO,672,40,0,10/1/2003,SUP-2758, ,RQR-39371; 18626; 8789, ,14x48,1,300, ,1,APN,HIGH,Matched via APN/PARCEL exact join,245457,0,3.0300000000000002,701,0,16302101002,701,701,163,02,1,01,002,213,2519-11,2519,2905,22083.86182,3009,C,10,3,4,542,,161583.3057,1,0,83,11202.31054,17.50361022,89146,485341,213,MERCADO 888 L L C,C/O R MUSE,7260 W AZURE DR STE 140-1022,LAS VEGAS NV 89130, , , ,891300000, ,1134, ,S,RAINBOW,BLVD,LV, , , ,PM00520010        L2, ,PARCEL MAP FILE 52 PAGE 10,LOT 2, , , , ,2027,1987,20110414, ,2.01104E+12, ,NS,4350000,R,20110401, , , ,02,21,60,355000,1, ,3,720649, ,0,0,747949, ,0, ,0, ,0, ,0,0,683693,775840,0, ,0,0,0,0,0, ,0,0,0,N,20250723,20250723,0, ,16302101002,0, ,163,16302,163021,16302101,163,163021010,021,010,02,89130,0,001134   S RAINBOW               BLVDL,0221  60,0052,0010,MERCADO 888 L L C               C/O R MUSE                      7260 W AZURE DR STE 140-1022    LAS VEGAS NV 89130,001134   S RAINBOW               BLVD, ,355,1779.81678,131802.8711,1779.8167804700354
300,0,0,-115.1887189,36.14474945, ,3500,W,Sahara,16205402007,16205402007,Clear Channel Outdoor,Red,CC,672,40,0,10/25/2003,SUP-2537,VAR-2538,RQR-30483;RQR-8953, ,14x48,1,300, ,1,APN,HIGH,Matched via APN/PARCEL exact join,200550,0,0.62,701,0,16205402007,701,701,162,05,4,02,007,213,2523-92,2523,1006,21129.30908,5533,E,10,3,4,555,,161583.3057,1,0,83,11202.31054,17.50361022,89102,440008,213,I RENT B & E L L C,2040 EDGEWOOD AVE,LAS VEGAS NV 89102-2203, , , , ,891022203, ,3500, ,W,SAHARA,AVE,LV, , , ,PM00060060        L2, ,PARCEL MAP FILE 6 PAGE 60,LOT 2,& PM 10-29 LOT 1, , , ,2027,1986,20140710, ,2.01407E+12, ,NS,1300000,R,20021001, , , ,05,21,61,358000,1, ,1,181960, ,0,0,110169, ,0, ,0, ,0, ,0,0,181960,101858,0, ,0,0,0,0,0, ,0,0,0,N,20231117,20231117,0, ,16205402007,0, ,162,16205,162054,16205402,162,162054020,054,020,07,89102,2203,003500   W SAHARA                AVE L,0521  61,0006,0060,I RENT B & E L L C              2040 EDGEWOOD AVE               LAS VEGAS NV 89102-2203,003500   W SAHARA                AVE, ,358,660.0062968,27000.5293,660.0062967952234
301,0,0,-115.2074045,36.18801345, ,1571,N,Decatur,13825503003,13825503003,Las Vegas Billboards,Blue,LVB,288,40,0,12/3/2003,SUP-3061, ,RQR-39499; RQR-24404; RQR-11336, ,12x24,1,300,Finalled,5,APN,HIGH,Matched via APN/PARCEL exact join,512364,0,0.52,701,0,13825503003,701,701,138,25,5,03,003,207,2321-19,2321,108,16570.86966,4008,D,3,3,4,380,,265026.2317,5,0,113,9805.190745,15.32061054,89108,243187,207,ALOHA IMPERIAL PLAZA SHOPPING L,98-627 KAAHELE ST,AIEA HI 96701, , , , ,967010000, ,4907, , ,VEGAS,DR,LV,170, , ,00000000, ,PT NE4 NE4 SEC 25 20 60, , , , , ,2027,1963,20220923, ,2.02209E+12, ,NS,188000,R,20150101, , , ,25,20,60,355000,1, ,1,83243, ,0,0,115870, ,0, ,0, ,0, ,0,0,75315,115758,0, ,0,0,0,0,0, ,0,0,0,N,20231117,20231117,0, ,13825503003,0, ,138,13825,138255,13825503,138,138255030,255,030,03,96701,0,004907     VEGAS                 DR  L,2520  60,0000,0000,ALOHA IMPERIAL PLAZA SHOPPING L 98-627 KAAHELE ST               AIEA HI 96701,004907     VEGAS                 DR, ,355,602.5183386,22686.95508,602.5183386047065
302,0,0,-115.2259234,36.14456791, ,6118,W,Sahara,16302802004,16302802004,Clear Channel Outdoor,Red,CC,672,40,0,12/3/2003,SUP-3115, ,RQR-41221; RQR-26970; RQR-11402, ,14x48,1,300,Final,1,APN,HIGH,Matched via APN/PARCEL exact join,428606,0,2.63,701,0,16302802004,701,701,163,02,8,02,004,200,2519-99,2519,2905,22083.86182,3009,C,10,3,4,545,,161583.3057,1,0,83,11202.31054,17.50361022,89146,486640,200,6122 W SAHARA AVE L L C,1620 S LOS ANGELES ST # C,LOS ANGELES CA 90015, , , , ,900150000, ,6154, ,W,SAHARA,AVE,LV, ,CC-20130919:3347, ,00000000, ,PT SE4 SE4 SEC 02 21 60, , , , , ,2027,1990,20130919, ,2.01309E+12, ,NS,4400000,R,20130901, , , ,02,21,60,335000,1, ,3,801941, ,0,0,1122564, ,0, ,0, ,0,96,1025900,0,761844,1135993,0, ,1021417,0,0,0,0, ,0,0,0,N,20231117,20231117,0, ,16302802004,0, ,163,16302,163028,16302802,163,163028020,028,020,04,90015,0,006154   W SAHARA                AVE L,0221  60,0000,0000,6122 W SAHARA AVE L L C         1620 S LOS ANGELES ST # C       LOS ANGELES CA 90015,006154   W SAHARA                AVE, ,335,1676.066043,116810.3477,1676.0660425995309
303,0,0,-115.0624681,36.1770925, ,793,N,Nellis,14029802004,14029802004,Reagan National Advertising,Teal ,RG,672,40,0,12/17/2003,SUP-2759,RQR-11127,RQR-26439, ,14x48,1,300,Final,3,APN,HIGH,Matched via APN/PARCEL exact join,41522,0,0.66,701,0,14029802004,701,701,140,29,8,02,004,200,2329-79,2329,515,16151.90007,5005,E,28,2,1,1297,,150972.2077,3,0,57,8235.233709,12.86755267,89110,354434,200,MIGUEL CONSTANTINO TRS,O'BRIEN ALICE MIGUEL TRS,140 S DECATUR BLVD,LAS VEGAS NV 89107, , , ,891070000, ,789, ,N,NELLIS,BLVD,LV, , , ,PM00520038        L1, ,PARCEL MAP FILE 52 PAGE 38,LOT 1, , , , ,2027,1986,20211203, ,2.02112E+12, ,NS,7093000,M,20211201, , , ,29,20,62,370000,1, ,1,100625, ,0,0,176630, ,0, ,0, ,0, ,0,0,93078,181690,0, ,0,0,0,0,0, ,0,0,0,Y,20231117,20231117,0, ,14029802004,0, ,140,14029,140298,14029802,140,140298020,298,020,04,89107,0,000789   N NELLIS                BLVDL,2920  62,0052,0038,MIGUEL CONSTANTINO TRS          O'BRIEN ALICE MIGUEL TRS        140 S DECATUR BLVD              LAS VEGAS NV 89107,000789   N NELLIS                BLVD, ,370,681.0505552,28417.10547,681.0505552405336
304,0,0,-115.1711373,36.14300204, ,2601, ,Westwood Dr.,16209102005,16209102005,Clear Channel Outdoor,Red,CC,624,55,0,12/17/2003,SUP-3140; SUP-1499, ,RQR-33271; RQR-11401, ,24x26,1,750, ,1,APN,HIGH,Matched via APN/PARCEL exact join,629873,0,1.27,701,0,16209102005,701,701,162,09,1,02,005,212,2624-11,2624,2201,24882.77491,5014,E,15,10,1,606,,150972.2077,3,0,57,8235.233709,12.86755267,89109,445016,212,NEVADA LAND DEALS L L C,2605 S EASTERN AVE STE 101,LAS VEGAS NV 89169, , , , ,891690000, ,2601, , ,WESTWOOD,DR,LV, , , ,PM01020054        L1, ,PARCEL MAP FILE 102 PAGE 54,LOT 1, , , , ,2027,1979,20190329, ,2.01903E+12, ,NS,2600000,R,20170601, , , ,09,21,61,321001,93, ,1,312480, ,0,0,615722, ,0, ,0, ,0, ,0,0,312480,639792,0, ,0,0,0,0,0, ,0,0,0,N,20251105,20251105,0, ,16209102001,0, ,162,16209,162091,16209102,162,162091020,091,020,05,89169,0,002601     WESTWOOD              DR  L,0921  61,0102,0054,NEVADA LAND DEALS L L C         2605 S EASTERN AVE STE 101      LAS VEGAS NV 89169,002601     WESTWOOD              DR, ,321,1471.197526,56083.05078,1471.197526223415
305,0,0,-115.2032509,36.14422885, ,4545,W,Sahara Ave.,16207101004,16207101005,Clear Channel Outdoor,Red,CC,672,40,0,1/21/2004,SUP-3114, ,RQR-11399,Denied; to be removed by 5/19/2006,14x48,1,300, ,1,SPATIAL,MEDIUM,Matched via spatial intersect (buffered point),,,,,,,,,,,,,,,,,,,,,,,,,,,,,,,,89102,,213,ABONA FAMILY L L C,,,,,,,,,4601,,W,SAHARA,AVE,,,,,,,,,,,,,,,,,,,,4900000,,20060701,,,,,,,355000,,,,610981,,,,374617,,,,,,,,,,,,,,,,,,,,,,,,,,,,,,,,,,,,,,,,,,,,,,,004601   W SAHARA                AVE,,,,,
306,0,0,-115.1627119,36.15109443, ,0, ,SE Highland/Western,16204703001,16204703001,Las Vegas Billboards,Blue,LVB,672,40,0,2/4/2004,SUP-3285, ,RQR-40786; 11565, ,14x48,1,750,Approved,3,APN,HIGH,Matched via APN/PARCEL exact join,360870,0,1.55,701,0,16204703001,701,701,162,04,7,03,001,212,2524-56,2524,204,18398.81093,5562,E,15,10,4,559,,150972.2077,3,0,57,8235.233709,12.86755267,89102,438395,212,1701 WESTERN PROPERTIES L L C,330 S RAMPART BLVD # 340,LAS VEGAS NV 89145, , , , ,891450000, ,1701, , ,WESTERN,AVE,LV, , , ,00000000, ,PT NW4 SE4 SEC 04 21 61, , , , , ,2027,1956,20080521, ,2.00805E+12, ,NS,700000,M,19950301, , , ,04,21,61,330000,1, ,2,448995, ,0,0,37796, ,0, ,0, ,0, ,0,0,404095,37097,0, ,0,0,0,0,0, ,0,0,0,N,20250925,20250925,0, ,16204703001,0, ,162,16204,162047,16204703,162,162047030,047,030,01,89145,0,001701     WESTERN               AVE L,0421  61,0000,0000,1701 WESTERN PROPERTIES L L C   330 S RAMPART BLVD # 340        LAS VEGAS NV 89145,001701     WESTERN               AVE, ,330,1077.224453,66426.33398,1077.2244532598259
307,0,0,-115.1718888,36.17469365, ,2234,W,Mesquite Ave,13929801009,13929801005,Ad America Inc.,Pink,PO,672,40,0,10/28/2003,U-0010-02, ,RQR-28992,L-2064-04; DIR-17195,14x48,1,750,Finalled/Permitted,5,APN,HIGH,Matched via APN/PARCEL exact join,646676,0,7.82,701,0,13929801009,701,701,139,29,8,01,009,200,2323-99,2323,203,19218.77425,4027,D,10,3,4,449,,161583.3057,1,0,83,11202.31054,17.50361022,89106,316083,200,LODGE MASONIC MEMORIAL TEMPLE,2200 W MESQUITE,LAS VEGAS NV 89106-3788, , , , ,891063788, ,2200, ,W,MESQUITE,AVE,LV, , , ,PM01150080        L1, ,PARCEL MAP FILE 115 PAGE 80,LOT 1, , , , ,2027,1974,19720728, ,1.97207E+12, ,NS,0, , , , , ,29,20,61,450000,1, ,8,1293577, ,0,0,1058876, ,0, ,0, ,0,35,2352453,0,1293577,1097566,0, ,2391142,0,0,0,0, ,0,0,0,N,20231117,20231117,0, ,13929801005,0, ,139,13929,139298,13929801,139,139298010,298,010,09,89106,3788,002200   W MESQUITE              AVE L,2920  61,0115,0080,LODGE MASONIC MEMORIAL TEMPLE   2200 W MESQUITE                 LAS VEGAS NV 89106-3788,002200   W MESQUITE              AVE, ,450,2362.993189,340853.6523,2362.9931891648976
308,0,0,-115.1732065,36.13753389, ,2901, ,Highland,16208611011,16208611011,Reagan National Advertising,Teal ,RG,672,45,0,8/12/2003,SUP-1945,VAR-1946,RQR-21567; RQR-6171, ,24x28,1,300,final,1,APN,HIGH,Matched via APN/PARCEL exact join,764313,0,0,703,0,16208611011,703,703,162,08,6,11,011,212,2623-59,2623,2201,24882.77491,5014,E,15,10,1,606,,150972.2077,3,0,57,8235.233709,12.86755267,89109,444939,212,HIGHLAND INDUSTRIAL PARK L L C,C/O NEVADA DEVELOPMENT & RLTY CO,2500 W SAHARA AVE # 211,LAS VEGAS NV 89102, , , ,891020000, ,2901, , ,HIGHLAND,DR,LV, , , ,PB00200064PTB1    L15, ,HIGHLAND INDST PARK,PLAT BOOK 20 PAGE 64,PT LOT 15 BLOCK 1,"(LOT 15-A LD 25,26,27-79)", , ,2027,1979,20160601, ,2.01606E+12, ,NS,12838738,M,20160601, , , ,08,21,61,240000,1, ,1,330226, ,0,0,167274, ,0, ,0, ,0, ,0,0,312845,172107,0, ,0,0,0,0,0, ,0,0,0,N,20231117,20231117,0, ,16208611011,0, ,162,16208,162086,16208611,162,162086110,086,110,11,89102,0,002901     HIGHLAND              DR  L,0821  61,0020,0064,HIGHLAND INDUSTRIAL PARK L L C  C/O NEVADA DEVELOPMENT & RLTY CO2500 W SAHARA AVE # 211         LAS VEGAS NV 89102,002901     HIGHLAND              DR, ,240,876.9880642,49850.64063,876.9880642081195
309,0,0,-115.172516,36.1384845, ,2903, ,Highland Dr.,16209210002,16209210002,Reagan National Advertising,Teal ,RG,672,45,0,8/12/2003,SUP-1876,VAR-1947,RQR-21572; RQR-6169, ,14x48,1,300,final,1,APN,HIGH,Matched via APN/PARCEL exact join,750916,0,0,703,0,16209210002,703,703,162,09,2,10,002,212,2624-41,2624,2201,24882.77491,5014,E,15,10,1,606,,150972.2077,3,0,57,8235.233709,12.86755267,89109,445088,212,HIGHLAND INDUSTRIAL PARK L L C,C/O NEVADA DEVELOPMENT & RLTY CO,2500 W SAHARA AVE # 211,LAS VEGAS NV 89102, , , ,891020000, ,2901, , ,HIGHLAND,DR,LV, , , ,PB00200064  B1    L13, ,HIGHLAND INDST PARK,PLAT BOOK 20 PAGE 64,LOT 13 BLOCK 1, , , ,2027,1979,20160601, ,2.01606E+12, ,NS,12838738,M,20160601, , , ,09,21,61,240000,1, ,1,324434, ,0,0,163445, ,0, ,0, ,0, ,0,0,307358,168294,0, ,0,0,0,0,0, ,0,0,0,N,20231117,20231117,0, ,16209210002,0, ,162,16209,162092,16209210,162,162092100,092,100,02,89102,0,002901     HIGHLAND              DR  L,0921  61,0020,0064,HIGHLAND INDUSTRIAL PARK L L C  C/O NEVADA DEVELOPMENT & RLTY CO2500 W SAHARA AVE # 211         LAS VEGAS NV 89102,002901     HIGHLAND              DR, ,240,889.0465627,48921.18359,889.0465626940492
310,0,0,-115.1517123,36.15864883, ,210,E,Charleston,16203110039,16203110039,LAMAR,Orange,LM,672,0,0, , , , , ,14x48,1,300,Built,3,APN,HIGH,Matched via APN/PARCEL exact join,145716,0,0,703,0,16203110039,703,703,162,03,1,10,039,203,2525-12,2525,1100,17577.33001,5044,E,15,10,4,564,,150972.2077,3,0,57,8235.233709,12.86755267,89104,435628,203,CHARLEY L L C,2331 E DESERT INN RD,LAS VEGAS NV 89169, , , , ,891690000, ,210, ,E,CHARLESTON,BLVD,LV, , , ,PB00010052PTB13   L5, ,BOULDER ADD,PLAT BOOK 1 PAGE 52,PT LOT 5 BLOCK 13,& LOT 6, , ,2027,1939,20190710, ,2.01907E+12, ,NS,2260000,M,20190701, , , ,03,21,61,335000,1, ,0,45736, ,0,0,48076, ,0, ,0, ,0, ,0,0,43907,47112,0, ,0,0,0,0,0, ,0,0,0,N,20231117,20231117,0, ,16203110039,0, ,162,16203,162031,16203110,162,162031100,031,100,39,89169,0,000210   E CHARLESTON            BLVDL,0321  61,0001,0052,CHARLEY L L C                   2331 E DESERT INN RD            LAS VEGAS NV 89169,000210   E CHARLESTON            BLVD, ,335,342.320292,5194.09375,342.3202919684268
311,0,0,-115.2085335,36.14897404, ,2101,S,Decatur,16301708004,16301708004,Las Vegas Billboards,Blue,LVB,672,40,0,3/5/2003,U-0034-01, ,RQR-29711;RQR-29711, ,14x48,1,300,Final,1,APN,HIGH,Matched via APN/PARCEL exact join,589036,0,1.7,701,0,16301708004,701,701,163,01,7,08,004,213,2521-79,2521,1003,21474.83292,3003,C,10,3,4,549,,161583.3057,1,0,83,11202.31054,17.50361022,89102,484999,213,1999 L L C,C/O MDL GROUP,5960 S JONES BLVD,LAS VEGAS NV 89118, , , ,891180000, ,2101, ,S,DECATUR,BLVD,LV, , , ,PM00230097        L2, ,PARCEL MAP FILE 23 PAGE 97,LOT 2, , , , ,2027,1979,20180515, ,2.01805E+12, ,NS,4594800,M,20180501, , , ,01,21,60,358000,1, ,2,388773, ,0,0,690283, ,0, ,0, ,0, ,0,0,362855,724583,0, ,0,0,0,0,0, ,0,0,0,N,20231117,20231117,0, ,16301708004,0, ,163,16301,163017,16301708,163,163017080,017,080,04,89118,0,002101   S DECATUR               BLVDL,0121  60,0023,0097,1999 L L C                      C/O MDL GROUP                   5960 S JONES BLVD               LAS VEGAS NV 89118,002101   S DECATUR               BLVD, ,358,1292.273165,73747.62109,1292.2731653109745
312,0,0,-115.1554932,36.14405401, ,2252, ,Paradise,16203411011,16203411011,Chetak Development Corporation,Pink,PO,672,55,0,1/22/2003,SUP-1274, ,RQR-33882; RQR-12169; RQR-5925, ,14x48,1,300,Finaled,3,APN,HIGH,Matched via APN/PARCEL exact join,511231,0.9400000000000001,0,703,0,16203411011,703,703,162,03,4,11,011,203,2525-91,2525,1200,21379.77876,5350,E,15,10,1,567,,150972.2077,3,0,57,8235.233709,12.86755267,89104,436172,203,CHETAK DEVELOPMENT CORPORATION,4755 DEAN MARTIN DR,LAS VEGAS NV 89103, , , , ,891030000, ,2244, , ,PARADISE,RD,LV, ,20030730:3596 VAC, ,PB00020100  B3    L10, ,SOUTH FIFTH STREET TRACT #1,PLAT BOOK 2 PAGE 100,LOT 10 BLOCK 3,& VAC ALLEY, , ,2027,1986,20001101, ,2.00011E+12, ,NS,5850000,M,20001101, , , ,03,21,61,355000,1, ,2,658670, ,0,0,916163, ,0, ,0, ,0, ,0,0,630154,946045,0, ,0,0,0,0,0, ,0,0,0,N,20250821,20250821,0, ,16203411011,0, ,162,16203,162034,16203411,162,162034110,034,110,11,89103,0,002244     PARADISE              RD  L,0321  61,0002,0100,CHETAK DEVELOPMENT CORPORATION  4755 DEAN MARTIN DR             LAS VEGAS NV 89103,002244     PARADISE              RD, ,355,1075.893995,72600.50781,1075.8939946035198
313,0,0,-115.1409195,36.14445104, ,1002,E,Sahara,16203801116,16203801116,Reagan National Advertising,Teal ,RG,672,40,0,5/5/2004,SUP-3973, ,RQR-33955; RQR-12020, ,14x48,1,300,Finalled,3,APN,HIGH,Matched via APN/PARCEL exact join,391158,0,0.8,701,0,16203801116,701,701,162,03,8,01,116,212,2525-98,2525,1200,21379.77876,5350,E,15,10,1,570,,150972.2077,3,0,57,8235.233709,12.86755267,89104,437574,212,J G SAHARA L L C,3007 W HORIZON RIDGE PKWY # 210,HENDERSON NV 89052, , , , ,890520000, ,1000, ,E,SAHARA,AVE,LV,108, , ,00000000, ,PT SE4 SE4 SEC 03 21 61, , , , , ,2027,1970,20031002, ,2.0031E+12, ,NS,800000,R,20031001, , , ,03,21,61,358000,1, ,1,231739, ,0,0,129892, ,0, ,0, ,0, ,0,0,219542,129594,0, ,0,0,0,0,0, ,0,0,0,N,20250715,20250715,0, ,16203801116,0, ,162,16203,162038,16203801,162,162038011,038,011,16,89052,0,001000   E SAHARA                AVE L,0321  61,0000,0000,J G SAHARA L L C                3007 W HORIZON RIDGE PKWY # 210 HENDERSON NV 89052,001000   E SAHARA                AVE, ,358,782.7571365,37071.76953,782.7571364732529
314,0,0,-115.148393,36.168891, ,310,S,Main,13934201003,13934201003,"Barrick-Breo II, LLC",Pink,PO,288,20,1307, ,U-106-95, ,RQR-13674; RQR-4187, ,12x24,0,300,Finalled,5,APN,HIGH,Matched via APN/PARCEL exact join,717680,0,0.24,701,0,13934201003,701,701,139,34,2,01,003,203,2425-32,2425,700,20035.3234,4510,D,11,2,4,460,,265026.2317,5,0,113,9805.190745,15.32061054,89101,320699,203,T-U P R II L L C,1 S MAIN ST,LAS VEGAS NV 89101, , , , ,891010000,Union Plaza,310, ,S,MAIN,ST,LV, , , ,00000000, ,PT W2 SEC 34 20 61, , , , , ,2027,1983,20150213, ,2.01502E+12, ,NS,54527000,M,20040301, , , ,34,20,61,330000,1, ,0,164651, ,0,0,3812, ,0, ,0, ,0, ,0,0,164651,3890,0, ,0,0,0,0,0, ,0,0,0,N,20231117,20231117,0, ,13934201003,0, ,139,13934,139342,13934201,139,139342010,342,010,03,89101,0,000310   S MAIN                  ST  L,3420  61,0000,0000,T-U P R II L L C                1 S MAIN ST                     LAS VEGAS NV 89101,000310   S MAIN                  ST, ,330,422.4054358,11139.22852,422.4054357593194
315,0,0,-115.1638113,36.17627825, ,1633,W,Bonanza,13928412001,13928411001,Clear Channel Outdoor,Red,CC,672,40,0,5/17/2004, , , ,"L-2172-04, moved US95 widening",14x48,1,750,Finalled/Permitted,5,APN,HIGH,Matched via APN/PARCEL exact join,599659,0,9.77,807,0,13928412001,807,807,139,28,4,12,001,212,2324-83,2324,201,19539.12989,4528,D,6,4,4,412,,265026.2317,5,0,113,9805.190745,15.32061054,89106,313889,212,DON & PAUL L L C,8350 EASTGATE RD,HENDERSON NV 89015, , , , ,890150000, ,1785, ,W,BONANZA,RD,LV,B,"FR 139-28-401-002,003,024,025,411-001;+.21C", ,PB01350030        L1, ,AHERN RENTAL MERGER & RESUB,PLAT BOOK 135 PAGE 30,LOT 1, , , ,2027,1974,20040609, ,2.00406E+12, ,NS,0, , , , , ,28,20,61,240000,1, ,10,950322, ,0,0,1239452, ,0, ,0, ,0, ,0,0,782005,1243705,0, ,0,0,0,0,0, ,0,0,0,N,20250908,20250908,0, ,13928411001,0, ,139,13928,139284,13928412,139,139284120,284,120,01,89015,0,001785   W BONANZA               RD  L,2820  61,0135,0030,DON & PAUL L L C                8350 EASTGATE RD                HENDERSON NV 89015,001785   W BONANZA               RD, ,240,3813.940422,414064.6641,3813.940422354291
316,0,0,-115.2066138,36.18864378, ,1615,N,Decatur,13824804013,13824804013,Las Vegas Billboards,Blue,LVB,672,40,0,7/7/2004,SUP-4169, ,RQR-30332,L-4859-04,14x48,1,300,Finalled,5,APN,HIGH,Matched via APN/PARCEL exact join,746962,0,0.51,701,0,13824804013,701,701,138,24,8,04,013,207,2221-99,2221,3423,21256.37256,4001,D,3,3,4,349,,265026.2317,5,0,113,9805.190745,15.32061054,89108,241606,207,1615 N DECATUR L L C,8019 ECHO CLIFF LN,LAS VEGAS NV 89129, , , , ,891290000, ,1615, ,N,DECATUR,BLVD,LV, , , ,00000000, ,PT SE4 SE4 SEC 24 20 60, , , , , ,2027,1964,20240516, ,2.02405E+12, ,NS,1600000,R,20240401, , , ,24,20,60,375000,1, ,1,112746, ,0,0,77200, ,0, ,0, ,0, ,0,0,104971,77107,0, ,0,0,0,0,0, ,0,0,0,N,20240430,20240430,0, ,13824804013,0, ,138,13824,138248,13824804,138,138248040,248,040,13,89129,0,001615   N DECATUR               BLVDL,2420  60,0000,0000,1615 N DECATUR L L C            8019 ECHO CLIFF LN              LAS VEGAS NV 89129,001615   N DECATUR               BLVD, ,375,591.6596742,22602.80859,591.6596741647417
317,0,0,-115.1362431,36.14461658, ,1205,E,Sahara,16202401001,16202401001,Reagan National Advertising,Teal ,RG,672,40,0,8/6/2004,SUP-3269, ,RQR-30328;RQR-13595, ,14x48,1,300,Approved,3,APN,HIGH,Matched via APN/PARCEL exact join,139163,0,3.68,701,0,16202401001,701,701,162,02,4,01,001,212,2526-91,2526,1300,19091.79862,5565,E,15,10,1,573,,150972.2077,3,0,57,8235.233709,12.86755267,89104,434066,212,1205 E SAHARA AVENUE L L C,C/O REAL ONYX MGMT GRP,1151 S BUFFALO DR STE 220,LAS VEGAS NV 89117, , , ,891170000, ,1205, ,E,SAHARA,AVE,LV, , , ,00000000, ,PT SW4 SW4 SEC 02 21 61, , , , , ,2027,1961,20150611, ,2.01506E+12, ,NS,3000000,T,20150601, , , ,02,21,61,355000,1, ,4,1001481, ,0,0,653548, ,0, ,0, ,0, ,0,0,1001481,651940,0, ,0,0,0,0,0, ,0,0,0,N,20240320,20240320,0, ,16202401001,0, ,162,16202,162024,16202401,162,162024010,024,010,01,89117,0,001205   E SAHARA                AVE L,0221  61,0000,0000,1205 E SAHARA AVENUE L L C      C/O REAL ONYX MGMT GRP          1151 S BUFFALO DR STE 220       LAS VEGAS NV 89117,001205   E SAHARA                AVE, ,355,1681.589686,160872.334,1681.5896857761772
318,0,0,-115.1607624,36.15351175, ,1509, ,Western,16204605005,16204605005,LAMAR,Orange,LM,672,40,0,7/22/2002,U-0104-02, ,RQR-39434; RQR-24331; RQR-5165, ,14x48,1,300,Finalled,3,APN,HIGH,Matched via APN/PARCEL exact join,568423,0,0.67,701,0,16204605005,701,701,162,04,6,05,005,212,2524-47,2524,204,18398.81093,5562,E,15,10,4,558,,150972.2077,3,0,57,8235.233709,12.86755267,89102,438338,212,J S M PROPERTIES L L C,C/O S & M LIPKIN ~C/O J DEVERE,1509 WESTERN AVE,LAS VEGAS NV 89102, , , ,891020000, ,1509, , ,WESTERN,AVE,LV, , , ,00000000, ,PT SW4 NE4 SEC 04 21 61, , , , , ,2027,2008,20180606, ,2.01806E+12, ,NS,0, , , , , ,04,21,61,240000,1, ,1,280906, ,0,0,623280, ,0, ,0, ,0, ,0,0,268137,621718,0, ,0,0,0,0,0, ,0,0,0,N,20231117,20231117,0, ,16204605005,0, ,162,16204,162046,16204605,162,162046050,046,050,05,89102,0,001509     WESTERN               AVE L,0421  61,0000,0000,J S M PROPERTIES L L C          C/O S & M LIPKIN ~C/O J DEVERE  1509 WESTERN AVE                LAS VEGAS NV 89102,001509     WESTERN               AVE, ,240,763.8110723,34377.68359,763.7798447644171
319,0,0,-115.1710154,36.14001612, ,2744, ,Highland,16209202001,16209202001,Mountain View Estates,Pink,PO,400,40,0,10/6/2004,SUP-4592, ,RQR-35930,EOT-9680,10x40,1,300,Approved,1,APN,HIGH,Matched via APN/PARCEL exact join,68625,0,2.0100000000000002,701,0,16209202001,701,701,162,09,2,02,001,212,2624-32,2624,2201,24882.77491,5014,E,15,10,1,606,,150972.2077,3,0,57,8235.233709,12.86755267,89109,445072,212,N Y P CORPORATION,6120 S TORREY PINES,LAS VEGAS NV 89118-3209, , , , ,891183209, ,2750, , ,HIGHLAND,DR,LV, ,SF 194-49, ,00000000, ,PT SW4 NW4 SEC 09 21 61, , , , , ,2027,1958,19840330, ,1.98403E+12, ,NS,0, , , , , ,09,21,61,240000,1, ,2,582247, ,0,0,224684, ,0, ,0, ,0, ,0,0,496442,219907,0, ,0,0,0,0,0, ,0,0,0,N,20250925,20250925,0, ,16209202001,0, ,162,16209,162092,16209202,162,162092020,092,020,01,89118,3209,002750     HIGHLAND              DR  L,0921  61,0000,0000,N Y P CORPORATION               6120 S TORREY PINES             LAS VEGAS NV 89118-3209,002750     HIGHLAND              DR, ,240,1454.894388,88140.77539,1454.894388152911
320,0,0,-115.1873117,36.13387471, ,3542, ,Sirius,16208303027,16208303027,Las Vegas Billboards,Blue,LVB,288,40,0,10/6/2004,SUP-4812, ,RQR-35793, ,12x24,1,300,Approved,1,APN,HIGH,Matched via APN/PARCEL exact join,379873,0,2.09,701,0,16208303027,701,701,162,08,3,03,027,200,2623-72,2623,2201,24882.77491,5545,E,10,3,3,605,,150972.2077,3,0,57,8235.233709,12.86755267,89102,444663,200,JONATHAN PARK L L C,6050 S FORT APACHE RD # 200A,LAS VEGAS NV 89148, , , , ,891480000, ,3544, , ,SIRIUS,AVE,LV, , , ,00000000, ,PT NW4 SW4 SEC 08 21 61, , , , , ,2027,1964,20051117, ,2.00511E+12, ,NS,5372500,M,19960801, , , ,08,21,61,240000,1, ,2,401168, ,0,0,325536, ,0, ,0, ,0, ,0,0,363250,318629,0, ,0,0,0,0,0, ,0,0,0,N,20231117,20231117,0, ,16208303027,0, ,162,16208,162083,16208303,162,162083030,083,030,27,89148,0,003544     SIRIUS                AVE L,0821  61,0000,0000,JONATHAN PARK L L C             6050 S FORT APACHE RD # 200A    LAS VEGAS NV 89148,003544     SIRIUS                AVE, ,240,1215.822118,90264.03125,1215.8221180517153
321,0,0,-115.1865864,36.1362115, ,3319, ,Meade,16208303004,16208303004,Las Vegas Billboards,Blue,LVB,288,40,0,10/6/2004,SUP-4811, ,RQR-35792,L-3618-05,12X24,1,300,Approved,1,APN,HIGH,Matched via APN/PARCEL exact join,421173,0,3.3200000000000003,701,0,16208303004,701,701,162,08,3,03,004,200,2623-63,2623,2201,24882.77491,5545,E,10,3,3,605,,150972.2077,3,0,57,8235.233709,12.86755267,89102,444644,200,JONATHAN PARK L L C,6050 S FORT APACHE RD # 200A,LAS VEGAS NV 89148, , , , ,891480000, ,3311, , ,MEADE,AVE,LV, , , ,00000000, ,PT NW4 SW4 SEC 08 21 61, , , , , ,2027,1986,20051117, ,2.00511E+12, ,NS,5372500,M,19960801, , , ,08,21,61,240000,1, ,3,637264, ,0,0,800941, ,0, ,0, ,0, ,0,0,577030,814261,0, ,0,0,0,0,0, ,0,0,0,N,20231117,20231117,0, ,16208303004,0, ,162,16208,162083,16208303,162,162083030,083,030,04,89148,0,003311     MEADE                 AVE L,0821  61,0000,0000,JONATHAN PARK L L C             6050 S FORT APACHE RD # 200A    LAS VEGAS NV 89148,003311     MEADE                 AVE, ,240,1624.098614,140566.4102,1624.0986144671076
322,0,0,-115.2006594,36.17323208, ,4490, ,Meadows,13931111010,13931510019,Orion Outdoor Media,Green,UK,672,40,8194,11/3/2004,SUP-4807, ,RQR-30360,L-0076-05,14x48,1,750,Approved,1,SPATIAL,MEDIUM,Matched via spatial intersect (buffered point),,,,,,,,,,,,,,,,,,,,,,,,,,,,,,,,89107,,213,MEADOWS OWNER L L C,,,,,,,,,0,,,,,,,,,,,,,,,,,,,,,,,,8500000,,20191201,,,,,,,150001,,,,2700390,,,,21812629,,,,,,,,,,,,,,,,,,,,,,,,,,,,,,,,,,,,,,,,,,,,,,,000000,,,,,
323,0,0,-115.2484936,36.23983409, ,7075, ,Craig,13803716002,13803701003,Orion Outdoor Media,Green,UK,672,40,0,11/17/2004,SUP-4694,VAR-37837 Denied,RQR-30484,L-0337-05,14x48,1,750,Approved,4,SPATIAL,MEDIUM,Matched via spatial intersect (buffered point),,,,,,,,,,,,,,,,,,,,,,,,,,,,,,,,89129,,200,EZTOMMY HOLDINGS L L C,,,,,,,,,7083,,W,CRAIG,RD,,,,,,,,,,,,,,,,,,,,0,,,,,,,,,350000,,,,431035,,,,792305,,,,,,,,,,,,,,,,,,,,,,,,,,,,,,,,,,,,,,,,,,,,,,,007083   W CRAIG                 RD,,,,,
325,0,0,-115.1982277,36.17396717, ,4190, ,Meadows,13931510022,13931510019,Orion Outdoor Media,Green,UK,672,51,8193,12/1/2004,SUP-4808, ,RQR-30599,L-0077-05,14x48,1,750,Approved,1,SPATIAL,MEDIUM,Matched via spatial intersect (buffered point),,,,,,,,,,,,,,,,,,,,,,,,,,,,,,,,89107,,213,G G P MEADOWS MALL L L C,,,,,,,,,4300,,,MEADOWS,LN,,,,,,,,,,,,,,,,,,,,0,,,,,,,,,350000,,,,3144214,,,,10240391,,,,,,,,,,,,,,,,,,,,,,,,,,,,,,,,,,,,,,,,,,,,,,,004300     MEADOWS               LN,,,,,
326,0,0,-115.1948348,36.17495599, ,4120, ,Meadows,13930812005,13931510019,Orion Outdoor Media,Green,UK,672,40,8192,12/1/2004,SUP-4809, ,RQR-30600,L-0078-05,14x48,1,750,Approved,1,APN,HIGH,Matched via APN/PARCEL exact join,750677,1.11000001,1.11,807,0,13930812005,807,807,139,30,8,12,005,213,2322-96,2322,105,19501.19535,4623,D,10,3,4,446,,161583.3057,1,0,83,11202.31054,17.50361022,89107,317495,213,G G P MEADOWS MALL L L C,C/O BROOKFIELD PROPERTIES RETIAL,PO BOX 101042,CHICAGO IL 60610, , , ,606100000, ,4112, , ,MEADOWS,LN,LV, , , ,PB00180056, ,MEADOWS,PLAT BOOK 18 PAGE 56,PT UNNUMBERED LOT, , , ,2027,0,20030801, ,2.00308E+12, ,NS,0, , , , , ,30,20,61,350000,0, ,1,220002, ,0,0,0, ,0, ,0, ,0, ,0,0,186155,0,0, ,0,0,0,0,0, ,0,0,0,N,20231117,20231117,0, ,13931510016,0, ,139,13930,139308,13930812,139,139308120,308,120,05,60610,0,004112     MEADOWS               LN  L,3020  61,0018,0056,G G P MEADOWS MALL L L C        C/O BROOKFIELD PROPERTIES RETIALPO BOX 101042                   CHICAGO IL 60610,004112     MEADOWS               LN, ,350,1182.199352,48554.30273,1182.1993520503297
327,0,0,-115.1643369,36.14853197, ,1985, ,Western,16204399009,16204703010,Las Vegas Billboards,Blue,LVB,672,40,0,12/15/2004,SUP-4690, ,RQR-18714,L-3619-05,14x48,1,300,Approved,3,NONE,NONE,No parcel match (ROW/easement/geometry mismatch or missing APN/address),,,,,,,,,,,,,,,,,,,,,,,,,,,,,,,,89102,,212,,,,,,,,,,0,,,,,,,,,,,,,,,,,,,,,,,,0,,,,,,,,,0,,,,0,,,,0,,,,,,,,,,,,,,,,,,,,,,,,,,,,,,,,,,,,,,,,,,,,,,,,,,,,
328,0,0,-115.2077633,36.21639544, ,0,N,Decatur,13813505001,13813505001,Clear Channel Outdoor,Red,CC,288,0,0, , , , ,North Las Vegas,12x24,1,300, ,NLV,APN,HIGH,Matched via APN/PARCEL exact join,352471,0,21.35,701,0,13813505001,701,701,138,13,5,05,001,250,2121-18,2121,3616,42091.81156,4039,D,6,4,4,1139,,0, ,0,0,0,0,89130,215711,250,MOSSMAN MYRA,1333 N ORANGE DR,HOLLYWOOD CA 90028, , , , ,900280000, ,3100, ,N,RANCHO,DR,NLV, , , ,00000000, ,PT NE4 NE4 SEC 13 20 60, , , , , ,2027,0,20241024, ,2.0241E+12, ,NS,0, , , , , ,13,20,60,0,0, ,21,2050663, ,0,0,0, ,0, ,0, ,0, ,0,0,1992073,0,0, ,0,0,0,0,0, ,0,0,0,N,20250107,20250107,0, ,13813505001,0, ,138,13813,138135,13813505,138,138135050,135,050,01,90028,0,003100   N RANCHO                DR  N,1320  60,0000,0000,MOSSMAN MYRA                    1333 N ORANGE DR                HOLLYWOOD CA 90028,003100   N RANCHO                DR, ,0,4049.691388,924688.6953,4049.385736295252
329,0,0,-115.2083268,36.21706833, ,0,W,Cheyenne,13813505001,13813505001,Clear Channel Outdoor,Red,CC,288,0,0, , , , ,North Las Vegas,12x24,1,300, ,NLV,APN,HIGH,Matched via APN/PARCEL exact join,352471,0,21.35,701,0,13813505001,701,701,138,13,5,05,001,250,2121-18,2121,3616,42091.81156,4039,D,6,4,4,1139,,0, ,0,0,0,0,89130,215711,250,MOSSMAN MYRA,1333 N ORANGE DR,HOLLYWOOD CA 90028, , , , ,900280000, ,3100, ,N,RANCHO,DR,NLV, , , ,00000000, ,PT NE4 NE4 SEC 13 20 60, , , , , ,2027,0,20241024, ,2.0241E+12, ,NS,0, , , , , ,13,20,60,0,0, ,21,2050663, ,0,0,0, ,0, ,0, ,0, ,0,0,1992073,0,0, ,0,0,0,0,0, ,0,0,0,N,20250107,20250107,0, ,13813505001,0, ,138,13813,138135,13813505,138,138135050,135,050,01,90028,0,003100   N RANCHO                DR  N,1320  60,0000,0000,MOSSMAN MYRA                    1333 N ORANGE DR                HOLLYWOOD CA 90028,003100   N RANCHO                DR, ,0,4049.691388,924688.6953,4049.385736295252
330,0,0,-115.2356928,36.15894576, ,6431,W,Charleston,16302114003,16302114003,Orion Outdoor Media,Green,UK,672,40,0,3/16/2005,SUP-4693, ,RQR-40350; RQR-25210,L-3666-05,14x48,1,300,Approved,1,APN,HIGH,Matched via APN/PARCEL exact join,483167,0,0.79,807,0,16302114003,807,807,163,02,1,14,003,213,2519-14,2519,2905,22083.86182,3009,C,10,3,4,542,,161583.3057,1,0,83,11202.31054,17.50361022,89146,485552,213,RUSSO ANDREA J & SUSAN R,441 MARES CT,PLEASANTON CA 94566-9506, , , , ,945669506, ,6431, ,W,CHARLESTON,BLVD,LV,UT 100, , ,PB00740081PT      L1, ,CHARLESTON VILLAGE,PLAT BOOK 74 PAGE 81,PT LOT 1, , , ,2027,2000,20091125, ,2.00911E+12, ,NS,1850000,R,20091101, , , ,02,21,60,358000,1, ,1,251724, ,0,0,140375, ,0, ,0, ,0, ,0,0,238475,144396,0, ,0,0,0,0,0, ,0,0,0,N,20231117,20231117,0, ,16302114001,0, ,163,16302,163021,16302114,163,163021140,021,140,03,94566,9506,006431   W CHARLESTON            BLVDL,0221  60,0074,0081,RUSSO ANDREA J & SUSAN R        441 MARES CT                    PLEASANTON CA 94566-9506,006431   W CHARLESTON            BLVD, ,358,839.3586183,34612.81445,839.3586183188721
331,0,0,-115.1414844,36.1901276, ,0, ,I 15,13922898001,0,LAMAR,Orange,LM,0,0,0, , , , ,North Las Vegas, ,1,750, ,NLV,NONE,NONE,No parcel match (ROW/easement/geometry mismatch or missing APN/address),,,,,,,,,,,,,,,,,,,,,,,,,,,,,,,,89030,,250,,,,,,,,,,0,,,,,,,,,,,,,,,,,,,,,,,,0,,,,,,,,,0,,,,0,,,,0,,,,,,,,,,,,,,,,,,,,,,,,,,,,,,,,,,,,,,,,,,,,,,,,,,,,
332,0,0,-115.0769785,36.15933664, ,4510, ,Charleston,14032401006,0,LAMAR,Orange,LM,672,40,0,8/16/2003,SUP-2290, ,RQR-28731, ,14x48,1,300, ,3,APN,HIGH,Matched via APN/PARCEL exact join,45558,0,1.48,701,0,14032401006,701,701,140,32,4,01,006,200,2429-92,2429,519,16131.54994,5007,E,14,21,1,503,,150972.2077,3,0,57,8235.233709,12.86755267,89104,359859,200,MER-CAR CORPORATION,C/O GATSKI COML RES,4755 DEAN MARTIN DR,LAS VEGAS NV 89103, , , ,891030000, ,4506, ,E,CHARLESTON,BLVD,LV, ,20091021:3306 RD, ,PM00580031        L1, ,PARCEL MAP FILE 58 PAGE 31,LOT 1, , , , ,2027,1990,20020328, ,2.00203E+12, ,NS,1800000,M,20020301, , , ,32,20,62,355000,1, ,1,225642, ,0,0,157503, ,0, ,0, ,0, ,0,0,203077,162053,0, ,0,0,0,0,0, ,0,0,0,N,20231117,20231117,0, ,14032401006,0, ,140,14032,140324,14032401,140,140324010,324,010,06,89103,0,004506   E CHARLESTON            BLVDL,3220  62,0058,0031,MER-CAR CORPORATION             C/O GATSKI COML RES             4755 DEAN MARTIN DR             LAS VEGAS NV 89103,004506   E CHARLESTON            BLVD, ,355,1430.260428,65365.60938,1430.260428382993
333,0,0,-115.2438358,36.25311486, ,0, , ,12534712009,0,LAMAR,Orange,LM,672,0,0,7/17/1991,U-0099-91, ,RQR-24165; RQR-6683; U-99-91(1)&(2), ,14x48,1,300, ,6,APN,HIGH,Matched via APN/PARCEL exact join,554462,0,0.74,807,0,12534712009,807,807,125,34,7,12,009,200,1718-69,1718,3305,25080.00132,2695,B,4,18,4,130,,455249.7461,6,0,93,26360.57173,41.18839332,89130,138047,200,TRINITY ASSET HOLDINGS CO L L C,1200 RIDGEWATER BLVD,KLAMATH FALLS OR 97601, , , , ,976010000, ,5041, ,N,RAINBOW,BLVD,LV, , , ,PB00650042PT      L1, ,RANCHO SANTA FE CENTER,PLAT BOOK 65 PAGE 42,PT LOT 1, , , ,2027,1998,20240919, ,2.02409E+12, ,NS,3000000,R,20240901, , , ,34,19,60,335000,1, ,1,149485, ,0,0,547744, ,0, ,0, ,0, ,0,0,135383,551026,0, ,0,0,0,0,0, ,0,0,0,N,20241028,20241028,0, ,12534712005,0, ,125,12534,125347,12534712,125,125347120,347,120,09,97601,0,005041   N RAINBOW               BLVDL,3419  60,0065,0042,TRINITY ASSET HOLDINGS CO L L C 1200 RIDGEWATER BLVD            KLAMATH FALLS OR 97601,005041   N RAINBOW               BLVD, ,335,740.0738911,32464.70313,740.0738910856778
334,0,0,-115.1585653,36.17690938, ,1111,W,Bonanza,13928801003,0, ,Green,UK,72,0,0,3/16/1988,U-0011-88, ,U-11-88(1),5 yr review has not been done,6x12,1,300, ,5,APN,HIGH,Matched via APN/PARCEL exact join,394432,0,3.81,701,0,13928801003,701,701,139,28,8,01,003,203,2324-87,2324,301,35552.9138,4030,D,6,4,4,414,,265026.2317,5,0,113,9805.190745,15.32061054,89106,314395,203,LAS VEGAS REVIEW-JOURNAL INC,C/O S HALL CFO,1111 W BONANZA RD,LAS VEGAS NV 89106, , , ,891060000, ,1001, ,W,BONANZA,RD,LV, , , ,00000000, ,PT SW4 SE4 SEC 28 20 61, , , , , ,2027,1963,20170327, ,2.01703E+12, ,NS,16000000,M,20150301, , , ,28,20,61,610000,1, ,4,435656, ,0,0,179383, ,0, ,0, ,0, ,0,0,365951,175728,0, ,0,0,0,0,0, ,0,0,0,N,20250908,20250908,0, ,010630022,0, ,139,13928,139288,13928801,139,139288010,288,010,03,89106,0,001001   W BONANZA               RD  L,2820  61,0000,0000,LAS VEGAS REVIEW-JOURNAL INC    C/O S HALL CFO                  1111 W BONANZA RD               LAS VEGAS NV 89106,001001   W BONANZA               RD, ,610,1798.485437,165480.2598,1798.4854374785034
335,0,0,-115.1495307,36.15864603, ,330,E,Charleston,16203115001,0,Outfront,Brown,OF,288,40,1595,8/1/1996,U-0008-96, ,RQR-40946; RQR-37490; RQR-32942, ,12x24,1,300, ,3,APN,HIGH,Matched via APN/PARCEL exact join,293830,0,2.18,807,0,16203115001,807,807,162,03,1,15,001,203,2525-13,2525,1100,17577.33001,5044,E,15,10,4,564,,150972.2077,3,0,57,8235.233709,12.86755267,89104,435741,203,300 CHARLESTON APARTMENTS Q O Z,26050 BUREAU RD STE 101,CALABASAS CA 91302, , , , ,913020000, ,330, ,E,CHARLESTON,BLVD,LV,UT 100, , ,PB00870077  B1    L1, ,AQUARIUS PLAZA,PLAT BOOK 87 PAGE 77,LOT 1 BLOCK 1, , , ,2027,0,20220719, ,2.02207E+12, ,NS,14000000,M,20220701, , , ,03,21,61,0,0, ,2,830909, ,0,0,0, ,0, ,0, ,0, ,0,0,717905,0,0, ,0,0,0,0,0, ,0,0,0,N,20251008,20251008,0, ,16203104002,0, ,162,16203,162031,16203115,162,162031150,031,150,01,91302,0,000330   E CHARLESTON            BLVDL,0321  61,0087,0077,300 CHARLESTON APARTMENTS Q O Z 26050 BUREAU RD STE 101         CALABASAS CA 91302,000330   E CHARLESTON            BLVD, ,0,1269.404183,94878.45117,1269.4041826372074
336,0,0,-115.2031853,36.17252445, ,4600, ,Meadows,13931110002,0,American Outdoor Advertising,Pink,PO,672,40,0,12/6/2006,SUP-16947, ,RQR-31290, ,14x48,1,750,Approved,1,APN,HIGH,Matched via APN/PARCEL exact join,349809,0,2.34,811,0,13931110002,811,811,139,31,1,10,002,213,2422-22,2422,105,19501.19535,4623,D,10,3,4,446,,161583.3057,1,0,83,11202.31054,17.50361022,89107,317498,213,CHURCH POTTERS HOUSE CHRISTIAN F,C/O S LAMB,8224 CACTUS CANYON CT,LAS VEGAS NV 89128, , , ,891280000, ,4600, , ,MEADOWS,LN,LV,UT 110, , ,PB00230018        L5, ,SUTTER HILL SUB,PLAT BOOK 23 PAGE 18,LOT 5, , , ,2027,1980,20190227, ,2.01902E+12, ,NS,2800000,R,20190201, , , ,31,20,61,358000,1, ,2,301458, ,0,0,1050126, ,0, ,0, ,0,25,1351585,0,255080,1059228,0, ,1314308,0,0,0,0, ,0,0,0,N,20231117,20231117,0, ,13931110002,0, ,139,13931,139311,13931110,139,139311100,311,100,02,89128,0,004600     MEADOWS               LN  L,3120  61,0023,0018,CHURCH POTTERS HOUSE CHRISTIAN FC/O S LAMB                      8224 CACTUS CANYON CT           LAS VEGAS NV 89128,004600     MEADOWS               LN, ,358,2179.00341,101861.5938,2179.003410052192
337,0,0,-115.2481613,36.24230139, ,4510,N,Tenaya,13803601003,0,Outdoor Solutions,Pink,PO,672,35,0,4/16/2008,SUP-26774, ,RQR-40724, ,14x48,0,750,Approved,4,APN,HIGH,Matched via APN/PARCEL exact join,776781,0,9.88,701,0,13803601003,701,701,138,03,6,01,003,200,1818-46,1818,3408,18735.68354,3766,C,3,3,4,151,,456628.1058,4,0,73,16334.56102,25.52275159,89129,198174,200,SOUTH MAIN L L C,2425 PING DR,HENDERSON NV 89074, , , , ,890740000, ,4500, ,N,TENAYA,WAY,LV, , , ,PM00780058        L1, ,PARCEL MAP FILE 78 PAGE 58,LOT 1, , , , ,2027,1995,20150916, ,2.01509E+12, ,NS,6000000,R,20150901, , , ,03,20,60,358000,1, ,10,2108828, ,0,0,1032298, ,0, ,0, ,0, ,0,0,1867819,1116195,0, ,0,0,0,0,0, ,0,0,0,N,20231117,20231117,0, ,13803601002,0, ,138,13803,138036,13803601,138,138036010,036,010,03,89074,0,004500   N TENAYA                WAY L,0320  60,0078,0058,SOUTH MAIN L L C                2425 PING DR                    HENDERSON NV 89074,004500   N TENAYA                WAY, ,358,2853.991001,429033.6445,2853.966110910534
338,0,0,-115.1610977,36.17604908, ,0, , ,13928401033,0,"DFA, LLC",Pink,PO,672,58,0,5/7/2008, ,VAR-26447, ,58 ft above grade of freeway ROC-26778 SDR-26639,14x48,1,750,Approved,5,APN,HIGH,Matched via APN/PARCEL exact join,475611,0,2.54,701,0,13928401033,701,701,139,28,4,01,033,212,2324-85,2324,201,19539.12989,4528,D,6,4,4,412,,265026.2317,5,0,113,9805.190745,15.32061054,89106,313757,212,D F A L L C,8350 EASTGATE RD,HENDERSON NV 89015, , , , ,890150000, ,1505, ,W,BONANZA,RD,LV, ,CF 14-2006;.37A TO RD 20070315:3963, ,00000000, ,PT SE4 SW4 SEC 28 20 61, , , , , ,2027,0,19980821, ,1.99808E+12, ,NS,0, , , , , ,28,20,61,0,0, ,3,580871, ,0,0,0, ,0, ,0, ,0, ,0,0,487931,0,0, ,0,0,0,0,0, ,0,0,0,N,20250908,20250908,0, ,13928401026,0, ,139,13928,139284,13928401,139,139284010,284,010,33,89015,0,001505   W BONANZA               RD  L,2820  61,0000,0000,D F A L L C                     8350 EASTGATE RD                HENDERSON NV 89015,001505   W BONANZA               RD, ,0,1299.967269,108461.6914,1299.9672686078159
340,0,0,-115.1048069,36.1478452, ,3204, , Fremont,16201801003,16201801003,LAMAR,Orange,LM,672,40,0, , , , , ,14x48,0,300, ,CC,APN,HIGH,Matched via APN/PARCEL exact join,780236,0,0.21,701,0,16201801003,701,701,162,01,8,01,003,125,2527-78,2527,1402,20339.88725,5561,E,14,21,1,579,,0, ,0,0,0,0,89104,433083,125,CIRCLE K CORPORATION,C/O PPTY TAX DEPT - DC17,PO BOX 52085,PHOENIX AZ 85072-2085, , , ,850722085, ,3204, , ,FREMONT,ST,CNTY, ,"FR 320-080-019,029", ,PM00380033        L2, ,PARCEL MAP FILE 38 PAGE 33,LOT 2, , , , ,2027,1979,19890531, ,1.98905E+12, ,NS,0, , , , , ,01,21,61,358000,1, ,0,33619, ,0,0,2082, ,0, ,0, ,0, ,0,0,30417,2141,0, ,0,0,0,0,0, ,0,0,0,N,20231117,20231117,0, ,999999999,0, ,162,16201,162018,16201801,162,162018010,018,010,03,85072,2085,003204     FREMONT               ST  C,0121  61,0038,0033,CIRCLE K CORPORATION            C/O PPTY TAX DEPT - DC17        PO BOX 52085                    PHOENIX AZ 85072-2085,003204     FREMONT               ST, ,358,407.6889348,8534.189453,407.6889347438556
341,0,0,-115.1170311,36.18832646, ,1553,N,Eastern,13926505002,0, ,Green,UK,0,0,0, , , , , , ,1,300, ,3,APN,HIGH,Matched via APN/PARCEL exact join,507477,0,1.4000000000000001,701,0,13926505002,701,701,139,26,5,05,002,207,2326-19,2326,510,15899.12978,5022,E,11,2,1,389,,150972.2077,3,0,57,8235.233709,12.86755267,89101,311335,207,GROFT ARCHIE D & NAOMI REV TR,GROFT ARCHIE D & NAOMI CO-TRS,2184 CHRISTY LN,LAS VEGAS NV 89156-5644, , , ,891565644, ,1553, ,N,EASTERN,AVE,LV, , , ,00000000, ,PT NE4 NE4 SEC 26 20 61, , , , , ,2027,1962,19870910, ,1.98709E+12, ,NS,0, , , , , ,26,20,61,360000,1, ,1,202772, ,0,0,85783, ,0, ,0, ,0, ,0,0,181427,85791,0, ,0,0,0,0,0, ,0,0,0,N,20231117,20231117,0, ,020060021,0, ,139,13926,139265,13926505,139,139265050,265,050,02,89156,5644,001553   N EASTERN               AVE L,2620  61,0000,0000,GROFT ARCHIE D & NAOMI REV TR   GROFT ARCHIE D & NAOMI CO-TRS   2184 CHRISTY LN                 LAS VEGAS NV 89156-5644,001553   N EASTERN               AVE, ,360,1058.656681,57832.27344,1058.6566809445346
342,0,0,-115.2232445,36.1747387, ,120,N,JONES,13825417004,0,LAMAR,Orange,LM,672,65,0, ,SUP-39432,VAR-39433, ,SIGN Permit 184961 Issued 4/5/2011,14x48,0,750,Permitted,1,ADDRESS,LOW,Matched via address best-effort (may be approximate),,,,,,,,,,,,,,,,,,,,,,,,,,,,,,,,89107,,200,JONES 95 2015 HOLDINGS L L C,,,,,,,,,120,,N,JONES,BLVD,,,,,,,,,,,,,,,,,,,,3514,,20150801,,,,,,,730000,,,,1450,,,,418,,,,,,,,,,,,,,,,,,,,,,,,,,,,,,,,,,,,,,,,,,,,,,,000120   N JONES                 BLVD,,,,,
343,0,0,-115.2665184,36.14412454, ,0, , ,16304805006,0, ,Green,UK,0,0,0, , , , , , ,0,300, ,1,APN,HIGH,Matched via APN/PARCEL exact join,360499,0,1.3900000000000001,701,0,16304805006,701,701,163,04,8,05,006,200,2517-97,2517,2915,21727.3547,6632,F,10,3,3,1289,,175071.7184,2,0,105,18966.19916,29.63468619,89117,488940,200,8000 SAHARA L L C,6140 BRENT THURMAN WAY STE 200,LAS VEGAS NV 89148, , , , ,891480000, ,8000, ,W,SAHARA,AVE,LV,UT 100, , ,PM00990014        L3, ,PARCEL MAP FILE 99 PAGE 14,LOT 3, , , , ,2027,2001,20140529, ,2.01405E+12, ,NS,2940000,R,20140501, , , ,04,21,60,335000,1, ,1,466220, ,0,0,493010, ,0, ,0, ,0, ,0,0,423836,504995,0, ,0,0,0,0,0, ,0,0,0,N,20241016,20241016,0, ,16304805001,0, ,163,16304,163048,16304805,163,163048050,048,050,06,89148,0,008000   W SAHARA                AVE L,0421  60,0099,0014,8000 SAHARA L L C               6140 BRENT THURMAN WAY STE 200  LAS VEGAS NV 89148,008000   W SAHARA                AVE, ,335,1110.344359,60058.19922,1110.3443587782106
345,0,0,-115.1753318,36.14456837, ,2500,W,Sahara,16205802009,0,NEVADA DEVELOPMENT AND REALTY CO,Pink,PO,30,8,12650,6/13/2012,SUP- 44951,VAR-44952, ,SIGN-192930,5x6,0,300, ,1,APN,HIGH,Matched via APN/PARCEL exact join,222690,5.62400007,5.69,701,0,16205802009,701,701,162,05,8,02,009,200,2523-99,2523,1006,21129.30908,5554,E,10,3,4,555,,161583.3057,1,0,83,11202.31054,17.50361022,89102,440825,200,N F C L L C,C/O NEVADA FIN CTR,2300 W SAHARA # 530,LAS VEGAS NV 89102, , , ,891020000, ,2300, ,W,SAHARA,AVE,LV,1170,20250515:1036.1037 RD, ,PM00170026PT      L4, ,PARCEL MAP FILE 17 PAGE 26,PT LOT 4,& PT SE4 SE4 SEC 05 21 61, , , ,2027,1987,19921230, ,1.99212E+12, ,NS,0, , , , , ,05,21,61,338000,1, ,6,1363704, ,0,0,9355475, ,0, ,0, ,0, ,0,0,1363704,9502960,0, ,0,0,0,0,0, ,0,0,0,N,20231117,20231117,0, ,16205802004,0, ,162,16205,162058,16205802,162,162058020,058,020,09,89102,0,002300   W SAHARA                AVE L,0521  61,0017,0026,N F C L L C                     C/O NEVADA FIN CTR              2300 W SAHARA # 530             LAS VEGAS NV 89102,002300   W SAHARA                AVE, ,338,2944.54203,244996.0078,2944.542029588013
346,0,0,-115.1403429,36.17453127,,431,E,BONANZA,13927803008,0,,Green,UK,0,0,0,7/9/2013,SUP-48183,,,,,0,750,Approved,5,APN,HIGH,Matched via APN/PARCEL exact join,800969,5.49509001,5.5,701,0,13927803008,701,701,139,27,8,03,008,203,2325-97,2325,700,20035.3234,4510,D,11,2,4,461,,265026.2317,5,0,113,9805.190745,15.32061054,89101,313232,203,CITY OF LAS VEGAS,495 S MAIN ST,5TH FLR,LAS VEGAS NV 89101, , , ,891010000, ,500, ,N,CASINO CENTER,BLVD,LV, ,SF 190-85;A-20140203:2292, ,PM01190012        L1, ,PARCEL MAP FILE 119 PAGE 12,LOT 1, , , , ,2027,1954,19990909, ,1.99909E+12, ,NS,0, , , , , ,27,20,61,470000,1, ,6,855301, ,0,0,2418542, ,0, ,0, ,0,60,3273842,0,737906,2445967,0, ,3183873,0,0,0,0, ,0,0,0,N,20251014,20251014,0, ,13927803006,0, ,139,13927,139278,13927803,139,139278030,278,030,08,89101,0,000500   N CASINO CENTER         BLVDL,2720  61,0119,0012,CITY OF LAS VEGAS               495 S MAIN ST                   5TH FLR                         LAS VEGAS NV 89101,000500   N CASINO CENTER         BLVD, ,470,2181.955487,239368.3086,2181.9554874919086
347,0,0,-115.0993668,36.16635876,,3100,,STEWART,13936604001,0,,Green,UK,0,0,0,7/9/2013,SUP-49534,,,,,0,750,Approved,3,APN,HIGH,Matched via APN/PARCEL exact join,616264,0,11.69,701,0,13936604001,701,701,139,36,6,04,001,200,2427-57,2427,516,20160.12543,4543,D,11,2,1,497,,150972.2077,3,0,57,8235.233709,12.86755267,89101,325519,200,CITY OF LAS VEGAS,495 S MAIN ST,5TH FLR,LAS VEGAS NV 89101, , , ,891010000, ,3100, , ,STEWART,AVE,LV, , , ,00000000, ,PT S2 NE4 SEC 36 20 61, , , , , ,2027,1982, , ,00000000, ,NS,0, , , , , ,36,20,61,460000,1, ,12,1363426, ,0,0,8284449, ,0, ,0, ,0,60,9647875,0,1363426,8361281,0, ,9724707,0,0,0,0, ,0,0,0,N,20231117,20231117,0, ,020600001,0, ,139,13936,139366,13936604,139,139366040,366,040,01,89101,0,003100     STEWART               AVE L,3620  61,0000,0000,CITY OF LAS VEGAS               495 S MAIN ST                   5TH FLR                         LAS VEGAS NV 89101,003100     STEWART               AVE, ,460,4447.684836,500579.3008,4447.684835649458
348,0,0,-115.2546314,36.26198567,,5550,,Painted Mirage,12534116004,0,Khaneh Holdings LLC,Pink,PO,0,0,0,7/24/2013,SUP-47834,,,,,1,750,Approved,4,APN,HIGH,Matched via APN/PARCEL exact join,632071,0,5.25,811,0,12534116004,811,811,125,34,1,16,004,200,1718-13,1718,3204,31284.70496,3464,C,3,3,4,129,,456628.1058,4,0,73,16334.56102,25.52275159,89149,136833,200,PARDIS 28 L L C SERIES 4,5550 PAINTED MIRAGE RD STE 300,LAS VEGAS NV 89149, , , , ,891490000, ,5550, , ,PAINTED MIRAGE,RD,LV,250, , ,PB00990016PT      L1, ,ANN ROAD-US 95 COML PARK,PLAT BOOK 99 PAGE 16,PT LOT 1, , , ,2027,2005,20250415, ,2.02504E+12, ,NS,9010000,M,20100901, , , ,34,19,60,335000,1, ,5,1404729, ,0,0,9577127, ,0, ,0, ,0, ,0,0,1332691,9190004,0, ,0,0,0,0,0, ,0,0,0,N,20231117,20231117,0, ,12534116002,0, ,125,12534,125341,12534116,125,125341160,341,160,04,89149,0,005550     PAINTED MIRAGE        RD  L,3419  60,0099,0016,PARDIS 28 L L C SERIES 4        5550 PAINTED MIRAGE RD STE 300  LAS VEGAS NV 89149,005550     PAINTED MIRAGE        RD, ,335,2185.437579,228844.4453,2185.437578912121
349,0,0,-115.0914027,36.17323453,,3961,E,BONANZA,14031102002,0,,Green,UK,0,0,0,7/9/2013,SUP-48180,,,,,0,300,Approved,3,APN,HIGH,Matched via APN/PARCEL exact join,384389,0,8.02,701,0,14031102002,701,701,140,31,1,02,002,200,2428-14,2428,516,20160.12543,4541,D,11,2,1,500,,150972.2077,3,0,57,8235.233709,12.86755267,89110,356775,200,CITY OF LAS VEGAS,495 S MAIN ST,5TH FLR,LAS VEGAS NV 89101, , , ,891010000, ,3951, ,E,BONANZA,RD,LV, , , ,PM00840028        L1, ,PARCEL MAP FILE 84 PAGE 28,LOT 1, , , , ,2027,0,19960131, ,1.99601E+12, ,NS,0, , , , , ,31,20,62,0,0, ,8,770319, ,0,0,0, ,0, ,0, ,0,60,770319,0,715296,0,0, ,715296,0,0,0,0, ,0,0,0,N,20231117,20231117,0, ,14031102001,0, ,140,14031,140311,14031102,140,140311020,311,020,02,89101,0,003951   E BONANZA               RD  L,3120  62,0084,0028,CITY OF LAS VEGAS               495 S MAIN ST                   5TH FLR                         LAS VEGAS NV 89101,003951   E BONANZA               RD, ,0,3486.286246,350472.4785,3486.142408
350,0,0,-115.1055375,36.17394399,,650,N,MOJAVE,13925802006,0,Lamar,Orange,LM,0,0,0,7/9/2013,SUP-48181,,,,,0,300,,3,APN,HIGH,Matched via APN/PARCEL exact join,463636,0,30.400000000000002,701,0,13925802006,701,701,139,25,8,02,006,200,2327-87,2327,514,20888.8293,4548,D,11,2,1,427,,150972.2077,3,0,57,8235.233709,12.86755267,89101,310993,200,CITY OF LAS VEGAS,495 S MAIN ST,5TH FLR,LAS VEGAS NV 89101, , , ,891010000, ,650, ,N,MOJAVE,RD,LV, ,PT-211:0171912;.01A TO RD 961206:1389, ,PM00860048        L4, ,PARCEL MAP FILE 86 PAGE 48,LOT 4, , , , ,2027,2016, , ,00000000, ,NS,0, , , , , ,25,20,61,460000,0, ,30,2410088, ,0,0,0, ,0, ,0, ,0,60,2410088,0,1738044,0,0, ,1738044,0,0,0,0, ,0,0,0,N,20251014,20251014,0, ,13925802003,0, ,139,13925,139258,13925802,139,139258020,258,020,06,89101,0,000650   N MOJAVE                RD  L,2520  61,0086,0048,CITY OF LAS VEGAS               495 S MAIN ST                   5TH FLR                         LAS VEGAS NV 89101,000650   N MOJAVE                RD, ,460,6993.273914,1319161.814453125,6993.020600615513
351,0,0,-115.2057865,36.18623506,,1400,N,DECATUR,13930101006,0,,Green,UK,1,1,1,7/9/2013,SUP-48182,,,,,0,300,,5,APN,HIGH,Matched via APN/PARCEL exact join,549994,49.28739929,48.94,701,0,13930101006,701,701,139,30,1,01,006,200,2322-22,2322,101,28476.66851,4633,D,6,4,4,381,,265026.2317,5,0,113,9805.190745,15.32061054,89108,316340,200,CITY OF LAS VEGAS,400 E STEWART,LAS VEGAS NV 89101-2913, , , , ,891012913,LAS VEGAS GOLF CLUB,4357, , ,VEGAS,DR,LV, ,"FR 139-30-101-004,005", ,00000000, ,PT N2 NW4 SEC 30 20 61, , , , , ,2027,1970, , ,00000000, ,NS,0, , , , , ,30,20,61,346000,1, ,49,3171929, ,0,0,1817677, ,0, ,0, ,0,60,4989606,0,3171929,1776737,0, ,4948666,0,0,0,0, ,0,0,0,N,20231117,20231117,0, ,13930101005,0, ,139,13930,139301,13930101,139,139301010,301,010,06,89101,2913,004357     VEGAS                 DR  L,3020  61,0000,0000,CITY OF LAS VEGAS               400 E STEWART                   LAS VEGAS NV 89101-2913,004357     VEGAS                 DR, ,346,6508.146625,2146957.900390625,6508.146625
352,0,0,-115.1051947,36.16708208,,3100,,STEWART,13936604001,0,,Green,UK,0,0,0,8/12/2014,SUP-54828,,,,,0,750,Approved,3,APN,HIGH,Matched via APN/PARCEL exact join,616264,0,11.69,701,0,13936604001,701,701,139,36,6,04,001,200,2427-57,2427,516,20160.12543,4543,D,11,2,1,497,,150972.2077,3,0,57,8235.233709,12.86755267,89101,325519,200,CITY OF LAS VEGAS,495 S MAIN ST,5TH FLR,LAS VEGAS NV 89101, , , ,891010000, ,3100, , ,STEWART,AVE,LV, , , ,00000000, ,PT S2 NE4 SEC 36 20 61, , , , , ,2027,1982, , ,00000000, ,NS,0, , , , , ,36,20,61,460000,1, ,12,1363426, ,0,0,8284449, ,0, ,0, ,0,60,9647875,0,1363426,8361281,0, ,9724707,0,0,0,0, ,0,0,0,N,20231117,20231117,0, ,020600001,0, ,139,13936,139366,13936604,139,139366040,366,040,01,89101,0,003100     STEWART               AVE L,3620  61,0000,0000,CITY OF LAS VEGAS               495 S MAIN ST                   5TH FLR                         LAS VEGAS NV 89101,003100     STEWART               AVE, ,460,4447.684836,500579.3008,4447.684835649458
354,298,71,-115.1473363,36.17452039, ,100, ,City,13927410011,0,Clear Channel Outdoor,Red,CC,672,71,0,5/18/2005,SUP-5877; U-94-98; Z-100-97,VAR-24021; VAR-6355; VAR-5878,RQR-11403; RQR-5683; RQR-1974,EOT-21831; EOT-21830,14x48,1,750, ,5,SPATIAL,MEDIUM,Matched via spatial intersect (buffered point),,,,,,,,,,,,,,,,,,,,,,,,,,,,,,,,89106,,203,P H G S A L L C,,,,,,,,,100,,N,CITY,PKWY,,,,,,,,,,,,,,,,,,,,0,,,,,,,,,335000,,,,623869,,,,5348364,,,,,,,,,,,,,,,,,,,,,,,,,,,,,,,,,,,,,,,,,,,,,,,000100   N CITY                  PKWY,,,,,
355,2,2,-115.2417852,36.19697224, ,2070,N,RAINBOW,13823215012,13823215012, JA TIBERTI CONSTRUCTION COMPANY,Pink,PO,1000,97,0,5/15/1996, ,V-0040-96, , ,96X44,0,300, ,5,APN,HIGH,Matched via APN/PARCEL exact join,764027,0,1.26,807,0,13823215012,807,807,138,23,2,15,012,200,2219-41,2219,3419,17710.47157,2014,B,3,3,4,311,,265026.2317,5,0,113,9805.190745,15.32061054,89108,237648,200,VESTAR BEST IN THE WEST PROPERTY,SWEET TOMATOES LEASE,C/O BITW PROPERTY MGMT,2425 E CAMELBACK RD # 750,PHOENIX AZ 85016, , ,850160000, ,2160, ,N,RAINBOW,BLVD,LV, , , ,PB00720073PTBA    L1, ,BEST IN THE WEST,PLAT BOOK 72 PAGE 73,PT LOT 1 BLOCK A, , , ,2027,1998,20180209, ,2.01802E+12, ,NS,78600000,M,20050401, , , ,23,20,60,360000,1, ,1,301214, ,0,0,379801, ,0, ,0, ,0, ,0,0,282773,391167,0, ,0,0,0,0,0, ,0,0,0,N,20231117,20231117,0, ,13823215009,0, ,138,13823,138232,13823215,138,138232150,232,150,12,85016,0,002160   N RAINBOW               BLVDL,2320  60,0072,0073,VESTAR BEST IN THE WEST PROPERTYSWEET TOMATOES LEASE            C/O BITW PROPERTY MGMT          2425 E CAMELBACK RD # 750       PHOENIX AZ 85016,002160   N RAINBOW               BLVD, ,360,1427.726122,55010.03516,1427.7261217549292
356,91,10,-115.1429797,36.18463566, ,1405,N,A St.,13927501003,10490008,EWING REX C JR,Pink,PO,0,0,0,1/31/1996, ,,, ,,0,750, ,5,APN,HIGH,Matched via APN/PARCEL exact join,427516,0,3.0300000000000002,701,0,13927501003,701,701,139,27,5,01,003,214,2325-25,2325,301,35552.9138,4030,D,6,4,4,385,,265026.2317,5,0,113,9805.190745,15.32061054,89106,313013,214,EWING INVESTMENTS,1200 A ST,LAS VEGAS NV 89106-3215, , , , ,891063215, ,1405, , ,A,ST,LV, , , ,00000000, ,PT NW4 NE4 SEC 27 20 61, , , , , ,2027,1978,20050301, ,2.00503E+12, ,NS,2550000,R,20050301, , , ,27,20,61,378000,1, ,3,346466, ,0,0,473501, ,0, ,0, ,0, ,0,0,300271,483326,0, ,0,0,0,0,0, ,0,0,0,N,20231117,20231117,0, ,13927501003,0, ,139,13927,139275,13927501,139,139275010,275,010,03,89106,3215,001405     A                     ST  L,2720  61,0000,0000,EWING INVESTMENTS               1200 A ST                       LAS VEGAS NV 89106-3215,001405     A                     ST, ,378,1456.437536,130023.582,1456.437535653471
357,185,33,-115.2085099,36.16620142, ,400,S,Decatur,13836613008,0, ,Green,UK,,,, , , , , , ,0,300, ,1,SPATIAL,MEDIUM,Matched via spatial intersect (buffered point),,,,,,,,,,,,,,,,,,,,,,,,,,,,,,,,89107,,213,ALTA DECATUR STORAGE L L C,,,,,,,,,450,,S,DECATUR,BLVD,,,,,,,,,,,,,,,,,,,,1825000,,20221001,,,,,,,0,,,,359042,,,,0,,,,,,,,,,,,,,,,,,,,,,,,,,,,,,,,,,,,,,,,,,,,,,,000450   S DECATUR               BLVD,,,,,
