<?xml version="1.0" encoding="UTF-8"?>
<kml xmlns="http://www.opengis.net/kml/2.2">
<Document>
<name>Las Vegas Billboards (Grouped by Pin Title)</name>
<Style id="style_ffff0000_3497067">
<IconStyle>
<color>ffff0000</color>
<scale>1.1</scale>
<Icon><href>http://maps.google.com/mapfiles/kml/paddle/blu-circle.png</href></Icon>
</IconStyle>
</Style>
<Style id="style_ff0000ff_7497067">
<IconStyle>
<color>ff0000ff</color>
<scale>1.1</scale>
<Icon><href>http://maps.google.com/mapfiles/kml/paddle/red-circle.png</href></Icon>
</IconStyle>
</Style>
<Style id="style_ff00ff00_5398837">
<IconStyle>
<color>ff00ff00</color>
<scale>1.1</scale>
<Icon><href>http://maps.google.com/mapfiles/kml/paddle/grn-circle.png</href></Icon>
</IconStyle>
</Style>
<Style id="style_ff00a5ff_570520">
<IconStyle>
<color>ff00a5ff</color>
<scale>1.1</scale>
<Icon><href>http://maps.google.com/mapfiles/kml/paddle/orange-circle.png</href></Icon>
</IconStyle>
</Style>
<Folder>
<name>CC</name>
<Placemark>
<name>8</name>
<styleUrl>#style_ff0000ff_7497067</styleUrl>
<description><![CDATA[<table border='1' cellpadding='4' cellspacing='0'><tr><td><b>Billboard ID</b></td><td>8</td></tr><tr><td><b>STREET_NUM</b></td><td>3901</td></tr><tr><td><b>STREET_DIR</b></td><td>N</td></tr><tr><td><b>STREET_NAM</b></td><td>Rancho</td></tr><tr><td><b>PARCEL</b></td><td>13812110004</td></tr><tr><td><b>APPLICANT</b></td><td>Clear Channel Outdoor</td></tr><tr><td><b>APPLY_DATE</b></td><td> </td></tr><tr><td><b>Pin Title</b></td><td>CC</td></tr><tr><td><b>Pin Color Code</b></td><td>Red</td></tr></table>]]></description>
<Point>
<coordinates>-115.2232802,36.22894566,0</coordinates>
</Point>
</Placemark>
<Placemark>
<name>9</name>
<styleUrl>#style_ff0000ff_7497067</styleUrl>
<description><![CDATA[<table border='1' cellpadding='4' cellspacing='0'><tr><td><b>Billboard ID</b></td><td>9</td></tr><tr><td><b>STREET_NUM</b></td><td>3901</td></tr><tr><td><b>STREET_DIR</b></td><td>N</td></tr><tr><td><b>STREET_NAM</b></td><td>Rancho</td></tr><tr><td><b>PARCEL</b></td><td>13812110005</td></tr><tr><td><b>APPLICANT</b></td><td>Clear Channel Outdoor</td></tr><tr><td><b>APPLY_DATE</b></td><td> </td></tr><tr><td><b>Pin Title</b></td><td>CC</td></tr><tr><td><b>Pin Color Code</b></td><td>Red</td></tr></table>]]></description>
<Point>
<coordinates>-115.2226555,36.22819434,0</coordinates>
</Point>
</Placemark>
<Placemark>
<name>10</name>
<styleUrl>#style_ff0000ff_7497067</styleUrl>
<description><![CDATA[<table border='1' cellpadding='4' cellspacing='0'><tr><td><b>Billboard ID</b></td><td>10</td></tr><tr><td><b>STREET_NUM</b></td><td>3340</td></tr><tr><td><b>STREET_DIR</b></td><td>N</td></tr><tr><td><b>STREET_NAM</b></td><td>Rancho</td></tr><tr><td><b>PARCEL</b></td><td>13812810004</td></tr><tr><td><b>APPLICANT</b></td><td>Clear Channel Outdoor</td></tr><tr><td><b>APPLY_DATE</b></td><td> </td></tr><tr><td><b>Pin Title</b></td><td>CC</td></tr><tr><td><b>Pin Color Code</b></td><td>Red</td></tr></table>]]></description>
<Point>
<coordinates>-115.2139234,36.2196097,0</coordinates>
</Point>
</Placemark>
<Placemark>
<name>13</name>
<styleUrl>#style_ff0000ff_7497067</styleUrl>
<description><![CDATA[<table border='1' cellpadding='4' cellspacing='0'><tr><td><b>Billboard ID</b></td><td>13</td></tr><tr><td><b>STREET_NUM</b></td><td>0</td></tr><tr><td><b>STREET_DIR</b></td><td>N</td></tr><tr><td><b>STREET_NAM</b></td><td>Rancho</td></tr><tr><td><b>PARCEL</b></td><td>13813505001</td></tr><tr><td><b>APPLICANT</b></td><td>Clear Channel Outdoor</td></tr><tr><td><b>APPLY_DATE</b></td><td> </td></tr><tr><td><b>Pin Title</b></td><td>CC</td></tr><tr><td><b>Pin Color Code</b></td><td>Red</td></tr></table>]]></description>
<Point>
<coordinates>-115.2085906,36.21384866,0</coordinates>
</Point>
</Placemark>
<Placemark>
<name>16</name>
<styleUrl>#style_ff0000ff_7497067</styleUrl>
<description><![CDATA[<table border='1' cellpadding='4' cellspacing='0'><tr><td><b>Billboard ID</b></td><td>16</td></tr><tr><td><b>STREET_NUM</b></td><td>2750</td></tr><tr><td><b>STREET_DIR</b></td><td>N</td></tr><tr><td><b>STREET_NAM</b></td><td>Decatur</td></tr><tr><td><b>PARCEL</b></td><td>13918302002</td></tr><tr><td><b>APPLICANT</b></td><td>Clear Channel Outdoor</td></tr><tr><td><b>APPLY_DATE</b></td><td>3/20/1991</td></tr><tr><td><b>Pin Title</b></td><td>CC</td></tr><tr><td><b>Pin Color Code</b></td><td>Red</td></tr></table>]]></description>
<Point>
<coordinates>-115.2047364,36.20873471,0</coordinates>
</Point>
</Placemark>
<Placemark>
<name>18</name>
<styleUrl>#style_ff0000ff_7497067</styleUrl>
<description><![CDATA[<table border='1' cellpadding='4' cellspacing='0'><tr><td><b>Billboard ID</b></td><td>18</td></tr><tr><td><b>STREET_NUM</b></td><td>2151</td></tr><tr><td><b>STREET_DIR</b></td><td>N</td></tr><tr><td><b>STREET_NAM</b></td><td>RANCHO</td></tr><tr><td><b>PARCEL</b></td><td>13919103002</td></tr><tr><td><b>APPLICANT</b></td><td>Clear Channel Outdoor</td></tr><tr><td><b>APPLY_DATE</b></td><td> </td></tr><tr><td><b>Pin Title</b></td><td>CC</td></tr><tr><td><b>Pin Color Code</b></td><td>Red</td></tr></table>]]></description>
<Point>
<coordinates>-115.1965505,36.19966258,0</coordinates>
</Point>
</Placemark>
<Placemark>
<name>22</name>
<styleUrl>#style_ff0000ff_7497067</styleUrl>
<description><![CDATA[<table border='1' cellpadding='4' cellspacing='0'><tr><td><b>Billboard ID</b></td><td>22</td></tr><tr><td><b>STREET_NUM</b></td><td>1999</td></tr><tr><td><b>STREET_DIR</b></td><td>N</td></tr><tr><td><b>STREET_NAM</b></td><td>Rancho</td></tr><tr><td><b>PARCEL</b></td><td>13919703005</td></tr><tr><td><b>APPLICANT</b></td><td>Clear Channel Outdoor</td></tr><tr><td><b>APPLY_DATE</b></td><td> </td></tr><tr><td><b>Pin Title</b></td><td>CC</td></tr><tr><td><b>Pin Color Code</b></td><td>Red</td></tr></table>]]></description>
<Point>
<coordinates>-115.1926869,36.19545456,0</coordinates>
</Point>
</Placemark>
<Placemark>
<name>30</name>
<styleUrl>#style_ff0000ff_7497067</styleUrl>
<description><![CDATA[<table border='1' cellpadding='4' cellspacing='0'><tr><td><b>Billboard ID</b></td><td>30</td></tr><tr><td><b>STREET_NUM</b></td><td>601</td></tr><tr><td><b>STREET_DIR</b></td><td>N</td></tr><tr><td><b>STREET_NAM</b></td><td>Rancho</td></tr><tr><td><b>PARCEL</b></td><td>13929703003</td></tr><tr><td><b>APPLICANT</b></td><td>Clear Channel Outdoor</td></tr><tr><td><b>APPLY_DATE</b></td><td> </td></tr><tr><td><b>Pin Title</b></td><td>CC</td></tr><tr><td><b>Pin Color Code</b></td><td>Red</td></tr></table>]]></description>
<Point>
<coordinates>-115.1766031,36.17759946,0</coordinates>
</Point>
</Placemark>
<Placemark>
<name>38</name>
<styleUrl>#style_ff0000ff_7497067</styleUrl>
<description><![CDATA[<table border='1' cellpadding='4' cellspacing='0'><tr><td><b>Billboard ID</b></td><td>38</td></tr><tr><td><b>STREET_NUM</b></td><td>192</td></tr><tr><td><b>STREET_DIR</b></td><td>N</td></tr><tr><td><b>STREET_NAM</b></td><td>Wallace</td></tr><tr><td><b>PARCEL</b></td><td>13826801009</td></tr><tr><td><b>APPLICANT</b></td><td>Clear Channel Outdoor</td></tr><tr><td><b>APPLY_DATE</b></td><td> </td></tr><tr><td><b>Pin Title</b></td><td>CC</td></tr><tr><td><b>Pin Color Code</b></td><td>Red</td></tr></table>]]></description>
<Point>
<coordinates>-115.2262093,36.17465611,0</coordinates>
</Point>
</Placemark>
<Placemark>
<name>40</name>
<styleUrl>#style_ff0000ff_7497067</styleUrl>
<description><![CDATA[<table border='1' cellpadding='4' cellspacing='0'><tr><td><b>Billboard ID</b></td><td>40</td></tr><tr><td><b>STREET_NUM</b></td><td>2017</td></tr><tr><td><b>STREET_DIR</b></td><td>W</td></tr><tr><td><b>STREET_NAM</b></td><td>Bonanza</td></tr><tr><td><b>PARCEL</b></td><td>13928401001</td></tr><tr><td><b>APPLICANT</b></td><td>Clear Channel Outdoor</td></tr><tr><td><b>APPLY_DATE</b></td><td>5/20/2004</td></tr><tr><td><b>Pin Title</b></td><td>CC</td></tr><tr><td><b>Pin Color Code</b></td><td>Red</td></tr></table>]]></description>
<Point>
<coordinates>-115.1688522,36.17661105,0</coordinates>
</Point>
</Placemark>
<Placemark>
<name>43</name>
<styleUrl>#style_ff0000ff_7497067</styleUrl>
<description><![CDATA[<table border='1' cellpadding='4' cellspacing='0'><tr><td><b>Billboard ID</b></td><td>43</td></tr><tr><td><b>STREET_NUM</b></td><td>0</td></tr><tr><td><b>STREET_DIR</b></td><td> </td></tr><tr><td><b>STREET_NAM</b></td><td> </td></tr><tr><td><b>PARCEL</b></td><td>13928801003</td></tr><tr><td><b>APPLICANT</b></td><td>Clear Channel Outdoor</td></tr><tr><td><b>APPLY_DATE</b></td><td> </td></tr><tr><td><b>Pin Title</b></td><td>CC</td></tr><tr><td><b>Pin Color Code</b></td><td>Red</td></tr></table>]]></description>
<Point>
<coordinates>-115.1594353,36.17560731,0</coordinates>
</Point>
</Placemark>
<Placemark>
<name>45</name>
<styleUrl>#style_ff0000ff_7497067</styleUrl>
<description><![CDATA[<table border='1' cellpadding='4' cellspacing='0'><tr><td><b>Billboard ID</b></td><td>45</td></tr><tr><td><b>STREET_NUM</b></td><td>0</td></tr><tr><td><b>STREET_DIR</b></td><td> </td></tr><tr><td><b>STREET_NAM</b></td><td> </td></tr><tr><td><b>PARCEL</b></td><td>13927401006</td></tr><tr><td><b>APPLICANT</b></td><td>Clear Channel Outdoor</td></tr><tr><td><b>APPLY_DATE</b></td><td> </td></tr><tr><td><b>Pin Title</b></td><td>CC</td></tr><tr><td><b>Pin Color Code</b></td><td>Red</td></tr></table>]]></description>
<Point>
<coordinates>-115.1494506,36.17540725,0</coordinates>
</Point>
</Placemark>
<Placemark>
<name>56</name>
<styleUrl>#style_ff0000ff_7497067</styleUrl>
<description><![CDATA[<table border='1' cellpadding='4' cellspacing='0'><tr><td><b>Billboard ID</b></td><td>56</td></tr><tr><td><b>STREET_NUM</b></td><td>2421</td></tr><tr><td><b>STREET_DIR</b></td><td>E</td></tr><tr><td><b>STREET_NAM</b></td><td>Stewart</td></tr><tr><td><b>PARCEL</b></td><td>13935612044</td></tr><tr><td><b>APPLICANT</b></td><td>Clear Channel Outdoor</td></tr><tr><td><b>APPLY_DATE</b></td><td> </td></tr><tr><td><b>Pin Title</b></td><td>CC</td></tr><tr><td><b>Pin Color Code</b></td><td>Red</td></tr></table>]]></description>
<Point>
<coordinates>-115.1163239,36.16692603,0</coordinates>
</Point>
</Placemark>
<Placemark>
<name>60</name>
<styleUrl>#style_ff0000ff_7497067</styleUrl>
<description><![CDATA[<table border='1' cellpadding='4' cellspacing='0'><tr><td><b>Billboard ID</b></td><td>60</td></tr><tr><td><b>STREET_NUM</b></td><td>0</td></tr><tr><td><b>STREET_DIR</b></td><td> </td></tr><tr><td><b>STREET_NAM</b></td><td> </td></tr><tr><td><b>PARCEL</b></td><td>13927410005</td></tr><tr><td><b>APPLICANT</b></td><td>Clear Channel Outdoor</td></tr><tr><td><b>APPLY_DATE</b></td><td> </td></tr><tr><td><b>Pin Title</b></td><td>CC</td></tr><tr><td><b>Pin Color Code</b></td><td>Red</td></tr></table>]]></description>
<Point>
<coordinates>-115.1496513,36.17388865,0</coordinates>
</Point>
</Placemark>
<Placemark>
<name>61</name>
<styleUrl>#style_ff0000ff_7497067</styleUrl>
<description><![CDATA[<table border='1' cellpadding='4' cellspacing='0'><tr><td><b>Billboard ID</b></td><td>61</td></tr><tr><td><b>STREET_NUM</b></td><td>0</td></tr><tr><td><b>STREET_DIR</b></td><td> </td></tr><tr><td><b>STREET_NAM</b></td><td> </td></tr><tr><td><b>PARCEL</b></td><td>13927410005</td></tr><tr><td><b>APPLICANT</b></td><td>Clear Channel Outdoor</td></tr><tr><td><b>APPLY_DATE</b></td><td> </td></tr><tr><td><b>Pin Title</b></td><td>CC</td></tr><tr><td><b>Pin Color Code</b></td><td>Red</td></tr></table>]]></description>
<Point>
<coordinates>-115.1513241,36.17344676,0</coordinates>
</Point>
</Placemark>
<Placemark>
<name>63</name>
<styleUrl>#style_ff0000ff_7497067</styleUrl>
<description><![CDATA[<table border='1' cellpadding='4' cellspacing='0'><tr><td><b>Billboard ID</b></td><td>63</td></tr><tr><td><b>STREET_NUM</b></td><td>0</td></tr><tr><td><b>STREET_DIR</b></td><td> </td></tr><tr><td><b>STREET_NAM</b></td><td> </td></tr><tr><td><b>PARCEL</b></td><td>13933710005</td></tr><tr><td><b>APPLICANT</b></td><td>Clear Channel Outdoor</td></tr><tr><td><b>APPLY_DATE</b></td><td> </td></tr><tr><td><b>Pin Title</b></td><td>CC</td></tr><tr><td><b>Pin Color Code</b></td><td>Red</td></tr></table>]]></description>
<Point>
<coordinates>-115.1592942,36.16528956,0</coordinates>
</Point>
</Placemark>
<Placemark>
<name>64</name>
<styleUrl>#style_ff0000ff_7497067</styleUrl>
<description><![CDATA[<table border='1' cellpadding='4' cellspacing='0'><tr><td><b>Billboard ID</b></td><td>64</td></tr><tr><td><b>STREET_NUM</b></td><td>0</td></tr><tr><td><b>STREET_DIR</b></td><td> </td></tr><tr><td><b>STREET_NAM</b></td><td> </td></tr><tr><td><b>PARCEL</b></td><td>13933710005</td></tr><tr><td><b>APPLICANT</b></td><td>Clear Channel Outdoor</td></tr><tr><td><b>APPLY_DATE</b></td><td> </td></tr><tr><td><b>Pin Title</b></td><td>CC</td></tr><tr><td><b>Pin Color Code</b></td><td>Red</td></tr></table>]]></description>
<Point>
<coordinates>-115.1596716,36.16229713,0</coordinates>
</Point>
</Placemark>
<Placemark>
<name>71</name>
<styleUrl>#style_ff0000ff_7497067</styleUrl>
<description><![CDATA[<table border='1' cellpadding='4' cellspacing='0'><tr><td><b>Billboard ID</b></td><td>71</td></tr><tr><td><b>STREET_NUM</b></td><td>2002</td></tr><tr><td><b>STREET_DIR</b></td><td> </td></tr><tr><td><b>STREET_NAM</b></td><td>Highland</td></tr><tr><td><b>PARCEL</b></td><td>16204301009</td></tr><tr><td><b>APPLICANT</b></td><td>Clear Channel Outdoor</td></tr><tr><td><b>APPLY_DATE</b></td><td> </td></tr><tr><td><b>Pin Title</b></td><td>CC</td></tr><tr><td><b>Pin Color Code</b></td><td>Red</td></tr></table>]]></description>
<Point>
<coordinates>-115.1663556,36.14893567,0</coordinates>
</Point>
</Placemark>
<Placemark>
<name>86</name>
<styleUrl>#style_ff0000ff_7497067</styleUrl>
<description><![CDATA[<table border='1' cellpadding='4' cellspacing='0'><tr><td><b>Billboard ID</b></td><td>86</td></tr><tr><td><b>STREET_NUM</b></td><td>0</td></tr><tr><td><b>STREET_DIR</b></td><td> </td></tr><tr><td><b>STREET_NAM</b></td><td> </td></tr><tr><td><b>PARCEL</b></td><td>13933501028</td></tr><tr><td><b>APPLICANT</b></td><td>Clear Channel Outdoor</td></tr><tr><td><b>APPLY_DATE</b></td><td> </td></tr><tr><td><b>Pin Title</b></td><td>CC</td></tr><tr><td><b>Pin Color Code</b></td><td>Red</td></tr></table>]]></description>
<Point>
<coordinates>-115.159614,36.16987288,0</coordinates>
</Point>
</Placemark>
<Placemark>
<name>87</name>
<styleUrl>#style_ff0000ff_7497067</styleUrl>
<description><![CDATA[<table border='1' cellpadding='4' cellspacing='0'><tr><td><b>Billboard ID</b></td><td>87</td></tr><tr><td><b>STREET_NUM</b></td><td>275</td></tr><tr><td><b>STREET_DIR</b></td><td>S</td></tr><tr><td><b>STREET_NAM</b></td><td>Martin L. King</td></tr><tr><td><b>PARCEL</b></td><td>13933510009</td></tr><tr><td><b>APPLICANT</b></td><td>Clear Channel Outdoor</td></tr><tr><td><b>APPLY_DATE</b></td><td> </td></tr><tr><td><b>Pin Title</b></td><td>CC</td></tr><tr><td><b>Pin Color Code</b></td><td>Red</td></tr></table>]]></description>
<Point>
<coordinates>-115.1579286,36.17230619,0</coordinates>
</Point>
</Placemark>
<Placemark>
<name>88</name>
<styleUrl>#style_ff0000ff_7497067</styleUrl>
<description><![CDATA[<table border='1' cellpadding='4' cellspacing='0'><tr><td><b>Billboard ID</b></td><td>88</td></tr><tr><td><b>STREET_NUM</b></td><td>81</td></tr><tr><td><b>STREET_DIR</b></td><td>S</td></tr><tr><td><b>STREET_NAM</b></td><td>Martin L. King</td></tr><tr><td><b>PARCEL</b></td><td>13933510002</td></tr><tr><td><b>APPLICANT</b></td><td>Clear Channel Outdoor</td></tr><tr><td><b>APPLY_DATE</b></td><td> </td></tr><tr><td><b>Pin Title</b></td><td>CC</td></tr><tr><td><b>Pin Color Code</b></td><td>Red</td></tr></table>]]></description>
<Point>
<coordinates>-115.1579941,36.17364437,0</coordinates>
</Point>
</Placemark>
<Placemark>
<name>93</name>
<styleUrl>#style_ff0000ff_7497067</styleUrl>
<description><![CDATA[<table border='1' cellpadding='4' cellspacing='0'><tr><td><b>Billboard ID</b></td><td>93</td></tr><tr><td><b>STREET_NUM</b></td><td>831</td></tr><tr><td><b>STREET_DIR</b></td><td>W</td></tr><tr><td><b>STREET_NAM</b></td><td>Bonanza</td></tr><tr><td><b>PARCEL</b></td><td>13928801020</td></tr><tr><td><b>APPLICANT</b></td><td>Clear Channel Outdoor</td></tr><tr><td><b>APPLY_DATE</b></td><td> </td></tr><tr><td><b>Pin Title</b></td><td>CC</td></tr><tr><td><b>Pin Color Code</b></td><td>Red</td></tr></table>]]></description>
<Point>
<coordinates>-115.1527028,36.17680842,0</coordinates>
</Point>
</Placemark>
<Placemark>
<name>109</name>
<styleUrl>#style_ff0000ff_7497067</styleUrl>
<description><![CDATA[<table border='1' cellpadding='4' cellspacing='0'><tr><td><b>Billboard ID</b></td><td>109</td></tr><tr><td><b>STREET_NUM</b></td><td>5301</td></tr><tr><td><b>STREET_DIR</b></td><td>W</td></tr><tr><td><b>STREET_NAM</b></td><td>Charleston</td></tr><tr><td><b>PARCEL</b></td><td>16301501011</td></tr><tr><td><b>APPLICANT</b></td><td>Clear Channel Outdoor</td></tr><tr><td><b>APPLY_DATE</b></td><td>6/7/1989</td></tr><tr><td><b>Pin Title</b></td><td>CC</td></tr><tr><td><b>Pin Color Code</b></td><td>Red</td></tr></table>]]></description>
<Point>
<coordinates>-115.2151158,36.15891127,0</coordinates>
</Point>
</Placemark>
<Placemark>
<name>110</name>
<styleUrl>#style_ff0000ff_7497067</styleUrl>
<description><![CDATA[<table border='1' cellpadding='4' cellspacing='0'><tr><td><b>Billboard ID</b></td><td>110</td></tr><tr><td><b>STREET_NUM</b></td><td>5300</td></tr><tr><td><b>STREET_DIR</b></td><td>W</td></tr><tr><td><b>STREET_NAM</b></td><td>Charleston</td></tr><tr><td><b>PARCEL</b></td><td>13836815001</td></tr><tr><td><b>APPLICANT</b></td><td>Clear Channel Outdoor</td></tr><tr><td><b>APPLY_DATE</b></td><td> </td></tr><tr><td><b>Pin Title</b></td><td>CC</td></tr><tr><td><b>Pin Color Code</b></td><td>Red</td></tr></table>]]></description>
<Point>
<coordinates>-115.2140624,36.15933613,0</coordinates>
</Point>
</Placemark>
<Placemark>
<name>115</name>
<styleUrl>#style_ff0000ff_7497067</styleUrl>
<description><![CDATA[<table border='1' cellpadding='4' cellspacing='0'><tr><td><b>Billboard ID</b></td><td>115</td></tr><tr><td><b>STREET_NUM</b></td><td>4100</td></tr><tr><td><b>STREET_DIR</b></td><td>W</td></tr><tr><td><b>STREET_NAM</b></td><td>Charleston</td></tr><tr><td><b>PARCEL</b></td><td>13931899005</td></tr><tr><td><b>APPLICANT</b></td><td>Clear Channel Outdoor</td></tr><tr><td><b>APPLY_DATE</b></td><td> </td></tr><tr><td><b>Pin Title</b></td><td>CC</td></tr><tr><td><b>Pin Color Code</b></td><td>Red</td></tr></table>]]></description>
<Point>
<coordinates>-115.1954273,36.15923795,0</coordinates>
</Point>
</Placemark>
<Placemark>
<name>119</name>
<styleUrl>#style_ff0000ff_7497067</styleUrl>
<description><![CDATA[<table border='1' cellpadding='4' cellspacing='0'><tr><td><b>Billboard ID</b></td><td>119</td></tr><tr><td><b>STREET_NUM</b></td><td>1001</td></tr><tr><td><b>STREET_DIR</b></td><td> </td></tr><tr><td><b>STREET_NAM</b></td><td>Iron Hourse</td></tr><tr><td><b>PARCEL</b></td><td>13933810004</td></tr><tr><td><b>APPLICANT</b></td><td>Clear Channel Outdoor</td></tr><tr><td><b>APPLY_DATE</b></td><td> </td></tr><tr><td><b>Pin Title</b></td><td>CC</td></tr><tr><td><b>Pin Color Code</b></td><td>Red</td></tr></table>]]></description>
<Point>
<coordinates>-115.1565005,36.15911151,0</coordinates>
</Point>
</Placemark>
<Placemark>
<name>120</name>
<styleUrl>#style_ff0000ff_7497067</styleUrl>
<description><![CDATA[<table border='1' cellpadding='4' cellspacing='0'><tr><td><b>Billboard ID</b></td><td>120</td></tr><tr><td><b>STREET_NUM</b></td><td>1022</td></tr><tr><td><b>STREET_DIR</b></td><td> </td></tr><tr><td><b>STREET_NAM</b></td><td>Commerce</td></tr><tr><td><b>PARCEL</b></td><td>13933801018</td></tr><tr><td><b>APPLICANT</b></td><td>Clear Channel Outdoor</td></tr><tr><td><b>APPLY_DATE</b></td><td> </td></tr><tr><td><b>Pin Title</b></td><td>CC</td></tr><tr><td><b>Pin Color Code</b></td><td>Red</td></tr></table>]]></description>
<Point>
<coordinates>-115.1559301,36.15913203,0</coordinates>
</Point>
</Placemark>
<Placemark>
<name>122</name>
<styleUrl>#style_ff0000ff_7497067</styleUrl>
<description><![CDATA[<table border='1' cellpadding='4' cellspacing='0'><tr><td><b>Billboard ID</b></td><td>122</td></tr><tr><td><b>STREET_NUM</b></td><td>1292</td></tr><tr><td><b>STREET_DIR</b></td><td>E</td></tr><tr><td><b>STREET_NAM</b></td><td>Charleston</td></tr><tr><td><b>PARCEL</b></td><td>16202110005</td></tr><tr><td><b>APPLICANT</b></td><td>Clear Channel Outdoor</td></tr><tr><td><b>APPLY_DATE</b></td><td>1/7/1996</td></tr><tr><td><b>Pin Title</b></td><td>CC</td></tr><tr><td><b>Pin Color Code</b></td><td>Red</td></tr></table>]]></description>
<Point>
<coordinates>-115.1357884,36.15866662,0</coordinates>
</Point>
</Placemark>
<Placemark>
<name>129</name>
<styleUrl>#style_ff0000ff_7497067</styleUrl>
<description><![CDATA[<table border='1' cellpadding='4' cellspacing='0'><tr><td><b>Billboard ID</b></td><td>129</td></tr><tr><td><b>STREET_NUM</b></td><td>1813</td></tr><tr><td><b>STREET_DIR</b></td><td>E</td></tr><tr><td><b>STREET_NAM</b></td><td>Charleston</td></tr><tr><td><b>PARCEL</b></td><td>13935814016</td></tr><tr><td><b>APPLICANT</b></td><td>Clear Channel Outdoor</td></tr><tr><td><b>APPLY_DATE</b></td><td> </td></tr><tr><td><b>Pin Title</b></td><td>CC</td></tr><tr><td><b>Pin Color Code</b></td><td>Red</td></tr></table>]]></description>
<Point>
<coordinates>-115.1241259,36.15905766,0</coordinates>
</Point>
</Placemark>
<Placemark>
<name>144</name>
<styleUrl>#style_ff0000ff_7497067</styleUrl>
<description><![CDATA[<table border='1' cellpadding='4' cellspacing='0'><tr><td><b>Billboard ID</b></td><td>144</td></tr><tr><td><b>STREET_NUM</b></td><td>3810</td></tr><tr><td><b>STREET_DIR</b></td><td>W</td></tr><tr><td><b>STREET_NAM</b></td><td>Sahara</td></tr><tr><td><b>PARCEL</b></td><td>16206801008</td></tr><tr><td><b>APPLICANT</b></td><td>CLEAR CHANNEL OUTDOOR</td></tr><tr><td><b>APPLY_DATE</b></td><td>6/21/1989</td></tr><tr><td><b>Pin Title</b></td><td>CC</td></tr><tr><td><b>Pin Color Code</b></td><td>Red</td></tr></table>]]></description>
<Point>
<coordinates>-115.1913762,36.14469578,0</coordinates>
</Point>
</Placemark>
<Placemark>
<name>148</name>
<styleUrl>#style_ff0000ff_7497067</styleUrl>
<description><![CDATA[<table border='1' cellpadding='4' cellspacing='0'><tr><td><b>Billboard ID</b></td><td>148</td></tr><tr><td><b>STREET_NUM</b></td><td>2921</td></tr><tr><td><b>STREET_DIR</b></td><td>W</td></tr><tr><td><b>STREET_NAM</b></td><td>Sahara</td></tr><tr><td><b>PARCEL</b></td><td>16208501001</td></tr><tr><td><b>APPLICANT</b></td><td>Clear Channel Outdoor</td></tr><tr><td><b>APPLY_DATE</b></td><td> </td></tr><tr><td><b>Pin Title</b></td><td>CC</td></tr><tr><td><b>Pin Color Code</b></td><td>Red</td></tr></table>]]></description>
<Point>
<coordinates>-115.1818593,36.14395848,0</coordinates>
</Point>
</Placemark>
<Placemark>
<name>154</name>
<styleUrl>#style_ff0000ff_7497067</styleUrl>
<description><![CDATA[<table border='1' cellpadding='4' cellspacing='0'><tr><td><b>Billboard ID</b></td><td>154</td></tr><tr><td><b>STREET_NUM</b></td><td>2466</td></tr><tr><td><b>STREET_DIR</b></td><td>S</td></tr><tr><td><b>STREET_NAM</b></td><td>Industrial</td></tr><tr><td><b>PARCEL</b></td><td>16204407001</td></tr><tr><td><b>APPLICANT</b></td><td>Clear Channel Outdoor</td></tr><tr><td><b>APPLY_DATE</b></td><td> </td></tr><tr><td><b>Pin Title</b></td><td>CC</td></tr><tr><td><b>Pin Color Code</b></td><td>Red</td></tr></table>]]></description>
<Point>
<coordinates>-115.1650778,36.14424193,0</coordinates>
</Point>
</Placemark>
<Placemark>
<name>172</name>
<styleUrl>#style_ff0000ff_7497067</styleUrl>
<description><![CDATA[<table border='1' cellpadding='4' cellspacing='0'><tr><td><b>Billboard ID</b></td><td>172</td></tr><tr><td><b>STREET_NUM</b></td><td>1914</td></tr><tr><td><b>STREET_DIR</b></td><td>E</td></tr><tr><td><b>STREET_NAM</b></td><td>Sahara</td></tr><tr><td><b>PARCEL</b></td><td>16202811026</td></tr><tr><td><b>APPLICANT</b></td><td>Clear Channel Outdoor</td></tr><tr><td><b>APPLY_DATE</b></td><td> </td></tr><tr><td><b>Pin Title</b></td><td>CC</td></tr><tr><td><b>Pin Color Code</b></td><td>Red</td></tr></table>]]></description>
<Point>
<coordinates>-115.1227412,36.14464528,0</coordinates>
</Point>
</Placemark>
<Placemark>
<name>174</name>
<styleUrl>#style_ff0000ff_7497067</styleUrl>
<description><![CDATA[<table border='1' cellpadding='4' cellspacing='0'><tr><td><b>Billboard ID</b></td><td>174</td></tr><tr><td><b>STREET_NUM</b></td><td>1942</td></tr><tr><td><b>STREET_DIR</b></td><td>E</td></tr><tr><td><b>STREET_NAM</b></td><td>Sahara</td></tr><tr><td><b>PARCEL</b></td><td>16202811116</td></tr><tr><td><b>APPLICANT</b></td><td>Clear Channel Outdoor</td></tr><tr><td><b>APPLY_DATE</b></td><td> </td></tr><tr><td><b>Pin Title</b></td><td>CC</td></tr><tr><td><b>Pin Color Code</b></td><td>Red</td></tr></table>]]></description>
<Point>
<coordinates>-115.1207024,36.14466438,0</coordinates>
</Point>
</Placemark>
<Placemark>
<name>175</name>
<styleUrl>#style_ff0000ff_7497067</styleUrl>
<description><![CDATA[<table border='1' cellpadding='4' cellspacing='0'><tr><td><b>Billboard ID</b></td><td>175</td></tr><tr><td><b>STREET_NUM</b></td><td>2333</td></tr><tr><td><b>STREET_DIR</b></td><td>E</td></tr><tr><td><b>STREET_NAM</b></td><td>Sahara</td></tr><tr><td><b>PARCEL</b></td><td>16201401005</td></tr><tr><td><b>APPLICANT</b></td><td>Clear Channel Outdoor</td></tr><tr><td><b>APPLY_DATE</b></td><td> </td></tr><tr><td><b>Pin Title</b></td><td>CC</td></tr><tr><td><b>Pin Color Code</b></td><td>Red</td></tr></table>]]></description>
<Point>
<coordinates>-115.1165228,36.14468762,0</coordinates>
</Point>
</Placemark>
<Placemark>
<name>176</name>
<styleUrl>#style_ff0000ff_7497067</styleUrl>
<description><![CDATA[<table border='1' cellpadding='4' cellspacing='0'><tr><td><b>Billboard ID</b></td><td>176</td></tr><tr><td><b>STREET_NUM</b></td><td>2329</td></tr><tr><td><b>STREET_DIR</b></td><td>S</td></tr><tr><td><b>STREET_NAM</b></td><td>Eastern</td></tr><tr><td><b>PARCEL</b></td><td>16201499010</td></tr><tr><td><b>APPLICANT</b></td><td>Clear Channel Outdoor</td></tr><tr><td><b>APPLY_DATE</b></td><td>5/3/1972</td></tr><tr><td><b>Pin Title</b></td><td>CC</td></tr><tr><td><b>Pin Color Code</b></td><td>Red</td></tr></table>]]></description>
<Point>
<coordinates>-115.1185271,36.145668,0</coordinates>
</Point>
</Placemark>
<Placemark>
<name>179</name>
<styleUrl>#style_ff0000ff_7497067</styleUrl>
<description><![CDATA[<table border='1' cellpadding='4' cellspacing='0'><tr><td><b>Billboard ID</b></td><td>179</td></tr><tr><td><b>STREET_NUM</b></td><td>3180</td></tr><tr><td><b>STREET_DIR</b></td><td>S</td></tr><tr><td><b>STREET_NAM</b></td><td>VALLEY VIEW</td></tr><tr><td><b>PARCEL</b></td><td>16208410018</td></tr><tr><td><b>APPLICANT</b></td><td>Clear Channel Outdoor</td></tr><tr><td><b>APPLY_DATE</b></td><td>4/14/1995</td></tr><tr><td><b>Pin Title</b></td><td>CC</td></tr><tr><td><b>Pin Color Code</b></td><td>Red</td></tr></table>]]></description>
<Point>
<coordinates>-115.1900522,36.13205236,0</coordinates>
</Point>
</Placemark>
<Placemark>
<name>185</name>
<styleUrl>#style_ff0000ff_7497067</styleUrl>
<description><![CDATA[<table border='1' cellpadding='4' cellspacing='0'><tr><td><b>Billboard ID</b></td><td>185</td></tr><tr><td><b>STREET_NUM</b></td><td>820</td></tr><tr><td><b>STREET_DIR</b></td><td>S</td></tr><tr><td><b>STREET_NAM</b></td><td>VALLEY VIEW</td></tr><tr><td><b>PARCEL</b></td><td>13931801002</td></tr><tr><td><b>APPLICANT</b></td><td>Clear Channel Outdoor</td></tr><tr><td><b>APPLY_DATE</b></td><td>1/27/1995</td></tr><tr><td><b>Pin Title</b></td><td>CC</td></tr><tr><td><b>Pin Color Code</b></td><td>Red</td></tr></table>]]></description>
<Point>
<coordinates>-115.192694,36.16211797,0</coordinates>
</Point>
</Placemark>
<Placemark>
<name>188</name>
<styleUrl>#style_ff0000ff_7497067</styleUrl>
<description><![CDATA[<table border='1' cellpadding='4' cellspacing='0'><tr><td><b>Billboard ID</b></td><td>188</td></tr><tr><td><b>STREET_NUM</b></td><td>1611</td></tr><tr><td><b>STREET_DIR</b></td><td>S</td></tr><tr><td><b>STREET_NAM</b></td><td>Decatur</td></tr><tr><td><b>PARCEL</b></td><td>16206211003</td></tr><tr><td><b>APPLICANT</b></td><td>Clear Channel Outdoor</td></tr><tr><td><b>APPLY_DATE</b></td><td> </td></tr><tr><td><b>Pin Title</b></td><td>CC</td></tr><tr><td><b>Pin Color Code</b></td><td>Red</td></tr></table>]]></description>
<Point>
<coordinates>-115.2077119,36.15376446,0</coordinates>
</Point>
</Placemark>
<Placemark>
<name>189</name>
<styleUrl>#style_ff0000ff_7497067</styleUrl>
<description><![CDATA[<table border='1' cellpadding='4' cellspacing='0'><tr><td><b>Billboard ID</b></td><td>189</td></tr><tr><td><b>STREET_NUM</b></td><td>1617</td></tr><tr><td><b>STREET_DIR</b></td><td>S</td></tr><tr><td><b>STREET_NAM</b></td><td>Decarut</td></tr><tr><td><b>PARCEL</b></td><td>16206211004</td></tr><tr><td><b>APPLICANT</b></td><td>Clear Channel Outdoor</td></tr><tr><td><b>APPLY_DATE</b></td><td> </td></tr><tr><td><b>Pin Title</b></td><td>CC</td></tr><tr><td><b>Pin Color Code</b></td><td>Red</td></tr></table>]]></description>
<Point>
<coordinates>-115.2077511,36.15245804,0</coordinates>
</Point>
</Placemark>
<Placemark>
<name>191</name>
<styleUrl>#style_ff0000ff_7497067</styleUrl>
<description><![CDATA[<table border='1' cellpadding='4' cellspacing='0'><tr><td><b>Billboard ID</b></td><td>191</td></tr><tr><td><b>STREET_NUM</b></td><td>1701</td></tr><tr><td><b>STREET_DIR</b></td><td>S</td></tr><tr><td><b>STREET_NAM</b></td><td>Decatur</td></tr><tr><td><b>PARCEL</b></td><td>16206301001</td></tr><tr><td><b>APPLICANT</b></td><td>Clear Channel Outdoor</td></tr><tr><td><b>APPLY_DATE</b></td><td>1/16/1996</td></tr><tr><td><b>Pin Title</b></td><td>CC</td></tr><tr><td><b>Pin Color Code</b></td><td>Red</td></tr></table>]]></description>
<Point>
<coordinates>-115.2076505,36.15129712,0</coordinates>
</Point>
</Placemark>
<Placemark>
<name>192</name>
<styleUrl>#style_ff0000ff_7497067</styleUrl>
<description><![CDATA[<table border='1' cellpadding='4' cellspacing='0'><tr><td><b>Billboard ID</b></td><td>192</td></tr><tr><td><b>STREET_NUM</b></td><td>2003</td></tr><tr><td><b>STREET_DIR</b></td><td>S</td></tr><tr><td><b>STREET_NAM</b></td><td>Decatur</td></tr><tr><td><b>PARCEL</b></td><td>16206301004</td></tr><tr><td><b>APPLICANT</b></td><td>Clear Channel Outdoor</td></tr><tr><td><b>APPLY_DATE</b></td><td> </td></tr><tr><td><b>Pin Title</b></td><td>CC</td></tr><tr><td><b>Pin Color Code</b></td><td>Red</td></tr></table>]]></description>
<Point>
<coordinates>-115.207697,36.1498989,0</coordinates>
</Point>
</Placemark>
<Placemark>
<name>199</name>
<styleUrl>#style_ff0000ff_7497067</styleUrl>
<description><![CDATA[<table border='1' cellpadding='4' cellspacing='0'><tr><td><b>Billboard ID</b></td><td>199</td></tr><tr><td><b>STREET_NUM</b></td><td>2221</td></tr><tr><td><b>STREET_DIR</b></td><td> </td></tr><tr><td><b>STREET_NAM</b></td><td>Paradise</td></tr><tr><td><b>PARCEL</b></td><td>16203413021</td></tr><tr><td><b>APPLICANT</b></td><td>Clear Channel Outdoor</td></tr><tr><td><b>APPLY_DATE</b></td><td> </td></tr><tr><td><b>Pin Title</b></td><td>CC</td></tr><tr><td><b>Pin Color Code</b></td><td>Red</td></tr></table>]]></description>
<Point>
<coordinates>-115.1543061,36.14433498,0</coordinates>
</Point>
</Placemark>
<Placemark>
<name>200</name>
<styleUrl>#style_ff0000ff_7497067</styleUrl>
<description><![CDATA[<table border='1' cellpadding='4' cellspacing='0'><tr><td><b>Billboard ID</b></td><td>200</td></tr><tr><td><b>STREET_NUM</b></td><td>2011</td></tr><tr><td><b>STREET_DIR</b></td><td>S</td></tr><tr><td><b>STREET_NAM</b></td><td>Las Vegas</td></tr><tr><td><b>PARCEL</b></td><td>16203310017</td></tr><tr><td><b>APPLICANT</b></td><td>Clear Channel Outdoor</td></tr><tr><td><b>APPLY_DATE</b></td><td> </td></tr><tr><td><b>Pin Title</b></td><td>CC</td></tr><tr><td><b>Pin Color Code</b></td><td>Red</td></tr></table>]]></description>
<Point>
<coordinates>-115.154318,36.14772677,0</coordinates>
</Point>
</Placemark>
<Placemark>
<name>203</name>
<styleUrl>#style_ff0000ff_7497067</styleUrl>
<description><![CDATA[<table border='1' cellpadding='4' cellspacing='0'><tr><td><b>Billboard ID</b></td><td>203</td></tr><tr><td><b>STREET_NUM</b></td><td>1147</td></tr><tr><td><b>STREET_DIR</b></td><td>S</td></tr><tr><td><b>STREET_NAM</b></td><td>Las Vegas</td></tr><tr><td><b>PARCEL</b></td><td>16203112021</td></tr><tr><td><b>APPLICANT</b></td><td>Clear Channel Outdoor</td></tr><tr><td><b>APPLY_DATE</b></td><td> </td></tr><tr><td><b>Pin Title</b></td><td>CC</td></tr><tr><td><b>Pin Color Code</b></td><td>Red</td></tr></table>]]></description>
<Point>
<coordinates>-115.1481384,36.15747164,0</coordinates>
</Point>
</Placemark>
<Placemark>
<name>204</name>
<styleUrl>#style_ff0000ff_7497067</styleUrl>
<description><![CDATA[<table border='1' cellpadding='4' cellspacing='0'><tr><td><b>Billboard ID</b></td><td>204</td></tr><tr><td><b>STREET_NUM</b></td><td>1120</td></tr><tr><td><b>STREET_DIR</b></td><td>S</td></tr><tr><td><b>STREET_NAM</b></td><td>Las Vegas</td></tr><tr><td><b>PARCEL</b></td><td>16203112018</td></tr><tr><td><b>APPLICANT</b></td><td>Clear Channel Outdoor</td></tr><tr><td><b>APPLY_DATE</b></td><td> </td></tr><tr><td><b>Pin Title</b></td><td>CC</td></tr><tr><td><b>Pin Color Code</b></td><td>Red</td></tr></table>]]></description>
<Point>
<coordinates>-115.1484757,36.15771251,0</coordinates>
</Point>
</Placemark>
<Placemark>
<name>207</name>
<styleUrl>#style_ff0000ff_7497067</styleUrl>
<description><![CDATA[<table border='1' cellpadding='4' cellspacing='0'><tr><td><b>Billboard ID</b></td><td>207</td></tr><tr><td><b>STREET_NUM</b></td><td>500</td></tr><tr><td><b>STREET_DIR</b></td><td>S</td></tr><tr><td><b>STREET_NAM</b></td><td>Las Vegas</td></tr><tr><td><b>PARCEL</b></td><td>13934399002</td></tr><tr><td><b>APPLICANT</b></td><td>Clear Channel Outdoor</td></tr><tr><td><b>APPLY_DATE</b></td><td>12/4/1996</td></tr><tr><td><b>Pin Title</b></td><td>CC</td></tr><tr><td><b>Pin Color Code</b></td><td>Red</td></tr></table>]]></description>
<Point>
<coordinates>-115.1441197,36.16434238,0</coordinates>
</Point>
</Placemark>
<Placemark>
<name>209</name>
<styleUrl>#style_ff0000ff_7497067</styleUrl>
<description><![CDATA[<table border='1' cellpadding='4' cellspacing='0'><tr><td><b>Billboard ID</b></td><td>209</td></tr><tr><td><b>STREET_NUM</b></td><td>1535</td></tr><tr><td><b>STREET_DIR</b></td><td>N</td></tr><tr><td><b>STREET_NAM</b></td><td>Eastern</td></tr><tr><td><b>PARCEL</b></td><td>13926505004</td></tr><tr><td><b>APPLICANT</b></td><td>Clear Channel Outdoor</td></tr><tr><td><b>APPLY_DATE</b></td><td> </td></tr><tr><td><b>Pin Title</b></td><td>CC</td></tr><tr><td><b>Pin Color Code</b></td><td>Red</td></tr></table>]]></description>
<Point>
<coordinates>-115.116328,36.18736556,0</coordinates>
</Point>
</Placemark>
<Placemark>
<name>216</name>
<styleUrl>#style_ff0000ff_7497067</styleUrl>
<description><![CDATA[<table border='1' cellpadding='4' cellspacing='0'><tr><td><b>Billboard ID</b></td><td>216</td></tr><tr><td><b>STREET_NUM</b></td><td>1527</td></tr><tr><td><b>STREET_DIR</b></td><td>N</td></tr><tr><td><b>STREET_NAM</b></td><td>Nellis</td></tr><tr><td><b>PARCEL</b></td><td>14029510025</td></tr><tr><td><b>APPLICANT</b></td><td>Clear Channel Outdoor</td></tr><tr><td><b>APPLY_DATE</b></td><td> </td></tr><tr><td><b>Pin Title</b></td><td>CC</td></tr><tr><td><b>Pin Color Code</b></td><td>Red</td></tr></table>]]></description>
<Point>
<coordinates>-115.062417,36.18731681,0</coordinates>
</Point>
</Placemark>
<Placemark>
<name>226</name>
<styleUrl>#style_ff0000ff_7497067</styleUrl>
<description><![CDATA[<table border='1' cellpadding='4' cellspacing='0'><tr><td><b>Billboard ID</b></td><td>226</td></tr><tr><td><b>STREET_NUM</b></td><td>1401</td></tr><tr><td><b>STREET_DIR</b></td><td>S</td></tr><tr><td><b>STREET_NAM</b></td><td>Main</td></tr><tr><td><b>PARCEL</b></td><td>16203210022</td></tr><tr><td><b>APPLICANT</b></td><td>Clear Channel Outdoor</td></tr><tr><td><b>APPLY_DATE</b></td><td> </td></tr><tr><td><b>Pin Title</b></td><td>CC</td></tr><tr><td><b>Pin Color Code</b></td><td>Red</td></tr></table>]]></description>
<Point>
<coordinates>-115.1536933,36.15443857,0</coordinates>
</Point>
</Placemark>
<Placemark>
<name>227</name>
<styleUrl>#style_ff0000ff_7497067</styleUrl>
<description><![CDATA[<table border='1' cellpadding='4' cellspacing='0'><tr><td><b>Billboard ID</b></td><td>227</td></tr><tr><td><b>STREET_NUM</b></td><td>1323</td></tr><tr><td><b>STREET_DIR</b></td><td>S</td></tr><tr><td><b>STREET_NAM</b></td><td>Main</td></tr><tr><td><b>PARCEL</b></td><td>16203199057</td></tr><tr><td><b>APPLICANT</b></td><td>Clear Channel Outdoor</td></tr><tr><td><b>APPLY_DATE</b></td><td> </td></tr><tr><td><b>Pin Title</b></td><td>CC</td></tr><tr><td><b>Pin Color Code</b></td><td>Red</td></tr></table>]]></description>
<Point>
<coordinates>-115.1536295,36.15529878,0</coordinates>
</Point>
</Placemark>
<Placemark>
<name>228</name>
<styleUrl>#style_ff0000ff_7497067</styleUrl>
<description><![CDATA[<table border='1' cellpadding='4' cellspacing='0'><tr><td><b>Billboard ID</b></td><td>228</td></tr><tr><td><b>STREET_NUM</b></td><td>1238</td></tr><tr><td><b>STREET_DIR</b></td><td>S</td></tr><tr><td><b>STREET_NAM</b></td><td>Main</td></tr><tr><td><b>PARCEL</b></td><td>16203110096</td></tr><tr><td><b>APPLICANT</b></td><td>Clear Channel Outdoor</td></tr><tr><td><b>APPLY_DATE</b></td><td> </td></tr><tr><td><b>Pin Title</b></td><td>CC</td></tr><tr><td><b>Pin Color Code</b></td><td>Red</td></tr></table>]]></description>
<Point>
<coordinates>-115.1538955,36.15628323,0</coordinates>
</Point>
</Placemark>
<Placemark>
<name>229</name>
<styleUrl>#style_ff0000ff_7497067</styleUrl>
<description><![CDATA[<table border='1' cellpadding='4' cellspacing='0'><tr><td><b>Billboard ID</b></td><td>229</td></tr><tr><td><b>STREET_NUM</b></td><td>1215</td></tr><tr><td><b>STREET_DIR</b></td><td>S</td></tr><tr><td><b>STREET_NAM</b></td><td>Commerce</td></tr><tr><td><b>PARCEL</b></td><td>16203110120</td></tr><tr><td><b>APPLICANT</b></td><td>Clear Channel Outdoor</td></tr><tr><td><b>APPLY_DATE</b></td><td> </td></tr><tr><td><b>Pin Title</b></td><td>CC</td></tr><tr><td><b>Pin Color Code</b></td><td>Red</td></tr></table>]]></description>
<Point>
<coordinates>-115.1548035,36.1567683,0</coordinates>
</Point>
</Placemark>
<Placemark>
<name>230</name>
<styleUrl>#style_ff0000ff_7497067</styleUrl>
<description><![CDATA[<table border='1' cellpadding='4' cellspacing='0'><tr><td><b>Billboard ID</b></td><td>230</td></tr><tr><td><b>STREET_NUM</b></td><td>1117</td></tr><tr><td><b>STREET_DIR</b></td><td>S</td></tr><tr><td><b>STREET_NAM</b></td><td>Main</td></tr><tr><td><b>PARCEL</b></td><td>16203110077</td></tr><tr><td><b>APPLICANT</b></td><td>Clear Channel Outdoor</td></tr><tr><td><b>APPLY_DATE</b></td><td> </td></tr><tr><td><b>Pin Title</b></td><td>CC</td></tr><tr><td><b>Pin Color Code</b></td><td>Red</td></tr></table>]]></description>
<Point>
<coordinates>-115.1534104,36.15813054,0</coordinates>
</Point>
</Placemark>
<Placemark>
<name>231</name>
<styleUrl>#style_ff0000ff_7497067</styleUrl>
<description><![CDATA[<table border='1' cellpadding='4' cellspacing='0'><tr><td><b>Billboard ID</b></td><td>231</td></tr><tr><td><b>STREET_NUM</b></td><td>9</td></tr><tr><td><b>STREET_DIR</b></td><td>W</td></tr><tr><td><b>STREET_NAM</b></td><td>Charleston</td></tr><tr><td><b>PARCEL</b></td><td>16203110109</td></tr><tr><td><b>APPLICANT</b></td><td>Clear Channel Outdoor</td></tr><tr><td><b>APPLY_DATE</b></td><td> </td></tr><tr><td><b>Pin Title</b></td><td>CC</td></tr><tr><td><b>Pin Color Code</b></td><td>Red</td></tr></table>]]></description>
<Point>
<coordinates>-115.1541611,36.15865985,0</coordinates>
</Point>
</Placemark>
<Placemark>
<name>232</name>
<styleUrl>#style_ff0000ff_7497067</styleUrl>
<description><![CDATA[<table border='1' cellpadding='4' cellspacing='0'><tr><td><b>Billboard ID</b></td><td>232</td></tr><tr><td><b>STREET_NUM</b></td><td>1111</td></tr><tr><td><b>STREET_DIR</b></td><td>S</td></tr><tr><td><b>STREET_NAM</b></td><td>Main</td></tr><tr><td><b>PARCEL</b></td><td>16203110076</td></tr><tr><td><b>APPLICANT</b></td><td>Clear Channel Outdoor</td></tr><tr><td><b>APPLY_DATE</b></td><td> </td></tr><tr><td><b>Pin Title</b></td><td>CC</td></tr><tr><td><b>Pin Color Code</b></td><td>Red</td></tr></table>]]></description>
<Point>
<coordinates>-115.1533302,36.15864464,0</coordinates>
</Point>
</Placemark>
<Placemark>
<name>233</name>
<styleUrl>#style_ff0000ff_7497067</styleUrl>
<description><![CDATA[<table border='1' cellpadding='4' cellspacing='0'><tr><td><b>Billboard ID</b></td><td>233</td></tr><tr><td><b>STREET_NUM</b></td><td>1065</td></tr><tr><td><b>STREET_DIR</b></td><td>S</td></tr><tr><td><b>STREET_NAM</b></td><td>Main</td></tr><tr><td><b>PARCEL</b></td><td>13933811015</td></tr><tr><td><b>APPLICANT</b></td><td>Clear Channel Outdoor</td></tr><tr><td><b>APPLY_DATE</b></td><td> </td></tr><tr><td><b>Pin Title</b></td><td>CC</td></tr><tr><td><b>Pin Color Code</b></td><td>Red</td></tr></table>]]></description>
<Point>
<coordinates>-115.1539592,36.15902632,0</coordinates>
</Point>
</Placemark>
<Placemark>
<name>234</name>
<styleUrl>#style_ff0000ff_7497067</styleUrl>
<description><![CDATA[<table border='1' cellpadding='4' cellspacing='0'><tr><td><b>Billboard ID</b></td><td>234</td></tr><tr><td><b>STREET_NUM</b></td><td>1065</td></tr><tr><td><b>STREET_DIR</b></td><td>S</td></tr><tr><td><b>STREET_NAM</b></td><td>Main</td></tr><tr><td><b>PARCEL</b></td><td>13933811015</td></tr><tr><td><b>APPLICANT</b></td><td>Clear Channel Outdoor</td></tr><tr><td><b>APPLY_DATE</b></td><td> </td></tr><tr><td><b>Pin Title</b></td><td>CC</td></tr><tr><td><b>Pin Color Code</b></td><td>Red</td></tr></table>]]></description>
<Point>
<coordinates>-115.1536926,36.15931212,0</coordinates>
</Point>
</Placemark>
<Placemark>
<name>237</name>
<styleUrl>#style_ff0000ff_7497067</styleUrl>
<description><![CDATA[<table border='1' cellpadding='4' cellspacing='0'><tr><td><b>Billboard ID</b></td><td>237</td></tr><tr><td><b>STREET_NUM</b></td><td>900</td></tr><tr><td><b>STREET_DIR</b></td><td>S</td></tr><tr><td><b>STREET_NAM</b></td><td>Main</td></tr><tr><td><b>PARCEL</b></td><td>13933811032</td></tr><tr><td><b>APPLICANT</b></td><td>Clear Channel Outdoor</td></tr><tr><td><b>APPLY_DATE</b></td><td> </td></tr><tr><td><b>Pin Title</b></td><td>CC</td></tr><tr><td><b>Pin Color Code</b></td><td>Red</td></tr></table>]]></description>
<Point>
<coordinates>-115.1523558,36.16189866,0</coordinates>
</Point>
</Placemark>
<Placemark>
<name>239</name>
<styleUrl>#style_ff0000ff_7497067</styleUrl>
<description><![CDATA[<table border='1' cellpadding='4' cellspacing='0'><tr><td><b>Billboard ID</b></td><td>239</td></tr><tr><td><b>STREET_NUM</b></td><td>807</td></tr><tr><td><b>STREET_DIR</b></td><td>S</td></tr><tr><td><b>STREET_NAM</b></td><td>Main</td></tr><tr><td><b>PARCEL</b></td><td>13934310081</td></tr><tr><td><b>APPLICANT</b></td><td>Clear Channel Outdoor</td></tr><tr><td><b>APPLY_DATE</b></td><td> </td></tr><tr><td><b>Pin Title</b></td><td>CC</td></tr><tr><td><b>Pin Color Code</b></td><td>Red</td></tr></table>]]></description>
<Point>
<coordinates>-115.1513416,36.16275001,0</coordinates>
</Point>
</Placemark>
<Placemark>
<name>242</name>
<styleUrl>#style_ff0000ff_7497067</styleUrl>
<description><![CDATA[<table border='1' cellpadding='4' cellspacing='0'><tr><td><b>Billboard ID</b></td><td>242</td></tr><tr><td><b>STREET_NUM</b></td><td>0</td></tr><tr><td><b>STREET_DIR</b></td><td> </td></tr><tr><td><b>STREET_NAM</b></td><td> </td></tr><tr><td><b>PARCEL</b></td><td>13934302007</td></tr><tr><td><b>APPLICANT</b></td><td>Clear Channel Outdoor</td></tr><tr><td><b>APPLY_DATE</b></td><td> </td></tr><tr><td><b>Pin Title</b></td><td>CC</td></tr><tr><td><b>Pin Color Code</b></td><td>Red</td></tr></table>]]></description>
<Point>
<coordinates>-115.1505981,36.16559627,0</coordinates>
</Point>
</Placemark>
<Placemark>
<name>245</name>
<styleUrl>#style_ff0000ff_7497067</styleUrl>
<description><![CDATA[<table border='1' cellpadding='4' cellspacing='0'><tr><td><b>Billboard ID</b></td><td>245</td></tr><tr><td><b>STREET_NUM</b></td><td>2111</td></tr><tr><td><b>STREET_DIR</b></td><td> </td></tr><tr><td><b>STREET_NAM</b></td><td>Western</td></tr><tr><td><b>PARCEL</b></td><td>16204399009</td></tr><tr><td><b>APPLICANT</b></td><td>Clear Channel Outdoor</td></tr><tr><td><b>APPLY_DATE</b></td><td> </td></tr><tr><td><b>Pin Title</b></td><td>CC</td></tr><tr><td><b>Pin Color Code</b></td><td>Red</td></tr></table>]]></description>
<Point>
<coordinates>-115.1649788,36.14761556,0</coordinates>
</Point>
</Placemark>
<Placemark>
<name>246</name>
<styleUrl>#style_ff0000ff_7497067</styleUrl>
<description><![CDATA[<table border='1' cellpadding='4' cellspacing='0'><tr><td><b>Billboard ID</b></td><td>246</td></tr><tr><td><b>STREET_NUM</b></td><td>1900</td></tr><tr><td><b>STREET_DIR</b></td><td>S</td></tr><tr><td><b>STREET_NAM</b></td><td>Industrial</td></tr><tr><td><b>PARCEL</b></td><td>16204704006</td></tr><tr><td><b>APPLICANT</b></td><td>Clear Channel Outdoor</td></tr><tr><td><b>APPLY_DATE</b></td><td>11/7/1995</td></tr><tr><td><b>Pin Title</b></td><td>CC</td></tr><tr><td><b>Pin Color Code</b></td><td>Red</td></tr></table>]]></description>
<Point>
<coordinates>-115.1619472,36.14871047,0</coordinates>
</Point>
</Placemark>
<Placemark>
<name>248</name>
<styleUrl>#style_ff0000ff_7497067</styleUrl>
<description><![CDATA[<table border='1' cellpadding='4' cellspacing='0'><tr><td><b>Billboard ID</b></td><td>248</td></tr><tr><td><b>STREET_NUM</b></td><td>1607</td></tr><tr><td><b>STREET_DIR</b></td><td> </td></tr><tr><td><b>STREET_NAM</b></td><td>Industrial</td></tr><tr><td><b>PARCEL</b></td><td>16204609010</td></tr><tr><td><b>APPLICANT</b></td><td>Clear Channel Outdoor</td></tr><tr><td><b>APPLY_DATE</b></td><td> </td></tr><tr><td><b>Pin Title</b></td><td>CC</td></tr><tr><td><b>Pin Color Code</b></td><td>Red</td></tr></table>]]></description>
<Point>
<coordinates>-115.1594232,36.15185625,0</coordinates>
</Point>
</Placemark>
<Placemark>
<name>252</name>
<styleUrl>#style_ff0000ff_7497067</styleUrl>
<description><![CDATA[<table border='1' cellpadding='4' cellspacing='0'><tr><td><b>Billboard ID</b></td><td>252</td></tr><tr><td><b>STREET_NUM</b></td><td>236</td></tr><tr><td><b>STREET_DIR</b></td><td>W</td></tr><tr><td><b>STREET_NAM</b></td><td>Wyoming</td></tr><tr><td><b>PARCEL</b></td><td>16204608011</td></tr><tr><td><b>APPLICANT</b></td><td>Clear Channel Outdoor</td></tr><tr><td><b>APPLY_DATE</b></td><td> </td></tr><tr><td><b>Pin Title</b></td><td>CC</td></tr><tr><td><b>Pin Color Code</b></td><td>Red</td></tr></table>]]></description>
<Point>
<coordinates>-115.1589744,36.15260268,0</coordinates>
</Point>
</Placemark>
<Placemark>
<name>253</name>
<styleUrl>#style_ff0000ff_7497067</styleUrl>
<description><![CDATA[<table border='1' cellpadding='4' cellspacing='0'><tr><td><b>Billboard ID</b></td><td>253</td></tr><tr><td><b>STREET_NUM</b></td><td>1530</td></tr><tr><td><b>STREET_DIR</b></td><td>S</td></tr><tr><td><b>STREET_NAM</b></td><td>Commerce</td></tr><tr><td><b>PARCEL</b></td><td>16204608017</td></tr><tr><td><b>APPLICANT</b></td><td>Clear Channel Outdoor</td></tr><tr><td><b>APPLY_DATE</b></td><td> </td></tr><tr><td><b>Pin Title</b></td><td>CC</td></tr><tr><td><b>Pin Color Code</b></td><td>Red</td></tr></table>]]></description>
<Point>
<coordinates>-115.1561189,36.15243325,0</coordinates>
</Point>
</Placemark>
<Placemark>
<name>255</name>
<styleUrl>#style_ff0000ff_7497067</styleUrl>
<description><![CDATA[<table border='1' cellpadding='4' cellspacing='0'><tr><td><b>Billboard ID</b></td><td>255</td></tr><tr><td><b>STREET_NUM</b></td><td>73</td></tr><tr><td><b>STREET_DIR</b></td><td>S</td></tr><tr><td><b>STREET_NAM</b></td><td>Martin L. King</td></tr><tr><td><b>PARCEL</b></td><td>13933510002</td></tr><tr><td><b>APPLICANT</b></td><td>Clear Channel Outdoor</td></tr><tr><td><b>APPLY_DATE</b></td><td> </td></tr><tr><td><b>Pin Title</b></td><td>CC</td></tr><tr><td><b>Pin Color Code</b></td><td>Red</td></tr></table>]]></description>
<Point>
<coordinates>-115.1604513,36.17444241,0</coordinates>
</Point>
</Placemark>
<Placemark>
<name>256</name>
<styleUrl>#style_ff0000ff_7497067</styleUrl>
<description><![CDATA[<table border='1' cellpadding='4' cellspacing='0'><tr><td><b>Billboard ID</b></td><td>256</td></tr><tr><td><b>STREET_NUM</b></td><td>525</td></tr><tr><td><b>STREET_DIR</b></td><td> </td></tr><tr><td><b>STREET_NAM</b></td><td>Martin L King</td></tr><tr><td><b>PARCEL</b></td><td>13928401033</td></tr><tr><td><b>APPLICANT</b></td><td>Clear Channel Outdoor</td></tr><tr><td><b>APPLY_DATE</b></td><td> </td></tr><tr><td><b>Pin Title</b></td><td>CC</td></tr><tr><td><b>Pin Color Code</b></td><td>Red</td></tr></table>]]></description>
<Point>
<coordinates>-115.1610555,36.17670609,0</coordinates>
</Point>
</Placemark>
<Placemark>
<name>260</name>
<styleUrl>#style_ff0000ff_7497067</styleUrl>
<description><![CDATA[<table border='1' cellpadding='4' cellspacing='0'><tr><td><b>Billboard ID</b></td><td>260</td></tr><tr><td><b>STREET_NUM</b></td><td>300</td></tr><tr><td><b>STREET_DIR</b></td><td>W</td></tr><tr><td><b>STREET_NAM</b></td><td>Owens</td></tr><tr><td><b>PARCEL</b></td><td>13922404004</td></tr><tr><td><b>APPLICANT</b></td><td>Clear Channel Outdoor</td></tr><tr><td><b>APPLY_DATE</b></td><td> </td></tr><tr><td><b>Pin Title</b></td><td>CC</td></tr><tr><td><b>Pin Color Code</b></td><td>Red</td></tr></table>]]></description>
<Point>
<coordinates>-115.1447003,36.18862563,0</coordinates>
</Point>
</Placemark>
<Placemark>
<name>261</name>
<styleUrl>#style_ff0000ff_7497067</styleUrl>
<description><![CDATA[<table border='1' cellpadding='4' cellspacing='0'><tr><td><b>Billboard ID</b></td><td>261</td></tr><tr><td><b>STREET_NUM</b></td><td>525</td></tr><tr><td><b>STREET_DIR</b></td><td> </td></tr><tr><td><b>STREET_NAM</b></td><td>Martin L King</td></tr><tr><td><b>PARCEL</b></td><td>13928401033</td></tr><tr><td><b>APPLICANT</b></td><td>Clear Channel Outdoor</td></tr><tr><td><b>APPLY_DATE</b></td><td> </td></tr><tr><td><b>Pin Title</b></td><td>CC</td></tr><tr><td><b>Pin Color Code</b></td><td>Red</td></tr></table>]]></description>
<Point>
<coordinates>-115.1616205,36.1769783,0</coordinates>
</Point>
</Placemark>
<Placemark>
<name>263</name>
<styleUrl>#style_ff0000ff_7497067</styleUrl>
<description><![CDATA[<table border='1' cellpadding='4' cellspacing='0'><tr><td><b>Billboard ID</b></td><td>263</td></tr><tr><td><b>STREET_NUM</b></td><td>1001</td></tr><tr><td><b>STREET_DIR</b></td><td>W</td></tr><tr><td><b>STREET_NAM</b></td><td>Bonanza</td></tr><tr><td><b>PARCEL</b></td><td>13928801003</td></tr><tr><td><b>APPLICANT</b></td><td>Clear Channel Outdoor</td></tr><tr><td><b>APPLY_DATE</b></td><td> </td></tr><tr><td><b>Pin Title</b></td><td>CC</td></tr><tr><td><b>Pin Color Code</b></td><td>Red</td></tr></table>]]></description>
<Point>
<coordinates>-115.15728,36.1769329,0</coordinates>
</Point>
</Placemark>
<Placemark>
<name>264</name>
<styleUrl>#style_ff0000ff_7497067</styleUrl>
<description><![CDATA[<table border='1' cellpadding='4' cellspacing='0'><tr><td><b>Billboard ID</b></td><td>264</td></tr><tr><td><b>STREET_NUM</b></td><td>919</td></tr><tr><td><b>STREET_DIR</b></td><td>W</td></tr><tr><td><b>STREET_NAM</b></td><td>Bonanza</td></tr><tr><td><b>PARCEL</b></td><td>13928801018</td></tr><tr><td><b>APPLICANT</b></td><td>Clear Channel Outdoor</td></tr><tr><td><b>APPLY_DATE</b></td><td> </td></tr><tr><td><b>Pin Title</b></td><td>CC</td></tr><tr><td><b>Pin Color Code</b></td><td>Red</td></tr></table>]]></description>
<Point>
<coordinates>-115.1563183,36.17693257,0</coordinates>
</Point>
</Placemark>
<Placemark>
<name>265</name>
<styleUrl>#style_ff0000ff_7497067</styleUrl>
<description><![CDATA[<table border='1' cellpadding='4' cellspacing='0'><tr><td><b>Billboard ID</b></td><td>265</td></tr><tr><td><b>STREET_NUM</b></td><td>410</td></tr><tr><td><b>STREET_DIR</b></td><td>W</td></tr><tr><td><b>STREET_NAM</b></td><td>Bonanza</td></tr><tr><td><b>PARCEL</b></td><td>13927301003</td></tr><tr><td><b>APPLICANT</b></td><td>Clear Channel Outdoor</td></tr><tr><td><b>APPLY_DATE</b></td><td> </td></tr><tr><td><b>Pin Title</b></td><td>CC</td></tr><tr><td><b>Pin Color Code</b></td><td>Red</td></tr></table>]]></description>
<Point>
<coordinates>-115.1473851,36.17741061,0</coordinates>
</Point>
</Placemark>
<Placemark>
<name>266</name>
<styleUrl>#style_ff0000ff_7497067</styleUrl>
<description><![CDATA[<table border='1' cellpadding='4' cellspacing='0'><tr><td><b>Billboard ID</b></td><td>266</td></tr><tr><td><b>STREET_NUM</b></td><td>601</td></tr><tr><td><b>STREET_DIR</b></td><td>N</td></tr><tr><td><b>STREET_NAM</b></td><td>Main</td></tr><tr><td><b>PARCEL</b></td><td>13927310094</td></tr><tr><td><b>APPLICANT</b></td><td>Clear Channel Outdoor</td></tr><tr><td><b>APPLY_DATE</b></td><td>7/20/1988</td></tr><tr><td><b>Pin Title</b></td><td>CC</td></tr><tr><td><b>Pin Color Code</b></td><td>Red</td></tr></table>]]></description>
<Point>
<coordinates>-115.1438614,36.17750281,0</coordinates>
</Point>
</Placemark>
<Placemark>
<name>269</name>
<styleUrl>#style_ff0000ff_7497067</styleUrl>
<description><![CDATA[<table border='1' cellpadding='4' cellspacing='0'><tr><td><b>Billboard ID</b></td><td>269</td></tr><tr><td><b>STREET_NUM</b></td><td>1111</td></tr><tr><td><b>STREET_DIR</b></td><td>W</td></tr><tr><td><b>STREET_NAM</b></td><td>BONANZA</td></tr><tr><td><b>PARCEL</b></td><td>13928801016</td></tr><tr><td><b>APPLICANT</b></td><td>Clear Channel Outdoor</td></tr><tr><td><b>APPLY_DATE</b></td><td> </td></tr><tr><td><b>Pin Title</b></td><td>CC</td></tr><tr><td><b>Pin Color Code</b></td><td>Red</td></tr></table>]]></description>
<Point>
<coordinates>-115.1559088,36.17525121,0</coordinates>
</Point>
</Placemark>
<Placemark>
<name>271</name>
<styleUrl>#style_ff0000ff_7497067</styleUrl>
<description><![CDATA[<table border='1' cellpadding='4' cellspacing='0'><tr><td><b>Billboard ID</b></td><td>271</td></tr><tr><td><b>STREET_NUM</b></td><td>0</td></tr><tr><td><b>STREET_DIR</b></td><td> </td></tr><tr><td><b>STREET_NAM</b></td><td> </td></tr><tr><td><b>PARCEL</b></td><td>13802102014</td></tr><tr><td><b>APPLICANT</b></td><td>Clear Channel Outdoor</td></tr><tr><td><b>APPLY_DATE</b></td><td> </td></tr><tr><td><b>Pin Title</b></td><td>CC</td></tr><tr><td><b>Pin Color Code</b></td><td>Red</td></tr></table>]]></description>
<Point>
<coordinates>-115.238324,36.24629478,0</coordinates>
</Point>
</Placemark>
<Placemark>
<name>276</name>
<styleUrl>#style_ff0000ff_7497067</styleUrl>
<description><![CDATA[<table border='1' cellpadding='4' cellspacing='0'><tr><td><b>Billboard ID</b></td><td>276</td></tr><tr><td><b>STREET_NUM</b></td><td>6900</td></tr><tr><td><b>STREET_DIR</b></td><td>W</td></tr><tr><td><b>STREET_NAM</b></td><td>Craig</td></tr><tr><td><b>PARCEL</b></td><td>13803602011</td></tr><tr><td><b>APPLICANT</b></td><td>Clear Channel Outdoor</td></tr><tr><td><b>APPLY_DATE</b></td><td>9/18/1996</td></tr><tr><td><b>Pin Title</b></td><td>CC</td></tr><tr><td><b>Pin Color Code</b></td><td>Red</td></tr></table>]]></description>
<Point>
<coordinates>-115.2451946,36.24148262,0</coordinates>
</Point>
</Placemark>
<Placemark>
<name>277</name>
<styleUrl>#style_ff0000ff_7497067</styleUrl>
<description><![CDATA[<table border='1' cellpadding='4' cellspacing='0'><tr><td><b>Billboard ID</b></td><td>277</td></tr><tr><td><b>STREET_NUM</b></td><td>6900</td></tr><tr><td><b>STREET_DIR</b></td><td>W</td></tr><tr><td><b>STREET_NAM</b></td><td>Craig</td></tr><tr><td><b>PARCEL</b></td><td>13803602015</td></tr><tr><td><b>APPLICANT</b></td><td>Clear Channel Outdoor</td></tr><tr><td><b>APPLY_DATE</b></td><td>1/18/1995</td></tr><tr><td><b>Pin Title</b></td><td>CC</td></tr><tr><td><b>Pin Color Code</b></td><td>Red</td></tr></table>]]></description>
<Point>
<coordinates>-115.2445502,36.24078414,0</coordinates>
</Point>
</Placemark>
<Placemark>
<name>278</name>
<styleUrl>#style_ff0000ff_7497067</styleUrl>
<description><![CDATA[<table border='1' cellpadding='4' cellspacing='0'><tr><td><b>Billboard ID</b></td><td>278</td></tr><tr><td><b>STREET_NUM</b></td><td>3941</td></tr><tr><td><b>STREET_DIR</b></td><td>N</td></tr><tr><td><b>STREET_NAM</b></td><td>Rancho</td></tr><tr><td><b>PARCEL</b></td><td>13811502003</td></tr><tr><td><b>APPLICANT</b></td><td>Clear Channel Outdoor</td></tr><tr><td><b>APPLY_DATE</b></td><td>8/21/1996</td></tr><tr><td><b>Pin Title</b></td><td>CC</td></tr><tr><td><b>Pin Color Code</b></td><td>Red</td></tr></table>]]></description>
<Point>
<coordinates>-115.2256957,36.23156011,0</coordinates>
</Point>
</Placemark>
<Placemark>
<name>280</name>
<styleUrl>#style_ff0000ff_7497067</styleUrl>
<description><![CDATA[<table border='1' cellpadding='4' cellspacing='0'><tr><td><b>Billboard ID</b></td><td>280</td></tr><tr><td><b>STREET_NUM</b></td><td>0</td></tr><tr><td><b>STREET_DIR</b></td><td>N</td></tr><tr><td><b>STREET_NAM</b></td><td>Rancho</td></tr><tr><td><b>PARCEL</b></td><td>13813512006</td></tr><tr><td><b>APPLICANT</b></td><td>Clear Channel Outdoor</td></tr><tr><td><b>APPLY_DATE</b></td><td> </td></tr><tr><td><b>Pin Title</b></td><td>CC</td></tr><tr><td><b>Pin Color Code</b></td><td>Red</td></tr></table>]]></description>
<Point>
<coordinates>-115.2111142,36.21558511,0</coordinates>
</Point>
</Placemark>
<Placemark>
<name>291</name>
<styleUrl>#style_ff0000ff_7497067</styleUrl>
<description><![CDATA[<table border='1' cellpadding='4' cellspacing='0'><tr><td><b>Billboard ID</b></td><td>291</td></tr><tr><td><b>STREET_NUM</b></td><td>1735</td></tr><tr><td><b>STREET_DIR</b></td><td>N</td></tr><tr><td><b>STREET_NAM</b></td><td>Rancho</td></tr><tr><td><b>PARCEL</b></td><td>13919812016</td></tr><tr><td><b>APPLICANT</b></td><td>Clear Channel Outdoor</td></tr><tr><td><b>APPLY_DATE</b></td><td> </td></tr><tr><td><b>Pin Title</b></td><td>CC</td></tr><tr><td><b>Pin Color Code</b></td><td>Red</td></tr></table>]]></description>
<Point>
<coordinates>-115.1886298,36.19108501,0</coordinates>
</Point>
</Placemark>
<Placemark>
<name>298</name>
<styleUrl>#style_ff0000ff_7497067</styleUrl>
<description><![CDATA[<table border='1' cellpadding='4' cellspacing='0'><tr><td><b>Billboard ID</b></td><td>298</td></tr><tr><td><b>STREET_NUM</b></td><td>100</td></tr><tr><td><b>STREET_DIR</b></td><td> </td></tr><tr><td><b>STREET_NAM</b></td><td>City</td></tr><tr><td><b>PARCEL</b></td><td>13927410014</td></tr><tr><td><b>APPLICANT</b></td><td>Clear Channel Outdoor</td></tr><tr><td><b>APPLY_DATE</b></td><td>5/18/2005</td></tr><tr><td><b>Pin Title</b></td><td>CC</td></tr><tr><td><b>Pin Color Code</b></td><td>Red</td></tr></table>]]></description>
<Point>
<coordinates>-115.1478172,36.17451202,0</coordinates>
</Point>
</Placemark>
<Placemark>
<name>300</name>
<styleUrl>#style_ff0000ff_7497067</styleUrl>
<description><![CDATA[<table border='1' cellpadding='4' cellspacing='0'><tr><td><b>Billboard ID</b></td><td>300</td></tr><tr><td><b>STREET_NUM</b></td><td>600</td></tr><tr><td><b>STREET_DIR</b></td><td>W</td></tr><tr><td><b>STREET_NAM</b></td><td>Bonanza</td></tr><tr><td><b>PARCEL</b></td><td>13927310073</td></tr><tr><td><b>APPLICANT</b></td><td>Clear Channel Outdoor</td></tr><tr><td><b>APPLY_DATE</b></td><td> </td></tr><tr><td><b>Pin Title</b></td><td>CC</td></tr><tr><td><b>Pin Color Code</b></td><td>Red</td></tr></table>]]></description>
<Point>
<coordinates>-115.1495384,36.17762311,0</coordinates>
</Point>
</Placemark>
<Placemark>
<name>304</name>
<styleUrl>#style_ff0000ff_7497067</styleUrl>
<description><![CDATA[<table border='1' cellpadding='4' cellspacing='0'><tr><td><b>Billboard ID</b></td><td>304</td></tr><tr><td><b>STREET_NUM</b></td><td>0</td></tr><tr><td><b>STREET_DIR</b></td><td> </td></tr><tr><td><b>STREET_NAM</b></td><td> </td></tr><tr><td><b>PARCEL</b></td><td>13933511004</td></tr><tr><td><b>APPLICANT</b></td><td>Clear Channel Outdoor</td></tr><tr><td><b>APPLY_DATE</b></td><td> </td></tr><tr><td><b>Pin Title</b></td><td>CC</td></tr><tr><td><b>Pin Color Code</b></td><td>Red</td></tr></table>]]></description>
<Point>
<coordinates>-115.1527999,36.17303455,0</coordinates>
</Point>
</Placemark>
<Placemark>
<name>305</name>
<styleUrl>#style_ff0000ff_7497067</styleUrl>
<description><![CDATA[<table border='1' cellpadding='4' cellspacing='0'><tr><td><b>Billboard ID</b></td><td>305</td></tr><tr><td><b>STREET_NUM</b></td><td>0</td></tr><tr><td><b>STREET_DIR</b></td><td> </td></tr><tr><td><b>STREET_NAM</b></td><td> </td></tr><tr><td><b>PARCEL</b></td><td>13933610031</td></tr><tr><td><b>APPLICANT</b></td><td>Clear Channel Outdoor</td></tr><tr><td><b>APPLY_DATE</b></td><td> </td></tr><tr><td><b>Pin Title</b></td><td>CC</td></tr><tr><td><b>Pin Color Code</b></td><td>Red</td></tr></table>]]></description>
<Point>
<coordinates>-115.1564914,36.17108943,0</coordinates>
</Point>
</Placemark>
<Placemark>
<name>308</name>
<styleUrl>#style_ff0000ff_7497067</styleUrl>
<description><![CDATA[<table border='1' cellpadding='4' cellspacing='0'><tr><td><b>Billboard ID</b></td><td>308</td></tr><tr><td><b>STREET_NUM</b></td><td>0</td></tr><tr><td><b>STREET_DIR</b></td><td> </td></tr><tr><td><b>STREET_NAM</b></td><td> </td></tr><tr><td><b>PARCEL</b></td><td>13933610014</td></tr><tr><td><b>APPLICANT</b></td><td>Clear Channel Outdoor</td></tr><tr><td><b>APPLY_DATE</b></td><td> </td></tr><tr><td><b>Pin Title</b></td><td>CC</td></tr><tr><td><b>Pin Color Code</b></td><td>Red</td></tr></table>]]></description>
<Point>
<coordinates>-115.1589583,36.16668293,0</coordinates>
</Point>
</Placemark>
<Placemark>
<name>309</name>
<styleUrl>#style_ff0000ff_7497067</styleUrl>
<description><![CDATA[<table border='1' cellpadding='4' cellspacing='0'><tr><td><b>Billboard ID</b></td><td>309</td></tr><tr><td><b>STREET_NUM</b></td><td>0</td></tr><tr><td><b>STREET_DIR</b></td><td> </td></tr><tr><td><b>STREET_NAM</b></td><td> </td></tr><tr><td><b>PARCEL</b></td><td>13933710005</td></tr><tr><td><b>APPLICANT</b></td><td>Clear Channel Outdoor</td></tr><tr><td><b>APPLY_DATE</b></td><td> </td></tr><tr><td><b>Pin Title</b></td><td>CC</td></tr><tr><td><b>Pin Color Code</b></td><td>Red</td></tr></table>]]></description>
<Point>
<coordinates>-115.159558,36.16385207,0</coordinates>
</Point>
</Placemark>
<Placemark>
<name>317</name>
<styleUrl>#style_ff0000ff_7497067</styleUrl>
<description><![CDATA[<table border='1' cellpadding='4' cellspacing='0'><tr><td><b>Billboard ID</b></td><td>317</td></tr><tr><td><b>STREET_NUM</b></td><td>0</td></tr><tr><td><b>STREET_DIR</b></td><td> </td></tr><tr><td><b>STREET_NAM</b></td><td> </td></tr><tr><td><b>PARCEL</b></td><td>13935814011</td></tr><tr><td><b>APPLICANT</b></td><td>Clear Channel Outdoor</td></tr><tr><td><b>APPLY_DATE</b></td><td> </td></tr><tr><td><b>Pin Title</b></td><td>CC</td></tr><tr><td><b>Pin Color Code</b></td><td>Red</td></tr></table>]]></description>
<Point>
<coordinates>-115.1228727,36.15909572,0</coordinates>
</Point>
</Placemark>
<Placemark>
<name>318</name>
<styleUrl>#style_ff0000ff_7497067</styleUrl>
<description><![CDATA[<table border='1' cellpadding='4' cellspacing='0'><tr><td><b>Billboard ID</b></td><td>318</td></tr><tr><td><b>STREET_NUM</b></td><td>2329</td></tr><tr><td><b>STREET_DIR</b></td><td>S</td></tr><tr><td><b>STREET_NAM</b></td><td>Eastern</td></tr><tr><td><b>PARCEL</b></td><td>16201401008</td></tr><tr><td><b>APPLICANT</b></td><td>Clear Channel Outdoor</td></tr><tr><td><b>APPLY_DATE</b></td><td>5/3/1972</td></tr><tr><td><b>Pin Title</b></td><td>CC</td></tr><tr><td><b>Pin Color Code</b></td><td>Red</td></tr></table>]]></description>
<Point>
<coordinates>-115.1185283,36.14504597,0</coordinates>
</Point>
</Placemark>
<Placemark>
<name>319</name>
<styleUrl>#style_ff0000ff_7497067</styleUrl>
<description><![CDATA[<table border='1' cellpadding='4' cellspacing='0'><tr><td><b>Billboard ID</b></td><td>319</td></tr><tr><td><b>STREET_NUM</b></td><td>2033</td></tr><tr><td><b>STREET_DIR</b></td><td> </td></tr><tr><td><b>STREET_NAM</b></td><td>Paradise</td></tr><tr><td><b>PARCEL</b></td><td>16203413012</td></tr><tr><td><b>APPLICANT</b></td><td>Clear Channel Outdoor</td></tr><tr><td><b>APPLY_DATE</b></td><td> </td></tr><tr><td><b>Pin Title</b></td><td>CC</td></tr><tr><td><b>Pin Color Code</b></td><td>Red</td></tr></table>]]></description>
<Point>
<coordinates>-115.1534894,36.14572189,0</coordinates>
</Point>
</Placemark>
<Placemark>
<name>323</name>
<styleUrl>#style_ff0000ff_7497067</styleUrl>
<description><![CDATA[<table border='1' cellpadding='4' cellspacing='0'><tr><td><b>Billboard ID</b></td><td>323</td></tr><tr><td><b>STREET_NUM</b></td><td>1716</td></tr><tr><td><b>STREET_DIR</b></td><td> </td></tr><tr><td><b>STREET_NAM</b></td><td>Highland</td></tr><tr><td><b>PARCEL</b></td><td>16204301030</td></tr><tr><td><b>APPLICANT</b></td><td>Clear Channel Outdoor</td></tr><tr><td><b>APPLY_DATE</b></td><td> </td></tr><tr><td><b>Pin Title</b></td><td>CC</td></tr><tr><td><b>Pin Color Code</b></td><td>Red</td></tr></table>]]></description>
<Point>
<coordinates>-115.1648036,36.15043389,0</coordinates>
</Point>
</Placemark>
<Placemark>
<name>0</name>
<styleUrl>#style_ff0000ff_7497067</styleUrl>
<description><![CDATA[<table border='1' cellpadding='4' cellspacing='0'><tr><td><b>Billboard ID</b></td><td>0</td></tr><tr><td><b>STREET_NUM</b></td><td>0</td></tr><tr><td><b>STREET_DIR</b></td><td>N</td></tr><tr><td><b>STREET_NAM</b></td><td>Rancho</td></tr><tr><td><b>PARCEL</b></td><td>13813505001</td></tr><tr><td><b>APPLICANT</b></td><td>Clear Channel Outdoor</td></tr><tr><td><b>APPLY_DATE</b></td><td> </td></tr><tr><td><b>Pin Title</b></td><td>CC</td></tr><tr><td><b>Pin Color Code</b></td><td>Red</td></tr></table>]]></description>
<Point>
<coordinates>-115.2113038,36.21681294,0</coordinates>
</Point>
</Placemark>
<Placemark>
<name>0</name>
<styleUrl>#style_ff0000ff_7497067</styleUrl>
<description><![CDATA[<table border='1' cellpadding='4' cellspacing='0'><tr><td><b>Billboard ID</b></td><td>0</td></tr><tr><td><b>STREET_NUM</b></td><td>0</td></tr><tr><td><b>STREET_DIR</b></td><td>N</td></tr><tr><td><b>STREET_NAM</b></td><td>Rancho</td></tr><tr><td><b>PARCEL</b></td><td>13813505001</td></tr><tr><td><b>APPLICANT</b></td><td>Clear Channel Outdoor</td></tr><tr><td><b>APPLY_DATE</b></td><td> </td></tr><tr><td><b>Pin Title</b></td><td>CC</td></tr><tr><td><b>Pin Color Code</b></td><td>Red</td></tr></table>]]></description>
<Point>
<coordinates>-115.2096214,36.21497627,0</coordinates>
</Point>
</Placemark>
<Placemark>
<name>0</name>
<styleUrl>#style_ff0000ff_7497067</styleUrl>
<description><![CDATA[<table border='1' cellpadding='4' cellspacing='0'><tr><td><b>Billboard ID</b></td><td>0</td></tr><tr><td><b>STREET_NUM</b></td><td>2401</td></tr><tr><td><b>STREET_DIR</b></td><td> </td></tr><tr><td><b>STREET_NAM</b></td><td>Westwood</td></tr><tr><td><b>PARCEL</b></td><td>16209102004</td></tr><tr><td><b>APPLICANT</b></td><td>Clear Channel Outdoor</td></tr><tr><td><b>APPLY_DATE</b></td><td> </td></tr><tr><td><b>Pin Title</b></td><td>CC</td></tr><tr><td><b>Pin Color Code</b></td><td>Red</td></tr></table>]]></description>
<Point>
<coordinates>-115.1730928,36.14122644,0</coordinates>
</Point>
</Placemark>
<Placemark>
<name>0</name>
<styleUrl>#style_ff0000ff_7497067</styleUrl>
<description><![CDATA[<table border='1' cellpadding='4' cellspacing='0'><tr><td><b>Billboard ID</b></td><td>0</td></tr><tr><td><b>STREET_NUM</b></td><td>517</td></tr><tr><td><b>STREET_DIR</b></td><td>S</td></tr><tr><td><b>STREET_NAM</b></td><td>Main</td></tr><tr><td><b>PARCEL</b></td><td>13934399002</td></tr><tr><td><b>APPLICANT</b></td><td>Clear Channel Outdoor</td></tr><tr><td><b>APPLY_DATE</b></td><td> </td></tr><tr><td><b>Pin Title</b></td><td>CC</td></tr><tr><td><b>Pin Color Code</b></td><td>Red</td></tr></table>]]></description>
<Point>
<coordinates>-115.1495912,36.16641901,0</coordinates>
</Point>
</Placemark>
<Placemark>
<name>0</name>
<styleUrl>#style_ff0000ff_7497067</styleUrl>
<description><![CDATA[<table border='1' cellpadding='4' cellspacing='0'><tr><td><b>Billboard ID</b></td><td>0</td></tr><tr><td><b>STREET_NUM</b></td><td>906</td></tr><tr><td><b>STREET_DIR</b></td><td>S</td></tr><tr><td><b>STREET_NAM</b></td><td>6th</td></tr><tr><td><b>PARCEL</b></td><td>13934410202</td></tr><tr><td><b>APPLICANT</b></td><td>Clear Channel Outdoor</td></tr><tr><td><b>APPLY_DATE</b></td><td> </td></tr><tr><td><b>Pin Title</b></td><td>CC</td></tr><tr><td><b>Pin Color Code</b></td><td>Red</td></tr></table>]]></description>
<Point>
<coordinates>-115.1464362,36.15904846,0</coordinates>
</Point>
</Placemark>
<Placemark>
<name>0</name>
<styleUrl>#style_ff0000ff_7497067</styleUrl>
<description><![CDATA[<table border='1' cellpadding='4' cellspacing='0'><tr><td><b>Billboard ID</b></td><td>0</td></tr><tr><td><b>STREET_NUM</b></td><td>2130</td></tr><tr><td><b>STREET_DIR</b></td><td> </td></tr><tr><td><b>STREET_NAM</b></td><td>Highland</td></tr><tr><td><b>PARCEL</b></td><td>16204402001</td></tr><tr><td><b>APPLICANT</b></td><td>Clear Channel Outdoor</td></tr><tr><td><b>APPLY_DATE</b></td><td> </td></tr><tr><td><b>Pin Title</b></td><td>CC</td></tr><tr><td><b>Pin Color Code</b></td><td>Red</td></tr></table>]]></description>
<Point>
<coordinates>-115.1677546,36.14720479,0</coordinates>
</Point>
</Placemark>
<Placemark>
<name>0</name>
<styleUrl>#style_ff0000ff_7497067</styleUrl>
<description><![CDATA[<table border='1' cellpadding='4' cellspacing='0'><tr><td><b>Billboard ID</b></td><td>0</td></tr><tr><td><b>STREET_NUM</b></td><td>3500</td></tr><tr><td><b>STREET_DIR</b></td><td>W</td></tr><tr><td><b>STREET_NAM</b></td><td>Sahara</td></tr><tr><td><b>PARCEL</b></td><td>16205402007</td></tr><tr><td><b>APPLICANT</b></td><td>Clear Channel Outdoor</td></tr><tr><td><b>APPLY_DATE</b></td><td>10/25/2003</td></tr><tr><td><b>Pin Title</b></td><td>CC</td></tr><tr><td><b>Pin Color Code</b></td><td>Red</td></tr></table>]]></description>
<Point>
<coordinates>-115.1887189,36.14474945,0</coordinates>
</Point>
</Placemark>
<Placemark>
<name>0</name>
<styleUrl>#style_ff0000ff_7497067</styleUrl>
<description><![CDATA[<table border='1' cellpadding='4' cellspacing='0'><tr><td><b>Billboard ID</b></td><td>0</td></tr><tr><td><b>STREET_NUM</b></td><td>6118</td></tr><tr><td><b>STREET_DIR</b></td><td>W</td></tr><tr><td><b>STREET_NAM</b></td><td>Sahara</td></tr><tr><td><b>PARCEL</b></td><td>16302802004</td></tr><tr><td><b>APPLICANT</b></td><td>Clear Channel Outdoor</td></tr><tr><td><b>APPLY_DATE</b></td><td>12/3/2003</td></tr><tr><td><b>Pin Title</b></td><td>CC</td></tr><tr><td><b>Pin Color Code</b></td><td>Red</td></tr></table>]]></description>
<Point>
<coordinates>-115.2259234,36.14456791,0</coordinates>
</Point>
</Placemark>
<Placemark>
<name>0</name>
<styleUrl>#style_ff0000ff_7497067</styleUrl>
<description><![CDATA[<table border='1' cellpadding='4' cellspacing='0'><tr><td><b>Billboard ID</b></td><td>0</td></tr><tr><td><b>STREET_NUM</b></td><td>2601</td></tr><tr><td><b>STREET_DIR</b></td><td> </td></tr><tr><td><b>STREET_NAM</b></td><td>Westwood Dr.</td></tr><tr><td><b>PARCEL</b></td><td>16209102005</td></tr><tr><td><b>APPLICANT</b></td><td>Clear Channel Outdoor</td></tr><tr><td><b>APPLY_DATE</b></td><td>12/17/2003</td></tr><tr><td><b>Pin Title</b></td><td>CC</td></tr><tr><td><b>Pin Color Code</b></td><td>Red</td></tr></table>]]></description>
<Point>
<coordinates>-115.1711373,36.14300204,0</coordinates>
</Point>
</Placemark>
<Placemark>
<name>0</name>
<styleUrl>#style_ff0000ff_7497067</styleUrl>
<description><![CDATA[<table border='1' cellpadding='4' cellspacing='0'><tr><td><b>Billboard ID</b></td><td>0</td></tr><tr><td><b>STREET_NUM</b></td><td>4545</td></tr><tr><td><b>STREET_DIR</b></td><td>W</td></tr><tr><td><b>STREET_NAM</b></td><td>Sahara Ave.</td></tr><tr><td><b>PARCEL</b></td><td>16207101004</td></tr><tr><td><b>APPLICANT</b></td><td>Clear Channel Outdoor</td></tr><tr><td><b>APPLY_DATE</b></td><td>1/21/2004</td></tr><tr><td><b>Pin Title</b></td><td>CC</td></tr><tr><td><b>Pin Color Code</b></td><td>Red</td></tr></table>]]></description>
<Point>
<coordinates>-115.2032509,36.14422885,0</coordinates>
</Point>
</Placemark>
<Placemark>
<name>0</name>
<styleUrl>#style_ff0000ff_7497067</styleUrl>
<description><![CDATA[<table border='1' cellpadding='4' cellspacing='0'><tr><td><b>Billboard ID</b></td><td>0</td></tr><tr><td><b>STREET_NUM</b></td><td>1633</td></tr><tr><td><b>STREET_DIR</b></td><td>W</td></tr><tr><td><b>STREET_NAM</b></td><td>Bonanza</td></tr><tr><td><b>PARCEL</b></td><td>13928412001</td></tr><tr><td><b>APPLICANT</b></td><td>Clear Channel Outdoor</td></tr><tr><td><b>APPLY_DATE</b></td><td>5/17/2004</td></tr><tr><td><b>Pin Title</b></td><td>CC</td></tr><tr><td><b>Pin Color Code</b></td><td>Red</td></tr></table>]]></description>
<Point>
<coordinates>-115.1638113,36.17627825,0</coordinates>
</Point>
</Placemark>
<Placemark>
<name>0</name>
<styleUrl>#style_ff0000ff_7497067</styleUrl>
<description><![CDATA[<table border='1' cellpadding='4' cellspacing='0'><tr><td><b>Billboard ID</b></td><td>0</td></tr><tr><td><b>STREET_NUM</b></td><td>0</td></tr><tr><td><b>STREET_DIR</b></td><td>N</td></tr><tr><td><b>STREET_NAM</b></td><td>Decatur</td></tr><tr><td><b>PARCEL</b></td><td>13813505001</td></tr><tr><td><b>APPLICANT</b></td><td>Clear Channel Outdoor</td></tr><tr><td><b>APPLY_DATE</b></td><td> </td></tr><tr><td><b>Pin Title</b></td><td>CC</td></tr><tr><td><b>Pin Color Code</b></td><td>Red</td></tr></table>]]></description>
<Point>
<coordinates>-115.2077633,36.21639544,0</coordinates>
</Point>
</Placemark>
<Placemark>
<name>0</name>
<styleUrl>#style_ff0000ff_7497067</styleUrl>
<description><![CDATA[<table border='1' cellpadding='4' cellspacing='0'><tr><td><b>Billboard ID</b></td><td>0</td></tr><tr><td><b>STREET_NUM</b></td><td>0</td></tr><tr><td><b>STREET_DIR</b></td><td>W</td></tr><tr><td><b>STREET_NAM</b></td><td>Cheyenne</td></tr><tr><td><b>PARCEL</b></td><td>13813505001</td></tr><tr><td><b>APPLICANT</b></td><td>Clear Channel Outdoor</td></tr><tr><td><b>APPLY_DATE</b></td><td> </td></tr><tr><td><b>Pin Title</b></td><td>CC</td></tr><tr><td><b>Pin Color Code</b></td><td>Red</td></tr></table>]]></description>
<Point>
<coordinates>-115.2083268,36.21706833,0</coordinates>
</Point>
</Placemark>
<Placemark>
<name>298</name>
<styleUrl>#style_ff0000ff_7497067</styleUrl>
<description><![CDATA[<table border='1' cellpadding='4' cellspacing='0'><tr><td><b>Billboard ID</b></td><td>298</td></tr><tr><td><b>STREET_NUM</b></td><td>100</td></tr><tr><td><b>STREET_DIR</b></td><td> </td></tr><tr><td><b>STREET_NAM</b></td><td>City</td></tr><tr><td><b>PARCEL</b></td><td>13927410011</td></tr><tr><td><b>APPLICANT</b></td><td>Clear Channel Outdoor</td></tr><tr><td><b>APPLY_DATE</b></td><td>5/18/2005</td></tr><tr><td><b>Pin Title</b></td><td>CC</td></tr><tr><td><b>Pin Color Code</b></td><td>Red</td></tr></table>]]></description>
<Point>
<coordinates>-115.1473363,36.17452039,0</coordinates>
</Point>
</Placemark>
</Folder>
<Folder>
<name>LM</name>
<Placemark>
<name>6</name>
<styleUrl>#style_ff00a5ff_570520</styleUrl>
<description><![CDATA[<table border='1' cellpadding='4' cellspacing='0'><tr><td><b>Billboard ID</b></td><td>6</td></tr><tr><td><b>STREET_NUM</b></td><td>4950</td></tr><tr><td><b>STREET_DIR</b></td><td>N</td></tr><tr><td><b>STREET_NAM</b></td><td>RANCHO</td></tr><tr><td><b>PARCEL</b></td><td>12535401020</td></tr><tr><td><b>APPLICANT</b></td><td>LAMAR</td></tr><tr><td><b>APPLY_DATE</b></td><td>6/14/1995</td></tr><tr><td><b>Pin Title</b></td><td>LM</td></tr><tr><td><b>Pin Color Code</b></td><td>Orange</td></tr></table>]]></description>
<Point>
<coordinates>-115.2419494,36.25063566,0</coordinates>
</Point>
</Placemark>
<Placemark>
<name>11</name>
<styleUrl>#style_ff00a5ff_570520</styleUrl>
<description><![CDATA[<table border='1' cellpadding='4' cellspacing='0'><tr><td><b>Billboard ID</b></td><td>11</td></tr><tr><td><b>STREET_NUM</b></td><td>3282</td></tr><tr><td><b>STREET_DIR</b></td><td>N</td></tr><tr><td><b>STREET_NAM</b></td><td>RANCHO</td></tr><tr><td><b>PARCEL</b></td><td>13812810042</td></tr><tr><td><b>APPLICANT</b></td><td>LAMAR</td></tr><tr><td><b>APPLY_DATE</b></td><td>2/3/1995</td></tr><tr><td><b>Pin Title</b></td><td>LM</td></tr><tr><td><b>Pin Color Code</b></td><td>Orange</td></tr></table>]]></description>
<Point>
<coordinates>-115.2129763,36.21844084,0</coordinates>
</Point>
</Placemark>
<Placemark>
<name>12</name>
<styleUrl>#style_ff00a5ff_570520</styleUrl>
<description><![CDATA[<table border='1' cellpadding='4' cellspacing='0'><tr><td><b>Billboard ID</b></td><td>12</td></tr><tr><td><b>STREET_NUM</b></td><td>3201</td></tr><tr><td><b>STREET_DIR</b></td><td>N</td></tr><tr><td><b>STREET_NAM</b></td><td>RANCHO</td></tr><tr><td><b>PARCEL</b></td><td>13812801011</td></tr><tr><td><b>APPLICANT</b></td><td>LAMAR</td></tr><tr><td><b>APPLY_DATE</b></td><td>2/1/1995</td></tr><tr><td><b>Pin Title</b></td><td>LM</td></tr><tr><td><b>Pin Color Code</b></td><td>Orange</td></tr></table>]]></description>
<Point>
<coordinates>-115.2129512,36.21754137,0</coordinates>
</Point>
</Placemark>
<Placemark>
<name>17</name>
<styleUrl>#style_ff00a5ff_570520</styleUrl>
<description><![CDATA[<table border='1' cellpadding='4' cellspacing='0'><tr><td><b>Billboard ID</b></td><td>17</td></tr><tr><td><b>STREET_NUM</b></td><td>0</td></tr><tr><td><b>STREET_DIR</b></td><td> </td></tr><tr><td><b>STREET_NAM</b></td><td> </td></tr><tr><td><b>PARCEL</b></td><td>13918403002</td></tr><tr><td><b>APPLICANT</b></td><td>LAMAR</td></tr><tr><td><b>APPLY_DATE</b></td><td> </td></tr><tr><td><b>Pin Title</b></td><td>LM</td></tr><tr><td><b>Pin Color Code</b></td><td>Orange</td></tr></table>]]></description>
<Point>
<coordinates>-115.1995824,36.20304985,0</coordinates>
</Point>
</Placemark>
<Placemark>
<name>27</name>
<styleUrl>#style_ff00a5ff_570520</styleUrl>
<description><![CDATA[<table border='1' cellpadding='4' cellspacing='0'><tr><td><b>Billboard ID</b></td><td>27</td></tr><tr><td><b>STREET_NUM</b></td><td>1600</td></tr><tr><td><b>STREET_DIR</b></td><td>N</td></tr><tr><td><b>STREET_NAM</b></td><td>RANCHO</td></tr><tr><td><b>PARCEL</b></td><td>13920411005</td></tr><tr><td><b>APPLICANT</b></td><td>LAMAR</td></tr><tr><td><b>APPLY_DATE</b></td><td>4/18/1995</td></tr><tr><td><b>Pin Title</b></td><td>LM</td></tr><tr><td><b>Pin Color Code</b></td><td>Orange</td></tr></table>]]></description>
<Point>
<coordinates>-115.1857455,36.18880789,0</coordinates>
</Point>
</Placemark>
<Placemark>
<name>29</name>
<styleUrl>#style_ff00a5ff_570520</styleUrl>
<description><![CDATA[<table border='1' cellpadding='4' cellspacing='0'><tr><td><b>Billboard ID</b></td><td>29</td></tr><tr><td><b>STREET_NUM</b></td><td>816</td></tr><tr><td><b>STREET_DIR</b></td><td>N</td></tr><tr><td><b>STREET_NAM</b></td><td>Rancho</td></tr><tr><td><b>PARCEL</b></td><td>13929704001</td></tr><tr><td><b>APPLICANT</b></td><td>LAMAR</td></tr><tr><td><b>APPLY_DATE</b></td><td>12/6/1995</td></tr><tr><td><b>Pin Title</b></td><td>LM</td></tr><tr><td><b>Pin Color Code</b></td><td>Orange</td></tr></table>]]></description>
<Point>
<coordinates>-115.1770127,36.17925129,0</coordinates>
</Point>
</Placemark>
<Placemark>
<name>31</name>
<styleUrl>#style_ff00a5ff_570520</styleUrl>
<description><![CDATA[<table border='1' cellpadding='4' cellspacing='0'><tr><td><b>Billboard ID</b></td><td>31</td></tr><tr><td><b>STREET_NUM</b></td><td>2401</td></tr><tr><td><b>STREET_DIR</b></td><td>W</td></tr><tr><td><b>STREET_NAM</b></td><td>Bonanza</td></tr><tr><td><b>PARCEL</b></td><td>13929813005</td></tr><tr><td><b>APPLICANT</b></td><td>LAMAR</td></tr><tr><td><b>APPLY_DATE</b></td><td> </td></tr><tr><td><b>Pin Title</b></td><td>LM</td></tr><tr><td><b>Pin Color Code</b></td><td>Orange</td></tr></table>]]></description>
<Point>
<coordinates>-115.1730262,36.17608776,0</coordinates>
</Point>
</Placemark>
<Placemark>
<name>34</name>
<styleUrl>#style_ff00a5ff_570520</styleUrl>
<description><![CDATA[<table border='1' cellpadding='4' cellspacing='0'><tr><td><b>Billboard ID</b></td><td>34</td></tr><tr><td><b>STREET_NUM</b></td><td>6704</td></tr><tr><td><b>STREET_DIR</b></td><td>W</td></tr><tr><td><b>STREET_NAM</b></td><td>Cheyene</td></tr><tr><td><b>PARCEL</b></td><td>13810816007</td></tr><tr><td><b>APPLICANT</b></td><td>LAMAR</td></tr><tr><td><b>APPLY_DATE</b></td><td> </td></tr><tr><td><b>Pin Title</b></td><td>LM</td></tr><tr><td><b>Pin Color Code</b></td><td>Orange</td></tr></table>]]></description>
<Point>
<coordinates>-115.2453827,36.21964137,0</coordinates>
</Point>
</Placemark>
<Placemark>
<name>35</name>
<styleUrl>#style_ff00a5ff_570520</styleUrl>
<description><![CDATA[<table border='1' cellpadding='4' cellspacing='0'><tr><td><b>Billboard ID</b></td><td>35</td></tr><tr><td><b>STREET_NUM</b></td><td>1701</td></tr><tr><td><b>STREET_DIR</b></td><td>N</td></tr><tr><td><b>STREET_NAM</b></td><td>RAINBOW</td></tr><tr><td><b>PARCEL</b></td><td>13822812001</td></tr><tr><td><b>APPLICANT</b></td><td>LAMAR</td></tr><tr><td><b>APPLY_DATE</b></td><td>7/26/1994</td></tr><tr><td><b>Pin Title</b></td><td>LM</td></tr><tr><td><b>Pin Color Code</b></td><td>Orange</td></tr></table>]]></description>
<Point>
<coordinates>-115.2439622,36.18996922,0</coordinates>
</Point>
</Placemark>
<Placemark>
<name>36</name>
<styleUrl>#style_ff00a5ff_570520</styleUrl>
<description><![CDATA[<table border='1' cellpadding='4' cellspacing='0'><tr><td><b>Billboard ID</b></td><td>36</td></tr><tr><td><b>STREET_NUM</b></td><td>0</td></tr><tr><td><b>STREET_DIR</b></td><td> </td></tr><tr><td><b>STREET_NAM</b></td><td> </td></tr><tr><td><b>PARCEL</b></td><td>13827501001</td></tr><tr><td><b>APPLICANT</b></td><td>LAMAR</td></tr><tr><td><b>APPLY_DATE</b></td><td> </td></tr><tr><td><b>Pin Title</b></td><td>LM</td></tr><tr><td><b>Pin Color Code</b></td><td>Orange</td></tr></table>]]></description>
<Point>
<coordinates>-115.2450237,36.18829342,0</coordinates>
</Point>
</Placemark>
<Placemark>
<name>41</name>
<styleUrl>#style_ff00a5ff_570520</styleUrl>
<description><![CDATA[<table border='1' cellpadding='4' cellspacing='0'><tr><td><b>Billboard ID</b></td><td>41</td></tr><tr><td><b>STREET_NUM</b></td><td>1915</td></tr><tr><td><b>STREET_DIR</b></td><td>W</td></tr><tr><td><b>STREET_NAM</b></td><td>Bonanza</td></tr><tr><td><b>PARCEL</b></td><td>13928412001</td></tr><tr><td><b>APPLICANT</b></td><td>LAMAR</td></tr><tr><td><b>APPLY_DATE</b></td><td> </td></tr><tr><td><b>Pin Title</b></td><td>LM</td></tr><tr><td><b>Pin Color Code</b></td><td>Orange</td></tr></table>]]></description>
<Point>
<coordinates>-115.1669533,36.17652211,0</coordinates>
</Point>
</Placemark>
<Placemark>
<name>44</name>
<styleUrl>#style_ff00a5ff_570520</styleUrl>
<description><![CDATA[<table border='1' cellpadding='4' cellspacing='0'><tr><td><b>Billboard ID</b></td><td>44</td></tr><tr><td><b>STREET_NUM</b></td><td>720</td></tr><tr><td><b>STREET_DIR</b></td><td>W</td></tr><tr><td><b>STREET_NAM</b></td><td>Mesquite</td></tr><tr><td><b>PARCEL</b></td><td>13928802001</td></tr><tr><td><b>APPLICANT</b></td><td>LAMAR</td></tr><tr><td><b>APPLY_DATE</b></td><td> </td></tr><tr><td><b>Pin Title</b></td><td>LM</td></tr><tr><td><b>Pin Color Code</b></td><td>Orange</td></tr></table>]]></description>
<Point>
<coordinates>-115.1525814,36.17462195,0</coordinates>
</Point>
</Placemark>
<Placemark>
<name>48</name>
<styleUrl>#style_ff00a5ff_570520</styleUrl>
<description><![CDATA[<table border='1' cellpadding='4' cellspacing='0'><tr><td><b>Billboard ID</b></td><td>48</td></tr><tr><td><b>STREET_NUM</b></td><td>429</td></tr><tr><td><b>STREET_DIR</b></td><td>N</td></tr><tr><td><b>STREET_NAM</b></td><td>Bonanza</td></tr><tr><td><b>PARCEL</b></td><td>13927403002</td></tr><tr><td><b>APPLICANT</b></td><td>LAMAR</td></tr><tr><td><b>APPLY_DATE</b></td><td>10/3/1983</td></tr><tr><td><b>Pin Title</b></td><td>LM</td></tr><tr><td><b>Pin Color Code</b></td><td>Orange</td></tr></table>]]></description>
<Point>
<coordinates>-115.1431683,36.17562172,0</coordinates>
</Point>
</Placemark>
<Placemark>
<name>49</name>
<styleUrl>#style_ff00a5ff_570520</styleUrl>
<description><![CDATA[<table border='1' cellpadding='4' cellspacing='0'><tr><td><b>Billboard ID</b></td><td>49</td></tr><tr><td><b>STREET_NUM</b></td><td>650</td></tr><tr><td><b>STREET_DIR</b></td><td>E</td></tr><tr><td><b>STREET_NAM</b></td><td>Bonanza</td></tr><tr><td><b>PARCEL</b></td><td>13927804003</td></tr><tr><td><b>APPLICANT</b></td><td>LAMAR</td></tr><tr><td><b>APPLY_DATE</b></td><td> </td></tr><tr><td><b>Pin Title</b></td><td>LM</td></tr><tr><td><b>Pin Color Code</b></td><td>Orange</td></tr></table>]]></description>
<Point>
<coordinates>-115.135531,36.1739383,0</coordinates>
</Point>
</Placemark>
<Placemark>
<name>50</name>
<styleUrl>#style_ff00a5ff_570520</styleUrl>
<description><![CDATA[<table border='1' cellpadding='4' cellspacing='0'><tr><td><b>Billboard ID</b></td><td>50</td></tr><tr><td><b>STREET_NUM</b></td><td>369</td></tr><tr><td><b>STREET_DIR</b></td><td>N</td></tr><tr><td><b>STREET_NAM</b></td><td>13TH</td></tr><tr><td><b>PARCEL</b></td><td>13935101001</td></tr><tr><td><b>APPLICANT</b></td><td>LAMAR</td></tr><tr><td><b>APPLY_DATE</b></td><td>6/26/1995</td></tr><tr><td><b>Pin Title</b></td><td>LM</td></tr><tr><td><b>Pin Color Code</b></td><td>Orange</td></tr></table>]]></description>
<Point>
<coordinates>-115.1293983,36.17019124,0</coordinates>
</Point>
</Placemark>
<Placemark>
<name>51</name>
<styleUrl>#style_ff00a5ff_570520</styleUrl>
<description><![CDATA[<table border='1' cellpadding='4' cellspacing='0'><tr><td><b>Billboard ID</b></td><td>51</td></tr><tr><td><b>STREET_NUM</b></td><td>3300</td></tr><tr><td><b>STREET_DIR</b></td><td>E</td></tr><tr><td><b>STREET_NAM</b></td><td>Bonanza</td></tr><tr><td><b>PARCEL</b></td><td>13936502004</td></tr><tr><td><b>APPLICANT</b></td><td>LAMAR</td></tr><tr><td><b>APPLY_DATE</b></td><td> </td></tr><tr><td><b>Pin Title</b></td><td>LM</td></tr><tr><td><b>Pin Color Code</b></td><td>Orange</td></tr></table>]]></description>
<Point>
<coordinates>-115.1046873,36.16810998,0</coordinates>
</Point>
</Placemark>
<Placemark>
<name>52</name>
<styleUrl>#style_ff00a5ff_570520</styleUrl>
<description><![CDATA[<table border='1' cellpadding='4' cellspacing='0'><tr><td><b>Billboard ID</b></td><td>52</td></tr><tr><td><b>STREET_NUM</b></td><td>3300</td></tr><tr><td><b>STREET_DIR</b></td><td>E</td></tr><tr><td><b>STREET_NAM</b></td><td>Bonanza</td></tr><tr><td><b>PARCEL</b></td><td>13936502004</td></tr><tr><td><b>APPLICANT</b></td><td>LAMAR</td></tr><tr><td><b>APPLY_DATE</b></td><td> </td></tr><tr><td><b>Pin Title</b></td><td>LM</td></tr><tr><td><b>Pin Color Code</b></td><td>Orange</td></tr></table>]]></description>
<Point>
<coordinates>-115.1028205,36.16799597,0</coordinates>
</Point>
</Placemark>
<Placemark>
<name>53</name>
<styleUrl>#style_ff00a5ff_570520</styleUrl>
<description><![CDATA[<table border='1' cellpadding='4' cellspacing='0'><tr><td><b>Billboard ID</b></td><td>53</td></tr><tr><td><b>STREET_NUM</b></td><td>3300</td></tr><tr><td><b>STREET_DIR</b></td><td>E</td></tr><tr><td><b>STREET_NAM</b></td><td>Bonanza</td></tr><tr><td><b>PARCEL</b></td><td>13936502004</td></tr><tr><td><b>APPLICANT</b></td><td>LAMAR</td></tr><tr><td><b>APPLY_DATE</b></td><td> </td></tr><tr><td><b>Pin Title</b></td><td>LM</td></tr><tr><td><b>Pin Color Code</b></td><td>Orange</td></tr></table>]]></description>
<Point>
<coordinates>-115.1008962,36.16785579,0</coordinates>
</Point>
</Placemark>
<Placemark>
<name>54</name>
<styleUrl>#style_ff00a5ff_570520</styleUrl>
<description><![CDATA[<table border='1' cellpadding='4' cellspacing='0'><tr><td><b>Billboard ID</b></td><td>54</td></tr><tr><td><b>STREET_NUM</b></td><td>3300</td></tr><tr><td><b>STREET_DIR</b></td><td>E</td></tr><tr><td><b>STREET_NAM</b></td><td>Bonanza</td></tr><tr><td><b>PARCEL</b></td><td>13936502004</td></tr><tr><td><b>APPLICANT</b></td><td>LAMAR</td></tr><tr><td><b>APPLY_DATE</b></td><td> </td></tr><tr><td><b>Pin Title</b></td><td>LM</td></tr><tr><td><b>Pin Color Code</b></td><td>Orange</td></tr></table>]]></description>
<Point>
<coordinates>-115.098979,36.16738998,0</coordinates>
</Point>
</Placemark>
<Placemark>
<name>55</name>
<styleUrl>#style_ff00a5ff_570520</styleUrl>
<description><![CDATA[<table border='1' cellpadding='4' cellspacing='0'><tr><td><b>Billboard ID</b></td><td>55</td></tr><tr><td><b>STREET_NUM</b></td><td>2800</td></tr><tr><td><b>STREET_DIR</b></td><td> </td></tr><tr><td><b>STREET_NAM</b></td><td>Marlin</td></tr><tr><td><b>PARCEL</b></td><td>13936213001</td></tr><tr><td><b>APPLICANT</b></td><td>LAMAR</td></tr><tr><td><b>APPLY_DATE</b></td><td>9/25/1995</td></tr><tr><td><b>Pin Title</b></td><td>LM</td></tr><tr><td><b>Pin Color Code</b></td><td>Orange</td></tr></table>]]></description>
<Point>
<coordinates>-115.1114914,36.16723329,0</coordinates>
</Point>
</Placemark>
<Placemark>
<name>58</name>
<styleUrl>#style_ff00a5ff_570520</styleUrl>
<description><![CDATA[<table border='1' cellpadding='4' cellspacing='0'><tr><td><b>Billboard ID</b></td><td>58</td></tr><tr><td><b>STREET_NUM</b></td><td>339</td></tr><tr><td><b>STREET_DIR</b></td><td>N</td></tr><tr><td><b>STREET_NAM</b></td><td>13th</td></tr><tr><td><b>PARCEL</b></td><td>13935201003</td></tr><tr><td><b>APPLICANT</b></td><td>LAMAR</td></tr><tr><td><b>APPLY_DATE</b></td><td> </td></tr><tr><td><b>Pin Title</b></td><td>LM</td></tr><tr><td><b>Pin Color Code</b></td><td>Orange</td></tr></table>]]></description>
<Point>
<coordinates>-115.1294007,36.16947363,0</coordinates>
</Point>
</Placemark>
<Placemark>
<name>59</name>
<styleUrl>#style_ff00a5ff_570520</styleUrl>
<description><![CDATA[<table border='1' cellpadding='4' cellspacing='0'><tr><td><b>Billboard ID</b></td><td>59</td></tr><tr><td><b>STREET_NUM</b></td><td>0</td></tr><tr><td><b>STREET_DIR</b></td><td> </td></tr><tr><td><b>STREET_NAM</b></td><td> </td></tr><tr><td><b>PARCEL</b></td><td>13927499011</td></tr><tr><td><b>APPLICANT</b></td><td>LAMAR</td></tr><tr><td><b>APPLY_DATE</b></td><td> </td></tr><tr><td><b>Pin Title</b></td><td>LM</td></tr><tr><td><b>Pin Color Code</b></td><td>Orange</td></tr></table>]]></description>
<Point>
<coordinates>-115.146181,36.17520024,0</coordinates>
</Point>
</Placemark>
<Placemark>
<name>74</name>
<styleUrl>#style_ff00a5ff_570520</styleUrl>
<description><![CDATA[<table border='1' cellpadding='4' cellspacing='0'><tr><td><b>Billboard ID</b></td><td>74</td></tr><tr><td><b>STREET_NUM</b></td><td>2801</td></tr><tr><td><b>STREET_DIR</b></td><td>W</td></tr><tr><td><b>STREET_NAM</b></td><td>Westwood</td></tr><tr><td><b>PARCEL</b></td><td>16208604001</td></tr><tr><td><b>APPLICANT</b></td><td>LAMAR</td></tr><tr><td><b>APPLY_DATE</b></td><td> </td></tr><tr><td><b>Pin Title</b></td><td>LM</td></tr><tr><td><b>Pin Color Code</b></td><td>Orange</td></tr></table>]]></description>
<Point>
<coordinates>-115.174236,36.14001324,0</coordinates>
</Point>
</Placemark>
<Placemark>
<name>76</name>
<styleUrl>#style_ff00a5ff_570520</styleUrl>
<description><![CDATA[<table border='1' cellpadding='4' cellspacing='0'><tr><td><b>Billboard ID</b></td><td>76</td></tr><tr><td><b>STREET_NUM</b></td><td>3260</td></tr><tr><td><b>STREET_DIR</b></td><td>S</td></tr><tr><td><b>STREET_NAM</b></td><td>Rancho</td></tr><tr><td><b>PARCEL</b></td><td>16208418002</td></tr><tr><td><b>APPLICANT</b></td><td>LAMAR</td></tr><tr><td><b>APPLY_DATE</b></td><td>11/30/1995</td></tr><tr><td><b>Pin Title</b></td><td>LM</td></tr><tr><td><b>Pin Color Code</b></td><td>Orange</td></tr></table>]]></description>
<Point>
<coordinates>-115.1812814,36.13046025,0</coordinates>
</Point>
</Placemark>
<Placemark>
<name>83</name>
<styleUrl>#style_ff00a5ff_570520</styleUrl>
<description><![CDATA[<table border='1' cellpadding='4' cellspacing='0'><tr><td><b>Billboard ID</b></td><td>83</td></tr><tr><td><b>STREET_NUM</b></td><td>0</td></tr><tr><td><b>STREET_DIR</b></td><td> </td></tr><tr><td><b>STREET_NAM</b></td><td> </td></tr><tr><td><b>PARCEL</b></td><td>13933799008</td></tr><tr><td><b>APPLICANT</b></td><td>LAMAR</td></tr><tr><td><b>APPLY_DATE</b></td><td> </td></tr><tr><td><b>Pin Title</b></td><td>LM</td></tr><tr><td><b>Pin Color Code</b></td><td>Orange</td></tr></table>]]></description>
<Point>
<coordinates>-115.1606567,36.16448519,0</coordinates>
</Point>
</Placemark>
<Placemark>
<name>85</name>
<styleUrl>#style_ff00a5ff_570520</styleUrl>
<description><![CDATA[<table border='1' cellpadding='4' cellspacing='0'><tr><td><b>Billboard ID</b></td><td>85</td></tr><tr><td><b>STREET_NUM</b></td><td>351</td></tr><tr><td><b>STREET_DIR</b></td><td>S</td></tr><tr><td><b>STREET_NAM</b></td><td>Martin L King</td></tr><tr><td><b>PARCEL</b></td><td>13933699009</td></tr><tr><td><b>APPLICANT</b></td><td>LAMAR</td></tr><tr><td><b>APPLY_DATE</b></td><td>5/31/1983</td></tr><tr><td><b>Pin Title</b></td><td>LM</td></tr><tr><td><b>Pin Color Code</b></td><td>Orange</td></tr></table>]]></description>
<Point>
<coordinates>-115.1599212,36.16759254,0</coordinates>
</Point>
</Placemark>
<Placemark>
<name>89</name>
<styleUrl>#style_ff00a5ff_570520</styleUrl>
<description><![CDATA[<table border='1' cellpadding='4' cellspacing='0'><tr><td><b>Billboard ID</b></td><td>89</td></tr><tr><td><b>STREET_NUM</b></td><td>720</td></tr><tr><td><b>STREET_DIR</b></td><td>W</td></tr><tr><td><b>STREET_NAM</b></td><td>Mesquite</td></tr><tr><td><b>PARCEL</b></td><td>13928802001</td></tr><tr><td><b>APPLICANT</b></td><td>LAMAR</td></tr><tr><td><b>APPLY_DATE</b></td><td> </td></tr><tr><td><b>Pin Title</b></td><td>LM</td></tr><tr><td><b>Pin Color Code</b></td><td>Orange</td></tr></table>]]></description>
<Point>
<coordinates>-115.1518641,36.17606738,0</coordinates>
</Point>
</Placemark>
<Placemark>
<name>91</name>
<styleUrl>#style_ff00a5ff_570520</styleUrl>
<description><![CDATA[<table border='1' cellpadding='4' cellspacing='0'><tr><td><b>Billboard ID</b></td><td>91</td></tr><tr><td><b>STREET_NUM</b></td><td>1405</td></tr><tr><td><b>STREET_DIR</b></td><td>N</td></tr><tr><td><b>STREET_NAM</b></td><td>A St.</td></tr><tr><td><b>PARCEL</b></td><td>13927501003</td></tr><tr><td><b>APPLICANT</b></td><td>LAMAR</td></tr><tr><td><b>APPLY_DATE</b></td><td>1/31/1996</td></tr><tr><td><b>Pin Title</b></td><td>LM</td></tr><tr><td><b>Pin Color Code</b></td><td>Orange</td></tr></table>]]></description>
<Point>
<coordinates>-115.1429288,36.18619704,0</coordinates>
</Point>
</Placemark>
<Placemark>
<name>96</name>
<styleUrl>#style_ff00a5ff_570520</styleUrl>
<description><![CDATA[<table border='1' cellpadding='4' cellspacing='0'><tr><td><b>Billboard ID</b></td><td>96</td></tr><tr><td><b>STREET_NUM</b></td><td>2401</td></tr><tr><td><b>STREET_DIR</b></td><td>N</td></tr><tr><td><b>STREET_NAM</b></td><td>DECATUR</td></tr><tr><td><b>PARCEL</b></td><td>13813801083</td></tr><tr><td><b>APPLICANT</b></td><td>LAMAR</td></tr><tr><td><b>APPLY_DATE</b></td><td>7/21/1995</td></tr><tr><td><b>Pin Title</b></td><td>LM</td></tr><tr><td><b>Pin Color Code</b></td><td>Orange</td></tr></table>]]></description>
<Point>
<coordinates>-115.2060971,36.20336962,0</coordinates>
</Point>
</Placemark>
<Placemark>
<name>97</name>
<styleUrl>#style_ff00a5ff_570520</styleUrl>
<description><![CDATA[<table border='1' cellpadding='4' cellspacing='0'><tr><td><b>Billboard ID</b></td><td>97</td></tr><tr><td><b>STREET_NUM</b></td><td>2390</td></tr><tr><td><b>STREET_DIR</b></td><td>N</td></tr><tr><td><b>STREET_NAM</b></td><td>DECATUR</td></tr><tr><td><b>PARCEL</b></td><td>13919101001</td></tr><tr><td><b>APPLICANT</b></td><td>LAMAR</td></tr><tr><td><b>APPLY_DATE</b></td><td>9/21/1994</td></tr><tr><td><b>Pin Title</b></td><td>LM</td></tr><tr><td><b>Pin Color Code</b></td><td>Orange</td></tr></table>]]></description>
<Point>
<coordinates>-115.205081,36.20247391,0</coordinates>
</Point>
</Placemark>
<Placemark>
<name>100</name>
<styleUrl>#style_ff00a5ff_570520</styleUrl>
<description><![CDATA[<table border='1' cellpadding='4' cellspacing='0'><tr><td><b>Billboard ID</b></td><td>100</td></tr><tr><td><b>STREET_NUM</b></td><td>1060</td></tr><tr><td><b>STREET_DIR</b></td><td>S</td></tr><tr><td><b>STREET_NAM</b></td><td>RAINBOW</td></tr><tr><td><b>PARCEL</b></td><td>13834819014</td></tr><tr><td><b>APPLICANT</b></td><td>LAMAR</td></tr><tr><td><b>APPLY_DATE</b></td><td> </td></tr><tr><td><b>Pin Title</b></td><td>LM</td></tr><tr><td><b>Pin Color Code</b></td><td>Orange</td></tr></table>]]></description>
<Point>
<coordinates>-115.2432543,36.15967919,0</coordinates>
</Point>
</Placemark>
<Placemark>
<name>101</name>
<styleUrl>#style_ff00a5ff_570520</styleUrl>
<description><![CDATA[<table border='1' cellpadding='4' cellspacing='0'><tr><td><b>Billboard ID</b></td><td>101</td></tr><tr><td><b>STREET_NUM</b></td><td>6611</td></tr><tr><td><b>STREET_DIR</b></td><td>W</td></tr><tr><td><b>STREET_NAM</b></td><td>Charleston</td></tr><tr><td><b>PARCEL</b></td><td>16302104001</td></tr><tr><td><b>APPLICANT</b></td><td>LAMAR</td></tr><tr><td><b>APPLY_DATE</b></td><td>8/21/1995</td></tr><tr><td><b>Pin Title</b></td><td>LM</td></tr><tr><td><b>Pin Color Code</b></td><td>Orange</td></tr></table>]]></description>
<Point>
<coordinates>-115.239069,36.15891036,0</coordinates>
</Point>
</Placemark>
<Placemark>
<name>113</name>
<styleUrl>#style_ff00a5ff_570520</styleUrl>
<description><![CDATA[<table border='1' cellpadding='4' cellspacing='0'><tr><td><b>Billboard ID</b></td><td>113</td></tr><tr><td><b>STREET_NUM</b></td><td>4820</td></tr><tr><td><b>STREET_DIR</b></td><td>W</td></tr><tr><td><b>STREET_NAM</b></td><td>CHARLESTON</td></tr><tr><td><b>PARCEL</b></td><td>13836804008</td></tr><tr><td><b>APPLICANT</b></td><td>LAMAR</td></tr><tr><td><b>APPLY_DATE</b></td><td>1/13/1995</td></tr><tr><td><b>Pin Title</b></td><td>LM</td></tr><tr><td><b>Pin Color Code</b></td><td>Orange</td></tr></table>]]></description>
<Point>
<coordinates>-115.2069967,36.15932176,0</coordinates>
</Point>
</Placemark>
<Placemark>
<name>116</name>
<styleUrl>#style_ff00a5ff_570520</styleUrl>
<description><![CDATA[<table border='1' cellpadding='4' cellspacing='0'><tr><td><b>Billboard ID</b></td><td>116</td></tr><tr><td><b>STREET_NUM</b></td><td>3920</td></tr><tr><td><b>STREET_DIR</b></td><td>W</td></tr><tr><td><b>STREET_NAM</b></td><td>CHARLESTON</td></tr><tr><td><b>PARCEL</b></td><td>13931801018</td></tr><tr><td><b>APPLICANT</b></td><td>LAMAR</td></tr><tr><td><b>APPLY_DATE</b></td><td>6/2/1994</td></tr><tr><td><b>Pin Title</b></td><td>LM</td></tr><tr><td><b>Pin Color Code</b></td><td>Orange</td></tr></table>]]></description>
<Point>
<coordinates>-115.1940637,36.15918975,0</coordinates>
</Point>
</Placemark>
<Placemark>
<name>134</name>
<styleUrl>#style_ff00a5ff_570520</styleUrl>
<description><![CDATA[<table border='1' cellpadding='4' cellspacing='0'><tr><td><b>Billboard ID</b></td><td>134</td></tr><tr><td><b>STREET_NUM</b></td><td>2217</td></tr><tr><td><b>STREET_DIR</b></td><td>E</td></tr><tr><td><b>STREET_NAM</b></td><td>Fremont</td></tr><tr><td><b>PARCEL</b></td><td>13935819002</td></tr><tr><td><b>APPLICANT</b></td><td>LAMAR</td></tr><tr><td><b>APPLY_DATE</b></td><td> </td></tr><tr><td><b>Pin Title</b></td><td>LM</td></tr><tr><td><b>Pin Color Code</b></td><td>Orange</td></tr></table>]]></description>
<Point>
<coordinates>-115.1187079,36.16007595,0</coordinates>
</Point>
</Placemark>
<Placemark>
<name>135</name>
<styleUrl>#style_ff00a5ff_570520</styleUrl>
<description><![CDATA[<table border='1' cellpadding='4' cellspacing='0'><tr><td><b>Billboard ID</b></td><td>135</td></tr><tr><td><b>STREET_NUM</b></td><td>2217</td></tr><tr><td><b>STREET_DIR</b></td><td>E</td></tr><tr><td><b>STREET_NAM</b></td><td>Fremont</td></tr><tr><td><b>PARCEL</b></td><td>13935899020</td></tr><tr><td><b>APPLICANT</b></td><td>LAMAR</td></tr><tr><td><b>APPLY_DATE</b></td><td> </td></tr><tr><td><b>Pin Title</b></td><td>LM</td></tr><tr><td><b>Pin Color Code</b></td><td>Orange</td></tr></table>]]></description>
<Point>
<coordinates>-115.1183771,36.16026208,0</coordinates>
</Point>
</Placemark>
<Placemark>
<name>139</name>
<styleUrl>#style_ff00a5ff_570520</styleUrl>
<description><![CDATA[<table border='1' cellpadding='4' cellspacing='0'><tr><td><b>Billboard ID</b></td><td>139</td></tr><tr><td><b>STREET_NUM</b></td><td>500</td></tr><tr><td><b>STREET_DIR</b></td><td> </td></tr><tr><td><b>STREET_NAM</b></td><td>Fremont</td></tr><tr><td><b>PARCEL</b></td><td>13934699005</td></tr><tr><td><b>APPLICANT</b></td><td>LAMAR</td></tr><tr><td><b>APPLY_DATE</b></td><td> </td></tr><tr><td><b>Pin Title</b></td><td>LM</td></tr><tr><td><b>Pin Color Code</b></td><td>Orange</td></tr></table>]]></description>
<Point>
<coordinates>-115.1404131,36.16928344,0</coordinates>
</Point>
</Placemark>
<Placemark>
<name>141</name>
<styleUrl>#style_ff00a5ff_570520</styleUrl>
<description><![CDATA[<table border='1' cellpadding='4' cellspacing='0'><tr><td><b>Billboard ID</b></td><td>141</td></tr><tr><td><b>STREET_NUM</b></td><td>6070</td></tr><tr><td><b>STREET_DIR</b></td><td>W</td></tr><tr><td><b>STREET_NAM</b></td><td>SAHARA</td></tr><tr><td><b>PARCEL</b></td><td>16301401010</td></tr><tr><td><b>APPLICANT</b></td><td>LAMAR</td></tr><tr><td><b>APPLY_DATE</b></td><td>3/10/1995</td></tr><tr><td><b>Pin Title</b></td><td>LM</td></tr><tr><td><b>Pin Color Code</b></td><td>Orange</td></tr></table>]]></description>
<Point>
<coordinates>-115.2247306,36.14468367,0</coordinates>
</Point>
</Placemark>
<Placemark>
<name>142</name>
<styleUrl>#style_ff00a5ff_570520</styleUrl>
<description><![CDATA[<table border='1' cellpadding='4' cellspacing='0'><tr><td><b>Billboard ID</b></td><td>142</td></tr><tr><td><b>STREET_NUM</b></td><td>0</td></tr><tr><td><b>STREET_DIR</b></td><td> </td></tr><tr><td><b>STREET_NAM</b></td><td> </td></tr><tr><td><b>PARCEL</b></td><td>16207101019</td></tr><tr><td><b>APPLICANT</b></td><td>LAMAR</td></tr><tr><td><b>APPLY_DATE</b></td><td> </td></tr><tr><td><b>Pin Title</b></td><td>LM</td></tr><tr><td><b>Pin Color Code</b></td><td>Orange</td></tr></table>]]></description>
<Point>
<coordinates>-115.2003824,36.14419959,0</coordinates>
</Point>
</Placemark>
<Placemark>
<name>143</name>
<styleUrl>#style_ff00a5ff_570520</styleUrl>
<description><![CDATA[<table border='1' cellpadding='4' cellspacing='0'><tr><td><b>Billboard ID</b></td><td>143</td></tr><tr><td><b>STREET_NUM</b></td><td>3920</td></tr><tr><td><b>STREET_DIR</b></td><td>W</td></tr><tr><td><b>STREET_NAM</b></td><td>Sahara</td></tr><tr><td><b>PARCEL</b></td><td>16206801005</td></tr><tr><td><b>APPLICANT</b></td><td>LAMAR</td></tr><tr><td><b>APPLY_DATE</b></td><td>12/6/1995</td></tr><tr><td><b>Pin Title</b></td><td>LM</td></tr><tr><td><b>Pin Color Code</b></td><td>Orange</td></tr></table>]]></description>
<Point>
<coordinates>-115.1934371,36.14474083,0</coordinates>
</Point>
</Placemark>
<Placemark>
<name>145</name>
<styleUrl>#style_ff00a5ff_570520</styleUrl>
<description><![CDATA[<table border='1' cellpadding='4' cellspacing='0'><tr><td><b>Billboard ID</b></td><td>145</td></tr><tr><td><b>STREET_NUM</b></td><td>3641</td></tr><tr><td><b>STREET_DIR</b></td><td>W</td></tr><tr><td><b>STREET_NAM</b></td><td>Sahara</td></tr><tr><td><b>PARCEL</b></td><td>16208101007</td></tr><tr><td><b>APPLICANT</b></td><td>LAMAR</td></tr><tr><td><b>APPLY_DATE</b></td><td> </td></tr><tr><td><b>Pin Title</b></td><td>LM</td></tr><tr><td><b>Pin Color Code</b></td><td>Orange</td></tr></table>]]></description>
<Point>
<coordinates>-115.1897423,36.14410428,0</coordinates>
</Point>
</Placemark>
<Placemark>
<name>146</name>
<styleUrl>#style_ff00a5ff_570520</styleUrl>
<description><![CDATA[<table border='1' cellpadding='4' cellspacing='0'><tr><td><b>Billboard ID</b></td><td>146</td></tr><tr><td><b>STREET_NUM</b></td><td>3209</td></tr><tr><td><b>STREET_DIR</b></td><td>W</td></tr><tr><td><b>STREET_NAM</b></td><td>SAHARA</td></tr><tr><td><b>PARCEL</b></td><td>16208104001</td></tr><tr><td><b>APPLICANT</b></td><td>LAMAR</td></tr><tr><td><b>APPLY_DATE</b></td><td>11/18/1993</td></tr><tr><td><b>Pin Title</b></td><td>LM</td></tr><tr><td><b>Pin Color Code</b></td><td>Orange</td></tr></table>]]></description>
<Point>
<coordinates>-115.1851375,36.14405769,0</coordinates>
</Point>
</Placemark>
<Placemark>
<name>147</name>
<styleUrl>#style_ff00a5ff_570520</styleUrl>
<description><![CDATA[<table border='1' cellpadding='4' cellspacing='0'><tr><td><b>Billboard ID</b></td><td>147</td></tr><tr><td><b>STREET_NUM</b></td><td>3101</td></tr><tr><td><b>STREET_DIR</b></td><td>W</td></tr><tr><td><b>STREET_NAM</b></td><td>SAHARA</td></tr><tr><td><b>PARCEL</b></td><td>16208104004</td></tr><tr><td><b>APPLICANT</b></td><td>LAMAR</td></tr><tr><td><b>APPLY_DATE</b></td><td>3/24/1994</td></tr><tr><td><b>Pin Title</b></td><td>LM</td></tr><tr><td><b>Pin Color Code</b></td><td>Orange</td></tr></table>]]></description>
<Point>
<coordinates>-115.1839646,36.14410097,0</coordinates>
</Point>
</Placemark>
<Placemark>
<name>149</name>
<styleUrl>#style_ff00a5ff_570520</styleUrl>
<description><![CDATA[<table border='1' cellpadding='4' cellspacing='0'><tr><td><b>Billboard ID</b></td><td>149</td></tr><tr><td><b>STREET_NUM</b></td><td>2625</td></tr><tr><td><b>STREET_DIR</b></td><td>W</td></tr><tr><td><b>STREET_NAM</b></td><td>SAHARA</td></tr><tr><td><b>PARCEL</b></td><td>16208502013</td></tr><tr><td><b>APPLICANT</b></td><td>LAMAR</td></tr><tr><td><b>APPLY_DATE</b></td><td>10/13/1994</td></tr><tr><td><b>Pin Title</b></td><td>LM</td></tr><tr><td><b>Pin Color Code</b></td><td>Orange</td></tr></table>]]></description>
<Point>
<coordinates>-115.1769764,36.144035,0</coordinates>
</Point>
</Placemark>
<Placemark>
<name>151</name>
<styleUrl>#style_ff00a5ff_570520</styleUrl>
<description><![CDATA[<table border='1' cellpadding='4' cellspacing='0'><tr><td><b>Billboard ID</b></td><td>151</td></tr><tr><td><b>STREET_NUM</b></td><td>2550</td></tr><tr><td><b>STREET_DIR</b></td><td>S</td></tr><tr><td><b>STREET_NAM</b></td><td>HIGHLAND</td></tr><tr><td><b>PARCEL</b></td><td>16209199017</td></tr><tr><td><b>APPLICANT</b></td><td>LAMAR</td></tr><tr><td><b>APPLY_DATE</b></td><td>1/12/1995</td></tr><tr><td><b>Pin Title</b></td><td>LM</td></tr><tr><td><b>Pin Color Code</b></td><td>Orange</td></tr></table>]]></description>
<Point>
<coordinates>-115.1680657,36.14334548,0</coordinates>
</Point>
</Placemark>
<Placemark>
<name>152</name>
<styleUrl>#style_ff00a5ff_570520</styleUrl>
<description><![CDATA[<table border='1' cellpadding='4' cellspacing='0'><tr><td><b>Billboard ID</b></td><td>152</td></tr><tr><td><b>STREET_NUM</b></td><td>1516</td></tr><tr><td><b>STREET_DIR</b></td><td> </td></tr><tr><td><b>STREET_NAM</b></td><td>SCOTLAND</td></tr><tr><td><b>PARCEL</b></td><td>16204404016</td></tr><tr><td><b>APPLICANT</b></td><td>LAMAR</td></tr><tr><td><b>APPLY_DATE</b></td><td> </td></tr><tr><td><b>Pin Title</b></td><td>LM</td></tr><tr><td><b>Pin Color Code</b></td><td>Orange</td></tr></table>]]></description>
<Point>
<coordinates>-115.167837,36.14475348,0</coordinates>
</Point>
</Placemark>
<Placemark>
<name>155</name>
<styleUrl>#style_ff00a5ff_570520</styleUrl>
<description><![CDATA[<table border='1' cellpadding='4' cellspacing='0'><tr><td><b>Billboard ID</b></td><td>155</td></tr><tr><td><b>STREET_NUM</b></td><td>336</td></tr><tr><td><b>STREET_DIR</b></td><td>W</td></tr><tr><td><b>STREET_NAM</b></td><td>SAHARA</td></tr><tr><td><b>PARCEL</b></td><td>16204807002</td></tr><tr><td><b>APPLICANT</b></td><td>LAMAR</td></tr><tr><td><b>APPLY_DATE</b></td><td>7/20/1995</td></tr><tr><td><b>Pin Title</b></td><td>LM</td></tr><tr><td><b>Pin Color Code</b></td><td>Orange</td></tr></table>]]></description>
<Point>
<coordinates>-115.1625236,36.14419412,0</coordinates>
</Point>
</Placemark>
<Placemark>
<name>158</name>
<styleUrl>#style_ff00a5ff_570520</styleUrl>
<description><![CDATA[<table border='1' cellpadding='4' cellspacing='0'><tr><td><b>Billboard ID</b></td><td>158</td></tr><tr><td><b>STREET_NUM</b></td><td>2400</td></tr><tr><td><b>STREET_DIR</b></td><td>S</td></tr><tr><td><b>STREET_NAM</b></td><td>Las Vegas</td></tr><tr><td><b>PARCEL</b></td><td>16204812003</td></tr><tr><td><b>APPLICANT</b></td><td>LAMAR</td></tr><tr><td><b>APPLY_DATE</b></td><td> </td></tr><tr><td><b>Pin Title</b></td><td>LM</td></tr><tr><td><b>Pin Color Code</b></td><td>Orange</td></tr></table>]]></description>
<Point>
<coordinates>-115.1574834,36.14395119,0</coordinates>
</Point>
</Placemark>
<Placemark>
<name>173</name>
<styleUrl>#style_ff00a5ff_570520</styleUrl>
<description><![CDATA[<table border='1' cellpadding='4' cellspacing='0'><tr><td><b>Billboard ID</b></td><td>173</td></tr><tr><td><b>STREET_NUM</b></td><td>1920</td></tr><tr><td><b>STREET_DIR</b></td><td>E</td></tr><tr><td><b>STREET_NAM</b></td><td>Sahara</td></tr><tr><td><b>PARCEL</b></td><td>16202811067</td></tr><tr><td><b>APPLICANT</b></td><td>LAMAR</td></tr><tr><td><b>APPLY_DATE</b></td><td> </td></tr><tr><td><b>Pin Title</b></td><td>LM</td></tr><tr><td><b>Pin Color Code</b></td><td>Orange</td></tr></table>]]></description>
<Point>
<coordinates>-115.1221104,36.14460137,0</coordinates>
</Point>
</Placemark>
<Placemark>
<name>177</name>
<styleUrl>#style_ff00a5ff_570520</styleUrl>
<description><![CDATA[<table border='1' cellpadding='4' cellspacing='0'><tr><td><b>Billboard ID</b></td><td>177</td></tr><tr><td><b>STREET_NUM</b></td><td>3200</td></tr><tr><td><b>STREET_DIR</b></td><td>S</td></tr><tr><td><b>STREET_NAM</b></td><td>Rancho</td></tr><tr><td><b>PARCEL</b></td><td>16208418002</td></tr><tr><td><b>APPLICANT</b></td><td>LAMAR</td></tr><tr><td><b>APPLY_DATE</b></td><td>11/30/1995</td></tr><tr><td><b>Pin Title</b></td><td>LM</td></tr><tr><td><b>Pin Color Code</b></td><td>Orange</td></tr></table>]]></description>
<Point>
<coordinates>-115.1822342,36.13017981,0</coordinates>
</Point>
</Placemark>
<Placemark>
<name>178</name>
<styleUrl>#style_ff00a5ff_570520</styleUrl>
<description><![CDATA[<table border='1' cellpadding='4' cellspacing='0'><tr><td><b>Billboard ID</b></td><td>178</td></tr><tr><td><b>STREET_NUM</b></td><td>3720</td></tr><tr><td><b>STREET_DIR</b></td><td>W</td></tr><tr><td><b>STREET_NAM</b></td><td>DESERT INN</td></tr><tr><td><b>PARCEL</b></td><td>16208410033</td></tr><tr><td><b>APPLICANT</b></td><td>LAMAR</td></tr><tr><td><b>APPLY_DATE</b></td><td>2/1/1995</td></tr><tr><td><b>Pin Title</b></td><td>LM</td></tr><tr><td><b>Pin Color Code</b></td><td>Orange</td></tr></table>]]></description>
<Point>
<coordinates>-115.1887322,36.13039207,0</coordinates>
</Point>
</Placemark>
<Placemark>
<name>182</name>
<styleUrl>#style_ff00a5ff_570520</styleUrl>
<description><![CDATA[<table border='1' cellpadding='4' cellspacing='0'><tr><td><b>Billboard ID</b></td><td>182</td></tr><tr><td><b>STREET_NUM</b></td><td>3001</td></tr><tr><td><b>STREET_DIR</b></td><td>S</td></tr><tr><td><b>STREET_NAM</b></td><td>VALLEY VIEW</td></tr><tr><td><b>PARCEL</b></td><td>16207702004</td></tr><tr><td><b>APPLICANT</b></td><td>LAMAR</td></tr><tr><td><b>APPLY_DATE</b></td><td>4/18/1995</td></tr><tr><td><b>Pin Title</b></td><td>LM</td></tr><tr><td><b>Pin Color Code</b></td><td>Orange</td></tr></table>]]></description>
<Point>
<coordinates>-115.1907029,36.13678302,0</coordinates>
</Point>
</Placemark>
<Placemark>
<name>183</name>
<styleUrl>#style_ff00a5ff_570520</styleUrl>
<description><![CDATA[<table border='1' cellpadding='4' cellspacing='0'><tr><td><b>Billboard ID</b></td><td>183</td></tr><tr><td><b>STREET_NUM</b></td><td>2562</td></tr><tr><td><b>STREET_DIR</b></td><td>S</td></tr><tr><td><b>STREET_NAM</b></td><td>Valley View</td></tr><tr><td><b>PARCEL</b></td><td>16208101005</td></tr><tr><td><b>APPLICANT</b></td><td>LAMAR</td></tr><tr><td><b>APPLY_DATE</b></td><td> </td></tr><tr><td><b>Pin Title</b></td><td>LM</td></tr><tr><td><b>Pin Color Code</b></td><td>Orange</td></tr></table>]]></description>
<Point>
<coordinates>-115.1904401,36.14305955,0</coordinates>
</Point>
</Placemark>
<Placemark>
<name>184</name>
<styleUrl>#style_ff00a5ff_570520</styleUrl>
<description><![CDATA[<table border='1' cellpadding='4' cellspacing='0'><tr><td><b>Billboard ID</b></td><td>184</td></tr><tr><td><b>STREET_NUM</b></td><td>3900</td></tr><tr><td><b>STREET_DIR</b></td><td>W</td></tr><tr><td><b>STREET_NAM</b></td><td>CHARLESTON</td></tr><tr><td><b>PARCEL</b></td><td>13931801018</td></tr><tr><td><b>APPLICANT</b></td><td>LAMAR</td></tr><tr><td><b>APPLY_DATE</b></td><td>6/2/1994</td></tr><tr><td><b>Pin Title</b></td><td>LM</td></tr><tr><td><b>Pin Color Code</b></td><td>Orange</td></tr></table>]]></description>
<Point>
<coordinates>-115.1926773,36.15988642,0</coordinates>
</Point>
</Placemark>
<Placemark>
<name>186</name>
<styleUrl>#style_ff00a5ff_570520</styleUrl>
<description><![CDATA[<table border='1' cellpadding='4' cellspacing='0'><tr><td><b>Billboard ID</b></td><td>186</td></tr><tr><td><b>STREET_NUM</b></td><td>4800</td></tr><tr><td><b>STREET_DIR</b></td><td> </td></tr><tr><td><b>STREET_NAM</b></td><td>Alpine</td></tr><tr><td><b>PARCEL</b></td><td>13836802009</td></tr><tr><td><b>APPLICANT</b></td><td>LAMAR</td></tr><tr><td><b>APPLY_DATE</b></td><td> </td></tr><tr><td><b>Pin Title</b></td><td>LM</td></tr><tr><td><b>Pin Color Code</b></td><td>Orange</td></tr></table>]]></description>
<Point>
<coordinates>-115.2061957,36.16042892,0</coordinates>
</Point>
</Placemark>
<Placemark>
<name>187</name>
<styleUrl>#style_ff00a5ff_570520</styleUrl>
<description><![CDATA[<table border='1' cellpadding='4' cellspacing='0'><tr><td><b>Billboard ID</b></td><td>187</td></tr><tr><td><b>STREET_NUM</b></td><td>1351</td></tr><tr><td><b>STREET_DIR</b></td><td>S</td></tr><tr><td><b>STREET_NAM</b></td><td>DECATUR</td></tr><tr><td><b>PARCEL</b></td><td>16206211001</td></tr><tr><td><b>APPLICANT</b></td><td>LAMAR</td></tr><tr><td><b>APPLY_DATE</b></td><td>3/30/1995</td></tr><tr><td><b>Pin Title</b></td><td>LM</td></tr><tr><td><b>Pin Color Code</b></td><td>Orange</td></tr></table>]]></description>
<Point>
<coordinates>-115.2075783,36.15551466,0</coordinates>
</Point>
</Placemark>
<Placemark>
<name>190</name>
<styleUrl>#style_ff00a5ff_570520</styleUrl>
<description><![CDATA[<table border='1' cellpadding='4' cellspacing='0'><tr><td><b>Billboard ID</b></td><td>190</td></tr><tr><td><b>STREET_NUM</b></td><td>1624</td></tr><tr><td><b>STREET_DIR</b></td><td>S</td></tr><tr><td><b>STREET_NAM</b></td><td>Decatur</td></tr><tr><td><b>PARCEL</b></td><td>16301602006</td></tr><tr><td><b>APPLICANT</b></td><td>LAMAR</td></tr><tr><td><b>APPLY_DATE</b></td><td> </td></tr><tr><td><b>Pin Title</b></td><td>LM</td></tr><tr><td><b>Pin Color Code</b></td><td>Orange</td></tr></table>]]></description>
<Point>
<coordinates>-115.2085552,36.15194965,0</coordinates>
</Point>
</Placemark>
<Placemark>
<name>196</name>
<styleUrl>#style_ff00a5ff_570520</styleUrl>
<description><![CDATA[<table border='1' cellpadding='4' cellspacing='0'><tr><td><b>Billboard ID</b></td><td>196</td></tr><tr><td><b>STREET_NUM</b></td><td>3227</td></tr><tr><td><b>STREET_DIR</b></td><td>W</td></tr><tr><td><b>STREET_NAM</b></td><td>Meade</td></tr><tr><td><b>PARCEL</b></td><td>16208303007</td></tr><tr><td><b>APPLICANT</b></td><td>LAMAR</td></tr><tr><td><b>APPLY_DATE</b></td><td>6/16/1996</td></tr><tr><td><b>Pin Title</b></td><td>LM</td></tr><tr><td><b>Pin Color Code</b></td><td>Orange</td></tr></table>]]></description>
<Point>
<coordinates>-115.1847185,36.13620698,0</coordinates>
</Point>
</Placemark>
<Placemark>
<name>202</name>
<styleUrl>#style_ff00a5ff_570520</styleUrl>
<description><![CDATA[<table border='1' cellpadding='4' cellspacing='0'><tr><td><b>Billboard ID</b></td><td>202</td></tr><tr><td><b>STREET_NUM</b></td><td>1510</td></tr><tr><td><b>STREET_DIR</b></td><td>S</td></tr><tr><td><b>STREET_NAM</b></td><td>Las Vegas</td></tr><tr><td><b>PARCEL</b></td><td>16203210062</td></tr><tr><td><b>APPLICANT</b></td><td>LAMAR</td></tr><tr><td><b>APPLY_DATE</b></td><td> </td></tr><tr><td><b>Pin Title</b></td><td>LM</td></tr><tr><td><b>Pin Color Code</b></td><td>Orange</td></tr></table>]]></description>
<Point>
<coordinates>-115.1520434,36.15219389,0</coordinates>
</Point>
</Placemark>
<Placemark>
<name>205</name>
<styleUrl>#style_ff00a5ff_570520</styleUrl>
<description><![CDATA[<table border='1' cellpadding='4' cellspacing='0'><tr><td><b>Billboard ID</b></td><td>205</td></tr><tr><td><b>STREET_NUM</b></td><td>735</td></tr><tr><td><b>STREET_DIR</b></td><td>S</td></tr><tr><td><b>STREET_NAM</b></td><td>Las Vegas</td></tr><tr><td><b>PARCEL</b></td><td>13934410175</td></tr><tr><td><b>APPLICANT</b></td><td>LAMAR</td></tr><tr><td><b>APPLY_DATE</b></td><td> </td></tr><tr><td><b>Pin Title</b></td><td>LM</td></tr><tr><td><b>Pin Color Code</b></td><td>Orange</td></tr></table>]]></description>
<Point>
<coordinates>-115.1453982,36.16098768,0</coordinates>
</Point>
</Placemark>
<Placemark>
<name>206</name>
<styleUrl>#style_ff00a5ff_570520</styleUrl>
<description><![CDATA[<table border='1' cellpadding='4' cellspacing='0'><tr><td><b>Billboard ID</b></td><td>206</td></tr><tr><td><b>STREET_NUM</b></td><td>0</td></tr><tr><td><b>STREET_DIR</b></td><td> </td></tr><tr><td><b>STREET_NAM</b></td><td> </td></tr><tr><td><b>PARCEL</b></td><td>13934399002</td></tr><tr><td><b>APPLICANT</b></td><td>LAMAR</td></tr><tr><td><b>APPLY_DATE</b></td><td>11/20/1996</td></tr><tr><td><b>Pin Title</b></td><td>LM</td></tr><tr><td><b>Pin Color Code</b></td><td>Orange</td></tr></table>]]></description>
<Point>
<coordinates>-115.1443934,36.16321795,0</coordinates>
</Point>
</Placemark>
<Placemark>
<name>219</name>
<styleUrl>#style_ff00a5ff_570520</styleUrl>
<description><![CDATA[<table border='1' cellpadding='4' cellspacing='0'><tr><td><b>Billboard ID</b></td><td>219</td></tr><tr><td><b>STREET_NUM</b></td><td>2211</td></tr><tr><td><b>STREET_DIR</b></td><td>S</td></tr><tr><td><b>STREET_NAM</b></td><td>Maryland Pkwy</td></tr><tr><td><b>PARCEL</b></td><td>16202410089</td></tr><tr><td><b>APPLICANT</b></td><td>LAMAR</td></tr><tr><td><b>APPLY_DATE</b></td><td> </td></tr><tr><td><b>Pin Title</b></td><td>LM</td></tr><tr><td><b>Pin Color Code</b></td><td>Orange</td></tr></table>]]></description>
<Point>
<coordinates>-115.1367433,36.14590822,0</coordinates>
</Point>
</Placemark>
<Placemark>
<name>247</name>
<styleUrl>#style_ff00a5ff_570520</styleUrl>
<description><![CDATA[<table border='1' cellpadding='4' cellspacing='0'><tr><td><b>Billboard ID</b></td><td>247</td></tr><tr><td><b>STREET_NUM</b></td><td>1719</td></tr><tr><td><b>STREET_DIR</b></td><td> </td></tr><tr><td><b>STREET_NAM</b></td><td>Industrial</td></tr><tr><td><b>PARCEL</b></td><td>16204705001</td></tr><tr><td><b>APPLICANT</b></td><td>LAMAR</td></tr><tr><td><b>APPLY_DATE</b></td><td>4/8/1996</td></tr><tr><td><b>Pin Title</b></td><td>LM</td></tr><tr><td><b>Pin Color Code</b></td><td>Orange</td></tr></table>]]></description>
<Point>
<coordinates>-115.1603223,36.15040502,0</coordinates>
</Point>
</Placemark>
<Placemark>
<name>249</name>
<styleUrl>#style_ff00a5ff_570520</styleUrl>
<description><![CDATA[<table border='1' cellpadding='4' cellspacing='0'><tr><td><b>Billboard ID</b></td><td>249</td></tr><tr><td><b>STREET_NUM</b></td><td>1600</td></tr><tr><td><b>STREET_DIR</b></td><td> </td></tr><tr><td><b>STREET_NAM</b></td><td>Industrial</td></tr><tr><td><b>PARCEL</b></td><td>16204609001</td></tr><tr><td><b>APPLICANT</b></td><td>LAMAR</td></tr><tr><td><b>APPLY_DATE</b></td><td>2/1/1996</td></tr><tr><td><b>Pin Title</b></td><td>LM</td></tr><tr><td><b>Pin Color Code</b></td><td>Orange</td></tr></table>]]></description>
<Point>
<coordinates>-115.1603714,36.15234222,0</coordinates>
</Point>
</Placemark>
<Placemark>
<name>259</name>
<styleUrl>#style_ff00a5ff_570520</styleUrl>
<description><![CDATA[<table border='1' cellpadding='4' cellspacing='0'><tr><td><b>Billboard ID</b></td><td>259</td></tr><tr><td><b>STREET_NUM</b></td><td>1601</td></tr><tr><td><b>STREET_DIR</b></td><td>n</td></tr><tr><td><b>STREET_NAM</b></td><td>Dst</td></tr><tr><td><b>PARCEL</b></td><td>13922404002</td></tr><tr><td><b>APPLICANT</b></td><td>LAMAR</td></tr><tr><td><b>APPLY_DATE</b></td><td> </td></tr><tr><td><b>Pin Title</b></td><td>LM</td></tr><tr><td><b>Pin Color Code</b></td><td>Orange</td></tr></table>]]></description>
<Point>
<coordinates>-115.147074,36.18858306,0</coordinates>
</Point>
</Placemark>
<Placemark>
<name>268</name>
<styleUrl>#style_ff00a5ff_570520</styleUrl>
<description><![CDATA[<table border='1' cellpadding='4' cellspacing='0'><tr><td><b>Billboard ID</b></td><td>268</td></tr><tr><td><b>STREET_NUM</b></td><td>845</td></tr><tr><td><b>STREET_DIR</b></td><td>W</td></tr><tr><td><b>STREET_NAM</b></td><td>BONANZA</td></tr><tr><td><b>PARCEL</b></td><td>13928801008</td></tr><tr><td><b>APPLICANT</b></td><td>LAMAR</td></tr><tr><td><b>APPLY_DATE</b></td><td> </td></tr><tr><td><b>Pin Title</b></td><td>LM</td></tr><tr><td><b>Pin Color Code</b></td><td>Orange</td></tr></table>]]></description>
<Point>
<coordinates>-115.1540329,36.17695525,0</coordinates>
</Point>
</Placemark>
<Placemark>
<name>273</name>
<styleUrl>#style_ff00a5ff_570520</styleUrl>
<description><![CDATA[<table border='1' cellpadding='4' cellspacing='0'><tr><td><b>Billboard ID</b></td><td>273</td></tr><tr><td><b>STREET_NUM</b></td><td>4500</td></tr><tr><td><b>STREET_DIR</b></td><td>N</td></tr><tr><td><b>STREET_NAM</b></td><td>Rancho</td></tr><tr><td><b>PARCEL</b></td><td>13802202015</td></tr><tr><td><b>APPLICANT</b></td><td>LAMAR</td></tr><tr><td><b>APPLY_DATE</b></td><td> </td></tr><tr><td><b>Pin Title</b></td><td>LM</td></tr><tr><td><b>Pin Color Code</b></td><td>Orange</td></tr></table>]]></description>
<Point>
<coordinates>-115.2365749,36.24349818,0</coordinates>
</Point>
</Placemark>
<Placemark>
<name>274</name>
<styleUrl>#style_ff00a5ff_570520</styleUrl>
<description><![CDATA[<table border='1' cellpadding='4' cellspacing='0'><tr><td><b>Billboard ID</b></td><td>274</td></tr><tr><td><b>STREET_NUM</b></td><td>4401</td></tr><tr><td><b>STREET_DIR</b></td><td>N</td></tr><tr><td><b>STREET_NAM</b></td><td>Rancho</td></tr><tr><td><b>PARCEL</b></td><td>13802602001</td></tr><tr><td><b>APPLICANT</b></td><td>LAMAR</td></tr><tr><td><b>APPLY_DATE</b></td><td>2/1/1995</td></tr><tr><td><b>Pin Title</b></td><td>LM</td></tr><tr><td><b>Pin Color Code</b></td><td>Orange</td></tr></table>]]></description>
<Point>
<coordinates>-115.2335666,36.24013923,0</coordinates>
</Point>
</Placemark>
<Placemark>
<name>279</name>
<styleUrl>#style_ff00a5ff_570520</styleUrl>
<description><![CDATA[<table border='1' cellpadding='4' cellspacing='0'><tr><td><b>Billboard ID</b></td><td>279</td></tr><tr><td><b>STREET_NUM</b></td><td>3500</td></tr><tr><td><b>STREET_DIR</b></td><td>N</td></tr><tr><td><b>STREET_NAM</b></td><td>RANCHO</td></tr><tr><td><b>PARCEL</b></td><td>13812710044</td></tr><tr><td><b>APPLICANT</b></td><td>LAMAR</td></tr><tr><td><b>APPLY_DATE</b></td><td>7/21/1995</td></tr><tr><td><b>Pin Title</b></td><td>LM</td></tr><tr><td><b>Pin Color Code</b></td><td>Orange</td></tr></table>]]></description>
<Point>
<coordinates>-115.2163707,36.22227353,0</coordinates>
</Point>
</Placemark>
<Placemark>
<name>282</name>
<styleUrl>#style_ff00a5ff_570520</styleUrl>
<description><![CDATA[<table border='1' cellpadding='4' cellspacing='0'><tr><td><b>Billboard ID</b></td><td>282</td></tr><tr><td><b>STREET_NUM</b></td><td>0</td></tr><tr><td><b>STREET_DIR</b></td><td> </td></tr><tr><td><b>STREET_NAM</b></td><td> </td></tr><tr><td><b>PARCEL</b></td><td>13822514006</td></tr><tr><td><b>APPLICANT</b></td><td>LAMAR</td></tr><tr><td><b>APPLY_DATE</b></td><td>7/17/1991</td></tr><tr><td><b>Pin Title</b></td><td>LM</td></tr><tr><td><b>Pin Color Code</b></td><td>Orange</td></tr></table>]]></description>
<Point>
<coordinates>-115.2440137,36.20308234,0</coordinates>
</Point>
</Placemark>
<Placemark>
<name>283</name>
<styleUrl>#style_ff00a5ff_570520</styleUrl>
<description><![CDATA[<table border='1' cellpadding='4' cellspacing='0'><tr><td><b>Billboard ID</b></td><td>283</td></tr><tr><td><b>STREET_NUM</b></td><td>2021</td></tr><tr><td><b>STREET_DIR</b></td><td>N</td></tr><tr><td><b>STREET_NAM</b></td><td>Rainbow</td></tr><tr><td><b>PARCEL</b></td><td>13822514008</td></tr><tr><td><b>APPLICANT</b></td><td>LAMAR</td></tr><tr><td><b>APPLY_DATE</b></td><td> </td></tr><tr><td><b>Pin Title</b></td><td>LM</td></tr><tr><td><b>Pin Color Code</b></td><td>Orange</td></tr></table>]]></description>
<Point>
<coordinates>-115.2438125,36.19948583,0</coordinates>
</Point>
</Placemark>
<Placemark>
<name>285</name>
<styleUrl>#style_ff00a5ff_570520</styleUrl>
<description><![CDATA[<table border='1' cellpadding='4' cellspacing='0'><tr><td><b>Billboard ID</b></td><td>285</td></tr><tr><td><b>STREET_NUM</b></td><td>1841</td></tr><tr><td><b>STREET_DIR</b></td><td>N</td></tr><tr><td><b>STREET_NAM</b></td><td>RAINBOW</td></tr><tr><td><b>PARCEL</b></td><td>13822812001</td></tr><tr><td><b>APPLICANT</b></td><td>LAMAR</td></tr><tr><td><b>APPLY_DATE</b></td><td>7/16/2003</td></tr><tr><td><b>Pin Title</b></td><td>LM</td></tr><tr><td><b>Pin Color Code</b></td><td>Orange</td></tr></table>]]></description>
<Point>
<coordinates>-115.2437423,36.19214218,0</coordinates>
</Point>
</Placemark>
<Placemark>
<name>286</name>
<styleUrl>#style_ff00a5ff_570520</styleUrl>
<description><![CDATA[<table border='1' cellpadding='4' cellspacing='0'><tr><td><b>Billboard ID</b></td><td>286</td></tr><tr><td><b>STREET_NUM</b></td><td>1910</td></tr><tr><td><b>STREET_DIR</b></td><td> </td></tr><tr><td><b>STREET_NAM</b></td><td>Rock Springs</td></tr><tr><td><b>PARCEL</b></td><td>13822711005</td></tr><tr><td><b>APPLICANT</b></td><td>LAMAR</td></tr><tr><td><b>APPLY_DATE</b></td><td> </td></tr><tr><td><b>Pin Title</b></td><td>LM</td></tr><tr><td><b>Pin Color Code</b></td><td>Orange</td></tr></table>]]></description>
<Point>
<coordinates>-115.2458245,36.19422704,0</coordinates>
</Point>
</Placemark>
<Placemark>
<name>288</name>
<styleUrl>#style_ff00a5ff_570520</styleUrl>
<description><![CDATA[<table border='1' cellpadding='4' cellspacing='0'><tr><td><b>Billboard ID</b></td><td>288</td></tr><tr><td><b>STREET_NUM</b></td><td>2350</td></tr><tr><td><b>STREET_DIR</b></td><td>N</td></tr><tr><td><b>STREET_NAM</b></td><td>RAINBOW</td></tr><tr><td><b>PARCEL</b></td><td>13823110001</td></tr><tr><td><b>APPLICANT</b></td><td>LAMAR</td></tr><tr><td><b>APPLY_DATE</b></td><td>6/7/1995</td></tr><tr><td><b>Pin Title</b></td><td>LM</td></tr><tr><td><b>Pin Color Code</b></td><td>Orange</td></tr></table>]]></description>
<Point>
<coordinates>-115.241874,36.2028,0</coordinates>
</Point>
</Placemark>
<Placemark>
<name>292</name>
<styleUrl>#style_ff00a5ff_570520</styleUrl>
<description><![CDATA[<table border='1' cellpadding='4' cellspacing='0'><tr><td><b>Billboard ID</b></td><td>292</td></tr><tr><td><b>STREET_NUM</b></td><td>1660</td></tr><tr><td><b>STREET_DIR</b></td><td>N</td></tr><tr><td><b>STREET_NAM</b></td><td>Rancho</td></tr><tr><td><b>PARCEL</b></td><td>13920421135</td></tr><tr><td><b>APPLICANT</b></td><td>LAMAR</td></tr><tr><td><b>APPLY_DATE</b></td><td> </td></tr><tr><td><b>Pin Title</b></td><td>LM</td></tr><tr><td><b>Pin Color Code</b></td><td>Orange</td></tr></table>]]></description>
<Point>
<coordinates>-115.1868307,36.18983936,0</coordinates>
</Point>
</Placemark>
<Placemark>
<name>299</name>
<styleUrl>#style_ff00a5ff_570520</styleUrl>
<description><![CDATA[<table border='1' cellpadding='4' cellspacing='0'><tr><td><b>Billboard ID</b></td><td>299</td></tr><tr><td><b>STREET_NUM</b></td><td>0</td></tr><tr><td><b>STREET_DIR</b></td><td> </td></tr><tr><td><b>STREET_NAM</b></td><td> </td></tr><tr><td><b>PARCEL</b></td><td>13927310089</td></tr><tr><td><b>APPLICANT</b></td><td>LAMAR</td></tr><tr><td><b>APPLY_DATE</b></td><td> </td></tr><tr><td><b>Pin Title</b></td><td>LM</td></tr><tr><td><b>Pin Color Code</b></td><td>Orange</td></tr></table>]]></description>
<Point>
<coordinates>-115.1472489,36.17856667,0</coordinates>
</Point>
</Placemark>
<Placemark>
<name>301</name>
<styleUrl>#style_ff00a5ff_570520</styleUrl>
<description><![CDATA[<table border='1' cellpadding='4' cellspacing='0'><tr><td><b>Billboard ID</b></td><td>301</td></tr><tr><td><b>STREET_NUM</b></td><td>601</td></tr><tr><td><b>STREET_DIR</b></td><td>W</td></tr><tr><td><b>STREET_NAM</b></td><td>Bonanza</td></tr><tr><td><b>PARCEL</b></td><td>13927401002</td></tr><tr><td><b>APPLICANT</b></td><td>LAMAR</td></tr><tr><td><b>APPLY_DATE</b></td><td> </td></tr><tr><td><b>Pin Title</b></td><td>LM</td></tr><tr><td><b>Pin Color Code</b></td><td>Orange</td></tr></table>]]></description>
<Point>
<coordinates>-115.1503759,36.17703807,0</coordinates>
</Point>
</Placemark>
<Placemark>
<name>326</name>
<styleUrl>#style_ff00a5ff_570520</styleUrl>
<description><![CDATA[<table border='1' cellpadding='4' cellspacing='0'><tr><td><b>Billboard ID</b></td><td>326</td></tr><tr><td><b>STREET_NUM</b></td><td>1900</td></tr><tr><td><b>STREET_DIR</b></td><td>W</td></tr><tr><td><b>STREET_NAM</b></td><td>Sahara</td></tr><tr><td><b>PARCEL</b></td><td>16204402007</td></tr><tr><td><b>APPLICANT</b></td><td>LAMAR</td></tr><tr><td><b>APPLY_DATE</b></td><td>1/6/1993</td></tr><tr><td><b>Pin Title</b></td><td>LM</td></tr><tr><td><b>Pin Color Code</b></td><td>Orange</td></tr></table>]]></description>
<Point>
<coordinates>-115.1692999,36.14522152,0</coordinates>
</Point>
</Placemark>
<Placemark>
<name>0</name>
<styleUrl>#style_ff00a5ff_570520</styleUrl>
<description><![CDATA[<table border='1' cellpadding='4' cellspacing='0'><tr><td><b>Billboard ID</b></td><td>0</td></tr><tr><td><b>STREET_NUM</b></td><td>4204</td></tr><tr><td><b>STREET_DIR</b></td><td>N</td></tr><tr><td><b>STREET_NAM</b></td><td>Tenaya</td></tr><tr><td><b>PARCEL</b></td><td>13803715003</td></tr><tr><td><b>APPLICANT</b></td><td>LAMAR</td></tr><tr><td><b>APPLY_DATE</b></td><td> </td></tr><tr><td><b>Pin Title</b></td><td>LM</td></tr><tr><td><b>Pin Color Code</b></td><td>Orange</td></tr></table>]]></description>
<Point>
<coordinates>-115.2477215,36.23771899,0</coordinates>
</Point>
</Placemark>
<Placemark>
<name>0</name>
<styleUrl>#style_ff00a5ff_570520</styleUrl>
<description><![CDATA[<table border='1' cellpadding='4' cellspacing='0'><tr><td><b>Billboard ID</b></td><td>0</td></tr><tr><td><b>STREET_NUM</b></td><td>0</td></tr><tr><td><b>STREET_DIR</b></td><td> </td></tr><tr><td><b>STREET_NAM</b></td><td>US 95</td></tr><tr><td><b>PARCEL</b></td><td>12517801002</td></tr><tr><td><b>APPLICANT</b></td><td>LAMAR</td></tr><tr><td><b>APPLY_DATE</b></td><td> </td></tr><tr><td><b>Pin Title</b></td><td>LM</td></tr><tr><td><b>Pin Color Code</b></td><td>Orange</td></tr></table>]]></description>
<Point>
<coordinates>-115.2830908,36.29386992,0</coordinates>
</Point>
</Placemark>
<Placemark>
<name>0</name>
<styleUrl>#style_ff00a5ff_570520</styleUrl>
<description><![CDATA[<table border='1' cellpadding='4' cellspacing='0'><tr><td><b>Billboard ID</b></td><td>0</td></tr><tr><td><b>STREET_NUM</b></td><td>7215</td></tr><tr><td><b>STREET_DIR</b></td><td> </td></tr><tr><td><b>STREET_NAM</b></td><td>Tule Springs</td></tr><tr><td><b>PARCEL</b></td><td>12517802011</td></tr><tr><td><b>APPLICANT</b></td><td>LAMAR</td></tr><tr><td><b>APPLY_DATE</b></td><td> </td></tr><tr><td><b>Pin Title</b></td><td>LM</td></tr><tr><td><b>Pin Color Code</b></td><td>Orange</td></tr></table>]]></description>
<Point>
<coordinates>-115.2791628,36.29222877,0</coordinates>
</Point>
</Placemark>
<Placemark>
<name>0</name>
<styleUrl>#style_ff00a5ff_570520</styleUrl>
<description><![CDATA[<table border='1' cellpadding='4' cellspacing='0'><tr><td><b>Billboard ID</b></td><td>0</td></tr><tr><td><b>STREET_NUM</b></td><td>7275</td></tr><tr><td><b>STREET_DIR</b></td><td> </td></tr><tr><td><b>STREET_NAM</b></td><td>Tule Springs</td></tr><tr><td><b>PARCEL</b></td><td>12517802009</td></tr><tr><td><b>APPLICANT</b></td><td>LAMAR</td></tr><tr><td><b>APPLY_DATE</b></td><td> </td></tr><tr><td><b>Pin Title</b></td><td>LM</td></tr><tr><td><b>Pin Color Code</b></td><td>Orange</td></tr></table>]]></description>
<Point>
<coordinates>-115.2802449,36.29306432,0</coordinates>
</Point>
</Placemark>
<Placemark>
<name>0</name>
<styleUrl>#style_ff00a5ff_570520</styleUrl>
<description><![CDATA[<table border='1' cellpadding='4' cellspacing='0'><tr><td><b>Billboard ID</b></td><td>0</td></tr><tr><td><b>STREET_NUM</b></td><td>0</td></tr><tr><td><b>STREET_DIR</b></td><td> </td></tr><tr><td><b>STREET_NAM</b></td><td>US 95</td></tr><tr><td><b>PARCEL</b></td><td>12517802001</td></tr><tr><td><b>APPLICANT</b></td><td>LAMAR</td></tr><tr><td><b>APPLY_DATE</b></td><td> </td></tr><tr><td><b>Pin Title</b></td><td>LM</td></tr><tr><td><b>Pin Color Code</b></td><td>Orange</td></tr></table>]]></description>
<Point>
<coordinates>-115.2813527,36.29420052,0</coordinates>
</Point>
</Placemark>
<Placemark>
<name>0</name>
<styleUrl>#style_ff00a5ff_570520</styleUrl>
<description><![CDATA[<table border='1' cellpadding='4' cellspacing='0'><tr><td><b>Billboard ID</b></td><td>0</td></tr><tr><td><b>STREET_NUM</b></td><td>0</td></tr><tr><td><b>STREET_DIR</b></td><td> </td></tr><tr><td><b>STREET_NAM</b></td><td>US 95</td></tr><tr><td><b>PARCEL</b></td><td>12517802001</td></tr><tr><td><b>APPLICANT</b></td><td>LAMAR</td></tr><tr><td><b>APPLY_DATE</b></td><td> </td></tr><tr><td><b>Pin Title</b></td><td>LM</td></tr><tr><td><b>Pin Color Code</b></td><td>Orange</td></tr></table>]]></description>
<Point>
<coordinates>-115.2823983,36.29534116,0</coordinates>
</Point>
</Placemark>
<Placemark>
<name>0</name>
<styleUrl>#style_ff00a5ff_570520</styleUrl>
<description><![CDATA[<table border='1' cellpadding='4' cellspacing='0'><tr><td><b>Billboard ID</b></td><td>0</td></tr><tr><td><b>STREET_NUM</b></td><td>0</td></tr><tr><td><b>STREET_DIR</b></td><td> </td></tr><tr><td><b>STREET_NAM</b></td><td>Ranco</td></tr><tr><td><b>PARCEL</b></td><td>13918410015</td></tr><tr><td><b>APPLICANT</b></td><td>LAMAR</td></tr><tr><td><b>APPLY_DATE</b></td><td> </td></tr><tr><td><b>Pin Title</b></td><td>LM</td></tr><tr><td><b>Pin Color Code</b></td><td>Orange</td></tr></table>]]></description>
<Point>
<coordinates>-115.2038916,36.20776327,0</coordinates>
</Point>
</Placemark>
<Placemark>
<name>0</name>
<styleUrl>#style_ff00a5ff_570520</styleUrl>
<description><![CDATA[<table border='1' cellpadding='4' cellspacing='0'><tr><td><b>Billboard ID</b></td><td>0</td></tr><tr><td><b>STREET_NUM</b></td><td>0</td></tr><tr><td><b>STREET_DIR</b></td><td> </td></tr><tr><td><b>STREET_NAM</b></td><td>Decatur</td></tr><tr><td><b>PARCEL</b></td><td>16219201003</td></tr><tr><td><b>APPLICANT</b></td><td>LAMAR</td></tr><tr><td><b>APPLY_DATE</b></td><td> </td></tr><tr><td><b>Pin Title</b></td><td>LM</td></tr><tr><td><b>Pin Color Code</b></td><td>Orange</td></tr></table>]]></description>
<Point>
<coordinates>-115.2053508,36.20769994,0</coordinates>
</Point>
</Placemark>
<Placemark>
<name>0</name>
<styleUrl>#style_ff00a5ff_570520</styleUrl>
<description><![CDATA[<table border='1' cellpadding='4' cellspacing='0'><tr><td><b>Billboard ID</b></td><td>0</td></tr><tr><td><b>STREET_NUM</b></td><td>2395</td></tr><tr><td><b>STREET_DIR</b></td><td>N</td></tr><tr><td><b>STREET_NAM</b></td><td>Rancho</td></tr><tr><td><b>PARCEL</b></td><td>13919102001</td></tr><tr><td><b>APPLICANT</b></td><td>LAMAR</td></tr><tr><td><b>APPLY_DATE</b></td><td>3/30/1995</td></tr><tr><td><b>Pin Title</b></td><td>LM</td></tr><tr><td><b>Pin Color Code</b></td><td>Orange</td></tr></table>]]></description>
<Point>
<coordinates>-115.1989897,36.2023093,0</coordinates>
</Point>
</Placemark>
<Placemark>
<name>0</name>
<styleUrl>#style_ff00a5ff_570520</styleUrl>
<description><![CDATA[<table border='1' cellpadding='4' cellspacing='0'><tr><td><b>Billboard ID</b></td><td>0</td></tr><tr><td><b>STREET_NUM</b></td><td>1400</td></tr><tr><td><b>STREET_DIR</b></td><td>W</td></tr><tr><td><b>STREET_NAM</b></td><td>Sutter</td></tr><tr><td><b>PARCEL</b></td><td>16209198001</td></tr><tr><td><b>APPLICANT</b></td><td>LAMAR</td></tr><tr><td><b>APPLY_DATE</b></td><td> </td></tr><tr><td><b>Pin Title</b></td><td>LM</td></tr><tr><td><b>Pin Color Code</b></td><td>Orange</td></tr></table>]]></description>
<Point>
<coordinates>-115.1664352,36.14379732,0</coordinates>
</Point>
</Placemark>
<Placemark>
<name>0</name>
<styleUrl>#style_ff00a5ff_570520</styleUrl>
<description><![CDATA[<table border='1' cellpadding='4' cellspacing='0'><tr><td><b>Billboard ID</b></td><td>0</td></tr><tr><td><b>STREET_NUM</b></td><td>1109</td></tr><tr><td><b>STREET_DIR</b></td><td>S</td></tr><tr><td><b>STREET_NAM</b></td><td>Western</td></tr><tr><td><b>PARCEL</b></td><td>16204504001</td></tr><tr><td><b>APPLICANT</b></td><td>LAMAR</td></tr><tr><td><b>APPLY_DATE</b></td><td>10/21/1996</td></tr><tr><td><b>Pin Title</b></td><td>LM</td></tr><tr><td><b>Pin Color Code</b></td><td>Orange</td></tr></table>]]></description>
<Point>
<coordinates>-115.1594416,36.1586133,0</coordinates>
</Point>
</Placemark>
<Placemark>
<name>0</name>
<styleUrl>#style_ff00a5ff_570520</styleUrl>
<description><![CDATA[<table border='1' cellpadding='4' cellspacing='0'><tr><td><b>Billboard ID</b></td><td>0</td></tr><tr><td><b>STREET_NUM</b></td><td>3441</td></tr><tr><td><b>STREET_DIR</b></td><td>W</td></tr><tr><td><b>STREET_NAM</b></td><td>Sahara</td></tr><tr><td><b>PARCEL</b></td><td>16208110001</td></tr><tr><td><b>APPLICANT</b></td><td>LAMAR</td></tr><tr><td><b>APPLY_DATE</b></td><td>2/13/2003</td></tr><tr><td><b>Pin Title</b></td><td>LM</td></tr><tr><td><b>Pin Color Code</b></td><td>Orange</td></tr></table>]]></description>
<Point>
<coordinates>-115.1876169,36.14405117,0</coordinates>
</Point>
</Placemark>
<Placemark>
<name>0</name>
<styleUrl>#style_ff00a5ff_570520</styleUrl>
<description><![CDATA[<table border='1' cellpadding='4' cellspacing='0'><tr><td><b>Billboard ID</b></td><td>0</td></tr><tr><td><b>STREET_NUM</b></td><td>6695</td></tr><tr><td><b>STREET_DIR</b></td><td> </td></tr><tr><td><b>STREET_NAM</b></td><td>Osa Blanca</td></tr><tr><td><b>PARCEL</b></td><td>12521301003</td></tr><tr><td><b>APPLICANT</b></td><td>LAMAR</td></tr><tr><td><b>APPLY_DATE</b></td><td> </td></tr><tr><td><b>Pin Title</b></td><td>LM</td></tr><tr><td><b>Pin Color Code</b></td><td>Orange</td></tr></table>]]></description>
<Point>
<coordinates>-115.2730189,36.28280792,0</coordinates>
</Point>
</Placemark>
<Placemark>
<name>0</name>
<styleUrl>#style_ff00a5ff_570520</styleUrl>
<description><![CDATA[<table border='1' cellpadding='4' cellspacing='0'><tr><td><b>Billboard ID</b></td><td>0</td></tr><tr><td><b>STREET_NUM</b></td><td>210</td></tr><tr><td><b>STREET_DIR</b></td><td>E</td></tr><tr><td><b>STREET_NAM</b></td><td>Charleston</td></tr><tr><td><b>PARCEL</b></td><td>16203110039</td></tr><tr><td><b>APPLICANT</b></td><td>LAMAR</td></tr><tr><td><b>APPLY_DATE</b></td><td> </td></tr><tr><td><b>Pin Title</b></td><td>LM</td></tr><tr><td><b>Pin Color Code</b></td><td>Orange</td></tr></table>]]></description>
<Point>
<coordinates>-115.1517123,36.15864883,0</coordinates>
</Point>
</Placemark>
<Placemark>
<name>0</name>
<styleUrl>#style_ff00a5ff_570520</styleUrl>
<description><![CDATA[<table border='1' cellpadding='4' cellspacing='0'><tr><td><b>Billboard ID</b></td><td>0</td></tr><tr><td><b>STREET_NUM</b></td><td>1509</td></tr><tr><td><b>STREET_DIR</b></td><td> </td></tr><tr><td><b>STREET_NAM</b></td><td>Western</td></tr><tr><td><b>PARCEL</b></td><td>16204605005</td></tr><tr><td><b>APPLICANT</b></td><td>LAMAR</td></tr><tr><td><b>APPLY_DATE</b></td><td>7/22/2002</td></tr><tr><td><b>Pin Title</b></td><td>LM</td></tr><tr><td><b>Pin Color Code</b></td><td>Orange</td></tr></table>]]></description>
<Point>
<coordinates>-115.1607624,36.15351175,0</coordinates>
</Point>
</Placemark>
<Placemark>
<name>0</name>
<styleUrl>#style_ff00a5ff_570520</styleUrl>
<description><![CDATA[<table border='1' cellpadding='4' cellspacing='0'><tr><td><b>Billboard ID</b></td><td>0</td></tr><tr><td><b>STREET_NUM</b></td><td>0</td></tr><tr><td><b>STREET_DIR</b></td><td> </td></tr><tr><td><b>STREET_NAM</b></td><td>I 15</td></tr><tr><td><b>PARCEL</b></td><td>13922898001</td></tr><tr><td><b>APPLICANT</b></td><td>LAMAR</td></tr><tr><td><b>APPLY_DATE</b></td><td> </td></tr><tr><td><b>Pin Title</b></td><td>LM</td></tr><tr><td><b>Pin Color Code</b></td><td>Orange</td></tr></table>]]></description>
<Point>
<coordinates>-115.1414844,36.1901276,0</coordinates>
</Point>
</Placemark>
<Placemark>
<name>0</name>
<styleUrl>#style_ff00a5ff_570520</styleUrl>
<description><![CDATA[<table border='1' cellpadding='4' cellspacing='0'><tr><td><b>Billboard ID</b></td><td>0</td></tr><tr><td><b>STREET_NUM</b></td><td>4510</td></tr><tr><td><b>STREET_DIR</b></td><td> </td></tr><tr><td><b>STREET_NAM</b></td><td>Charleston</td></tr><tr><td><b>PARCEL</b></td><td>14032401006</td></tr><tr><td><b>APPLICANT</b></td><td>LAMAR</td></tr><tr><td><b>APPLY_DATE</b></td><td>8/16/2003</td></tr><tr><td><b>Pin Title</b></td><td>LM</td></tr><tr><td><b>Pin Color Code</b></td><td>Orange</td></tr></table>]]></description>
<Point>
<coordinates>-115.0769785,36.15933664,0</coordinates>
</Point>
</Placemark>
<Placemark>
<name>0</name>
<styleUrl>#style_ff00a5ff_570520</styleUrl>
<description><![CDATA[<table border='1' cellpadding='4' cellspacing='0'><tr><td><b>Billboard ID</b></td><td>0</td></tr><tr><td><b>STREET_NUM</b></td><td>0</td></tr><tr><td><b>STREET_DIR</b></td><td> </td></tr><tr><td><b>STREET_NAM</b></td><td> </td></tr><tr><td><b>PARCEL</b></td><td>12534712009</td></tr><tr><td><b>APPLICANT</b></td><td>LAMAR</td></tr><tr><td><b>APPLY_DATE</b></td><td>7/17/1991</td></tr><tr><td><b>Pin Title</b></td><td>LM</td></tr><tr><td><b>Pin Color Code</b></td><td>Orange</td></tr></table>]]></description>
<Point>
<coordinates>-115.2438358,36.25311486,0</coordinates>
</Point>
</Placemark>
<Placemark>
<name>0</name>
<styleUrl>#style_ff00a5ff_570520</styleUrl>
<description><![CDATA[<table border='1' cellpadding='4' cellspacing='0'><tr><td><b>Billboard ID</b></td><td>0</td></tr><tr><td><b>STREET_NUM</b></td><td>3204</td></tr><tr><td><b>STREET_DIR</b></td><td> </td></tr><tr><td><b>STREET_NAM</b></td><td> Fremont</td></tr><tr><td><b>PARCEL</b></td><td>16201801003</td></tr><tr><td><b>APPLICANT</b></td><td>LAMAR</td></tr><tr><td><b>APPLY_DATE</b></td><td> </td></tr><tr><td><b>Pin Title</b></td><td>LM</td></tr><tr><td><b>Pin Color Code</b></td><td>Orange</td></tr></table>]]></description>
<Point>
<coordinates>-115.1048069,36.1478452,0</coordinates>
</Point>
</Placemark>
<Placemark>
<name>0</name>
<styleUrl>#style_ff00a5ff_570520</styleUrl>
<description><![CDATA[<table border='1' cellpadding='4' cellspacing='0'><tr><td><b>Billboard ID</b></td><td>0</td></tr><tr><td><b>STREET_NUM</b></td><td>120</td></tr><tr><td><b>STREET_DIR</b></td><td>N</td></tr><tr><td><b>STREET_NAM</b></td><td>JONES</td></tr><tr><td><b>PARCEL</b></td><td>13825417004</td></tr><tr><td><b>APPLICANT</b></td><td>LAMAR</td></tr><tr><td><b>APPLY_DATE</b></td><td> </td></tr><tr><td><b>Pin Title</b></td><td>LM</td></tr><tr><td><b>Pin Color Code</b></td><td>Orange</td></tr></table>]]></description>
<Point>
<coordinates>-115.2232445,36.1747387,0</coordinates>
</Point>
</Placemark>
<Placemark>
<name>0</name>
<styleUrl>#style_ff00a5ff_570520</styleUrl>
<description><![CDATA[<table border='1' cellpadding='4' cellspacing='0'><tr><td><b>Billboard ID</b></td><td>0</td></tr><tr><td><b>STREET_NUM</b></td><td>650</td></tr><tr><td><b>STREET_DIR</b></td><td>N</td></tr><tr><td><b>STREET_NAM</b></td><td>MOJAVE</td></tr><tr><td><b>PARCEL</b></td><td>13925802006</td></tr><tr><td><b>APPLICANT</b></td><td>Lamar</td></tr><tr><td><b>APPLY_DATE</b></td><td>7/9/2013</td></tr><tr><td><b>Pin Title</b></td><td>LM</td></tr><tr><td><b>Pin Color Code</b></td><td>Orange</td></tr></table>]]></description>
<Point>
<coordinates>-115.1055375,36.17394399,0</coordinates>
</Point>
</Placemark>
</Folder>
<Folder>
<name>LVB</name>
<Placemark>
<name>0</name>
<styleUrl>#style_ffff0000_3497067</styleUrl>
<description><![CDATA[<table border='1' cellpadding='4' cellspacing='0'><tr><td><b>Billboard ID</b></td><td>0</td></tr><tr><td><b>STREET_NUM</b></td><td>1571</td></tr><tr><td><b>STREET_DIR</b></td><td>N</td></tr><tr><td><b>STREET_NAM</b></td><td>Decatur</td></tr><tr><td><b>PARCEL</b></td><td>13825503003</td></tr><tr><td><b>APPLICANT</b></td><td>Las Vegas Billboards</td></tr><tr><td><b>APPLY_DATE</b></td><td>12/3/2003</td></tr><tr><td><b>Pin Title</b></td><td>LVB</td></tr><tr><td><b>Pin Color Code</b></td><td>Blue</td></tr></table>]]></description>
<Point>
<coordinates>-115.2074045,36.18801345,0</coordinates>
</Point>
</Placemark>
<Placemark>
<name>0</name>
<styleUrl>#style_ffff0000_3497067</styleUrl>
<description><![CDATA[<table border='1' cellpadding='4' cellspacing='0'><tr><td><b>Billboard ID</b></td><td>0</td></tr><tr><td><b>STREET_NUM</b></td><td>0</td></tr><tr><td><b>STREET_DIR</b></td><td> </td></tr><tr><td><b>STREET_NAM</b></td><td>SE Highland/Western</td></tr><tr><td><b>PARCEL</b></td><td>16204703001</td></tr><tr><td><b>APPLICANT</b></td><td>Las Vegas Billboards</td></tr><tr><td><b>APPLY_DATE</b></td><td>2/4/2004</td></tr><tr><td><b>Pin Title</b></td><td>LVB</td></tr><tr><td><b>Pin Color Code</b></td><td>Blue</td></tr></table>]]></description>
<Point>
<coordinates>-115.1627119,36.15109443,0</coordinates>
</Point>
</Placemark>
<Placemark>
<name>0</name>
<styleUrl>#style_ffff0000_3497067</styleUrl>
<description><![CDATA[<table border='1' cellpadding='4' cellspacing='0'><tr><td><b>Billboard ID</b></td><td>0</td></tr><tr><td><b>STREET_NUM</b></td><td>2101</td></tr><tr><td><b>STREET_DIR</b></td><td>S</td></tr><tr><td><b>STREET_NAM</b></td><td>Decatur</td></tr><tr><td><b>PARCEL</b></td><td>16301708004</td></tr><tr><td><b>APPLICANT</b></td><td>Las Vegas Billboards</td></tr><tr><td><b>APPLY_DATE</b></td><td>3/5/2003</td></tr><tr><td><b>Pin Title</b></td><td>LVB</td></tr><tr><td><b>Pin Color Code</b></td><td>Blue</td></tr></table>]]></description>
<Point>
<coordinates>-115.2085335,36.14897404,0</coordinates>
</Point>
</Placemark>
<Placemark>
<name>0</name>
<styleUrl>#style_ffff0000_3497067</styleUrl>
<description><![CDATA[<table border='1' cellpadding='4' cellspacing='0'><tr><td><b>Billboard ID</b></td><td>0</td></tr><tr><td><b>STREET_NUM</b></td><td>1615</td></tr><tr><td><b>STREET_DIR</b></td><td>N</td></tr><tr><td><b>STREET_NAM</b></td><td>Decatur</td></tr><tr><td><b>PARCEL</b></td><td>13824804013</td></tr><tr><td><b>APPLICANT</b></td><td>Las Vegas Billboards</td></tr><tr><td><b>APPLY_DATE</b></td><td>7/7/2004</td></tr><tr><td><b>Pin Title</b></td><td>LVB</td></tr><tr><td><b>Pin Color Code</b></td><td>Blue</td></tr></table>]]></description>
<Point>
<coordinates>-115.2066138,36.18864378,0</coordinates>
</Point>
</Placemark>
<Placemark>
<name>0</name>
<styleUrl>#style_ffff0000_3497067</styleUrl>
<description><![CDATA[<table border='1' cellpadding='4' cellspacing='0'><tr><td><b>Billboard ID</b></td><td>0</td></tr><tr><td><b>STREET_NUM</b></td><td>3542</td></tr><tr><td><b>STREET_DIR</b></td><td> </td></tr><tr><td><b>STREET_NAM</b></td><td>Sirius</td></tr><tr><td><b>PARCEL</b></td><td>16208303027</td></tr><tr><td><b>APPLICANT</b></td><td>Las Vegas Billboards</td></tr><tr><td><b>APPLY_DATE</b></td><td>10/6/2004</td></tr><tr><td><b>Pin Title</b></td><td>LVB</td></tr><tr><td><b>Pin Color Code</b></td><td>Blue</td></tr></table>]]></description>
<Point>
<coordinates>-115.1873117,36.13387471,0</coordinates>
</Point>
</Placemark>
<Placemark>
<name>0</name>
<styleUrl>#style_ffff0000_3497067</styleUrl>
<description><![CDATA[<table border='1' cellpadding='4' cellspacing='0'><tr><td><b>Billboard ID</b></td><td>0</td></tr><tr><td><b>STREET_NUM</b></td><td>3319</td></tr><tr><td><b>STREET_DIR</b></td><td> </td></tr><tr><td><b>STREET_NAM</b></td><td>Meade</td></tr><tr><td><b>PARCEL</b></td><td>16208303004</td></tr><tr><td><b>APPLICANT</b></td><td>Las Vegas Billboards</td></tr><tr><td><b>APPLY_DATE</b></td><td>10/6/2004</td></tr><tr><td><b>Pin Title</b></td><td>LVB</td></tr><tr><td><b>Pin Color Code</b></td><td>Blue</td></tr></table>]]></description>
<Point>
<coordinates>-115.1865864,36.1362115,0</coordinates>
</Point>
</Placemark>
<Placemark>
<name>0</name>
<styleUrl>#style_ffff0000_3497067</styleUrl>
<description><![CDATA[<table border='1' cellpadding='4' cellspacing='0'><tr><td><b>Billboard ID</b></td><td>0</td></tr><tr><td><b>STREET_NUM</b></td><td>1985</td></tr><tr><td><b>STREET_DIR</b></td><td> </td></tr><tr><td><b>STREET_NAM</b></td><td>Western</td></tr><tr><td><b>PARCEL</b></td><td>16204399009</td></tr><tr><td><b>APPLICANT</b></td><td>Las Vegas Billboards</td></tr><tr><td><b>APPLY_DATE</b></td><td>12/15/2004</td></tr><tr><td><b>Pin Title</b></td><td>LVB</td></tr><tr><td><b>Pin Color Code</b></td><td>Blue</td></tr></table>]]></description>
<Point>
<coordinates>-115.1643369,36.14853197,0</coordinates>
</Point>
</Placemark>
</Folder>
<Folder>
<name>OF</name>
<Placemark>
<name>28</name>
<styleUrl>#style_ff0000ff_7497067</styleUrl>
<description><![CDATA[<table border='1' cellpadding='4' cellspacing='0'><tr><td><b>Billboard ID</b></td><td>28</td></tr><tr><td><b>STREET_NUM</b></td><td>840</td></tr><tr><td><b>STREET_DIR</b></td><td>N</td></tr><tr><td><b>STREET_NAM</b></td><td>Rancho</td></tr><tr><td><b>PARCEL</b></td><td>13929702002</td></tr><tr><td><b>APPLICANT</b></td><td>Outfront</td></tr><tr><td><b>APPLY_DATE</b></td><td>3/16/1995</td></tr><tr><td><b>Pin Title</b></td><td>OF</td></tr><tr><td><b>Pin Color Code</b></td><td>Brown</td></tr></table>]]></description>
<Point>
<coordinates>-115.1780259,36.18018807,0</coordinates>
</Point>
</Placemark>
<Placemark>
<name>47</name>
<styleUrl>#style_ff0000ff_7497067</styleUrl>
<description><![CDATA[<table border='1' cellpadding='4' cellspacing='0'><tr><td><b>Billboard ID</b></td><td>47</td></tr><tr><td><b>STREET_NUM</b></td><td>0</td></tr><tr><td><b>STREET_DIR</b></td><td> </td></tr><tr><td><b>STREET_NAM</b></td><td> </td></tr><tr><td><b>PARCEL</b></td><td>13927499013</td></tr><tr><td><b>APPLICANT</b></td><td>Outfront</td></tr><tr><td><b>APPLY_DATE</b></td><td> </td></tr><tr><td><b>Pin Title</b></td><td>OF</td></tr><tr><td><b>Pin Color Code</b></td><td>Brown</td></tr></table>]]></description>
<Point>
<coordinates>-115.1458713,36.17579063,0</coordinates>
</Point>
</Placemark>
<Placemark>
<name>62</name>
<styleUrl>#style_ff0000ff_7497067</styleUrl>
<description><![CDATA[<table border='1' cellpadding='4' cellspacing='0'><tr><td><b>Billboard ID</b></td><td>62</td></tr><tr><td><b>STREET_NUM</b></td><td>0</td></tr><tr><td><b>STREET_DIR</b></td><td> </td></tr><tr><td><b>STREET_NAM</b></td><td> </td></tr><tr><td><b>PARCEL</b></td><td>13933511004</td></tr><tr><td><b>APPLICANT</b></td><td>Outfront</td></tr><tr><td><b>APPLY_DATE</b></td><td> </td></tr><tr><td><b>Pin Title</b></td><td>OF</td></tr><tr><td><b>Pin Color Code</b></td><td>Brown</td></tr></table>]]></description>
<Point>
<coordinates>-115.154954,36.17214644,0</coordinates>
</Point>
</Placemark>
<Placemark>
<name>82</name>
<styleUrl>#style_ff0000ff_7497067</styleUrl>
<description><![CDATA[<table border='1' cellpadding='4' cellspacing='0'><tr><td><b>Billboard ID</b></td><td>82</td></tr><tr><td><b>STREET_NUM</b></td><td>2320</td></tr><tr><td><b>STREET_DIR</b></td><td>S</td></tr><tr><td><b>STREET_NAM</b></td><td>RANCHO</td></tr><tr><td><b>PARCEL</b></td><td>16204412011</td></tr><tr><td><b>APPLICANT</b></td><td>Outfront</td></tr><tr><td><b>APPLY_DATE</b></td><td>1/19/1995</td></tr><tr><td><b>Pin Title</b></td><td>OF</td></tr><tr><td><b>Pin Color Code</b></td><td>Brown</td></tr></table>]]></description>
<Point>
<coordinates>-115.171648,36.14499738,0</coordinates>
</Point>
</Placemark>
<Placemark>
<name>275</name>
<styleUrl>#style_ff0000ff_7497067</styleUrl>
<description><![CDATA[<table border='1' cellpadding='4' cellspacing='0'><tr><td><b>Billboard ID</b></td><td>275</td></tr><tr><td><b>STREET_NUM</b></td><td>0</td></tr><tr><td><b>STREET_DIR</b></td><td>N</td></tr><tr><td><b>STREET_NAM</b></td><td>Rancho</td></tr><tr><td><b>PARCEL</b></td><td>13802803001</td></tr><tr><td><b>APPLICANT</b></td><td>Outfront</td></tr><tr><td><b>APPLY_DATE</b></td><td> </td></tr><tr><td><b>Pin Title</b></td><td>OF</td></tr><tr><td><b>Pin Color Code</b></td><td>Brown</td></tr></table>]]></description>
<Point>
<coordinates>-115.2262471,36.23230182,0</coordinates>
</Point>
</Placemark>
<Placemark>
<name>0</name>
<styleUrl>#style_ff0000ff_7497067</styleUrl>
<description><![CDATA[<table border='1' cellpadding='4' cellspacing='0'><tr><td><b>Billboard ID</b></td><td>0</td></tr><tr><td><b>STREET_NUM</b></td><td>7211</td></tr><tr><td><b>STREET_DIR</b></td><td> </td></tr><tr><td><b>STREET_NAM</b></td><td>Oso Blanca Rd.</td></tr><tr><td><b>PARCEL</b></td><td>12517801003</td></tr><tr><td><b>APPLICANT</b></td><td>Outfront</td></tr><tr><td><b>APPLY_DATE</b></td><td>7/7/2004</td></tr><tr><td><b>Pin Title</b></td><td>OF</td></tr><tr><td><b>Pin Color Code</b></td><td>Brown</td></tr></table>]]></description>
<Point>
<coordinates>-115.2816176,36.29206607,0</coordinates>
</Point>
</Placemark>
<Placemark>
<name>0</name>
<styleUrl>#style_ff0000ff_7497067</styleUrl>
<description><![CDATA[<table border='1' cellpadding='4' cellspacing='0'><tr><td><b>Billboard ID</b></td><td>0</td></tr><tr><td><b>STREET_NUM</b></td><td>333</td></tr><tr><td><b>STREET_DIR</b></td><td>N</td></tr><tr><td><b>STREET_NAM</b></td><td>11th</td></tr><tr><td><b>PARCEL</b></td><td>13935211041</td></tr><tr><td><b>APPLICANT</b></td><td>Outfront</td></tr><tr><td><b>APPLY_DATE</b></td><td>4/25/1995</td></tr><tr><td><b>Pin Title</b></td><td>OF</td></tr><tr><td><b>Pin Color Code</b></td><td>Brown</td></tr></table>]]></description>
<Point>
<coordinates>-115.1316148,36.17013691,0</coordinates>
</Point>
</Placemark>
<Placemark>
<name>0</name>
<styleUrl>#style_ff0000ff_7497067</styleUrl>
<description><![CDATA[<table border='1' cellpadding='4' cellspacing='0'><tr><td><b>Billboard ID</b></td><td>0</td></tr><tr><td><b>STREET_NUM</b></td><td>330</td></tr><tr><td><b>STREET_DIR</b></td><td>E</td></tr><tr><td><b>STREET_NAM</b></td><td>Charleston</td></tr><tr><td><b>PARCEL</b></td><td>16203115001</td></tr><tr><td><b>APPLICANT</b></td><td>Outfront</td></tr><tr><td><b>APPLY_DATE</b></td><td>8/1/1996</td></tr><tr><td><b>Pin Title</b></td><td>OF</td></tr><tr><td><b>Pin Color Code</b></td><td>Brown</td></tr></table>]]></description>
<Point>
<coordinates>-115.1495307,36.15864603,0</coordinates>
</Point>
</Placemark>
</Folder>
<Folder>
<name>PO</name>
<Placemark>
<name>2</name>
<styleUrl>#style_ff0000ff_7497067</styleUrl>
<description><![CDATA[<table border='1' cellpadding='4' cellspacing='0'><tr><td><b>Billboard ID</b></td><td>2</td></tr><tr><td><b>STREET_NUM</b></td><td>5501</td></tr><tr><td><b>STREET_DIR</b></td><td> </td></tr><tr><td><b>STREET_NAM</b></td><td>Drexel</td></tr><tr><td><b>PARCEL</b></td><td>12534501003</td></tr><tr><td><b>APPLICANT</b></td><td>Fletcher Jones</td></tr><tr><td><b>APPLY_DATE</b></td><td> </td></tr><tr><td><b>Pin Title</b></td><td>PO</td></tr><tr><td><b>Pin Color Code</b></td><td>Pink</td></tr></table>]]></description>
<Point>
<coordinates>-115.2518008,36.26264906,0</coordinates>
</Point>
</Placemark>
<Placemark>
<name>14</name>
<styleUrl>#style_ff0000ff_7497067</styleUrl>
<description><![CDATA[<table border='1' cellpadding='4' cellspacing='0'><tr><td><b>Billboard ID</b></td><td>14</td></tr><tr><td><b>STREET_NUM</b></td><td>2951</td></tr><tr><td><b>STREET_DIR</b></td><td>N</td></tr><tr><td><b>STREET_NAM</b></td><td>RANCHO</td></tr><tr><td><b>PARCEL</b></td><td>13813601019</td></tr><tr><td><b>APPLICANT</b></td><td>Rancho Oasis</td></tr><tr><td><b>APPLY_DATE</b></td><td>6/2/1995</td></tr><tr><td><b>Pin Title</b></td><td>PO</td></tr><tr><td><b>Pin Color Code</b></td><td>Pink</td></tr></table>]]></description>
<Point>
<coordinates>-115.20863,36.21287102,0</coordinates>
</Point>
</Placemark>
<Placemark>
<name>15</name>
<styleUrl>#style_ff0000ff_7497067</styleUrl>
<description><![CDATA[<table border='1' cellpadding='4' cellspacing='0'><tr><td><b>Billboard ID</b></td><td>15</td></tr><tr><td><b>STREET_NUM</b></td><td>2901</td></tr><tr><td><b>STREET_DIR</b></td><td>N</td></tr><tr><td><b>STREET_NAM</b></td><td>RANCHO</td></tr><tr><td><b>PARCEL</b></td><td>13813601019</td></tr><tr><td><b>APPLICANT</b></td><td>Rancho Oasis</td></tr><tr><td><b>APPLY_DATE</b></td><td>6/2/1995</td></tr><tr><td><b>Pin Title</b></td><td>PO</td></tr><tr><td><b>Pin Color Code</b></td><td>Pink</td></tr></table>]]></description>
<Point>
<coordinates>-115.2080126,36.21219113,0</coordinates>
</Point>
</Placemark>
<Placemark>
<name>21</name>
<styleUrl>#style_ff0000ff_7497067</styleUrl>
<description><![CDATA[<table border='1' cellpadding='4' cellspacing='0'><tr><td><b>Billboard ID</b></td><td>21</td></tr><tr><td><b>STREET_NUM</b></td><td>1998</td></tr><tr><td><b>STREET_DIR</b></td><td>N</td></tr><tr><td><b>STREET_NAM</b></td><td>RANCHO</td></tr><tr><td><b>PARCEL</b></td><td>13919714103</td></tr><tr><td><b>APPLICANT</b></td><td>Rancho Allen</td></tr><tr><td><b>APPLY_DATE</b></td><td>10/3/1996</td></tr><tr><td><b>Pin Title</b></td><td>PO</td></tr><tr><td><b>Pin Color Code</b></td><td>Pink</td></tr></table>]]></description>
<Point>
<coordinates>-115.1914195,36.19496927,0</coordinates>
</Point>
</Placemark>
<Placemark>
<name>24</name>
<styleUrl>#style_ff0000ff_7497067</styleUrl>
<description><![CDATA[<table border='1' cellpadding='4' cellspacing='0'><tr><td><b>Billboard ID</b></td><td>24</td></tr><tr><td><b>STREET_NUM</b></td><td>1852</td></tr><tr><td><b>STREET_DIR</b></td><td>N</td></tr><tr><td><b>STREET_NAM</b></td><td>RANCHO</td></tr><tr><td><b>PARCEL</b></td><td>13919714104</td></tr><tr><td><b>APPLICANT</b></td><td>Rancho Allen</td></tr><tr><td><b>APPLY_DATE</b></td><td>10/3/1996</td></tr><tr><td><b>Pin Title</b></td><td>PO</td></tr><tr><td><b>Pin Color Code</b></td><td>Pink</td></tr></table>]]></description>
<Point>
<coordinates>-115.1900759,36.19346954,0</coordinates>
</Point>
</Placemark>
<Placemark>
<name>92</name>
<styleUrl>#style_ff0000ff_7497067</styleUrl>
<description><![CDATA[<table border='1' cellpadding='4' cellspacing='0'><tr><td><b>Billboard ID</b></td><td>92</td></tr><tr><td><b>STREET_NUM</b></td><td>616</td></tr><tr><td><b>STREET_DIR</b></td><td> </td></tr><tr><td><b>STREET_NAM</b></td><td>H St.</td></tr><tr><td><b>PARCEL</b></td><td>13927310069</td></tr><tr><td><b>APPLICANT</b></td><td>Eagle</td></tr><tr><td><b>APPLY_DATE</b></td><td> </td></tr><tr><td><b>Pin Title</b></td><td>PO</td></tr><tr><td><b>Pin Color Code</b></td><td>Pink</td></tr></table>]]></description>
<Point>
<coordinates>-115.1513382,36.17776055,0</coordinates>
</Point>
</Placemark>
<Placemark>
<name>150</name>
<styleUrl>#style_ff0000ff_7497067</styleUrl>
<description><![CDATA[<table border='1' cellpadding='4' cellspacing='0'><tr><td><b>Billboard ID</b></td><td>150</td></tr><tr><td><b>STREET_NUM</b></td><td>2560</td></tr><tr><td><b>STREET_DIR</b></td><td>S</td></tr><tr><td><b>STREET_NAM</b></td><td>Highland</td></tr><tr><td><b>PARCEL</b></td><td>16209199015</td></tr><tr><td><b>APPLICANT</b></td><td>NEVADA</td></tr><tr><td><b>APPLY_DATE</b></td><td>8/1/1996</td></tr><tr><td><b>Pin Title</b></td><td>PO</td></tr><tr><td><b>Pin Color Code</b></td><td>Pink</td></tr></table>]]></description>
<Point>
<coordinates>-115.1690909,36.14298473,0</coordinates>
</Point>
</Placemark>
<Placemark>
<name>270</name>
<styleUrl>#style_ff0000ff_7497067</styleUrl>
<description><![CDATA[<table border='1' cellpadding='4' cellspacing='0'><tr><td><b>Billboard ID</b></td><td>270</td></tr><tr><td><b>STREET_NUM</b></td><td>2310</td></tr><tr><td><b>STREET_DIR</b></td><td>S</td></tr><tr><td><b>STREET_NAM</b></td><td>LAS VEGAS</td></tr><tr><td><b>PARCEL</b></td><td>16204813072</td></tr><tr><td><b>APPLICANT</b></td><td>SHEPCO</td></tr><tr><td><b>APPLY_DATE</b></td><td>12/12/1994</td></tr><tr><td><b>Pin Title</b></td><td>PO</td></tr><tr><td><b>Pin Color Code</b></td><td>Pink</td></tr></table>]]></description>
<Point>
<coordinates>-115.1567494,36.14499388,0</coordinates>
</Point>
</Placemark>
<Placemark>
<name>0</name>
<styleUrl>#style_ff0000ff_7497067</styleUrl>
<description><![CDATA[<table border='1' cellpadding='4' cellspacing='0'><tr><td><b>Billboard ID</b></td><td>0</td></tr><tr><td><b>STREET_NUM</b></td><td>390</td></tr><tr><td><b>STREET_DIR</b></td><td>N</td></tr><tr><td><b>STREET_NAM</b></td><td>Earstern</td></tr><tr><td><b>PARCEL</b></td><td>13936216002</td></tr><tr><td><b>APPLICANT</b></td><td>EASTERN 95 LLC</td></tr><tr><td><b>APPLY_DATE</b></td><td>1/22/2014</td></tr><tr><td><b>Pin Title</b></td><td>PO</td></tr><tr><td><b>Pin Color Code</b></td><td>Pink</td></tr></table>]]></description>
<Point>
<coordinates>-115.1150542,36.16902482,0</coordinates>
</Point>
</Placemark>
<Placemark>
<name>0</name>
<styleUrl>#style_ff0000ff_7497067</styleUrl>
<description><![CDATA[<table border='1' cellpadding='4' cellspacing='0'><tr><td><b>Billboard ID</b></td><td>0</td></tr><tr><td><b>STREET_NUM</b></td><td>1110</td></tr><tr><td><b>STREET_DIR</b></td><td>So</td></tr><tr><td><b>STREET_NAM</b></td><td>Rainbow</td></tr><tr><td><b>PARCEL</b></td><td>16302101002</td></tr><tr><td><b>APPLICANT</b></td><td>COG III, Limited</td></tr><tr><td><b>APPLY_DATE</b></td><td>10/1/2003</td></tr><tr><td><b>Pin Title</b></td><td>PO</td></tr><tr><td><b>Pin Color Code</b></td><td>Pink</td></tr></table>]]></description>
<Point>
<coordinates>-115.2426577,36.15892339,0</coordinates>
</Point>
</Placemark>
<Placemark>
<name>0</name>
<styleUrl>#style_ff0000ff_7497067</styleUrl>
<description><![CDATA[<table border='1' cellpadding='4' cellspacing='0'><tr><td><b>Billboard ID</b></td><td>0</td></tr><tr><td><b>STREET_NUM</b></td><td>2234</td></tr><tr><td><b>STREET_DIR</b></td><td>W</td></tr><tr><td><b>STREET_NAM</b></td><td>Mesquite Ave</td></tr><tr><td><b>PARCEL</b></td><td>13929801009</td></tr><tr><td><b>APPLICANT</b></td><td>Ad America Inc.</td></tr><tr><td><b>APPLY_DATE</b></td><td>10/28/2003</td></tr><tr><td><b>Pin Title</b></td><td>PO</td></tr><tr><td><b>Pin Color Code</b></td><td>Pink</td></tr></table>]]></description>
<Point>
<coordinates>-115.1718888,36.17469365,0</coordinates>
</Point>
</Placemark>
<Placemark>
<name>0</name>
<styleUrl>#style_ff0000ff_7497067</styleUrl>
<description><![CDATA[<table border='1' cellpadding='4' cellspacing='0'><tr><td><b>Billboard ID</b></td><td>0</td></tr><tr><td><b>STREET_NUM</b></td><td>2252</td></tr><tr><td><b>STREET_DIR</b></td><td> </td></tr><tr><td><b>STREET_NAM</b></td><td>Paradise</td></tr><tr><td><b>PARCEL</b></td><td>16203411011</td></tr><tr><td><b>APPLICANT</b></td><td>Chetak Development Corporation</td></tr><tr><td><b>APPLY_DATE</b></td><td>1/22/2003</td></tr><tr><td><b>Pin Title</b></td><td>PO</td></tr><tr><td><b>Pin Color Code</b></td><td>Pink</td></tr></table>]]></description>
<Point>
<coordinates>-115.1554932,36.14405401,0</coordinates>
</Point>
</Placemark>
<Placemark>
<name>0</name>
<styleUrl>#style_ff0000ff_7497067</styleUrl>
<description><![CDATA[<table border='1' cellpadding='4' cellspacing='0'><tr><td><b>Billboard ID</b></td><td>0</td></tr><tr><td><b>STREET_NUM</b></td><td>310</td></tr><tr><td><b>STREET_DIR</b></td><td>S</td></tr><tr><td><b>STREET_NAM</b></td><td>Main</td></tr><tr><td><b>PARCEL</b></td><td>13934201003</td></tr><tr><td><b>APPLICANT</b></td><td>Barrick-Breo II, LLC</td></tr><tr><td><b>APPLY_DATE</b></td><td> </td></tr><tr><td><b>Pin Title</b></td><td>PO</td></tr><tr><td><b>Pin Color Code</b></td><td>Pink</td></tr></table>]]></description>
<Point>
<coordinates>-115.148393,36.168891,0</coordinates>
</Point>
</Placemark>
<Placemark>
<name>0</name>
<styleUrl>#style_ff0000ff_7497067</styleUrl>
<description><![CDATA[<table border='1' cellpadding='4' cellspacing='0'><tr><td><b>Billboard ID</b></td><td>0</td></tr><tr><td><b>STREET_NUM</b></td><td>2744</td></tr><tr><td><b>STREET_DIR</b></td><td> </td></tr><tr><td><b>STREET_NAM</b></td><td>Highland</td></tr><tr><td><b>PARCEL</b></td><td>16209202001</td></tr><tr><td><b>APPLICANT</b></td><td>Mountain View Estates</td></tr><tr><td><b>APPLY_DATE</b></td><td>10/6/2004</td></tr><tr><td><b>Pin Title</b></td><td>PO</td></tr><tr><td><b>Pin Color Code</b></td><td>Pink</td></tr></table>]]></description>
<Point>
<coordinates>-115.1710154,36.14001612,0</coordinates>
</Point>
</Placemark>
<Placemark>
<name>0</name>
<styleUrl>#style_ff0000ff_7497067</styleUrl>
<description><![CDATA[<table border='1' cellpadding='4' cellspacing='0'><tr><td><b>Billboard ID</b></td><td>0</td></tr><tr><td><b>STREET_NUM</b></td><td>4600</td></tr><tr><td><b>STREET_DIR</b></td><td> </td></tr><tr><td><b>STREET_NAM</b></td><td>Meadows</td></tr><tr><td><b>PARCEL</b></td><td>13931110002</td></tr><tr><td><b>APPLICANT</b></td><td>American Outdoor Advertising</td></tr><tr><td><b>APPLY_DATE</b></td><td>12/6/2006</td></tr><tr><td><b>Pin Title</b></td><td>PO</td></tr><tr><td><b>Pin Color Code</b></td><td>Pink</td></tr></table>]]></description>
<Point>
<coordinates>-115.2031853,36.17252445,0</coordinates>
</Point>
</Placemark>
<Placemark>
<name>0</name>
<styleUrl>#style_ff0000ff_7497067</styleUrl>
<description><![CDATA[<table border='1' cellpadding='4' cellspacing='0'><tr><td><b>Billboard ID</b></td><td>0</td></tr><tr><td><b>STREET_NUM</b></td><td>4510</td></tr><tr><td><b>STREET_DIR</b></td><td>N</td></tr><tr><td><b>STREET_NAM</b></td><td>Tenaya</td></tr><tr><td><b>PARCEL</b></td><td>13803601003</td></tr><tr><td><b>APPLICANT</b></td><td>Outdoor Solutions</td></tr><tr><td><b>APPLY_DATE</b></td><td>4/16/2008</td></tr><tr><td><b>Pin Title</b></td><td>PO</td></tr><tr><td><b>Pin Color Code</b></td><td>Pink</td></tr></table>]]></description>
<Point>
<coordinates>-115.2481613,36.24230139,0</coordinates>
</Point>
</Placemark>
<Placemark>
<name>0</name>
<styleUrl>#style_ff0000ff_7497067</styleUrl>
<description><![CDATA[<table border='1' cellpadding='4' cellspacing='0'><tr><td><b>Billboard ID</b></td><td>0</td></tr><tr><td><b>STREET_NUM</b></td><td>0</td></tr><tr><td><b>STREET_DIR</b></td><td> </td></tr><tr><td><b>STREET_NAM</b></td><td> </td></tr><tr><td><b>PARCEL</b></td><td>13928401033</td></tr><tr><td><b>APPLICANT</b></td><td>DFA, LLC</td></tr><tr><td><b>APPLY_DATE</b></td><td>5/7/2008</td></tr><tr><td><b>Pin Title</b></td><td>PO</td></tr><tr><td><b>Pin Color Code</b></td><td>Pink</td></tr></table>]]></description>
<Point>
<coordinates>-115.1610977,36.17604908,0</coordinates>
</Point>
</Placemark>
<Placemark>
<name>0</name>
<styleUrl>#style_ff0000ff_7497067</styleUrl>
<description><![CDATA[<table border='1' cellpadding='4' cellspacing='0'><tr><td><b>Billboard ID</b></td><td>0</td></tr><tr><td><b>STREET_NUM</b></td><td>2500</td></tr><tr><td><b>STREET_DIR</b></td><td>W</td></tr><tr><td><b>STREET_NAM</b></td><td>Sahara</td></tr><tr><td><b>PARCEL</b></td><td>16205802009</td></tr><tr><td><b>APPLICANT</b></td><td>NEVADA DEVELOPMENT AND REALTY CO</td></tr><tr><td><b>APPLY_DATE</b></td><td>6/13/2012</td></tr><tr><td><b>Pin Title</b></td><td>PO</td></tr><tr><td><b>Pin Color Code</b></td><td>Pink</td></tr></table>]]></description>
<Point>
<coordinates>-115.1753318,36.14456837,0</coordinates>
</Point>
</Placemark>
<Placemark>
<name>0</name>
<styleUrl>#style_ff0000ff_7497067</styleUrl>
<description><![CDATA[<table border='1' cellpadding='4' cellspacing='0'><tr><td><b>Billboard ID</b></td><td>0</td></tr><tr><td><b>STREET_NUM</b></td><td>5550</td></tr><tr><td><b>STREET_DIR</b></td><td></td></tr><tr><td><b>STREET_NAM</b></td><td>Painted Mirage</td></tr><tr><td><b>PARCEL</b></td><td>12534116004</td></tr><tr><td><b>APPLICANT</b></td><td>Khaneh Holdings LLC</td></tr><tr><td><b>APPLY_DATE</b></td><td>7/24/2013</td></tr><tr><td><b>Pin Title</b></td><td>PO</td></tr><tr><td><b>Pin Color Code</b></td><td>Pink</td></tr></table>]]></description>
<Point>
<coordinates>-115.2546314,36.26198567,0</coordinates>
</Point>
</Placemark>
<Placemark>
<name>2</name>
<styleUrl>#style_ff0000ff_7497067</styleUrl>
<description><![CDATA[<table border='1' cellpadding='4' cellspacing='0'><tr><td><b>Billboard ID</b></td><td>2</td></tr><tr><td><b>STREET_NUM</b></td><td>2070</td></tr><tr><td><b>STREET_DIR</b></td><td>N</td></tr><tr><td><b>STREET_NAM</b></td><td>RAINBOW</td></tr><tr><td><b>PARCEL</b></td><td>13823215012</td></tr><tr><td><b>APPLICANT</b></td><td> JA TIBERTI CONSTRUCTION COMPANY</td></tr><tr><td><b>APPLY_DATE</b></td><td>5/15/1996</td></tr><tr><td><b>Pin Title</b></td><td>PO</td></tr><tr><td><b>Pin Color Code</b></td><td>Pink</td></tr></table>]]></description>
<Point>
<coordinates>-115.2417852,36.19697224,0</coordinates>
</Point>
</Placemark>
<Placemark>
<name>91</name>
<styleUrl>#style_ff0000ff_7497067</styleUrl>
<description><![CDATA[<table border='1' cellpadding='4' cellspacing='0'><tr><td><b>Billboard ID</b></td><td>91</td></tr><tr><td><b>STREET_NUM</b></td><td>1405</td></tr><tr><td><b>STREET_DIR</b></td><td>N</td></tr><tr><td><b>STREET_NAM</b></td><td>A St.</td></tr><tr><td><b>PARCEL</b></td><td>13927501003</td></tr><tr><td><b>APPLICANT</b></td><td>EWING REX C JR</td></tr><tr><td><b>APPLY_DATE</b></td><td>1/31/1996</td></tr><tr><td><b>Pin Title</b></td><td>PO</td></tr><tr><td><b>Pin Color Code</b></td><td>Pink</td></tr></table>]]></description>
<Point>
<coordinates>-115.1429797,36.18463566,0</coordinates>
</Point>
</Placemark>
</Folder>
<Folder>
<name>RG</name>
<Placemark>
<name>0</name>
<styleUrl>#style_ff0000ff_7497067</styleUrl>
<description><![CDATA[<table border='1' cellpadding='4' cellspacing='0'><tr><td><b>Billboard ID</b></td><td>0</td></tr><tr><td><b>STREET_NUM</b></td><td>928</td></tr><tr><td><b>STREET_DIR</b></td><td>SO</td></tr><tr><td><b>STREET_NAM</b></td><td>Las Vegas</td></tr><tr><td><b>PARCEL</b></td><td>13934410165</td></tr><tr><td><b>APPLICANT</b></td><td>Reagan National Advertising</td></tr><tr><td><b>APPLY_DATE</b></td><td> </td></tr><tr><td><b>Pin Title</b></td><td>RG</td></tr><tr><td><b>Pin Color Code</b></td><td>Teal </td></tr></table>]]></description>
<Point>
<coordinates>-115.1480168,36.15903333,0</coordinates>
</Point>
</Placemark>
<Placemark>
<name>0</name>
<styleUrl>#style_ff0000ff_7497067</styleUrl>
<description><![CDATA[<table border='1' cellpadding='4' cellspacing='0'><tr><td><b>Billboard ID</b></td><td>0</td></tr><tr><td><b>STREET_NUM</b></td><td>793</td></tr><tr><td><b>STREET_DIR</b></td><td>N</td></tr><tr><td><b>STREET_NAM</b></td><td>Nellis</td></tr><tr><td><b>PARCEL</b></td><td>14029802004</td></tr><tr><td><b>APPLICANT</b></td><td>Reagan National Advertising</td></tr><tr><td><b>APPLY_DATE</b></td><td>12/17/2003</td></tr><tr><td><b>Pin Title</b></td><td>RG</td></tr><tr><td><b>Pin Color Code</b></td><td>Teal </td></tr></table>]]></description>
<Point>
<coordinates>-115.0624681,36.1770925,0</coordinates>
</Point>
</Placemark>
<Placemark>
<name>0</name>
<styleUrl>#style_ff0000ff_7497067</styleUrl>
<description><![CDATA[<table border='1' cellpadding='4' cellspacing='0'><tr><td><b>Billboard ID</b></td><td>0</td></tr><tr><td><b>STREET_NUM</b></td><td>2901</td></tr><tr><td><b>STREET_DIR</b></td><td> </td></tr><tr><td><b>STREET_NAM</b></td><td>Highland</td></tr><tr><td><b>PARCEL</b></td><td>16208611011</td></tr><tr><td><b>APPLICANT</b></td><td>Reagan National Advertising</td></tr><tr><td><b>APPLY_DATE</b></td><td>8/12/2003</td></tr><tr><td><b>Pin Title</b></td><td>RG</td></tr><tr><td><b>Pin Color Code</b></td><td>Teal </td></tr></table>]]></description>
<Point>
<coordinates>-115.1732065,36.13753389,0</coordinates>
</Point>
</Placemark>
<Placemark>
<name>0</name>
<styleUrl>#style_ff0000ff_7497067</styleUrl>
<description><![CDATA[<table border='1' cellpadding='4' cellspacing='0'><tr><td><b>Billboard ID</b></td><td>0</td></tr><tr><td><b>STREET_NUM</b></td><td>2903</td></tr><tr><td><b>STREET_DIR</b></td><td> </td></tr><tr><td><b>STREET_NAM</b></td><td>Highland Dr.</td></tr><tr><td><b>PARCEL</b></td><td>16209210002</td></tr><tr><td><b>APPLICANT</b></td><td>Reagan National Advertising</td></tr><tr><td><b>APPLY_DATE</b></td><td>8/12/2003</td></tr><tr><td><b>Pin Title</b></td><td>RG</td></tr><tr><td><b>Pin Color Code</b></td><td>Teal </td></tr></table>]]></description>
<Point>
<coordinates>-115.172516,36.1384845,0</coordinates>
</Point>
</Placemark>
<Placemark>
<name>0</name>
<styleUrl>#style_ff0000ff_7497067</styleUrl>
<description><![CDATA[<table border='1' cellpadding='4' cellspacing='0'><tr><td><b>Billboard ID</b></td><td>0</td></tr><tr><td><b>STREET_NUM</b></td><td>1002</td></tr><tr><td><b>STREET_DIR</b></td><td>E</td></tr><tr><td><b>STREET_NAM</b></td><td>Sahara</td></tr><tr><td><b>PARCEL</b></td><td>16203801116</td></tr><tr><td><b>APPLICANT</b></td><td>Reagan National Advertising</td></tr><tr><td><b>APPLY_DATE</b></td><td>5/5/2004</td></tr><tr><td><b>Pin Title</b></td><td>RG</td></tr><tr><td><b>Pin Color Code</b></td><td>Teal </td></tr></table>]]></description>
<Point>
<coordinates>-115.1409195,36.14445104,0</coordinates>
</Point>
</Placemark>
<Placemark>
<name>0</name>
<styleUrl>#style_ff0000ff_7497067</styleUrl>
<description><![CDATA[<table border='1' cellpadding='4' cellspacing='0'><tr><td><b>Billboard ID</b></td><td>0</td></tr><tr><td><b>STREET_NUM</b></td><td>1205</td></tr><tr><td><b>STREET_DIR</b></td><td>E</td></tr><tr><td><b>STREET_NAM</b></td><td>Sahara</td></tr><tr><td><b>PARCEL</b></td><td>16202401001</td></tr><tr><td><b>APPLICANT</b></td><td>Reagan National Advertising</td></tr><tr><td><b>APPLY_DATE</b></td><td>8/6/2004</td></tr><tr><td><b>Pin Title</b></td><td>RG</td></tr><tr><td><b>Pin Color Code</b></td><td>Teal </td></tr></table>]]></description>
<Point>
<coordinates>-115.1362431,36.14461658,0</coordinates>
</Point>
</Placemark>
</Folder>
<Folder>
<name>UK</name>
<Placemark>
<name>26</name>
<styleUrl>#style_ff00ff00_5398837</styleUrl>
<description><![CDATA[<table border='1' cellpadding='4' cellspacing='0'><tr><td><b>Billboard ID</b></td><td>26</td></tr><tr><td><b>STREET_NUM</b></td><td>1767</td></tr><tr><td><b>STREET_DIR</b></td><td>N</td></tr><tr><td><b>STREET_NAM</b></td><td>RANCHO</td></tr><tr><td><b>PARCEL</b></td><td>13919812018</td></tr><tr><td><b>APPLICANT</b></td><td></td></tr><tr><td><b>APPLY_DATE</b></td><td>7/19/1994</td></tr><tr><td><b>Pin Title</b></td><td>UK</td></tr><tr><td><b>Pin Color Code</b></td><td>Green</td></tr></table>]]></description>
<Point>
<coordinates>-115.1892738,36.19175544,0</coordinates>
</Point>
</Placemark>
<Placemark>
<name>32</name>
<styleUrl>#style_ff00ff00_5398837</styleUrl>
<description><![CDATA[<table border='1' cellpadding='4' cellspacing='0'><tr><td><b>Billboard ID</b></td><td>32</td></tr><tr><td><b>STREET_NUM</b></td><td>2220</td></tr><tr><td><b>STREET_DIR</b></td><td>W</td></tr><tr><td><b>STREET_NAM</b></td><td>Charleston</td></tr><tr><td><b>PARCEL</b></td><td>13932804010</td></tr><tr><td><b>APPLICANT</b></td><td> </td></tr><tr><td><b>APPLY_DATE</b></td><td>11/10/1983</td></tr><tr><td><b>Pin Title</b></td><td>UK</td></tr><tr><td><b>Pin Color Code</b></td><td>Green</td></tr></table>]]></description>
<Point>
<coordinates>-115.1725678,36.15940571,0</coordinates>
</Point>
</Placemark>
<Placemark>
<name>37</name>
<styleUrl>#style_ff00ff00_5398837</styleUrl>
<description><![CDATA[<table border='1' cellpadding='4' cellspacing='0'><tr><td><b>Billboard ID</b></td><td>37</td></tr><tr><td><b>STREET_NUM</b></td><td>1399</td></tr><tr><td><b>STREET_DIR</b></td><td> </td></tr><tr><td><b>STREET_NAM</b></td><td>Rainbow</td></tr><tr><td><b>PARCEL</b></td><td>13827502007</td></tr><tr><td><b>APPLICANT</b></td><td> </td></tr><tr><td><b>APPLY_DATE</b></td><td>4/22/1996</td></tr><tr><td><b>Pin Title</b></td><td>UK</td></tr><tr><td><b>Pin Color Code</b></td><td>Green</td></tr></table>]]></description>
<Point>
<coordinates>-115.2439266,36.18671933,0</coordinates>
</Point>
</Placemark>
<Placemark>
<name>46</name>
<styleUrl>#style_ff00ff00_5398837</styleUrl>
<description><![CDATA[<table border='1' cellpadding='4' cellspacing='0'><tr><td><b>Billboard ID</b></td><td>46</td></tr><tr><td><b>STREET_NUM</b></td><td>420</td></tr><tr><td><b>STREET_DIR</b></td><td>W</td></tr><tr><td><b>STREET_NAM</b></td><td>Mesquite</td></tr><tr><td><b>PARCEL</b></td><td>13927401022</td></tr><tr><td><b>APPLICANT</b></td><td> </td></tr><tr><td><b>APPLY_DATE</b></td><td> </td></tr><tr><td><b>Pin Title</b></td><td>UK</td></tr><tr><td><b>Pin Color Code</b></td><td>Green</td></tr></table>]]></description>
<Point>
<coordinates>-115.1477149,36.17591813,0</coordinates>
</Point>
</Placemark>
<Placemark>
<name>57</name>
<styleUrl>#style_ff00ff00_5398837</styleUrl>
<description><![CDATA[<table border='1' cellpadding='4' cellspacing='0'><tr><td><b>Billboard ID</b></td><td>57</td></tr><tr><td><b>STREET_NUM</b></td><td>2015</td></tr><tr><td><b>STREET_DIR</b></td><td>E</td></tr><tr><td><b>STREET_NAM</b></td><td>Stewart</td></tr><tr><td><b>PARCEL</b></td><td>13935611087</td></tr><tr><td><b>APPLICANT</b></td><td> </td></tr><tr><td><b>APPLY_DATE</b></td><td> </td></tr><tr><td><b>Pin Title</b></td><td>UK</td></tr><tr><td><b>Pin Color Code</b></td><td>Green</td></tr></table>]]></description>
<Point>
<coordinates>-115.1210752,36.16685859,0</coordinates>
</Point>
</Placemark>
<Placemark>
<name>66</name>
<styleUrl>#style_ff00ff00_5398837</styleUrl>
<description><![CDATA[<table border='1' cellpadding='4' cellspacing='0'><tr><td><b>Billboard ID</b></td><td>66</td></tr><tr><td><b>STREET_NUM</b></td><td>1500</td></tr><tr><td><b>STREET_DIR</b></td><td>S</td></tr><tr><td><b>STREET_NAM</b></td><td>Western</td></tr><tr><td><b>PARCEL</b></td><td>16204602015</td></tr><tr><td><b>APPLICANT</b></td><td> </td></tr><tr><td><b>APPLY_DATE</b></td><td> </td></tr><tr><td><b>Pin Title</b></td><td>UK</td></tr><tr><td><b>Pin Color Code</b></td><td>Green</td></tr></table>]]></description>
<Point>
<coordinates>-115.1611399,36.1544203,0</coordinates>
</Point>
</Placemark>
<Placemark>
<name>67</name>
<styleUrl>#style_ff00ff00_5398837</styleUrl>
<description><![CDATA[<table border='1' cellpadding='4' cellspacing='0'><tr><td><b>Billboard ID</b></td><td>67</td></tr><tr><td><b>STREET_NUM</b></td><td>1508</td></tr><tr><td><b>STREET_DIR</b></td><td>S</td></tr><tr><td><b>STREET_NAM</b></td><td>Western</td></tr><tr><td><b>PARCEL</b></td><td>16204602012</td></tr><tr><td><b>APPLICANT</b></td><td> </td></tr><tr><td><b>APPLY_DATE</b></td><td> </td></tr><tr><td><b>Pin Title</b></td><td>UK</td></tr><tr><td><b>Pin Color Code</b></td><td>Green</td></tr></table>]]></description>
<Point>
<coordinates>-115.1621848,36.15305371,0</coordinates>
</Point>
</Placemark>
<Placemark>
<name>68</name>
<styleUrl>#style_ff00ff00_5398837</styleUrl>
<description><![CDATA[<table border='1' cellpadding='4' cellspacing='0'><tr><td><b>Billboard ID</b></td><td>68</td></tr><tr><td><b>STREET_NUM</b></td><td>1604</td></tr><tr><td><b>STREET_DIR</b></td><td>W</td></tr><tr><td><b>STREET_NAM</b></td><td>Oakey</td></tr><tr><td><b>PARCEL</b></td><td>16204602009</td></tr><tr><td><b>APPLICANT</b></td><td> </td></tr><tr><td><b>APPLY_DATE</b></td><td> </td></tr><tr><td><b>Pin Title</b></td><td>UK</td></tr><tr><td><b>Pin Color Code</b></td><td>Green</td></tr></table>]]></description>
<Point>
<coordinates>-115.162819,36.15235283,0</coordinates>
</Point>
</Placemark>
<Placemark>
<name>75</name>
<styleUrl>#style_ff00ff00_5398837</styleUrl>
<description><![CDATA[<table border='1' cellpadding='4' cellspacing='0'><tr><td><b>Billboard ID</b></td><td>75</td></tr><tr><td><b>STREET_NUM</b></td><td>0</td></tr><tr><td><b>STREET_DIR</b></td><td> </td></tr><tr><td><b>STREET_NAM</b></td><td> </td></tr><tr><td><b>PARCEL</b></td><td>16208699007</td></tr><tr><td><b>APPLICANT</b></td><td> </td></tr><tr><td><b>APPLY_DATE</b></td><td> </td></tr><tr><td><b>Pin Title</b></td><td>UK</td></tr><tr><td><b>Pin Color Code</b></td><td>Green</td></tr></table>]]></description>
<Point>
<coordinates>-115.1751744,36.13886899,0</coordinates>
</Point>
</Placemark>
<Placemark>
<name>77</name>
<styleUrl>#style_ff00ff00_5398837</styleUrl>
<description><![CDATA[<table border='1' cellpadding='4' cellspacing='0'><tr><td><b>Billboard ID</b></td><td>77</td></tr><tr><td><b>STREET_NUM</b></td><td>2900</td></tr><tr><td><b>STREET_DIR</b></td><td>W</td></tr><tr><td><b>STREET_NAM</b></td><td>Sirus</td></tr><tr><td><b>PARCEL</b></td><td>16208899002</td></tr><tr><td><b>APPLICANT</b></td><td> </td></tr><tr><td><b>APPLY_DATE</b></td><td>6/15/1994</td></tr><tr><td><b>Pin Title</b></td><td>UK</td></tr><tr><td><b>Pin Color Code</b></td><td>Green</td></tr></table>]]></description>
<Point>
<coordinates>-115.1804538,36.13360173,0</coordinates>
</Point>
</Placemark>
<Placemark>
<name>78</name>
<styleUrl>#style_ff00ff00_5398837</styleUrl>
<description><![CDATA[<table border='1' cellpadding='4' cellspacing='0'><tr><td><b>Billboard ID</b></td><td>78</td></tr><tr><td><b>STREET_NUM</b></td><td>2900</td></tr><tr><td><b>STREET_DIR</b></td><td>W</td></tr><tr><td><b>STREET_NAM</b></td><td>Sirus</td></tr><tr><td><b>PARCEL</b></td><td>16208710004</td></tr><tr><td><b>APPLICANT</b></td><td> </td></tr><tr><td><b>APPLY_DATE</b></td><td>8/11/1994</td></tr><tr><td><b>Pin Title</b></td><td>UK</td></tr><tr><td><b>Pin Color Code</b></td><td>Green</td></tr></table>]]></description>
<Point>
<coordinates>-115.1796256,36.13514288,0</coordinates>
</Point>
</Placemark>
<Placemark>
<name>79</name>
<styleUrl>#style_ff00ff00_5398837</styleUrl>
<description><![CDATA[<table border='1' cellpadding='4' cellspacing='0'><tr><td><b>Billboard ID</b></td><td>79</td></tr><tr><td><b>STREET_NUM</b></td><td>2800</td></tr><tr><td><b>STREET_DIR</b></td><td>S</td></tr><tr><td><b>STREET_NAM</b></td><td>Rancho</td></tr><tr><td><b>PARCEL</b></td><td>16208602007</td></tr><tr><td><b>APPLICANT</b></td><td> </td></tr><tr><td><b>APPLY_DATE</b></td><td> </td></tr><tr><td><b>Pin Title</b></td><td>UK</td></tr><tr><td><b>Pin Color Code</b></td><td>Green</td></tr></table>]]></description>
<Point>
<coordinates>-115.177916,36.13742486,0</coordinates>
</Point>
</Placemark>
<Placemark>
<name>80</name>
<styleUrl>#style_ff00ff00_5398837</styleUrl>
<description><![CDATA[<table border='1' cellpadding='4' cellspacing='0'><tr><td><b>Billboard ID</b></td><td>80</td></tr><tr><td><b>STREET_NUM</b></td><td>2800</td></tr><tr><td><b>STREET_DIR</b></td><td>S</td></tr><tr><td><b>STREET_NAM</b></td><td>Rancho</td></tr><tr><td><b>PARCEL</b></td><td>16208610105</td></tr><tr><td><b>APPLICANT</b></td><td> </td></tr><tr><td><b>APPLY_DATE</b></td><td>12/4/1986</td></tr><tr><td><b>Pin Title</b></td><td>UK</td></tr><tr><td><b>Pin Color Code</b></td><td>Green</td></tr></table>]]></description>
<Point>
<coordinates>-115.1767814,36.13866126,0</coordinates>
</Point>
</Placemark>
<Placemark>
<name>81</name>
<styleUrl>#style_ff00ff00_5398837</styleUrl>
<description><![CDATA[<table border='1' cellpadding='4' cellspacing='0'><tr><td><b>Billboard ID</b></td><td>81</td></tr><tr><td><b>STREET_NUM</b></td><td>2800</td></tr><tr><td><b>STREET_DIR</b></td><td>S</td></tr><tr><td><b>STREET_NAM</b></td><td>Rancho</td></tr><tr><td><b>PARCEL</b></td><td>16208610105</td></tr><tr><td><b>APPLICANT</b></td><td> </td></tr><tr><td><b>APPLY_DATE</b></td><td>12/7/1986</td></tr><tr><td><b>Pin Title</b></td><td>UK</td></tr><tr><td><b>Pin Color Code</b></td><td>Green</td></tr></table>]]></description>
<Point>
<coordinates>-115.1760005,36.13985223,0</coordinates>
</Point>
</Placemark>
<Placemark>
<name>84</name>
<styleUrl>#style_ff00ff00_5398837</styleUrl>
<description><![CDATA[<table border='1' cellpadding='4' cellspacing='0'><tr><td><b>Billboard ID</b></td><td>84</td></tr><tr><td><b>STREET_NUM</b></td><td>0</td></tr><tr><td><b>STREET_DIR</b></td><td> </td></tr><tr><td><b>STREET_NAM</b></td><td> </td></tr><tr><td><b>PARCEL</b></td><td>13933799008</td></tr><tr><td><b>APPLICANT</b></td><td> </td></tr><tr><td><b>APPLY_DATE</b></td><td> </td></tr><tr><td><b>Pin Title</b></td><td>UK</td></tr><tr><td><b>Pin Color Code</b></td><td>Green</td></tr></table>]]></description>
<Point>
<coordinates>-115.1606122,36.16516967,0</coordinates>
</Point>
</Placemark>
<Placemark>
<name>94</name>
<styleUrl>#style_ff00ff00_5398837</styleUrl>
<description><![CDATA[<table border='1' cellpadding='4' cellspacing='0'><tr><td><b>Billboard ID</b></td><td>94</td></tr><tr><td><b>STREET_NUM</b></td><td>901</td></tr><tr><td><b>STREET_DIR</b></td><td>N</td></tr><tr><td><b>STREET_NAM</b></td><td>BUFFALO</td></tr><tr><td><b>PARCEL</b></td><td>13828620003</td></tr><tr><td><b>APPLICANT</b></td><td> </td></tr><tr><td><b>APPLY_DATE</b></td><td>6/19/1996</td></tr><tr><td><b>Pin Title</b></td><td>UK</td></tr><tr><td><b>Pin Color Code</b></td><td>Green</td></tr></table>]]></description>
<Point>
<coordinates>-115.2601937,36.18199971,0</coordinates>
</Point>
</Placemark>
<Placemark>
<name>99</name>
<styleUrl>#style_ff00ff00_5398837</styleUrl>
<description><![CDATA[<table border='1' cellpadding='4' cellspacing='0'><tr><td><b>Billboard ID</b></td><td>99</td></tr><tr><td><b>STREET_NUM</b></td><td>5910</td></tr><tr><td><b>STREET_DIR</b></td><td>W</td></tr><tr><td><b>STREET_NAM</b></td><td>Lake Mead</td></tr><tr><td><b>PARCEL</b></td><td>13824215008</td></tr><tr><td><b>APPLICANT</b></td><td> </td></tr><tr><td><b>APPLY_DATE</b></td><td>12/28/1995</td></tr><tr><td><b>Pin Title</b></td><td>UK</td></tr><tr><td><b>Pin Color Code</b></td><td>Green</td></tr></table>]]></description>
<Point>
<coordinates>-115.2231,36.19591711,0</coordinates>
</Point>
</Placemark>
<Placemark>
<name>102</name>
<styleUrl>#style_ff00ff00_5398837</styleUrl>
<description><![CDATA[<table border='1' cellpadding='4' cellspacing='0'><tr><td><b>Billboard ID</b></td><td>102</td></tr><tr><td><b>STREET_NUM</b></td><td>1000</td></tr><tr><td><b>STREET_DIR</b></td><td>S</td></tr><tr><td><b>STREET_NAM</b></td><td>Torrey Pines</td></tr><tr><td><b>PARCEL</b></td><td>13835402011</td></tr><tr><td><b>APPLICANT</b></td><td> </td></tr><tr><td><b>APPLY_DATE</b></td><td> </td></tr><tr><td><b>Pin Title</b></td><td>UK</td></tr><tr><td><b>Pin Color Code</b></td><td>Green</td></tr></table>]]></description>
<Point>
<coordinates>-115.2347785,36.1598068,0</coordinates>
</Point>
</Placemark>
<Placemark>
<name>105</name>
<styleUrl>#style_ff00ff00_5398837</styleUrl>
<description><![CDATA[<table border='1' cellpadding='4' cellspacing='0'><tr><td><b>Billboard ID</b></td><td>105</td></tr><tr><td><b>STREET_NUM</b></td><td>6151</td></tr><tr><td><b>STREET_DIR</b></td><td>W</td></tr><tr><td><b>STREET_NAM</b></td><td>Charleston</td></tr><tr><td><b>PARCEL</b></td><td>16301101001</td></tr><tr><td><b>APPLICANT</b></td><td> </td></tr><tr><td><b>APPLY_DATE</b></td><td>10/24/1984</td></tr><tr><td><b>Pin Title</b></td><td>UK</td></tr><tr><td><b>Pin Color Code</b></td><td>Green</td></tr></table>]]></description>
<Point>
<coordinates>-115.2248183,36.15903724,0</coordinates>
</Point>
</Placemark>
<Placemark>
<name>107</name>
<styleUrl>#style_ff00ff00_5398837</styleUrl>
<description><![CDATA[<table border='1' cellpadding='4' cellspacing='0'><tr><td><b>Billboard ID</b></td><td>107</td></tr><tr><td><b>STREET_NUM</b></td><td>5636</td></tr><tr><td><b>STREET_DIR</b></td><td>W</td></tr><tr><td><b>STREET_NAM</b></td><td>Charleston</td></tr><tr><td><b>PARCEL</b></td><td>13836408002</td></tr><tr><td><b>APPLICANT</b></td><td> </td></tr><tr><td><b>APPLY_DATE</b></td><td>9/22/1986</td></tr><tr><td><b>Pin Title</b></td><td>UK</td></tr><tr><td><b>Pin Color Code</b></td><td>Green</td></tr></table>]]></description>
<Point>
<coordinates>-115.2183655,36.15933992,0</coordinates>
</Point>
</Placemark>
<Placemark>
<name>108</name>
<styleUrl>#style_ff00ff00_5398837</styleUrl>
<description><![CDATA[<table border='1' cellpadding='4' cellspacing='0'><tr><td><b>Billboard ID</b></td><td>108</td></tr><tr><td><b>STREET_NUM</b></td><td>5600</td></tr><tr><td><b>STREET_DIR</b></td><td>W</td></tr><tr><td><b>STREET_NAM</b></td><td>Charleston</td></tr><tr><td><b>PARCEL</b></td><td>13836408006</td></tr><tr><td><b>APPLICANT</b></td><td> </td></tr><tr><td><b>APPLY_DATE</b></td><td>11/14/1983</td></tr><tr><td><b>Pin Title</b></td><td>UK</td></tr><tr><td><b>Pin Color Code</b></td><td>Green</td></tr></table>]]></description>
<Point>
<coordinates>-115.217328,36.15939839,0</coordinates>
</Point>
</Placemark>
<Placemark>
<name>111</name>
<styleUrl>#style_ff00ff00_5398837</styleUrl>
<description><![CDATA[<table border='1' cellpadding='4' cellspacing='0'><tr><td><b>Billboard ID</b></td><td>111</td></tr><tr><td><b>STREET_NUM</b></td><td>5200</td></tr><tr><td><b>STREET_DIR</b></td><td>W</td></tr><tr><td><b>STREET_NAM</b></td><td>Charleston</td></tr><tr><td><b>PARCEL</b></td><td>16301502014</td></tr><tr><td><b>APPLICANT</b></td><td> </td></tr><tr><td><b>APPLY_DATE</b></td><td> </td></tr><tr><td><b>Pin Title</b></td><td>UK</td></tr><tr><td><b>Pin Color Code</b></td><td>Green</td></tr></table>]]></description>
<Point>
<coordinates>-115.2120599,36.15892888,0</coordinates>
</Point>
</Placemark>
<Placemark>
<name>114</name>
<styleUrl>#style_ff00ff00_5398837</styleUrl>
<description><![CDATA[<table border='1' cellpadding='4' cellspacing='0'><tr><td><b>Billboard ID</b></td><td>114</td></tr><tr><td><b>STREET_NUM</b></td><td>4717</td></tr><tr><td><b>STREET_DIR</b></td><td>W</td></tr><tr><td><b>STREET_NAM</b></td><td>Charleston</td></tr><tr><td><b>PARCEL</b></td><td>16206102001</td></tr><tr><td><b>APPLICANT</b></td><td> </td></tr><tr><td><b>APPLY_DATE</b></td><td>2/11/1985</td></tr><tr><td><b>Pin Title</b></td><td>UK</td></tr><tr><td><b>Pin Color Code</b></td><td>Green</td></tr></table>]]></description>
<Point>
<coordinates>-115.2055196,36.15859207,0</coordinates>
</Point>
</Placemark>
<Placemark>
<name>118</name>
<styleUrl>#style_ff00ff00_5398837</styleUrl>
<description><![CDATA[<table border='1' cellpadding='4' cellspacing='0'><tr><td><b>Billboard ID</b></td><td>118</td></tr><tr><td><b>STREET_NUM</b></td><td>0</td></tr><tr><td><b>STREET_DIR</b></td><td> </td></tr><tr><td><b>STREET_NAM</b></td><td> </td></tr><tr><td><b>PARCEL</b></td><td>16204504011</td></tr><tr><td><b>APPLICANT</b></td><td> </td></tr><tr><td><b>APPLY_DATE</b></td><td> </td></tr><tr><td><b>Pin Title</b></td><td>UK</td></tr><tr><td><b>Pin Color Code</b></td><td>Green</td></tr></table>]]></description>
<Point>
<coordinates>-115.1567901,36.15864303,0</coordinates>
</Point>
</Placemark>
<Placemark>
<name>123</name>
<styleUrl>#style_ff00ff00_5398837</styleUrl>
<description><![CDATA[<table border='1' cellpadding='4' cellspacing='0'><tr><td><b>Billboard ID</b></td><td>123</td></tr><tr><td><b>STREET_NUM</b></td><td>1524</td></tr><tr><td><b>STREET_DIR</b></td><td>E</td></tr><tr><td><b>STREET_NAM</b></td><td>Charleston</td></tr><tr><td><b>PARCEL</b></td><td>16202111001</td></tr><tr><td><b>APPLICANT</b></td><td> </td></tr><tr><td><b>APPLY_DATE</b></td><td> </td></tr><tr><td><b>Pin Title</b></td><td>UK</td></tr><tr><td><b>Pin Color Code</b></td><td>Green</td></tr></table>]]></description>
<Point>
<coordinates>-115.1323583,36.15869632,0</coordinates>
</Point>
</Placemark>
<Placemark>
<name>124</name>
<styleUrl>#style_ff00ff00_5398837</styleUrl>
<description><![CDATA[<table border='1' cellpadding='4' cellspacing='0'><tr><td><b>Billboard ID</b></td><td>124</td></tr><tr><td><b>STREET_NUM</b></td><td>1548</td></tr><tr><td><b>STREET_DIR</b></td><td>E</td></tr><tr><td><b>STREET_NAM</b></td><td>Charleston</td></tr><tr><td><b>PARCEL</b></td><td>16202111039</td></tr><tr><td><b>APPLICANT</b></td><td> </td></tr><tr><td><b>APPLY_DATE</b></td><td> </td></tr><tr><td><b>Pin Title</b></td><td>UK</td></tr><tr><td><b>Pin Color Code</b></td><td>Green</td></tr></table>]]></description>
<Point>
<coordinates>-115.1315544,36.15868637,0</coordinates>
</Point>
</Placemark>
<Placemark>
<name>125</name>
<styleUrl>#style_ff00ff00_5398837</styleUrl>
<description><![CDATA[<table border='1' cellpadding='4' cellspacing='0'><tr><td><b>Billboard ID</b></td><td>125</td></tr><tr><td><b>STREET_NUM</b></td><td>1647</td></tr><tr><td><b>STREET_DIR</b></td><td>E</td></tr><tr><td><b>STREET_NAM</b></td><td>Charleston</td></tr><tr><td><b>PARCEL</b></td><td>13935413031</td></tr><tr><td><b>APPLICANT</b></td><td> </td></tr><tr><td><b>APPLY_DATE</b></td><td> </td></tr><tr><td><b>Pin Title</b></td><td>UK</td></tr><tr><td><b>Pin Color Code</b></td><td>Green</td></tr></table>]]></description>
<Point>
<coordinates>-115.1294192,36.15906323,0</coordinates>
</Point>
</Placemark>
<Placemark>
<name>126</name>
<styleUrl>#style_ff00ff00_5398837</styleUrl>
<description><![CDATA[<table border='1' cellpadding='4' cellspacing='0'><tr><td><b>Billboard ID</b></td><td>126</td></tr><tr><td><b>STREET_NUM</b></td><td>1636</td></tr><tr><td><b>STREET_DIR</b></td><td>E</td></tr><tr><td><b>STREET_NAM</b></td><td>Charleston</td></tr><tr><td><b>PARCEL</b></td><td>16202113005</td></tr><tr><td><b>APPLICANT</b></td><td> </td></tr><tr><td><b>APPLY_DATE</b></td><td> </td></tr><tr><td><b>Pin Title</b></td><td>UK</td></tr><tr><td><b>Pin Color Code</b></td><td>Green</td></tr></table>]]></description>
<Point>
<coordinates>-115.1291025,36.15867232,0</coordinates>
</Point>
</Placemark>
<Placemark>
<name>127</name>
<styleUrl>#style_ff00ff00_5398837</styleUrl>
<description><![CDATA[<table border='1' cellpadding='4' cellspacing='0'><tr><td><b>Billboard ID</b></td><td>127</td></tr><tr><td><b>STREET_NUM</b></td><td>1707</td></tr><tr><td><b>STREET_DIR</b></td><td>E</td></tr><tr><td><b>STREET_NAM</b></td><td>Charleston</td></tr><tr><td><b>PARCEL</b></td><td>13935413159</td></tr><tr><td><b>APPLICANT</b></td><td> </td></tr><tr><td><b>APPLY_DATE</b></td><td> </td></tr><tr><td><b>Pin Title</b></td><td>UK</td></tr><tr><td><b>Pin Color Code</b></td><td>Green</td></tr></table>]]></description>
<Point>
<coordinates>-115.1285781,36.15903095,0</coordinates>
</Point>
</Placemark>
<Placemark>
<name>128</name>
<styleUrl>#style_ff00ff00_5398837</styleUrl>
<description><![CDATA[<table border='1' cellpadding='4' cellspacing='0'><tr><td><b>Billboard ID</b></td><td>128</td></tr><tr><td><b>STREET_NUM</b></td><td>1800</td></tr><tr><td><b>STREET_DIR</b></td><td>E</td></tr><tr><td><b>STREET_NAM</b></td><td>Lewis</td></tr><tr><td><b>PARCEL</b></td><td>13935814001</td></tr><tr><td><b>APPLICANT</b></td><td> </td></tr><tr><td><b>APPLY_DATE</b></td><td> </td></tr><tr><td><b>Pin Title</b></td><td>UK</td></tr><tr><td><b>Pin Color Code</b></td><td>Green</td></tr></table>]]></description>
<Point>
<coordinates>-115.1248452,36.1597158,0</coordinates>
</Point>
</Placemark>
<Placemark>
<name>130</name>
<styleUrl>#style_ff00ff00_5398837</styleUrl>
<description><![CDATA[<table border='1' cellpadding='4' cellspacing='0'><tr><td><b>Billboard ID</b></td><td>130</td></tr><tr><td><b>STREET_NUM</b></td><td>1924</td></tr><tr><td><b>STREET_DIR</b></td><td>E</td></tr><tr><td><b>STREET_NAM</b></td><td>Charleston</td></tr><tr><td><b>PARCEL</b></td><td>16202512005</td></tr><tr><td><b>APPLICANT</b></td><td> </td></tr><tr><td><b>APPLY_DATE</b></td><td> </td></tr><tr><td><b>Pin Title</b></td><td>UK</td></tr><tr><td><b>Pin Color Code</b></td><td>Green</td></tr></table>]]></description>
<Point>
<coordinates>-115.1223352,36.15863935,0</coordinates>
</Point>
</Placemark>
<Placemark>
<name>131</name>
<styleUrl>#style_ff00ff00_5398837</styleUrl>
<description><![CDATA[<table border='1' cellpadding='4' cellspacing='0'><tr><td><b>Billboard ID</b></td><td>131</td></tr><tr><td><b>STREET_NUM</b></td><td>2028</td></tr><tr><td><b>STREET_DIR</b></td><td>E</td></tr><tr><td><b>STREET_NAM</b></td><td>Charleston</td></tr><tr><td><b>PARCEL</b></td><td>16202512012</td></tr><tr><td><b>APPLICANT</b></td><td> </td></tr><tr><td><b>APPLY_DATE</b></td><td> </td></tr><tr><td><b>Pin Title</b></td><td>UK</td></tr><tr><td><b>Pin Color Code</b></td><td>Green</td></tr></table>]]></description>
<Point>
<coordinates>-115.1197568,36.15865755,0</coordinates>
</Point>
</Placemark>
<Placemark>
<name>132</name>
<styleUrl>#style_ff00ff00_5398837</styleUrl>
<description><![CDATA[<table border='1' cellpadding='4' cellspacing='0'><tr><td><b>Billboard ID</b></td><td>132</td></tr><tr><td><b>STREET_NUM</b></td><td>2550</td></tr><tr><td><b>STREET_DIR</b></td><td>E</td></tr><tr><td><b>STREET_NAM</b></td><td>Femont</td></tr><tr><td><b>PARCEL</b></td><td>16201111014</td></tr><tr><td><b>APPLICANT</b></td><td> </td></tr><tr><td><b>APPLY_DATE</b></td><td> </td></tr><tr><td><b>Pin Title</b></td><td>UK</td></tr><tr><td><b>Pin Color Code</b></td><td>Green</td></tr></table>]]></description>
<Point>
<coordinates>-115.1147735,36.15703497,0</coordinates>
</Point>
</Placemark>
<Placemark>
<name>138</name>
<styleUrl>#style_ff00ff00_5398837</styleUrl>
<description><![CDATA[<table border='1' cellpadding='4' cellspacing='0'><tr><td><b>Billboard ID</b></td><td>138</td></tr><tr><td><b>STREET_NUM</b></td><td>145</td></tr><tr><td><b>STREET_DIR</b></td><td>N</td></tr><tr><td><b>STREET_NAM</b></td><td>Bruce</td></tr><tr><td><b>PARCEL</b></td><td>13935312059</td></tr><tr><td><b>APPLICANT</b></td><td> </td></tr><tr><td><b>APPLY_DATE</b></td><td> </td></tr><tr><td><b>Pin Title</b></td><td>UK</td></tr><tr><td><b>Pin Color Code</b></td><td>Green</td></tr></table>]]></description>
<Point>
<coordinates>-115.1252898,36.16441466,0</coordinates>
</Point>
</Placemark>
<Placemark>
<name>153</name>
<styleUrl>#style_ff00ff00_5398837</styleUrl>
<description><![CDATA[<table border='1' cellpadding='4' cellspacing='0'><tr><td><b>Billboard ID</b></td><td>153</td></tr><tr><td><b>STREET_NUM</b></td><td>2441</td></tr><tr><td><b>STREET_DIR</b></td><td> </td></tr><tr><td><b>STREET_NAM</b></td><td>Western</td></tr><tr><td><b>PARCEL</b></td><td>16204406012</td></tr><tr><td><b>APPLICANT</b></td><td> </td></tr><tr><td><b>APPLY_DATE</b></td><td>2/26/1981</td></tr><tr><td><b>Pin Title</b></td><td>UK</td></tr><tr><td><b>Pin Color Code</b></td><td>Green</td></tr></table>]]></description>
<Point>
<coordinates>-115.166199,36.14428721,0</coordinates>
</Point>
</Placemark>
<Placemark>
<name>160</name>
<styleUrl>#style_ff00ff00_5398837</styleUrl>
<description><![CDATA[<table border='1' cellpadding='4' cellspacing='0'><tr><td><b>Billboard ID</b></td><td>160</td></tr><tr><td><b>STREET_NUM</b></td><td>208</td></tr><tr><td><b>STREET_DIR</b></td><td>E</td></tr><tr><td><b>STREET_NAM</b></td><td>Sahara</td></tr><tr><td><b>PARCEL</b></td><td>16203401006</td></tr><tr><td><b>APPLICANT</b></td><td>Orion Outdoor Media</td></tr><tr><td><b>APPLY_DATE</b></td><td>8/6/2003</td></tr><tr><td><b>Pin Title</b></td><td>UK</td></tr><tr><td><b>Pin Color Code</b></td><td>Green</td></tr></table>]]></description>
<Point>
<coordinates>-115.1539553,36.14393341,0</coordinates>
</Point>
</Placemark>
<Placemark>
<name>161</name>
<styleUrl>#style_ff00ff00_5398837</styleUrl>
<description><![CDATA[<table border='1' cellpadding='4' cellspacing='0'><tr><td><b>Billboard ID</b></td><td>161</td></tr><tr><td><b>STREET_NUM</b></td><td>308</td></tr><tr><td><b>STREET_DIR</b></td><td>E</td></tr><tr><td><b>STREET_NAM</b></td><td>Sahara</td></tr><tr><td><b>PARCEL</b></td><td>16203414025</td></tr><tr><td><b>APPLICANT</b></td><td> </td></tr><tr><td><b>APPLY_DATE</b></td><td> </td></tr><tr><td><b>Pin Title</b></td><td>UK</td></tr><tr><td><b>Pin Color Code</b></td><td>Green</td></tr></table>]]></description>
<Point>
<coordinates>-115.1529593,36.14398945,0</coordinates>
</Point>
</Placemark>
<Placemark>
<name>162</name>
<styleUrl>#style_ff00ff00_5398837</styleUrl>
<description><![CDATA[<table border='1' cellpadding='4' cellspacing='0'><tr><td><b>Billboard ID</b></td><td>162</td></tr><tr><td><b>STREET_NUM</b></td><td>410</td></tr><tr><td><b>STREET_DIR</b></td><td>E</td></tr><tr><td><b>STREET_NAM</b></td><td>Sahara</td></tr><tr><td><b>PARCEL</b></td><td>16203414025</td></tr><tr><td><b>APPLICANT</b></td><td> </td></tr><tr><td><b>APPLY_DATE</b></td><td> </td></tr><tr><td><b>Pin Title</b></td><td>UK</td></tr><tr><td><b>Pin Color Code</b></td><td>Green</td></tr></table>]]></description>
<Point>
<coordinates>-115.1520282,36.1439916,0</coordinates>
</Point>
</Placemark>
<Placemark>
<name>163</name>
<styleUrl>#style_ff00ff00_5398837</styleUrl>
<description><![CDATA[<table border='1' cellpadding='4' cellspacing='0'><tr><td><b>Billboard ID</b></td><td>163</td></tr><tr><td><b>STREET_NUM</b></td><td>438</td></tr><tr><td><b>STREET_DIR</b></td><td>E</td></tr><tr><td><b>STREET_NAM</b></td><td>Sahara</td></tr><tr><td><b>PARCEL</b></td><td>16203416024</td></tr><tr><td><b>APPLICANT</b></td><td> </td></tr><tr><td><b>APPLY_DATE</b></td><td> </td></tr><tr><td><b>Pin Title</b></td><td>UK</td></tr><tr><td><b>Pin Color Code</b></td><td>Green</td></tr></table>]]></description>
<Point>
<coordinates>-115.1509449,36.14397085,0</coordinates>
</Point>
</Placemark>
<Placemark>
<name>164</name>
<styleUrl>#style_ff00ff00_5398837</styleUrl>
<description><![CDATA[<table border='1' cellpadding='4' cellspacing='0'><tr><td><b>Billboard ID</b></td><td>164</td></tr><tr><td><b>STREET_NUM</b></td><td>536</td></tr><tr><td><b>STREET_DIR</b></td><td>E</td></tr><tr><td><b>STREET_NAM</b></td><td>Sahara</td></tr><tr><td><b>PARCEL</b></td><td>16203421019</td></tr><tr><td><b>APPLICANT</b></td><td> </td></tr><tr><td><b>APPLY_DATE</b></td><td> </td></tr><tr><td><b>Pin Title</b></td><td>UK</td></tr><tr><td><b>Pin Color Code</b></td><td>Green</td></tr></table>]]></description>
<Point>
<coordinates>-115.1473839,36.14416423,0</coordinates>
</Point>
</Placemark>
<Placemark>
<name>165</name>
<styleUrl>#style_ff00ff00_5398837</styleUrl>
<description><![CDATA[<table border='1' cellpadding='4' cellspacing='0'><tr><td><b>Billboard ID</b></td><td>165</td></tr><tr><td><b>STREET_NUM</b></td><td>750</td></tr><tr><td><b>STREET_DIR</b></td><td>E</td></tr><tr><td><b>STREET_NAM</b></td><td>Sahara</td></tr><tr><td><b>PARCEL</b></td><td>16203801104</td></tr><tr><td><b>APPLICANT</b></td><td> </td></tr><tr><td><b>APPLY_DATE</b></td><td> </td></tr><tr><td><b>Pin Title</b></td><td>UK</td></tr><tr><td><b>Pin Color Code</b></td><td>Green</td></tr></table>]]></description>
<Point>
<coordinates>-115.1447343,36.14421049,0</coordinates>
</Point>
</Placemark>
<Placemark>
<name>166</name>
<styleUrl>#style_ff00ff00_5398837</styleUrl>
<description><![CDATA[<table border='1' cellpadding='4' cellspacing='0'><tr><td><b>Billboard ID</b></td><td>166</td></tr><tr><td><b>STREET_NUM</b></td><td>946</td></tr><tr><td><b>STREET_DIR</b></td><td>E</td></tr><tr><td><b>STREET_NAM</b></td><td>Sahara</td></tr><tr><td><b>PARCEL</b></td><td>16203801113</td></tr><tr><td><b>APPLICANT</b></td><td> </td></tr><tr><td><b>APPLY_DATE</b></td><td> </td></tr><tr><td><b>Pin Title</b></td><td>UK</td></tr><tr><td><b>Pin Color Code</b></td><td>Green</td></tr></table>]]></description>
<Point>
<coordinates>-115.1420892,36.14432974,0</coordinates>
</Point>
</Placemark>
<Placemark>
<name>167</name>
<styleUrl>#style_ff00ff00_5398837</styleUrl>
<description><![CDATA[<table border='1' cellpadding='4' cellspacing='0'><tr><td><b>Billboard ID</b></td><td>167</td></tr><tr><td><b>STREET_NUM</b></td><td>1140</td></tr><tr><td><b>STREET_DIR</b></td><td>E</td></tr><tr><td><b>STREET_NAM</b></td><td>Sahara</td></tr><tr><td><b>PARCEL</b></td><td>16203812005</td></tr><tr><td><b>APPLICANT</b></td><td> </td></tr><tr><td><b>APPLY_DATE</b></td><td> </td></tr><tr><td><b>Pin Title</b></td><td>UK</td></tr><tr><td><b>Pin Color Code</b></td><td>Green</td></tr></table>]]></description>
<Point>
<coordinates>-115.1382594,36.14452971,0</coordinates>
</Point>
</Placemark>
<Placemark>
<name>168</name>
<styleUrl>#style_ff00ff00_5398837</styleUrl>
<description><![CDATA[<table border='1' cellpadding='4' cellspacing='0'><tr><td><b>Billboard ID</b></td><td>168</td></tr><tr><td><b>STREET_NUM</b></td><td>1300</td></tr><tr><td><b>STREET_DIR</b></td><td>E</td></tr><tr><td><b>STREET_NAM</b></td><td>Sahara</td></tr><tr><td><b>PARCEL</b></td><td>16202410095</td></tr><tr><td><b>APPLICANT</b></td><td> </td></tr><tr><td><b>APPLY_DATE</b></td><td> </td></tr><tr><td><b>Pin Title</b></td><td>UK</td></tr><tr><td><b>Pin Color Code</b></td><td>Green</td></tr></table>]]></description>
<Point>
<coordinates>-115.1351828,36.14453779,0</coordinates>
</Point>
</Placemark>
<Placemark>
<name>169</name>
<styleUrl>#style_ff00ff00_5398837</styleUrl>
<description><![CDATA[<table border='1' cellpadding='4' cellspacing='0'><tr><td><b>Billboard ID</b></td><td>169</td></tr><tr><td><b>STREET_NUM</b></td><td>1380</td></tr><tr><td><b>STREET_DIR</b></td><td>E</td></tr><tr><td><b>STREET_NAM</b></td><td>Sahara</td></tr><tr><td><b>PARCEL</b></td><td>16202410117</td></tr><tr><td><b>APPLICANT</b></td><td> </td></tr><tr><td><b>APPLY_DATE</b></td><td> </td></tr><tr><td><b>Pin Title</b></td><td>UK</td></tr><tr><td><b>Pin Color Code</b></td><td>Green</td></tr></table>]]></description>
<Point>
<coordinates>-115.134048,36.14455809,0</coordinates>
</Point>
</Placemark>
<Placemark>
<name>170</name>
<styleUrl>#style_ff00ff00_5398837</styleUrl>
<description><![CDATA[<table border='1' cellpadding='4' cellspacing='0'><tr><td><b>Billboard ID</b></td><td>170</td></tr><tr><td><b>STREET_NUM</b></td><td>1500</td></tr><tr><td><b>STREET_DIR</b></td><td>E</td></tr><tr><td><b>STREET_NAM</b></td><td>Sahara</td></tr><tr><td><b>PARCEL</b></td><td>16202410140</td></tr><tr><td><b>APPLICANT</b></td><td> </td></tr><tr><td><b>APPLY_DATE</b></td><td> </td></tr><tr><td><b>Pin Title</b></td><td>UK</td></tr><tr><td><b>Pin Color Code</b></td><td>Green</td></tr></table>]]></description>
<Point>
<coordinates>-115.1326567,36.14461881,0</coordinates>
</Point>
</Placemark>
<Placemark>
<name>171</name>
<styleUrl>#style_ff00ff00_5398837</styleUrl>
<description><![CDATA[<table border='1' cellpadding='4' cellspacing='0'><tr><td><b>Billboard ID</b></td><td>171</td></tr><tr><td><b>STREET_NUM</b></td><td>1550</td></tr><tr><td><b>STREET_DIR</b></td><td>E</td></tr><tr><td><b>STREET_NAM</b></td><td>Sahara</td></tr><tr><td><b>PARCEL</b></td><td>16202411022</td></tr><tr><td><b>APPLICANT</b></td><td> </td></tr><tr><td><b>APPLY_DATE</b></td><td> </td></tr><tr><td><b>Pin Title</b></td><td>UK</td></tr><tr><td><b>Pin Color Code</b></td><td>Green</td></tr></table>]]></description>
<Point>
<coordinates>-115.1311629,36.14466213,0</coordinates>
</Point>
</Placemark>
<Placemark>
<name>181</name>
<styleUrl>#style_ff00ff00_5398837</styleUrl>
<description><![CDATA[<table border='1' cellpadding='4' cellspacing='0'><tr><td><b>Billboard ID</b></td><td>181</td></tr><tr><td><b>STREET_NUM</b></td><td>3052</td></tr><tr><td><b>STREET_DIR</b></td><td>S</td></tr><tr><td><b>STREET_NAM</b></td><td>Valley View</td></tr><tr><td><b>PARCEL</b></td><td>16208302010</td></tr><tr><td><b>APPLICANT</b></td><td> </td></tr><tr><td><b>APPLY_DATE</b></td><td>6/13/1996</td></tr><tr><td><b>Pin Title</b></td><td>UK</td></tr><tr><td><b>Pin Color Code</b></td><td>Green</td></tr></table>]]></description>
<Point>
<coordinates>-115.1901877,36.13469141,0</coordinates>
</Point>
</Placemark>
<Placemark>
<name>193</name>
<styleUrl>#style_ff00ff00_5398837</styleUrl>
<description><![CDATA[<table border='1' cellpadding='4' cellspacing='0'><tr><td><b>Billboard ID</b></td><td>193</td></tr><tr><td><b>STREET_NUM</b></td><td>1300</td></tr><tr><td><b>STREET_DIR</b></td><td>S</td></tr><tr><td><b>STREET_NAM</b></td><td>Jones</td></tr><tr><td><b>PARCEL</b></td><td>16301102022</td></tr><tr><td><b>APPLICANT</b></td><td> </td></tr><tr><td><b>APPLY_DATE</b></td><td>4/17/1996</td></tr><tr><td><b>Pin Title</b></td><td>UK</td></tr><tr><td><b>Pin Color Code</b></td><td>Green</td></tr></table>]]></description>
<Point>
<coordinates>-115.2248758,36.15658364,0</coordinates>
</Point>
</Placemark>
<Placemark>
<name>194</name>
<styleUrl>#style_ff00ff00_5398837</styleUrl>
<description><![CDATA[<table border='1' cellpadding='4' cellspacing='0'><tr><td><b>Billboard ID</b></td><td>194</td></tr><tr><td><b>STREET_NUM</b></td><td>1201</td></tr><tr><td><b>STREET_DIR</b></td><td>S</td></tr><tr><td><b>STREET_NAM</b></td><td>Jones</td></tr><tr><td><b>PARCEL</b></td><td>16301101009</td></tr><tr><td><b>APPLICANT</b></td><td> </td></tr><tr><td><b>APPLY_DATE</b></td><td>6/20/2001</td></tr><tr><td><b>Pin Title</b></td><td>UK</td></tr><tr><td><b>Pin Color Code</b></td><td>Green</td></tr></table>]]></description>
<Point>
<coordinates>-115.2246564,36.1575776,0</coordinates>
</Point>
</Placemark>
<Placemark>
<name>195</name>
<styleUrl>#style_ff00ff00_5398837</styleUrl>
<description><![CDATA[<table border='1' cellpadding='4' cellspacing='0'><tr><td><b>Billboard ID</b></td><td>195</td></tr><tr><td><b>STREET_NUM</b></td><td>1131</td></tr><tr><td><b>STREET_DIR</b></td><td>S</td></tr><tr><td><b>STREET_NAM</b></td><td>Jones</td></tr><tr><td><b>PARCEL</b></td><td>16301101005</td></tr><tr><td><b>APPLICANT</b></td><td> </td></tr><tr><td><b>APPLY_DATE</b></td><td>11/13/1984</td></tr><tr><td><b>Pin Title</b></td><td>UK</td></tr><tr><td><b>Pin Color Code</b></td><td>Green</td></tr></table>]]></description>
<Point>
<coordinates>-115.2241462,36.1586288,0</coordinates>
</Point>
</Placemark>
<Placemark>
<name>201</name>
<styleUrl>#style_ff00ff00_5398837</styleUrl>
<description><![CDATA[<table border='1' cellpadding='4' cellspacing='0'><tr><td><b>Billboard ID</b></td><td>201</td></tr><tr><td><b>STREET_NUM</b></td><td>1830</td></tr><tr><td><b>STREET_DIR</b></td><td>S</td></tr><tr><td><b>STREET_NAM</b></td><td>Las Vegas</td></tr><tr><td><b>PARCEL</b></td><td>16203302005</td></tr><tr><td><b>APPLICANT</b></td><td></td></tr><tr><td><b>APPLY_DATE</b></td><td>3/22/1984</td></tr><tr><td><b>Pin Title</b></td><td>UK</td></tr><tr><td><b>Pin Color Code</b></td><td>Green</td></tr></table>]]></description>
<Point>
<coordinates>-115.1540688,36.14922516,0</coordinates>
</Point>
</Placemark>
<Placemark>
<name>208</name>
<styleUrl>#style_ff00ff00_5398837</styleUrl>
<description><![CDATA[<table border='1' cellpadding='4' cellspacing='0'><tr><td><b>Billboard ID</b></td><td>208</td></tr><tr><td><b>STREET_NUM</b></td><td>1300</td></tr><tr><td><b>STREET_DIR</b></td><td>N</td></tr><tr><td><b>STREET_NAM</b></td><td>LV Blvd. N</td></tr><tr><td><b>PARCEL</b></td><td>13927603028</td></tr><tr><td><b>APPLICANT</b></td><td> </td></tr><tr><td><b>APPLY_DATE</b></td><td> </td></tr><tr><td><b>Pin Title</b></td><td>UK</td></tr><tr><td><b>Pin Color Code</b></td><td>Green</td></tr></table>]]></description>
<Point>
<coordinates>-115.1342502,36.18486968,0</coordinates>
</Point>
</Placemark>
<Placemark>
<name>210</name>
<styleUrl>#style_ff00ff00_5398837</styleUrl>
<description><![CDATA[<table border='1' cellpadding='4' cellspacing='0'><tr><td><b>Billboard ID</b></td><td>210</td></tr><tr><td><b>STREET_NUM</b></td><td>2700</td></tr><tr><td><b>STREET_DIR</b></td><td>E</td></tr><tr><td><b>STREET_NAM</b></td><td>Bonanza</td></tr><tr><td><b>PARCEL</b></td><td>13936110030</td></tr><tr><td><b>APPLICANT</b></td><td> </td></tr><tr><td><b>APPLY_DATE</b></td><td> </td></tr><tr><td><b>Pin Title</b></td><td>UK</td></tr><tr><td><b>Pin Color Code</b></td><td>Green</td></tr></table>]]></description>
<Point>
<coordinates>-115.1128893,36.17363741,0</coordinates>
</Point>
</Placemark>
<Placemark>
<name>211</name>
<styleUrl>#style_ff00ff00_5398837</styleUrl>
<description><![CDATA[<table border='1' cellpadding='4' cellspacing='0'><tr><td><b>Billboard ID</b></td><td>211</td></tr><tr><td><b>STREET_NUM</b></td><td>3551</td></tr><tr><td><b>STREET_DIR</b></td><td>E</td></tr><tr><td><b>STREET_NAM</b></td><td>Bonanza</td></tr><tr><td><b>PARCEL</b></td><td>14031121006</td></tr><tr><td><b>APPLICANT</b></td><td> </td></tr><tr><td><b>APPLY_DATE</b></td><td>9/27/1990</td></tr><tr><td><b>Pin Title</b></td><td>UK</td></tr><tr><td><b>Pin Color Code</b></td><td>Green</td></tr></table>]]></description>
<Point>
<coordinates>-115.0970916,36.17328302,0</coordinates>
</Point>
</Placemark>
<Placemark>
<name>212</name>
<styleUrl>#style_ff00ff00_5398837</styleUrl>
<description><![CDATA[<table border='1' cellpadding='4' cellspacing='0'><tr><td><b>Billboard ID</b></td><td>212</td></tr><tr><td><b>STREET_NUM</b></td><td>4851</td></tr><tr><td><b>STREET_DIR</b></td><td>E</td></tr><tr><td><b>STREET_NAM</b></td><td>Bonanza</td></tr><tr><td><b>PARCEL</b></td><td>14032502001</td></tr><tr><td><b>APPLICANT</b></td><td> </td></tr><tr><td><b>APPLY_DATE</b></td><td>2/21/1996</td></tr><tr><td><b>Pin Title</b></td><td>UK</td></tr><tr><td><b>Pin Color Code</b></td><td>Green</td></tr></table>]]></description>
<Point>
<coordinates>-115.0677695,36.17357939,0</coordinates>
</Point>
</Placemark>
<Placemark>
<name>213</name>
<styleUrl>#style_ff00ff00_5398837</styleUrl>
<description><![CDATA[<table border='1' cellpadding='4' cellspacing='0'><tr><td><b>Billboard ID</b></td><td>213</td></tr><tr><td><b>STREET_NUM</b></td><td>3700</td></tr><tr><td><b>STREET_DIR</b></td><td>E</td></tr><tr><td><b>STREET_NAM</b></td><td>Charleston</td></tr><tr><td><b>PARCEL</b></td><td>14031401036</td></tr><tr><td><b>APPLICANT</b></td><td> </td></tr><tr><td><b>APPLY_DATE</b></td><td>EXPIRED</td></tr><tr><td><b>Pin Title</b></td><td>UK</td></tr><tr><td><b>Pin Color Code</b></td><td>Green</td></tr></table>]]></description>
<Point>
<coordinates>-115.0968626,36.15914276,0</coordinates>
</Point>
</Placemark>
<Placemark>
<name>215</name>
<styleUrl>#style_ff00ff00_5398837</styleUrl>
<description><![CDATA[<table border='1' cellpadding='4' cellspacing='0'><tr><td><b>Billboard ID</b></td><td>215</td></tr><tr><td><b>STREET_NUM</b></td><td>251</td></tr><tr><td><b>STREET_DIR</b></td><td>N</td></tr><tr><td><b>STREET_NAM</b></td><td>Nellis</td></tr><tr><td><b>PARCEL</b></td><td>14032701005</td></tr><tr><td><b>APPLICANT</b></td><td> </td></tr><tr><td><b>APPLY_DATE</b></td><td>7/3/1996</td></tr><tr><td><b>Pin Title</b></td><td>UK</td></tr><tr><td><b>Pin Color Code</b></td><td>Green</td></tr></table>]]></description>
<Point>
<coordinates>-115.0624289,36.1659456,0</coordinates>
</Point>
</Placemark>
<Placemark>
<name>217</name>
<styleUrl>#style_ff00ff00_5398837</styleUrl>
<description><![CDATA[<table border='1' cellpadding='4' cellspacing='0'><tr><td><b>Billboard ID</b></td><td>217</td></tr><tr><td><b>STREET_NUM</b></td><td>1559</td></tr><tr><td><b>STREET_DIR</b></td><td>N</td></tr><tr><td><b>STREET_NAM</b></td><td>Nellis</td></tr><tr><td><b>PARCEL</b></td><td>14029510023</td></tr><tr><td><b>APPLICANT</b></td><td> </td></tr><tr><td><b>APPLY_DATE</b></td><td> </td></tr><tr><td><b>Pin Title</b></td><td>UK</td></tr><tr><td><b>Pin Color Code</b></td><td>Green</td></tr></table>]]></description>
<Point>
<coordinates>-115.0623729,36.18799926,0</coordinates>
</Point>
</Placemark>
<Placemark>
<name>218</name>
<styleUrl>#style_ff00ff00_5398837</styleUrl>
<description><![CDATA[<table border='1' cellpadding='4' cellspacing='0'><tr><td><b>Billboard ID</b></td><td>218</td></tr><tr><td><b>STREET_NUM</b></td><td>2440</td></tr><tr><td><b>STREET_DIR</b></td><td>S</td></tr><tr><td><b>STREET_NAM</b></td><td>Maryland Pkwy</td></tr><tr><td><b>PARCEL</b></td><td>16203899017</td></tr><tr><td><b>APPLICANT</b></td><td> </td></tr><tr><td><b>APPLY_DATE</b></td><td> </td></tr><tr><td><b>Pin Title</b></td><td>UK</td></tr><tr><td><b>Pin Color Code</b></td><td>Green</td></tr></table>]]></description>
<Point>
<coordinates>-115.1372874,36.14484166,0</coordinates>
</Point>
</Placemark>
<Placemark>
<name>221</name>
<styleUrl>#style_ff00ff00_5398837</styleUrl>
<description><![CDATA[<table border='1' cellpadding='4' cellspacing='0'><tr><td><b>Billboard ID</b></td><td>221</td></tr><tr><td><b>STREET_NUM</b></td><td>211</td></tr><tr><td><b>STREET_DIR</b></td><td>N</td></tr><tr><td><b>STREET_NAM</b></td><td>Maryland</td></tr><tr><td><b>PARCEL</b></td><td>13935211063</td></tr><tr><td><b>APPLICANT</b></td><td> </td></tr><tr><td><b>APPLY_DATE</b></td><td> </td></tr><tr><td><b>Pin Title</b></td><td>UK</td></tr><tr><td><b>Pin Color Code</b></td><td>Green</td></tr></table>]]></description>
<Point>
<coordinates>-115.1317194,36.16750347,0</coordinates>
</Point>
</Placemark>
<Placemark>
<name>222</name>
<styleUrl>#style_ff00ff00_5398837</styleUrl>
<description><![CDATA[<table border='1' cellpadding='4' cellspacing='0'><tr><td><b>Billboard ID</b></td><td>222</td></tr><tr><td><b>STREET_NUM</b></td><td>1200</td></tr><tr><td><b>STREET_DIR</b></td><td>E</td></tr><tr><td><b>STREET_NAM</b></td><td>Stewart</td></tr><tr><td><b>PARCEL</b></td><td>13935211075</td></tr><tr><td><b>APPLICANT</b></td><td> </td></tr><tr><td><b>APPLY_DATE</b></td><td> </td></tr><tr><td><b>Pin Title</b></td><td>UK</td></tr><tr><td><b>Pin Color Code</b></td><td>Green</td></tr></table>]]></description>
<Point>
<coordinates>-115.1310632,36.16794263,0</coordinates>
</Point>
</Placemark>
<Placemark>
<name>235</name>
<styleUrl>#style_ff00ff00_5398837</styleUrl>
<description><![CDATA[<table border='1' cellpadding='4' cellspacing='0'><tr><td><b>Billboard ID</b></td><td>235</td></tr><tr><td><b>STREET_NUM</b></td><td>1018</td></tr><tr><td><b>STREET_DIR</b></td><td> </td></tr><tr><td><b>STREET_NAM</b></td><td>Main</td></tr><tr><td><b>PARCEL</b></td><td>13933899024</td></tr><tr><td><b>APPLICANT</b></td><td></td></tr><tr><td><b>APPLY_DATE</b></td><td> </td></tr><tr><td><b>Pin Title</b></td><td>UK</td></tr><tr><td><b>Pin Color Code</b></td><td>Green</td></tr></table>]]></description>
<Point>
<coordinates>-115.1533345,36.16042382,0</coordinates>
</Point>
</Placemark>
<Placemark>
<name>244</name>
<styleUrl>#style_ff00ff00_5398837</styleUrl>
<description><![CDATA[<table border='1' cellpadding='4' cellspacing='0'><tr><td><b>Billboard ID</b></td><td>244</td></tr><tr><td><b>STREET_NUM</b></td><td>2330</td></tr><tr><td><b>STREET_DIR</b></td><td> </td></tr><tr><td><b>STREET_NAM</b></td><td>Industrial</td></tr><tr><td><b>PARCEL</b></td><td>16204802007</td></tr><tr><td><b>APPLICANT</b></td><td></td></tr><tr><td><b>APPLY_DATE</b></td><td>8/15/1994</td></tr><tr><td><b>Pin Title</b></td><td>UK</td></tr><tr><td><b>Pin Color Code</b></td><td>Green</td></tr></table>]]></description>
<Point>
<coordinates>-115.16437,36.1451477,0</coordinates>
</Point>
</Placemark>
<Placemark>
<name>250</name>
<styleUrl>#style_ff00ff00_5398837</styleUrl>
<description><![CDATA[<table border='1' cellpadding='4' cellspacing='0'><tr><td><b>Billboard ID</b></td><td>250</td></tr><tr><td><b>STREET_NUM</b></td><td>1422</td></tr><tr><td><b>STREET_DIR</b></td><td>S</td></tr><tr><td><b>STREET_NAM</b></td><td>Western</td></tr><tr><td><b>PARCEL</b></td><td>16204602007</td></tr><tr><td><b>APPLICANT</b></td><td> </td></tr><tr><td><b>APPLY_DATE</b></td><td> </td></tr><tr><td><b>Pin Title</b></td><td>UK</td></tr><tr><td><b>Pin Color Code</b></td><td>Green</td></tr></table>]]></description>
<Point>
<coordinates>-115.1602225,36.1543114,0</coordinates>
</Point>
</Placemark>
<Placemark>
<name>251</name>
<styleUrl>#style_ff00ff00_5398837</styleUrl>
<description><![CDATA[<table border='1' cellpadding='4' cellspacing='0'><tr><td><b>Billboard ID</b></td><td>251</td></tr><tr><td><b>STREET_NUM</b></td><td>236</td></tr><tr><td><b>STREET_DIR</b></td><td>W</td></tr><tr><td><b>STREET_NAM</b></td><td>Wyoming</td></tr><tr><td><b>PARCEL</b></td><td>16204608011</td></tr><tr><td><b>APPLICANT</b></td><td></td></tr><tr><td><b>APPLY_DATE</b></td><td> </td></tr><tr><td><b>Pin Title</b></td><td>UK</td></tr><tr><td><b>Pin Color Code</b></td><td>Green</td></tr></table>]]></description>
<Point>
<coordinates>-115.1587117,36.15256592,0</coordinates>
</Point>
</Placemark>
<Placemark>
<name>254</name>
<styleUrl>#style_ff00ff00_5398837</styleUrl>
<description><![CDATA[<table border='1' cellpadding='4' cellspacing='0'><tr><td><b>Billboard ID</b></td><td>254</td></tr><tr><td><b>STREET_NUM</b></td><td>101</td></tr><tr><td><b>STREET_DIR</b></td><td>S</td></tr><tr><td><b>STREET_NAM</b></td><td>Martin L King</td></tr><tr><td><b>PARCEL</b></td><td>13933501002</td></tr><tr><td><b>APPLICANT</b></td><td> </td></tr><tr><td><b>APPLY_DATE</b></td><td> </td></tr><tr><td><b>Pin Title</b></td><td>UK</td></tr><tr><td><b>Pin Color Code</b></td><td>Green</td></tr></table>]]></description>
<Point>
<coordinates>-115.1605777,36.17329702,0</coordinates>
</Point>
</Placemark>
<Placemark>
<name>267</name>
<styleUrl>#style_ff00ff00_5398837</styleUrl>
<description><![CDATA[<table border='1' cellpadding='4' cellspacing='0'><tr><td><b>Billboard ID</b></td><td>267</td></tr><tr><td><b>STREET_NUM</b></td><td>0</td></tr><tr><td><b>STREET_DIR</b></td><td> </td></tr><tr><td><b>STREET_NAM</b></td><td> </td></tr><tr><td><b>PARCEL</b></td><td>13927705003</td></tr><tr><td><b>APPLICANT</b></td><td> </td></tr><tr><td><b>APPLY_DATE</b></td><td> </td></tr><tr><td><b>Pin Title</b></td><td>UK</td></tr><tr><td><b>Pin Color Code</b></td><td>Green</td></tr></table>]]></description>
<Point>
<coordinates>-115.1427489,36.17763637,0</coordinates>
</Point>
</Placemark>
<Placemark>
<name>281</name>
<styleUrl>#style_ff00ff00_5398837</styleUrl>
<description><![CDATA[<table border='1' cellpadding='4' cellspacing='0'><tr><td><b>Billboard ID</b></td><td>281</td></tr><tr><td><b>STREET_NUM</b></td><td>2400</td></tr><tr><td><b>STREET_DIR</b></td><td>N</td></tr><tr><td><b>STREET_NAM</b></td><td>Rainbow</td></tr><tr><td><b>PARCEL</b></td><td>13814401004</td></tr><tr><td><b>APPLICANT</b></td><td> </td></tr><tr><td><b>APPLY_DATE</b></td><td>1/21/1997</td></tr><tr><td><b>Pin Title</b></td><td>UK</td></tr><tr><td><b>Pin Color Code</b></td><td>Green</td></tr></table>]]></description>
<Point>
<coordinates>-115.2415571,36.2035479,0</coordinates>
</Point>
</Placemark>
<Placemark>
<name>284</name>
<styleUrl>#style_ff00ff00_5398837</styleUrl>
<description><![CDATA[<table border='1' cellpadding='4' cellspacing='0'><tr><td><b>Billboard ID</b></td><td>284</td></tr><tr><td><b>STREET_NUM</b></td><td>1981</td></tr><tr><td><b>STREET_DIR</b></td><td>N</td></tr><tr><td><b>STREET_NAM</b></td><td>RAINBOW</td></tr><tr><td><b>PARCEL</b></td><td>13822713002</td></tr><tr><td><b>APPLICANT</b></td><td> </td></tr><tr><td><b>APPLY_DATE</b></td><td>6/23/1997</td></tr><tr><td><b>Pin Title</b></td><td>UK</td></tr><tr><td><b>Pin Color Code</b></td><td>Green</td></tr></table>]]></description>
<Point>
<coordinates>-115.2428539,36.19506368,0</coordinates>
</Point>
</Placemark>
<Placemark>
<name>287</name>
<styleUrl>#style_ff00ff00_5398837</styleUrl>
<description><![CDATA[<table border='1' cellpadding='4' cellspacing='0'><tr><td><b>Billboard ID</b></td><td>287</td></tr><tr><td><b>STREET_NUM</b></td><td>7200</td></tr><tr><td><b>STREET_DIR</b></td><td>W</td></tr><tr><td><b>STREET_NAM</b></td><td>Lake Mead</td></tr><tr><td><b>PARCEL</b></td><td>13822610002</td></tr><tr><td><b>APPLICANT</b></td><td> </td></tr><tr><td><b>APPLY_DATE</b></td><td>6/20/1996</td></tr><tr><td><b>Pin Title</b></td><td>UK</td></tr><tr><td><b>Pin Color Code</b></td><td>Green</td></tr></table>]]></description>
<Point>
<coordinates>-115.2490042,36.19626603,0</coordinates>
</Point>
</Placemark>
<Placemark>
<name>290</name>
<styleUrl>#style_ff00ff00_5398837</styleUrl>
<description><![CDATA[<table border='1' cellpadding='4' cellspacing='0'><tr><td><b>Billboard ID</b></td><td>290</td></tr><tr><td><b>STREET_NUM</b></td><td>101</td></tr><tr><td><b>STREET_DIR</b></td><td>N</td></tr><tr><td><b>STREET_NAM</b></td><td>DECATUR</td></tr><tr><td><b>PARCEL</b></td><td>13825812205</td></tr><tr><td><b>APPLICANT</b></td><td> </td></tr><tr><td><b>APPLY_DATE</b></td><td> </td></tr><tr><td><b>Pin Title</b></td><td>UK</td></tr><tr><td><b>Pin Color Code</b></td><td>Green</td></tr></table>]]></description>
<Point>
<coordinates>-115.2063145,36.17517568,0</coordinates>
</Point>
</Placemark>
<Placemark>
<name>302</name>
<styleUrl>#style_ff00ff00_5398837</styleUrl>
<description><![CDATA[<table border='1' cellpadding='4' cellspacing='0'><tr><td><b>Billboard ID</b></td><td>302</td></tr><tr><td><b>STREET_NUM</b></td><td>1300</td></tr><tr><td><b>STREET_DIR</b></td><td>N</td></tr><tr><td><b>STREET_NAM</b></td><td>LV Blvd. N</td></tr><tr><td><b>PARCEL</b></td><td>13927603028</td></tr><tr><td><b>APPLICANT</b></td><td> </td></tr><tr><td><b>APPLY_DATE</b></td><td> </td></tr><tr><td><b>Pin Title</b></td><td>UK</td></tr><tr><td><b>Pin Color Code</b></td><td>Green</td></tr></table>]]></description>
<Point>
<coordinates>-115.1342359,36.18540933,0</coordinates>
</Point>
</Placemark>
<Placemark>
<name>310</name>
<styleUrl>#style_ff00ff00_5398837</styleUrl>
<description><![CDATA[<table border='1' cellpadding='4' cellspacing='0'><tr><td><b>Billboard ID</b></td><td>310</td></tr><tr><td><b>STREET_NUM</b></td><td>0</td></tr><tr><td><b>STREET_DIR</b></td><td> </td></tr><tr><td><b>STREET_NAM</b></td><td> </td></tr><tr><td><b>PARCEL</b></td><td>13934399018</td></tr><tr><td><b>APPLICANT</b></td><td></td></tr><tr><td><b>APPLY_DATE</b></td><td> </td></tr><tr><td><b>Pin Title</b></td><td>UK</td></tr><tr><td><b>Pin Color Code</b></td><td>Green</td></tr></table>]]></description>
<Point>
<coordinates>-115.1510323,36.16378005,0</coordinates>
</Point>
</Placemark>
<Placemark>
<name>313</name>
<styleUrl>#style_ff00ff00_5398837</styleUrl>
<description><![CDATA[<table border='1' cellpadding='4' cellspacing='0'><tr><td><b>Billboard ID</b></td><td>313</td></tr><tr><td><b>STREET_NUM</b></td><td>125</td></tr><tr><td><b>STREET_DIR</b></td><td>M</td></tr><tr><td><b>STREET_NAM</b></td><td>Bruce</td></tr><tr><td><b>PARCEL</b></td><td>13935312062</td></tr><tr><td><b>APPLICANT</b></td><td> </td></tr><tr><td><b>APPLY_DATE</b></td><td> </td></tr><tr><td><b>Pin Title</b></td><td>UK</td></tr><tr><td><b>Pin Color Code</b></td><td>Green</td></tr></table>]]></description>
<Point>
<coordinates>-115.1252884,36.16366003,0</coordinates>
</Point>
</Placemark>
<Placemark>
<name>320</name>
<styleUrl>#style_ff00ff00_5398837</styleUrl>
<description><![CDATA[<table border='1' cellpadding='4' cellspacing='0'><tr><td><b>Billboard ID</b></td><td>320</td></tr><tr><td><b>STREET_NUM</b></td><td>105</td></tr><tr><td><b>STREET_DIR</b></td><td>W</td></tr><tr><td><b>STREET_NAM</b></td><td>Charleston</td></tr><tr><td><b>PARCEL</b></td><td>16204506008</td></tr><tr><td><b>APPLICANT</b></td><td></td></tr><tr><td><b>APPLY_DATE</b></td><td> </td></tr><tr><td><b>Pin Title</b></td><td>UK</td></tr><tr><td><b>Pin Color Code</b></td><td>Green</td></tr></table>]]></description>
<Point>
<coordinates>-115.1550929,36.1586768,0</coordinates>
</Point>
</Placemark>
<Placemark>
<name>321</name>
<styleUrl>#style_ff00ff00_5398837</styleUrl>
<description><![CDATA[<table border='1' cellpadding='4' cellspacing='0'><tr><td><b>Billboard ID</b></td><td>321</td></tr><tr><td><b>STREET_NUM</b></td><td>0</td></tr><tr><td><b>STREET_DIR</b></td><td> </td></tr><tr><td><b>STREET_NAM</b></td><td> </td></tr><tr><td><b>PARCEL</b></td><td>16204513015</td></tr><tr><td><b>APPLICANT</b></td><td> </td></tr><tr><td><b>APPLY_DATE</b></td><td> </td></tr><tr><td><b>Pin Title</b></td><td>UK</td></tr><tr><td><b>Pin Color Code</b></td><td>Green</td></tr></table>]]></description>
<Point>
<coordinates>-115.159274,36.15726003,0</coordinates>
</Point>
</Placemark>
<Placemark>
<name>322</name>
<styleUrl>#style_ff00ff00_5398837</styleUrl>
<description><![CDATA[<table border='1' cellpadding='4' cellspacing='0'><tr><td><b>Billboard ID</b></td><td>322</td></tr><tr><td><b>STREET_NUM</b></td><td>0</td></tr><tr><td><b>STREET_DIR</b></td><td> </td></tr><tr><td><b>STREET_NAM</b></td><td> </td></tr><tr><td><b>PARCEL</b></td><td>16204599083</td></tr><tr><td><b>APPLICANT</b></td><td> </td></tr><tr><td><b>APPLY_DATE</b></td><td> </td></tr><tr><td><b>Pin Title</b></td><td>UK</td></tr><tr><td><b>Pin Color Code</b></td><td>Green</td></tr></table>]]></description>
<Point>
<coordinates>-115.1603047,36.15567663,0</coordinates>
</Point>
</Placemark>
<Placemark>
<name>325</name>
<styleUrl>#style_ff00ff00_5398837</styleUrl>
<description><![CDATA[<table border='1' cellpadding='4' cellspacing='0'><tr><td><b>Billboard ID</b></td><td>325</td></tr><tr><td><b>STREET_NUM</b></td><td>0</td></tr><tr><td><b>STREET_DIR</b></td><td> </td></tr><tr><td><b>STREET_NAM</b></td><td> </td></tr><tr><td><b>PARCEL</b></td><td>16204803014</td></tr><tr><td><b>APPLICANT</b></td><td></td></tr><tr><td><b>APPLY_DATE</b></td><td> </td></tr><tr><td><b>Pin Title</b></td><td>UK</td></tr><tr><td><b>Pin Color Code</b></td><td>Green</td></tr></table>]]></description>
<Point>
<coordinates>-115.1633611,36.14452912,0</coordinates>
</Point>
</Placemark>
<Placemark>
<name>327</name>
<styleUrl>#style_ff00ff00_5398837</styleUrl>
<description><![CDATA[<table border='1' cellpadding='4' cellspacing='0'><tr><td><b>Billboard ID</b></td><td>327</td></tr><tr><td><b>STREET_NUM</b></td><td>4039</td></tr><tr><td><b>STREET_DIR</b></td><td>E</td></tr><tr><td><b>STREET_NAM</b></td><td>Sahara</td></tr><tr><td><b>PARCEL</b></td><td>16207511007</td></tr><tr><td><b>APPLICANT</b></td><td> </td></tr><tr><td><b>APPLY_DATE</b></td><td> </td></tr><tr><td><b>Pin Title</b></td><td>UK</td></tr><tr><td><b>Pin Color Code</b></td><td>Green</td></tr></table>]]></description>
<Point>
<coordinates>-115.1957995,36.1441357,0</coordinates>
</Point>
</Placemark>
<Placemark>
<name>0</name>
<styleUrl>#style_ff00ff00_5398837</styleUrl>
<description><![CDATA[<table border='1' cellpadding='4' cellspacing='0'><tr><td><b>Billboard ID</b></td><td>0</td></tr><tr><td><b>STREET_NUM</b></td><td>2901</td></tr><tr><td><b>STREET_DIR</b></td><td> </td></tr><tr><td><b>STREET_NAM</b></td><td>Highland</td></tr><tr><td><b>PARCEL</b></td><td>16208613002</td></tr><tr><td><b>APPLICANT</b></td><td> </td></tr><tr><td><b>APPLY_DATE</b></td><td> </td></tr><tr><td><b>Pin Title</b></td><td>UK</td></tr><tr><td><b>Pin Color Code</b></td><td>Green</td></tr></table>]]></description>
<Point>
<coordinates>-115.174425,36.13934763,0</coordinates>
</Point>
</Placemark>
<Placemark>
<name>0</name>
<styleUrl>#style_ff00ff00_5398837</styleUrl>
<description><![CDATA[<table border='1' cellpadding='4' cellspacing='0'><tr><td><b>Billboard ID</b></td><td>0</td></tr><tr><td><b>STREET_NUM</b></td><td>4400</td></tr><tr><td><b>STREET_DIR</b></td><td>E</td></tr><tr><td><b>STREET_NAM</b></td><td>Charleston</td></tr><tr><td><b>PARCEL</b></td><td>14032401004</td></tr><tr><td><b>APPLICANT</b></td><td> </td></tr><tr><td><b>APPLY_DATE</b></td><td> </td></tr><tr><td><b>Pin Title</b></td><td>UK</td></tr><tr><td><b>Pin Color Code</b></td><td>Green</td></tr></table>]]></description>
<Point>
<coordinates>-115.0800083,36.15944487,0</coordinates>
</Point>
</Placemark>
<Placemark>
<name>0</name>
<styleUrl>#style_ff00ff00_5398837</styleUrl>
<description><![CDATA[<table border='1' cellpadding='4' cellspacing='0'><tr><td><b>Billboard ID</b></td><td>0</td></tr><tr><td><b>STREET_NUM</b></td><td>4490</td></tr><tr><td><b>STREET_DIR</b></td><td> </td></tr><tr><td><b>STREET_NAM</b></td><td>Meadows</td></tr><tr><td><b>PARCEL</b></td><td>13931111010</td></tr><tr><td><b>APPLICANT</b></td><td>Orion Outdoor Media</td></tr><tr><td><b>APPLY_DATE</b></td><td>11/3/2004</td></tr><tr><td><b>Pin Title</b></td><td>UK</td></tr><tr><td><b>Pin Color Code</b></td><td>Green</td></tr></table>]]></description>
<Point>
<coordinates>-115.2006594,36.17323208,0</coordinates>
</Point>
</Placemark>
<Placemark>
<name>0</name>
<styleUrl>#style_ff00ff00_5398837</styleUrl>
<description><![CDATA[<table border='1' cellpadding='4' cellspacing='0'><tr><td><b>Billboard ID</b></td><td>0</td></tr><tr><td><b>STREET_NUM</b></td><td>7075</td></tr><tr><td><b>STREET_DIR</b></td><td> </td></tr><tr><td><b>STREET_NAM</b></td><td>Craig</td></tr><tr><td><b>PARCEL</b></td><td>13803716002</td></tr><tr><td><b>APPLICANT</b></td><td>Orion Outdoor Media</td></tr><tr><td><b>APPLY_DATE</b></td><td>11/17/2004</td></tr><tr><td><b>Pin Title</b></td><td>UK</td></tr><tr><td><b>Pin Color Code</b></td><td>Green</td></tr></table>]]></description>
<Point>
<coordinates>-115.2484936,36.23983409,0</coordinates>
</Point>
</Placemark>
<Placemark>
<name>0</name>
<styleUrl>#style_ff00ff00_5398837</styleUrl>
<description><![CDATA[<table border='1' cellpadding='4' cellspacing='0'><tr><td><b>Billboard ID</b></td><td>0</td></tr><tr><td><b>STREET_NUM</b></td><td>4190</td></tr><tr><td><b>STREET_DIR</b></td><td> </td></tr><tr><td><b>STREET_NAM</b></td><td>Meadows</td></tr><tr><td><b>PARCEL</b></td><td>13931510022</td></tr><tr><td><b>APPLICANT</b></td><td>Orion Outdoor Media</td></tr><tr><td><b>APPLY_DATE</b></td><td>12/1/2004</td></tr><tr><td><b>Pin Title</b></td><td>UK</td></tr><tr><td><b>Pin Color Code</b></td><td>Green</td></tr></table>]]></description>
<Point>
<coordinates>-115.1982277,36.17396717,0</coordinates>
</Point>
</Placemark>
<Placemark>
<name>0</name>
<styleUrl>#style_ff00ff00_5398837</styleUrl>
<description><![CDATA[<table border='1' cellpadding='4' cellspacing='0'><tr><td><b>Billboard ID</b></td><td>0</td></tr><tr><td><b>STREET_NUM</b></td><td>4120</td></tr><tr><td><b>STREET_DIR</b></td><td> </td></tr><tr><td><b>STREET_NAM</b></td><td>Meadows</td></tr><tr><td><b>PARCEL</b></td><td>13930812005</td></tr><tr><td><b>APPLICANT</b></td><td>Orion Outdoor Media</td></tr><tr><td><b>APPLY_DATE</b></td><td>12/1/2004</td></tr><tr><td><b>Pin Title</b></td><td>UK</td></tr><tr><td><b>Pin Color Code</b></td><td>Green</td></tr></table>]]></description>
<Point>
<coordinates>-115.1948348,36.17495599,0</coordinates>
</Point>
</Placemark>
<Placemark>
<name>0</name>
<styleUrl>#style_ff00ff00_5398837</styleUrl>
<description><![CDATA[<table border='1' cellpadding='4' cellspacing='0'><tr><td><b>Billboard ID</b></td><td>0</td></tr><tr><td><b>STREET_NUM</b></td><td>6431</td></tr><tr><td><b>STREET_DIR</b></td><td>W</td></tr><tr><td><b>STREET_NAM</b></td><td>Charleston</td></tr><tr><td><b>PARCEL</b></td><td>16302114003</td></tr><tr><td><b>APPLICANT</b></td><td>Orion Outdoor Media</td></tr><tr><td><b>APPLY_DATE</b></td><td>3/16/2005</td></tr><tr><td><b>Pin Title</b></td><td>UK</td></tr><tr><td><b>Pin Color Code</b></td><td>Green</td></tr></table>]]></description>
<Point>
<coordinates>-115.2356928,36.15894576,0</coordinates>
</Point>
</Placemark>
<Placemark>
<name>0</name>
<styleUrl>#style_ff00ff00_5398837</styleUrl>
<description><![CDATA[<table border='1' cellpadding='4' cellspacing='0'><tr><td><b>Billboard ID</b></td><td>0</td></tr><tr><td><b>STREET_NUM</b></td><td>1111</td></tr><tr><td><b>STREET_DIR</b></td><td>W</td></tr><tr><td><b>STREET_NAM</b></td><td>Bonanza</td></tr><tr><td><b>PARCEL</b></td><td>13928801003</td></tr><tr><td><b>APPLICANT</b></td><td> </td></tr><tr><td><b>APPLY_DATE</b></td><td>3/16/1988</td></tr><tr><td><b>Pin Title</b></td><td>UK</td></tr><tr><td><b>Pin Color Code</b></td><td>Green</td></tr></table>]]></description>
<Point>
<coordinates>-115.1585653,36.17690938,0</coordinates>
</Point>
</Placemark>
<Placemark>
<name>0</name>
<styleUrl>#style_ff00ff00_5398837</styleUrl>
<description><![CDATA[<table border='1' cellpadding='4' cellspacing='0'><tr><td><b>Billboard ID</b></td><td>0</td></tr><tr><td><b>STREET_NUM</b></td><td>1553</td></tr><tr><td><b>STREET_DIR</b></td><td>N</td></tr><tr><td><b>STREET_NAM</b></td><td>Eastern</td></tr><tr><td><b>PARCEL</b></td><td>13926505002</td></tr><tr><td><b>APPLICANT</b></td><td> </td></tr><tr><td><b>APPLY_DATE</b></td><td> </td></tr><tr><td><b>Pin Title</b></td><td>UK</td></tr><tr><td><b>Pin Color Code</b></td><td>Green</td></tr></table>]]></description>
<Point>
<coordinates>-115.1170311,36.18832646,0</coordinates>
</Point>
</Placemark>
<Placemark>
<name>0</name>
<styleUrl>#style_ff00ff00_5398837</styleUrl>
<description><![CDATA[<table border='1' cellpadding='4' cellspacing='0'><tr><td><b>Billboard ID</b></td><td>0</td></tr><tr><td><b>STREET_NUM</b></td><td>0</td></tr><tr><td><b>STREET_DIR</b></td><td> </td></tr><tr><td><b>STREET_NAM</b></td><td> </td></tr><tr><td><b>PARCEL</b></td><td>16304805006</td></tr><tr><td><b>APPLICANT</b></td><td> </td></tr><tr><td><b>APPLY_DATE</b></td><td> </td></tr><tr><td><b>Pin Title</b></td><td>UK</td></tr><tr><td><b>Pin Color Code</b></td><td>Green</td></tr></table>]]></description>
<Point>
<coordinates>-115.2665184,36.14412454,0</coordinates>
</Point>
</Placemark>
<Placemark>
<name>0</name>
<styleUrl>#style_ff00ff00_5398837</styleUrl>
<description><![CDATA[<table border='1' cellpadding='4' cellspacing='0'><tr><td><b>Billboard ID</b></td><td>0</td></tr><tr><td><b>STREET_NUM</b></td><td>431</td></tr><tr><td><b>STREET_DIR</b></td><td>E</td></tr><tr><td><b>STREET_NAM</b></td><td>BONANZA</td></tr><tr><td><b>PARCEL</b></td><td>13927803008</td></tr><tr><td><b>APPLICANT</b></td><td></td></tr><tr><td><b>APPLY_DATE</b></td><td>7/9/2013</td></tr><tr><td><b>Pin Title</b></td><td>UK</td></tr><tr><td><b>Pin Color Code</b></td><td>Green</td></tr></table>]]></description>
<Point>
<coordinates>-115.1403429,36.17453127,0</coordinates>
</Point>
</Placemark>
<Placemark>
<name>0</name>
<styleUrl>#style_ff00ff00_5398837</styleUrl>
<description><![CDATA[<table border='1' cellpadding='4' cellspacing='0'><tr><td><b>Billboard ID</b></td><td>0</td></tr><tr><td><b>STREET_NUM</b></td><td>3100</td></tr><tr><td><b>STREET_DIR</b></td><td></td></tr><tr><td><b>STREET_NAM</b></td><td>STEWART</td></tr><tr><td><b>PARCEL</b></td><td>13936604001</td></tr><tr><td><b>APPLICANT</b></td><td></td></tr><tr><td><b>APPLY_DATE</b></td><td>7/9/2013</td></tr><tr><td><b>Pin Title</b></td><td>UK</td></tr><tr><td><b>Pin Color Code</b></td><td>Green</td></tr></table>]]></description>
<Point>
<coordinates>-115.0993668,36.16635876,0</coordinates>
</Point>
</Placemark>
<Placemark>
<name>0</name>
<styleUrl>#style_ff00ff00_5398837</styleUrl>
<description><![CDATA[<table border='1' cellpadding='4' cellspacing='0'><tr><td><b>Billboard ID</b></td><td>0</td></tr><tr><td><b>STREET_NUM</b></td><td>3961</td></tr><tr><td><b>STREET_DIR</b></td><td>E</td></tr><tr><td><b>STREET_NAM</b></td><td>BONANZA</td></tr><tr><td><b>PARCEL</b></td><td>14031102002</td></tr><tr><td><b>APPLICANT</b></td><td></td></tr><tr><td><b>APPLY_DATE</b></td><td>7/9/2013</td></tr><tr><td><b>Pin Title</b></td><td>UK</td></tr><tr><td><b>Pin Color Code</b></td><td>Green</td></tr></table>]]></description>
<Point>
<coordinates>-115.0914027,36.17323453,0</coordinates>
</Point>
</Placemark>
<Placemark>
<name>0</name>
<styleUrl>#style_ff00ff00_5398837</styleUrl>
<description><![CDATA[<table border='1' cellpadding='4' cellspacing='0'><tr><td><b>Billboard ID</b></td><td>0</td></tr><tr><td><b>STREET_NUM</b></td><td>1400</td></tr><tr><td><b>STREET_DIR</b></td><td>N</td></tr><tr><td><b>STREET_NAM</b></td><td>DECATUR</td></tr><tr><td><b>PARCEL</b></td><td>13930101006</td></tr><tr><td><b>APPLICANT</b></td><td></td></tr><tr><td><b>APPLY_DATE</b></td><td>7/9/2013</td></tr><tr><td><b>Pin Title</b></td><td>UK</td></tr><tr><td><b>Pin Color Code</b></td><td>Green</td></tr></table>]]></description>
<Point>
<coordinates>-115.2057865,36.18623506,0</coordinates>
</Point>
</Placemark>
<Placemark>
<name>0</name>
<styleUrl>#style_ff00ff00_5398837</styleUrl>
<description><![CDATA[<table border='1' cellpadding='4' cellspacing='0'><tr><td><b>Billboard ID</b></td><td>0</td></tr><tr><td><b>STREET_NUM</b></td><td>3100</td></tr><tr><td><b>STREET_DIR</b></td><td></td></tr><tr><td><b>STREET_NAM</b></td><td>STEWART</td></tr><tr><td><b>PARCEL</b></td><td>13936604001</td></tr><tr><td><b>APPLICANT</b></td><td></td></tr><tr><td><b>APPLY_DATE</b></td><td>8/12/2014</td></tr><tr><td><b>Pin Title</b></td><td>UK</td></tr><tr><td><b>Pin Color Code</b></td><td>Green</td></tr></table>]]></description>
<Point>
<coordinates>-115.1051947,36.16708208,0</coordinates>
</Point>
</Placemark>
<Placemark>
<name>185</name>
<styleUrl>#style_ff00ff00_5398837</styleUrl>
<description><![CDATA[<table border='1' cellpadding='4' cellspacing='0'><tr><td><b>Billboard ID</b></td><td>185</td></tr><tr><td><b>STREET_NUM</b></td><td>400</td></tr><tr><td><b>STREET_DIR</b></td><td>S</td></tr><tr><td><b>STREET_NAM</b></td><td>Decatur</td></tr><tr><td><b>PARCEL</b></td><td>13836613008</td></tr><tr><td><b>APPLICANT</b></td><td> </td></tr><tr><td><b>APPLY_DATE</b></td><td> </td></tr><tr><td><b>Pin Title</b></td><td>UK</td></tr><tr><td><b>Pin Color Code</b></td><td>Green</td></tr></table>]]></description>
<Point>
<coordinates>-115.2085099,36.16620142,0</coordinates>
</Point>
</Placemark>
</Folder>
</Document>
</kml>