<?xml version="1.0" encoding="UTF-8"?>
<kml xmlns="http://www.opengis.net/kml/2.2">
<Document>
<name>Nevada DOT – Billboards (NDOT) Export</name>
<Style id="style_ff0000ff_9527121">
<IconStyle>
<color>ff0000ff</color>
<scale>1.1</scale>
<Icon><href>http://maps.google.com/mapfiles/kml/paddle/red-circle.png</href></Icon>
</IconStyle>
</Style>
<Placemark>
<name>2</name>
<styleUrl>#style_ff0000ff_9527121</styleUrl>
<description><![CDATA[<table border='1' cellpadding='4' cellspacing='0'><tr><td><b>OBJECTID</b></td><td>2</td></tr></table>]]></description>
<Point>
<coordinates>-119.75421142599998,39.527526855000076,0</coordinates>
</Point>
</Placemark>
<Placemark>
<name>6</name>
<styleUrl>#style_ff0000ff_9527121</styleUrl>
<description><![CDATA[<table border='1' cellpadding='4' cellspacing='0'><tr><td><b>OBJECTID</b></td><td>6</td></tr></table>]]></description>
<Point>
<coordinates>-118.80828857399996,38.92968750000006,0</coordinates>
</Point>
</Placemark>
<Placemark>
<name>8</name>
<styleUrl>#style_ff0000ff_9527121</styleUrl>
<description><![CDATA[<table border='1' cellpadding='4' cellspacing='0'><tr><td><b>OBJECTID</b></td><td>8</td></tr></table>]]></description>
<Point>
<coordinates>-119.76062011699997,39.528076172000056,0</coordinates>
</Point>
</Placemark>
<Placemark>
<name>13</name>
<styleUrl>#style_ff0000ff_9527121</styleUrl>
<description><![CDATA[<table border='1' cellpadding='4' cellspacing='0'><tr><td><b>OBJECTID</b></td><td>13</td></tr></table>]]></description>
<Point>
<coordinates>-119.78747558599997,39.52728271500007,0</coordinates>
</Point>
</Placemark>
<Placemark>
<name>20</name>
<styleUrl>#style_ff0000ff_9527121</styleUrl>
<description><![CDATA[<table border='1' cellpadding='4' cellspacing='0'><tr><td><b>OBJECTID</b></td><td>20</td></tr></table>]]></description>
<Point>
<coordinates>-118.51159667999997,40.134277344000054,0</coordinates>
</Point>
</Placemark>
<Placemark>
<name>21</name>
<styleUrl>#style_ff0000ff_9527121</styleUrl>
<description><![CDATA[<table border='1' cellpadding='4' cellspacing='0'><tr><td><b>OBJECTID</b></td><td>21</td></tr></table>]]></description>
<Point>
<coordinates>-119.76975434499997,39.535396803000026,0</coordinates>
</Point>
</Placemark>
<Placemark>
<name>27</name>
<styleUrl>#style_ff0000ff_9527121</styleUrl>
<description><![CDATA[<table border='1' cellpadding='4' cellspacing='0'><tr><td><b>OBJECTID</b></td><td>27</td></tr></table>]]></description>
<Point>
<coordinates>-119.78759765599995,39.54309082000003,0</coordinates>
</Point>
</Placemark>
<Placemark>
<name>28</name>
<styleUrl>#style_ff0000ff_9527121</styleUrl>
<description><![CDATA[<table border='1' cellpadding='4' cellspacing='0'><tr><td><b>OBJECTID</b></td><td>28</td></tr></table>]]></description>
<Point>
<coordinates>-118.80358886699997,38.91491699200003,0</coordinates>
</Point>
</Placemark>
<Placemark>
<name>33</name>
<styleUrl>#style_ff0000ff_9527121</styleUrl>
<description><![CDATA[<table border='1' cellpadding='4' cellspacing='0'><tr><td><b>OBJECTID</b></td><td>33</td></tr></table>]]></description>
<Point>
<coordinates>-119.97308349599996,39.51232910200008,0</coordinates>
</Point>
</Placemark>
<Placemark>
<name>34</name>
<styleUrl>#style_ff0000ff_9527121</styleUrl>
<description><![CDATA[<table border='1' cellpadding='4' cellspacing='0'><tr><td><b>OBJECTID</b></td><td>34</td></tr></table>]]></description>
<Point>
<coordinates>-119.83319091799996,39.59527587900004,0</coordinates>
</Point>
</Placemark>
<Placemark>
<name>35</name>
<styleUrl>#style_ff0000ff_9527121</styleUrl>
<description><![CDATA[<table border='1' cellpadding='4' cellspacing='0'><tr><td><b>OBJECTID</b></td><td>35</td></tr></table>]]></description>
<Point>
<coordinates>-119.14489746099997,39.59191894500003,0</coordinates>
</Point>
</Placemark>
<Placemark>
<name>36</name>
<styleUrl>#style_ff0000ff_9527121</styleUrl>
<description><![CDATA[<table border='1' cellpadding='4' cellspacing='0'><tr><td><b>OBJECTID</b></td><td>36</td></tr></table>]]></description>
<Point>
<coordinates>-119.77148437499994,39.44787597700008,0</coordinates>
</Point>
</Placemark>
<Placemark>
<name>40</name>
<styleUrl>#style_ff0000ff_9527121</styleUrl>
<description><![CDATA[<table border='1' cellpadding='4' cellspacing='0'><tr><td><b>OBJECTID</b></td><td>40</td></tr></table>]]></description>
<Point>
<coordinates>-119.17907714799998,38.99389648400006,0</coordinates>
</Point>
</Placemark>
<Placemark>
<name>44</name>
<styleUrl>#style_ff0000ff_9527121</styleUrl>
<description><![CDATA[<table border='1' cellpadding='4' cellspacing='0'><tr><td><b>OBJECTID</b></td><td>44</td></tr></table>]]></description>
<Point>
<coordinates>-118.77173012499998,39.47506658900005,0</coordinates>
</Point>
</Placemark>
<Placemark>
<name>47</name>
<styleUrl>#style_ff0000ff_9527121</styleUrl>
<description><![CDATA[<table border='1' cellpadding='4' cellspacing='0'><tr><td><b>OBJECTID</b></td><td>47</td></tr></table>]]></description>
<Point>
<coordinates>-118.85096050399994,39.485709746000055,0</coordinates>
</Point>
</Placemark>
<Placemark>
<name>49</name>
<styleUrl>#style_ff0000ff_9527121</styleUrl>
<description><![CDATA[<table border='1' cellpadding='4' cellspacing='0'><tr><td><b>OBJECTID</b></td><td>49</td></tr></table>]]></description>
<Point>
<coordinates>-118.61585707199998,38.52468612600006,0</coordinates>
</Point>
</Placemark>
<Placemark>
<name>53</name>
<styleUrl>#style_ff0000ff_9527121</styleUrl>
<description><![CDATA[<table border='1' cellpadding='4' cellspacing='0'><tr><td><b>OBJECTID</b></td><td>53</td></tr></table>]]></description>
<Point>
<coordinates>-118.64050292999997,38.542114258000026,0</coordinates>
</Point>
</Placemark>
<Placemark>
<name>56</name>
<styleUrl>#style_ff0000ff_9527121</styleUrl>
<description><![CDATA[<table border='1' cellpadding='4' cellspacing='0'><tr><td><b>OBJECTID</b></td><td>56</td></tr></table>]]></description>
<Point>
<coordinates>-119.87341308599997,39.61767578100006,0</coordinates>
</Point>
</Placemark>
<Placemark>
<name>59</name>
<styleUrl>#style_ff0000ff_9527121</styleUrl>
<description><![CDATA[<table border='1' cellpadding='4' cellspacing='0'><tr><td><b>OBJECTID</b></td><td>59</td></tr></table>]]></description>
<Point>
<coordinates>-119.78509521499996,39.46270752000004,0</coordinates>
</Point>
</Placemark>
<Placemark>
<name>63</name>
<styleUrl>#style_ff0000ff_9527121</styleUrl>
<description><![CDATA[<table border='1' cellpadding='4' cellspacing='0'><tr><td><b>OBJECTID</b></td><td>63</td></tr></table>]]></description>
<Point>
<coordinates>-119.64636698399994,39.221128813000064,0</coordinates>
</Point>
</Placemark>
<Placemark>
<name>68</name>
<styleUrl>#style_ff0000ff_9527121</styleUrl>
<description><![CDATA[<table border='1' cellpadding='4' cellspacing='0'><tr><td><b>OBJECTID</b></td><td>68</td></tr></table>]]></description>
<Point>
<coordinates>-118.61468505899995,38.524719238000046,0</coordinates>
</Point>
</Placemark>
<Placemark>
<name>75</name>
<styleUrl>#style_ff0000ff_9527121</styleUrl>
<description><![CDATA[<table border='1' cellpadding='4' cellspacing='0'><tr><td><b>OBJECTID</b></td><td>75</td></tr></table>]]></description>
<Point>
<coordinates>-119.87017822299998,39.51928710900006,0</coordinates>
</Point>
</Placemark>
<Placemark>
<name>80</name>
<styleUrl>#style_ff0000ff_9527121</styleUrl>
<description><![CDATA[<table border='1' cellpadding='4' cellspacing='0'><tr><td><b>OBJECTID</b></td><td>80</td></tr></table>]]></description>
<Point>
<coordinates>-118.32757568399995,40.32287597700008,0</coordinates>
</Point>
</Placemark>
<Placemark>
<name>83</name>
<styleUrl>#style_ff0000ff_9527121</styleUrl>
<description><![CDATA[<table border='1' cellpadding='4' cellspacing='0'><tr><td><b>OBJECTID</b></td><td>83</td></tr></table>]]></description>
<Point>
<coordinates>-118.80560302699996,38.92248535200008,0</coordinates>
</Point>
</Placemark>
<Placemark>
<name>86</name>
<styleUrl>#style_ff0000ff_9527121</styleUrl>
<description><![CDATA[<table border='1' cellpadding='4' cellspacing='0'><tr><td><b>OBJECTID</b></td><td>86</td></tr></table>]]></description>
<Point>
<coordinates>-119.77414073999995,39.535525945000074,0</coordinates>
</Point>
</Placemark>
<Placemark>
<name>96</name>
<styleUrl>#style_ff0000ff_9527121</styleUrl>
<description><![CDATA[<table border='1' cellpadding='4' cellspacing='0'><tr><td><b>OBJECTID</b></td><td>96</td></tr></table>]]></description>
<Point>
<coordinates>-118.52081298799999,40.12829589800003,0</coordinates>
</Point>
</Placemark>
<Placemark>
<name>100</name>
<styleUrl>#style_ff0000ff_9527121</styleUrl>
<description><![CDATA[<table border='1' cellpadding='4' cellspacing='0'><tr><td><b>OBJECTID</b></td><td>100</td></tr></table>]]></description>
<Point>
<coordinates>-119.69470214799998,39.52429199200003,0</coordinates>
</Point>
</Placemark>
<Placemark>
<name>102</name>
<styleUrl>#style_ff0000ff_9527121</styleUrl>
<description><![CDATA[<table border='1' cellpadding='4' cellspacing='0'><tr><td><b>OBJECTID</b></td><td>102</td></tr></table>]]></description>
<Point>
<coordinates>-119.24359130899995,39.575500488000046,0</coordinates>
</Point>
</Placemark>
<Placemark>
<name>103</name>
<styleUrl>#style_ff0000ff_9527121</styleUrl>
<description><![CDATA[<table border='1' cellpadding='4' cellspacing='0'><tr><td><b>OBJECTID</b></td><td>103</td></tr></table>]]></description>
<Point>
<coordinates>-119.21130371099997,39.61688232400007,0</coordinates>
</Point>
</Placemark>
<Placemark>
<name>104</name>
<styleUrl>#style_ff0000ff_9527121</styleUrl>
<description><![CDATA[<table border='1' cellpadding='4' cellspacing='0'><tr><td><b>OBJECTID</b></td><td>104</td></tr></table>]]></description>
<Point>
<coordinates>-119.78302001999998,39.458496094000054,0</coordinates>
</Point>
</Placemark>
<Placemark>
<name>106</name>
<styleUrl>#style_ff0000ff_9527121</styleUrl>
<description><![CDATA[<table border='1' cellpadding='4' cellspacing='0'><tr><td><b>OBJECTID</b></td><td>106</td></tr></table>]]></description>
<Point>
<coordinates>-119.74908447299998,39.534118652000075,0</coordinates>
</Point>
</Placemark>
<Placemark>
<name>107</name>
<styleUrl>#style_ff0000ff_9527121</styleUrl>
<description><![CDATA[<table border='1' cellpadding='4' cellspacing='0'><tr><td><b>OBJECTID</b></td><td>107</td></tr></table>]]></description>
<Point>
<coordinates>-119.70190429699994,39.18988037100007,0</coordinates>
</Point>
</Placemark>
<Placemark>
<name>108</name>
<styleUrl>#style_ff0000ff_9527121</styleUrl>
<description><![CDATA[<table border='1' cellpadding='4' cellspacing='0'><tr><td><b>OBJECTID</b></td><td>108</td></tr></table>]]></description>
<Point>
<coordinates>-119.13079833999996,38.998107910000044,0</coordinates>
</Point>
</Placemark>
<Placemark>
<name>111</name>
<styleUrl>#style_ff0000ff_9527121</styleUrl>
<description><![CDATA[<table border='1' cellpadding='4' cellspacing='0'><tr><td><b>OBJECTID</b></td><td>111</td></tr></table>]]></description>
<Point>
<coordinates>-119.83569335899995,39.52691650400004,0</coordinates>
</Point>
</Placemark>
<Placemark>
<name>115</name>
<styleUrl>#style_ff0000ff_9527121</styleUrl>
<description><![CDATA[<table border='1' cellpadding='4' cellspacing='0'><tr><td><b>OBJECTID</b></td><td>115</td></tr></table>]]></description>
<Point>
<coordinates>-118.77239990199996,39.49127197300004,0</coordinates>
</Point>
</Placemark>
<Placemark>
<name>124</name>
<styleUrl>#style_ff0000ff_9527121</styleUrl>
<description><![CDATA[<table border='1' cellpadding='4' cellspacing='0'><tr><td><b>OBJECTID</b></td><td>124</td></tr></table>]]></description>
<Point>
<coordinates>-119.20867919899996,39.61871337900004,0</coordinates>
</Point>
</Placemark>
<Placemark>
<name>129</name>
<styleUrl>#style_ff0000ff_9527121</styleUrl>
<description><![CDATA[<table border='1' cellpadding='4' cellspacing='0'><tr><td><b>OBJECTID</b></td><td>129</td></tr></table>]]></description>
<Point>
<coordinates>-119.71820068399995,39.183105469000054,0</coordinates>
</Point>
</Placemark>
<Placemark>
<name>135</name>
<styleUrl>#style_ff0000ff_9527121</styleUrl>
<description><![CDATA[<table border='1' cellpadding='4' cellspacing='0'><tr><td><b>OBJECTID</b></td><td>135</td></tr></table>]]></description>
<Point>
<coordinates>-118.77679443399995,39.474487305000025,0</coordinates>
</Point>
</Placemark>
<Placemark>
<name>137</name>
<styleUrl>#style_ff0000ff_9527121</styleUrl>
<description><![CDATA[<table border='1' cellpadding='4' cellspacing='0'><tr><td><b>OBJECTID</b></td><td>137</td></tr></table>]]></description>
<Point>
<coordinates>-119.27659846899996,39.39772259200004,0</coordinates>
</Point>
</Placemark>
<Placemark>
<name>141</name>
<styleUrl>#style_ff0000ff_9527121</styleUrl>
<description><![CDATA[<table border='1' cellpadding='4' cellspacing='0'><tr><td><b>OBJECTID</b></td><td>141</td></tr></table>]]></description>
<Point>
<coordinates>-118.44799804699994,40.192687988000046,0</coordinates>
</Point>
</Placemark>
<Placemark>
<name>146</name>
<styleUrl>#style_ff0000ff_9527121</styleUrl>
<description><![CDATA[<table border='1' cellpadding='4' cellspacing='0'><tr><td><b>OBJECTID</b></td><td>146</td></tr></table>]]></description>
<Point>
<coordinates>-119.76529869999996,39.534594447000075,0</coordinates>
</Point>
</Placemark>
<Placemark>
<name>147</name>
<styleUrl>#style_ff0000ff_9527121</styleUrl>
<description><![CDATA[<table border='1' cellpadding='4' cellspacing='0'><tr><td><b>OBJECTID</b></td><td>147</td></tr></table>]]></description>
<Point>
<coordinates>-119.87750244099999,39.61767578100006,0</coordinates>
</Point>
</Placemark>
<Placemark>
<name>152</name>
<styleUrl>#style_ff0000ff_9527121</styleUrl>
<description><![CDATA[<table border='1' cellpadding='4' cellspacing='0'><tr><td><b>OBJECTID</b></td><td>152</td></tr></table>]]></description>
<Point>
<coordinates>-119.22918701199995,39.61468505900007,0</coordinates>
</Point>
</Placemark>
<Placemark>
<name>157</name>
<styleUrl>#style_ff0000ff_9527121</styleUrl>
<description><![CDATA[<table border='1' cellpadding='4' cellspacing='0'><tr><td><b>OBJECTID</b></td><td>157</td></tr></table>]]></description>
<Point>
<coordinates>-119.99871826199995,39.504089355000076,0</coordinates>
</Point>
</Placemark>
<Placemark>
<name>159</name>
<styleUrl>#style_ff0000ff_9527121</styleUrl>
<description><![CDATA[<table border='1' cellpadding='4' cellspacing='0'><tr><td><b>OBJECTID</b></td><td>159</td></tr></table>]]></description>
<Point>
<coordinates>-119.66821289099994,39.21411132800006,0</coordinates>
</Point>
</Placemark>
<Placemark>
<name>162</name>
<styleUrl>#style_ff0000ff_9527121</styleUrl>
<description><![CDATA[<table border='1' cellpadding='4' cellspacing='0'><tr><td><b>OBJECTID</b></td><td>162</td></tr></table>]]></description>
<Point>
<coordinates>-119.78350830099998,39.51770019500003,0</coordinates>
</Point>
</Placemark>
<Placemark>
<name>166</name>
<styleUrl>#style_ff0000ff_9527121</styleUrl>
<description><![CDATA[<table border='1' cellpadding='4' cellspacing='0'><tr><td><b>OBJECTID</b></td><td>166</td></tr></table>]]></description>
<Point>
<coordinates>-119.20599365199996,39.62072753900003,0</coordinates>
</Point>
</Placemark>
<Placemark>
<name>167</name>
<styleUrl>#style_ff0000ff_9527121</styleUrl>
<description><![CDATA[<table border='1' cellpadding='4' cellspacing='0'><tr><td><b>OBJECTID</b></td><td>167</td></tr></table>]]></description>
<Point>
<coordinates>-119.72821044899996,39.52911377000004,0</coordinates>
</Point>
</Placemark>
<Placemark>
<name>169</name>
<styleUrl>#style_ff0000ff_9527121</styleUrl>
<description><![CDATA[<table border='1' cellpadding='4' cellspacing='0'><tr><td><b>OBJECTID</b></td><td>169</td></tr></table>]]></description>
<Point>
<coordinates>-119.78350830099998,39.11431884800004,0</coordinates>
</Point>
</Placemark>
<Placemark>
<name>171</name>
<styleUrl>#style_ff0000ff_9527121</styleUrl>
<description><![CDATA[<table border='1' cellpadding='4' cellspacing='0'><tr><td><b>OBJECTID</b></td><td>171</td></tr></table>]]></description>
<Point>
<coordinates>-119.19268798799999,39.63049316400003,0</coordinates>
</Point>
</Placemark>
<Placemark>
<name>173</name>
<styleUrl>#style_ff0000ff_9527121</styleUrl>
<description><![CDATA[<table border='1' cellpadding='4' cellspacing='0'><tr><td><b>OBJECTID</b></td><td>173</td></tr></table>]]></description>
<Point>
<coordinates>-118.77807617199994,39.47509765600006,0</coordinates>
</Point>
</Placemark>
<Placemark>
<name>174</name>
<styleUrl>#style_ff0000ff_9527121</styleUrl>
<description><![CDATA[<table border='1' cellpadding='4' cellspacing='0'><tr><td><b>OBJECTID</b></td><td>174</td></tr></table>]]></description>
<Point>
<coordinates>-119.78088378899997,39.51348877000004,0</coordinates>
</Point>
</Placemark>
<Placemark>
<name>176</name>
<styleUrl>#style_ff0000ff_9527121</styleUrl>
<description><![CDATA[<table border='1' cellpadding='4' cellspacing='0'><tr><td><b>OBJECTID</b></td><td>176</td></tr></table>]]></description>
<Point>
<coordinates>-119.78167724599996,39.45568847700008,0</coordinates>
</Point>
</Placemark>
<Placemark>
<name>180</name>
<styleUrl>#style_ff0000ff_9527121</styleUrl>
<description><![CDATA[<table border='1' cellpadding='4' cellspacing='0'><tr><td><b>OBJECTID</b></td><td>180</td></tr></table>]]></description>
<Point>
<coordinates>-119.72637939499998,39.52893066400003,0</coordinates>
</Point>
</Placemark>
<Placemark>
<name>183</name>
<styleUrl>#style_ff0000ff_9527121</styleUrl>
<description><![CDATA[<table border='1' cellpadding='4' cellspacing='0'><tr><td><b>OBJECTID</b></td><td>183</td></tr></table>]]></description>
<Point>
<coordinates>-119.74340820299994,39.53387451200007,0</coordinates>
</Point>
</Placemark>
<Placemark>
<name>188</name>
<styleUrl>#style_ff0000ff_9527121</styleUrl>
<description><![CDATA[<table border='1' cellpadding='4' cellspacing='0'><tr><td><b>OBJECTID</b></td><td>188</td></tr></table>]]></description>
<Point>
<coordinates>-119.08508300799997,39.56689453100006,0</coordinates>
</Point>
</Placemark>
<Placemark>
<name>191</name>
<styleUrl>#style_ff0000ff_9527121</styleUrl>
<description><![CDATA[<table border='1' cellpadding='4' cellspacing='0'><tr><td><b>OBJECTID</b></td><td>191</td></tr></table>]]></description>
<Point>
<coordinates>-118.77709960899995,39.47808837900004,0</coordinates>
</Point>
</Placemark>
<Placemark>
<name>192</name>
<styleUrl>#style_ff0000ff_9527121</styleUrl>
<description><![CDATA[<table border='1' cellpadding='4' cellspacing='0'><tr><td><b>OBJECTID</b></td><td>192</td></tr></table>]]></description>
<Point>
<coordinates>-119.22375553899997,39.417385152000065,0</coordinates>
</Point>
</Placemark>
<Placemark>
<name>204</name>
<styleUrl>#style_ff0000ff_9527121</styleUrl>
<description><![CDATA[<table border='1' cellpadding='4' cellspacing='0'><tr><td><b>OBJECTID</b></td><td>204</td></tr></table>]]></description>
<Point>
<coordinates>-119.77160644499997,39.44689941400003,0</coordinates>
</Point>
</Placemark>
<Placemark>
<name>209</name>
<styleUrl>#style_ff0000ff_9527121</styleUrl>
<description><![CDATA[<table border='1' cellpadding='4' cellspacing='0'><tr><td><b>OBJECTID</b></td><td>209</td></tr></table>]]></description>
<Point>
<coordinates>-119.77410888699995,39.12091064500004,0</coordinates>
</Point>
</Placemark>
<Placemark>
<name>212</name>
<styleUrl>#style_ff0000ff_9527121</styleUrl>
<description><![CDATA[<table border='1' cellpadding='4' cellspacing='0'><tr><td><b>OBJECTID</b></td><td>212</td></tr></table>]]></description>
<Point>
<coordinates>-119.59570312499994,39.54351806600005,0</coordinates>
</Point>
</Placemark>
<Placemark>
<name>218</name>
<styleUrl>#style_ff0000ff_9527121</styleUrl>
<description><![CDATA[<table border='1' cellpadding='4' cellspacing='0'><tr><td><b>OBJECTID</b></td><td>218</td></tr></table>]]></description>
<Point>
<coordinates>-119.85418701199995,39.526306152000075,0</coordinates>
</Point>
</Placemark>
<Placemark>
<name>226</name>
<styleUrl>#style_ff0000ff_9527121</styleUrl>
<description><![CDATA[<table border='1' cellpadding='4' cellspacing='0'><tr><td><b>OBJECTID</b></td><td>226</td></tr></table>]]></description>
<Point>
<coordinates>-119.77239990199996,39.11407470700004,0</coordinates>
</Point>
</Placemark>
<Placemark>
<name>231</name>
<styleUrl>#style_ff0000ff_9527121</styleUrl>
<description><![CDATA[<table border='1' cellpadding='4' cellspacing='0'><tr><td><b>OBJECTID</b></td><td>231</td></tr></table>]]></description>
<Point>
<coordinates>-119.99792480499997,39.499328613000046,0</coordinates>
</Point>
</Placemark>
<Placemark>
<name>233</name>
<styleUrl>#style_ff0000ff_9527121</styleUrl>
<description><![CDATA[<table border='1' cellpadding='4' cellspacing='0'><tr><td><b>OBJECTID</b></td><td>233</td></tr></table>]]></description>
<Point>
<coordinates>-119.58903217299996,39.23673409500003,0</coordinates>
</Point>
</Placemark>
<Placemark>
<name>236</name>
<styleUrl>#style_ff0000ff_9527121</styleUrl>
<description><![CDATA[<table border='1' cellpadding='4' cellspacing='0'><tr><td><b>OBJECTID</b></td><td>236</td></tr></table>]]></description>
<Point>
<coordinates>-118.77532958999996,39.48748779300007,0</coordinates>
</Point>
</Placemark>
<Placemark>
<name>242</name>
<styleUrl>#style_ff0000ff_9527121</styleUrl>
<description><![CDATA[<table border='1' cellpadding='4' cellspacing='0'><tr><td><b>OBJECTID</b></td><td>242</td></tr></table>]]></description>
<Point>
<coordinates>-119.77807617199994,39.536071777000075,0</coordinates>
</Point>
</Placemark>
<Placemark>
<name>246</name>
<styleUrl>#style_ff0000ff_9527121</styleUrl>
<description><![CDATA[<table border='1' cellpadding='4' cellspacing='0'><tr><td><b>OBJECTID</b></td><td>246</td></tr></table>]]></description>
<Point>
<coordinates>-119.78479003899997,39.49530029300007,0</coordinates>
</Point>
</Placemark>
<Placemark>
<name>247</name>
<styleUrl>#style_ff0000ff_9527121</styleUrl>
<description><![CDATA[<table border='1' cellpadding='4' cellspacing='0'><tr><td><b>OBJECTID</b></td><td>247</td></tr></table>]]></description>
<Point>
<coordinates>-119.30499267599998,39.61767578100006,0</coordinates>
</Point>
</Placemark>
<Placemark>
<name>248</name>
<styleUrl>#style_ff0000ff_9527121</styleUrl>
<description><![CDATA[<table border='1' cellpadding='4' cellspacing='0'><tr><td><b>OBJECTID</b></td><td>248</td></tr></table>]]></description>
<Point>
<coordinates>-119.23217773399995,39.54168701200007,0</coordinates>
</Point>
</Placemark>
<Placemark>
<name>252</name>
<styleUrl>#style_ff0000ff_9527121</styleUrl>
<description><![CDATA[<table border='1' cellpadding='4' cellspacing='0'><tr><td><b>OBJECTID</b></td><td>252</td></tr></table>]]></description>
<Point>
<coordinates>-118.75531005899995,38.64428710900006,0</coordinates>
</Point>
</Placemark>
<Placemark>
<name>253</name>
<styleUrl>#style_ff0000ff_9527121</styleUrl>
<description><![CDATA[<table border='1' cellpadding='4' cellspacing='0'><tr><td><b>OBJECTID</b></td><td>253</td></tr></table>]]></description>
<Point>
<coordinates>-119.77258300799997,39.12268066400003,0</coordinates>
</Point>
</Placemark>
<Placemark>
<name>258</name>
<styleUrl>#style_ff0000ff_9527121</styleUrl>
<description><![CDATA[<table border='1' cellpadding='4' cellspacing='0'><tr><td><b>OBJECTID</b></td><td>258</td></tr></table>]]></description>
<Point>
<coordinates>-119.78601074199997,39.464721680000025,0</coordinates>
</Point>
</Placemark>
<Placemark>
<name>259</name>
<styleUrl>#style_ff0000ff_9527121</styleUrl>
<description><![CDATA[<table border='1' cellpadding='4' cellspacing='0'><tr><td><b>OBJECTID</b></td><td>259</td></tr></table>]]></description>
<Point>
<coordinates>-118.77425125099995,39.47477866200006,0</coordinates>
</Point>
</Placemark>
<Placemark>
<name>260</name>
<styleUrl>#style_ff0000ff_9527121</styleUrl>
<description><![CDATA[<table border='1' cellpadding='4' cellspacing='0'><tr><td><b>OBJECTID</b></td><td>260</td></tr></table>]]></description>
<Point>
<coordinates>-119.86822509799998,39.52032470700004,0</coordinates>
</Point>
</Placemark>
<Placemark>
<name>262</name>
<styleUrl>#style_ff0000ff_9527121</styleUrl>
<description><![CDATA[<table border='1' cellpadding='4' cellspacing='0'><tr><td><b>OBJECTID</b></td><td>262</td></tr></table>]]></description>
<Point>
<coordinates>-119.78558349599996,39.493286133000026,0</coordinates>
</Point>
</Placemark>
<Placemark>
<name>264</name>
<styleUrl>#style_ff0000ff_9527121</styleUrl>
<description><![CDATA[<table border='1' cellpadding='4' cellspacing='0'><tr><td><b>OBJECTID</b></td><td>264</td></tr></table>]]></description>
<Point>
<coordinates>-119.54901122999996,39.561279297000056,0</coordinates>
</Point>
</Placemark>
<Placemark>
<name>265</name>
<styleUrl>#style_ff0000ff_9527121</styleUrl>
<description><![CDATA[<table border='1' cellpadding='4' cellspacing='0'><tr><td><b>OBJECTID</b></td><td>265</td></tr></table>]]></description>
<Point>
<coordinates>-119.77520751999998,39.12011718700006,0</coordinates>
</Point>
</Placemark>
<Placemark>
<name>269</name>
<styleUrl>#style_ff0000ff_9527121</styleUrl>
<description><![CDATA[<table border='1' cellpadding='4' cellspacing='0'><tr><td><b>OBJECTID</b></td><td>269</td></tr></table>]]></description>
<Point>
<coordinates>-119.18165534399998,38.99386472400005,0</coordinates>
</Point>
</Placemark>
<Placemark>
<name>270</name>
<styleUrl>#style_ff0000ff_9527121</styleUrl>
<description><![CDATA[<table border='1' cellpadding='4' cellspacing='0'><tr><td><b>OBJECTID</b></td><td>270</td></tr></table>]]></description>
<Point>
<coordinates>-119.56671142599998,39.273315430000025,0</coordinates>
</Point>
</Placemark>
<Placemark>
<name>271</name>
<styleUrl>#style_ff0000ff_9527121</styleUrl>
<description><![CDATA[<table border='1' cellpadding='4' cellspacing='0'><tr><td><b>OBJECTID</b></td><td>271</td></tr></table>]]></description>
<Point>
<coordinates>-119.78601074199997,39.48748779300007,0</coordinates>
</Point>
</Placemark>
<Placemark>
<name>272</name>
<styleUrl>#style_ff0000ff_9527121</styleUrl>
<description><![CDATA[<table border='1' cellpadding='4' cellspacing='0'><tr><td><b>OBJECTID</b></td><td>272</td></tr></table>]]></description>
<Point>
<coordinates>-119.68341064499998,39.20788574200003,0</coordinates>
</Point>
</Placemark>
<Placemark>
<name>274</name>
<styleUrl>#style_ff0000ff_9527121</styleUrl>
<description><![CDATA[<table border='1' cellpadding='4' cellspacing='0'><tr><td><b>OBJECTID</b></td><td>274</td></tr></table>]]></description>
<Point>
<coordinates>-119.25048828099995,39.593078613000046,0</coordinates>
</Point>
</Placemark>
<Placemark>
<name>275</name>
<styleUrl>#style_ff0000ff_9527121</styleUrl>
<description><![CDATA[<table border='1' cellpadding='4' cellspacing='0'><tr><td><b>OBJECTID</b></td><td>275</td></tr></table>]]></description>
<Point>
<coordinates>-118.41271972699997,40.21911621100003,0</coordinates>
</Point>
</Placemark>
<Placemark>
<name>278</name>
<styleUrl>#style_ff0000ff_9527121</styleUrl>
<description><![CDATA[<table border='1' cellpadding='4' cellspacing='0'><tr><td><b>OBJECTID</b></td><td>278</td></tr></table>]]></description>
<Point>
<coordinates>-119.93328857399996,39.510681152000075,0</coordinates>
</Point>
</Placemark>
<Placemark>
<name>280</name>
<styleUrl>#style_ff0000ff_9527121</styleUrl>
<description><![CDATA[<table border='1' cellpadding='4' cellspacing='0'><tr><td><b>OBJECTID</b></td><td>280</td></tr></table>]]></description>
<Point>
<coordinates>-119.78832873399995,39.53017378800007,0</coordinates>
</Point>
</Placemark>
<Placemark>
<name>288</name>
<styleUrl>#style_ff0000ff_9527121</styleUrl>
<description><![CDATA[<table border='1' cellpadding='4' cellspacing='0'><tr><td><b>OBJECTID</b></td><td>288</td></tr></table>]]></description>
<Point>
<coordinates>-118.77252197299998,39.49871826200007,0</coordinates>
</Point>
</Placemark>
<Placemark>
<name>289</name>
<styleUrl>#style_ff0000ff_9527121</styleUrl>
<description><![CDATA[<table border='1' cellpadding='4' cellspacing='0'><tr><td><b>OBJECTID</b></td><td>289</td></tr></table>]]></description>
<Point>
<coordinates>-118.81835198399995,39.48100457400005,0</coordinates>
</Point>
</Placemark>
<Placemark>
<name>291</name>
<styleUrl>#style_ff0000ff_9527121</styleUrl>
<description><![CDATA[<table border='1' cellpadding='4' cellspacing='0'><tr><td><b>OBJECTID</b></td><td>291</td></tr></table>]]></description>
<Point>
<coordinates>-119.77331542999997,39.44769287100007,0</coordinates>
</Point>
</Placemark>
<Placemark>
<name>292</name>
<styleUrl>#style_ff0000ff_9527121</styleUrl>
<description><![CDATA[<table border='1' cellpadding='4' cellspacing='0'><tr><td><b>OBJECTID</b></td><td>292</td></tr></table>]]></description>
<Point>
<coordinates>-118.84912109399994,39.48571777300003,0</coordinates>
</Point>
</Placemark>
<Placemark>
<name>299</name>
<styleUrl>#style_ff0000ff_9527121</styleUrl>
<description><![CDATA[<table border='1' cellpadding='4' cellspacing='0'><tr><td><b>OBJECTID</b></td><td>299</td></tr></table>]]></description>
<Point>
<coordinates>-119.30718994099999,39.61712646500007,0</coordinates>
</Point>
</Placemark>
<Placemark>
<name>302</name>
<styleUrl>#style_ff0000ff_9527121</styleUrl>
<description><![CDATA[<table border='1' cellpadding='4' cellspacing='0'><tr><td><b>OBJECTID</b></td><td>302</td></tr></table>]]></description>
<Point>
<coordinates>-118.80639648399995,38.925109863000046,0</coordinates>
</Point>
</Placemark>
<Placemark>
<name>303</name>
<styleUrl>#style_ff0000ff_9527121</styleUrl>
<description><![CDATA[<table border='1' cellpadding='4' cellspacing='0'><tr><td><b>OBJECTID</b></td><td>303</td></tr></table>]]></description>
<Point>
<coordinates>-119.79370117199994,39.53631591800007,0</coordinates>
</Point>
</Placemark>
<Placemark>
<name>310</name>
<styleUrl>#style_ff0000ff_9527121</styleUrl>
<description><![CDATA[<table border='1' cellpadding='4' cellspacing='0'><tr><td><b>OBJECTID</b></td><td>310</td></tr></table>]]></description>
<Point>
<coordinates>-118.89265320799996,39.492866939000066,0</coordinates>
</Point>
</Placemark>
<Placemark>
<name>312</name>
<styleUrl>#style_ff0000ff_9527121</styleUrl>
<description><![CDATA[<table border='1' cellpadding='4' cellspacing='0'><tr><td><b>OBJECTID</b></td><td>312</td></tr></table>]]></description>
<Point>
<coordinates>-119.60369872999996,39.535888672000056,0</coordinates>
</Point>
</Placemark>
<Placemark>
<name>315</name>
<styleUrl>#style_ff0000ff_9527121</styleUrl>
<description><![CDATA[<table border='1' cellpadding='4' cellspacing='0'><tr><td><b>OBJECTID</b></td><td>315</td></tr></table>]]></description>
<Point>
<coordinates>-119.21002197299998,39.61767578100006,0</coordinates>
</Point>
</Placemark>
<Placemark>
<name>316</name>
<styleUrl>#style_ff0000ff_9527121</styleUrl>
<description><![CDATA[<table border='1' cellpadding='4' cellspacing='0'><tr><td><b>OBJECTID</b></td><td>316</td></tr></table>]]></description>
<Point>
<coordinates>-119.52648925799997,39.29608154300007,0</coordinates>
</Point>
</Placemark>
<Placemark>
<name>317</name>
<styleUrl>#style_ff0000ff_9527121</styleUrl>
<description><![CDATA[<table border='1' cellpadding='4' cellspacing='0'><tr><td><b>OBJECTID</b></td><td>317</td></tr></table>]]></description>
<Point>
<coordinates>-118.60968017599998,38.524902344000054,0</coordinates>
</Point>
</Placemark>
<Placemark>
<name>320</name>
<styleUrl>#style_ff0000ff_9527121</styleUrl>
<description><![CDATA[<table border='1' cellpadding='4' cellspacing='0'><tr><td><b>OBJECTID</b></td><td>320</td></tr></table>]]></description>
<Point>
<coordinates>-119.87348753199996,39.616960334000055,0</coordinates>
</Point>
</Placemark>
<Placemark>
<name>326</name>
<styleUrl>#style_ff0000ff_9527121</styleUrl>
<description><![CDATA[<table border='1' cellpadding='4' cellspacing='0'><tr><td><b>OBJECTID</b></td><td>326</td></tr></table>]]></description>
<Point>
<coordinates>-118.80249023399995,38.90972900400004,0</coordinates>
</Point>
</Placemark>
<Placemark>
<name>331</name>
<styleUrl>#style_ff0000ff_9527121</styleUrl>
<description><![CDATA[<table border='1' cellpadding='4' cellspacing='0'><tr><td><b>OBJECTID</b></td><td>331</td></tr></table>]]></description>
<Point>
<coordinates>-119.59228515599995,39.54571533200004,0</coordinates>
</Point>
</Placemark>
<Placemark>
<name>334</name>
<styleUrl>#style_ff0000ff_9527121</styleUrl>
<description><![CDATA[<table border='1' cellpadding='4' cellspacing='0'><tr><td><b>OBJECTID</b></td><td>334</td></tr></table>]]></description>
<Point>
<coordinates>-120.00018310499996,39.50427246100003,0</coordinates>
</Point>
</Placemark>
<Placemark>
<name>337</name>
<styleUrl>#style_ff0000ff_9527121</styleUrl>
<description><![CDATA[<table border='1' cellpadding='4' cellspacing='0'><tr><td><b>OBJECTID</b></td><td>337</td></tr></table>]]></description>
<Point>
<coordinates>-119.74188232399996,39.17468261700003,0</coordinates>
</Point>
</Placemark>
<Placemark>
<name>340</name>
<styleUrl>#style_ff0000ff_9527121</styleUrl>
<description><![CDATA[<table border='1' cellpadding='4' cellspacing='0'><tr><td><b>OBJECTID</b></td><td>340</td></tr></table>]]></description>
<Point>
<coordinates>-119.79662784399994,39.52754615400005,0</coordinates>
</Point>
</Placemark>
<Placemark>
<name>343</name>
<styleUrl>#style_ff0000ff_9527121</styleUrl>
<description><![CDATA[<table border='1' cellpadding='4' cellspacing='0'><tr><td><b>OBJECTID</b></td><td>343</td></tr></table>]]></description>
<Point>
<coordinates>-119.82540744299996,39.524835739000025,0</coordinates>
</Point>
</Placemark>
<Placemark>
<name>344</name>
<styleUrl>#style_ff0000ff_9527121</styleUrl>
<description><![CDATA[<table border='1' cellpadding='4' cellspacing='0'><tr><td><b>OBJECTID</b></td><td>344</td></tr></table>]]></description>
<Point>
<coordinates>-119.825790472,39.52522876100005,0</coordinates>
</Point>
</Placemark>
<Placemark>
<name>352</name>
<styleUrl>#style_ff0000ff_9527121</styleUrl>
<description><![CDATA[<table border='1' cellpadding='4' cellspacing='0'><tr><td><b>OBJECTID</b></td><td>352</td></tr></table>]]></description>
<Point>
<coordinates>-119.79191657199999,39.493084262000025,0</coordinates>
</Point>
</Placemark>
<Placemark>
<name>354</name>
<styleUrl>#style_ff0000ff_9527121</styleUrl>
<description><![CDATA[<table border='1' cellpadding='4' cellspacing='0'><tr><td><b>OBJECTID</b></td><td>354</td></tr></table>]]></description>
<Point>
<coordinates>-119.79646712399995,39.49138642400004,0</coordinates>
</Point>
</Placemark>
<Placemark>
<name>356</name>
<styleUrl>#style_ff0000ff_9527121</styleUrl>
<description><![CDATA[<table border='1' cellpadding='4' cellspacing='0'><tr><td><b>OBJECTID</b></td><td>356</td></tr></table>]]></description>
<Point>
<coordinates>-119.79220601599997,39.48297181800007,0</coordinates>
</Point>
</Placemark>
<Placemark>
<name>372</name>
<styleUrl>#style_ff0000ff_9527121</styleUrl>
<description><![CDATA[<table border='1' cellpadding='4' cellspacing='0'><tr><td><b>OBJECTID</b></td><td>372</td></tr></table>]]></description>
<Point>
<coordinates>-119.74245780799998,39.379589757000076,0</coordinates>
</Point>
</Placemark>
<Placemark>
<name>374</name>
<styleUrl>#style_ff0000ff_9527121</styleUrl>
<description><![CDATA[<table border='1' cellpadding='4' cellspacing='0'><tr><td><b>OBJECTID</b></td><td>374</td></tr></table>]]></description>
<Point>
<coordinates>-119.74559606899999,39.37359930400004,0</coordinates>
</Point>
</Placemark>
<Placemark>
<name>380</name>
<styleUrl>#style_ff0000ff_9527121</styleUrl>
<description><![CDATA[<table border='1' cellpadding='4' cellspacing='0'><tr><td><b>OBJECTID</b></td><td>380</td></tr></table>]]></description>
<Point>
<coordinates>-119.75763437699999,39.419939912000075,0</coordinates>
</Point>
</Placemark>
<Placemark>
<name>382</name>
<styleUrl>#style_ff0000ff_9527121</styleUrl>
<description><![CDATA[<table border='1' cellpadding='4' cellspacing='0'><tr><td><b>OBJECTID</b></td><td>382</td></tr></table>]]></description>
<Point>
<coordinates>-119.76027267099994,39.424009424000076,0</coordinates>
</Point>
</Placemark>
<Placemark>
<name>383</name>
<styleUrl>#style_ff0000ff_9527121</styleUrl>
<description><![CDATA[<table border='1' cellpadding='4' cellspacing='0'><tr><td><b>OBJECTID</b></td><td>383</td></tr></table>]]></description>
<Point>
<coordinates>-119.75985710499998,39.42455097800007,0</coordinates>
</Point>
</Placemark>
<Placemark>
<name>389</name>
<styleUrl>#style_ff0000ff_9527121</styleUrl>
<description><![CDATA[<table border='1' cellpadding='4' cellspacing='0'><tr><td><b>OBJECTID</b></td><td>389</td></tr></table>]]></description>
<Point>
<coordinates>-119.76682741999997,39.43405656900006,0</coordinates>
</Point>
</Placemark>
<Placemark>
<name>390</name>
<styleUrl>#style_ff0000ff_9527121</styleUrl>
<description><![CDATA[<table border='1' cellpadding='4' cellspacing='0'><tr><td><b>OBJECTID</b></td><td>390</td></tr></table>]]></description>
<Point>
<coordinates>-119.76780525199996,39.43559722700007,0</coordinates>
</Point>
</Placemark>
<Placemark>
<name>391</name>
<styleUrl>#style_ff0000ff_9527121</styleUrl>
<description><![CDATA[<table border='1' cellpadding='4' cellspacing='0'><tr><td><b>OBJECTID</b></td><td>391</td></tr></table>]]></description>
<Point>
<coordinates>-119.76763775899997,39.43656529000003,0</coordinates>
</Point>
</Placemark>
<Placemark>
<name>395</name>
<styleUrl>#style_ff0000ff_9527121</styleUrl>
<description><![CDATA[<table border='1' cellpadding='4' cellspacing='0'><tr><td><b>OBJECTID</b></td><td>395</td></tr></table>]]></description>
<Point>
<coordinates>-118.80965698499995,38.965927083000054,0</coordinates>
</Point>
</Placemark>
<Placemark>
<name>399</name>
<styleUrl>#style_ff0000ff_9527121</styleUrl>
<description><![CDATA[<table border='1' cellpadding='4' cellspacing='0'><tr><td><b>OBJECTID</b></td><td>399</td></tr></table>]]></description>
<Point>
<coordinates>-118.81029194599995,38.95220636800008,0</coordinates>
</Point>
</Placemark>
<Placemark>
<name>400</name>
<styleUrl>#style_ff0000ff_9527121</styleUrl>
<description><![CDATA[<table border='1' cellpadding='4' cellspacing='0'><tr><td><b>OBJECTID</b></td><td>400</td></tr></table>]]></description>
<Point>
<coordinates>-118.81029194599995,38.95220636800008,0</coordinates>
</Point>
</Placemark>
<Placemark>
<name>405</name>
<styleUrl>#style_ff0000ff_9527121</styleUrl>
<description><![CDATA[<table border='1' cellpadding='4' cellspacing='0'><tr><td><b>OBJECTID</b></td><td>405</td></tr></table>]]></description>
<Point>
<coordinates>-119.99813826399998,39.50123658900003,0</coordinates>
</Point>
</Placemark>
<Placemark>
<name>410</name>
<styleUrl>#style_ff0000ff_9527121</styleUrl>
<description><![CDATA[<table border='1' cellpadding='4' cellspacing='0'><tr><td><b>OBJECTID</b></td><td>410</td></tr></table>]]></description>
<Point>
<coordinates>-119.86176817999996,39.614635261000046,0</coordinates>
</Point>
</Placemark>
<Placemark>
<name>415</name>
<styleUrl>#style_ff0000ff_9527121</styleUrl>
<description><![CDATA[<table border='1' cellpadding='4' cellspacing='0'><tr><td><b>OBJECTID</b></td><td>415</td></tr></table>]]></description>
<Point>
<coordinates>-119.840768562,39.60230418800006,0</coordinates>
</Point>
</Placemark>
<Placemark>
<name>420</name>
<styleUrl>#style_ff0000ff_9527121</styleUrl>
<description><![CDATA[<table border='1' cellpadding='4' cellspacing='0'><tr><td><b>OBJECTID</b></td><td>420</td></tr></table>]]></description>
<Point>
<coordinates>-119.78279032199998,39.52524695200003,0</coordinates>
</Point>
</Placemark>
<Placemark>
<name>426</name>
<styleUrl>#style_ff0000ff_9527121</styleUrl>
<description><![CDATA[<table border='1' cellpadding='4' cellspacing='0'><tr><td><b>OBJECTID</b></td><td>426</td></tr></table>]]></description>
<Point>
<coordinates>-119.22724832299997,39.60266368300006,0</coordinates>
</Point>
</Placemark>
<Placemark>
<name>436</name>
<styleUrl>#style_ff0000ff_9527121</styleUrl>
<description><![CDATA[<table border='1' cellpadding='4' cellspacing='0'><tr><td><b>OBJECTID</b></td><td>436</td></tr></table>]]></description>
<Point>
<coordinates>-118.62770218099996,38.53442492600004,0</coordinates>
</Point>
</Placemark>
<Placemark>
<name>437</name>
<styleUrl>#style_ff0000ff_9527121</styleUrl>
<description><![CDATA[<table border='1' cellpadding='4' cellspacing='0'><tr><td><b>OBJECTID</b></td><td>437</td></tr></table>]]></description>
<Point>
<coordinates>-118.53231771899999,40.12148907300008,0</coordinates>
</Point>
</Placemark>
<Placemark>
<name>439</name>
<styleUrl>#style_ff0000ff_9527121</styleUrl>
<description><![CDATA[<table border='1' cellpadding='4' cellspacing='0'><tr><td><b>OBJECTID</b></td><td>439</td></tr></table>]]></description>
<Point>
<coordinates>-118.52805603199994,40.12415679900005,0</coordinates>
</Point>
</Placemark>
<Placemark>
<name>440</name>
<styleUrl>#style_ff0000ff_9527121</styleUrl>
<description><![CDATA[<table border='1' cellpadding='4' cellspacing='0'><tr><td><b>OBJECTID</b></td><td>440</td></tr></table>]]></description>
<Point>
<coordinates>-118.52621554099994,40.12521298000007,0</coordinates>
</Point>
</Placemark>
<Placemark>
<name>441</name>
<styleUrl>#style_ff0000ff_9527121</styleUrl>
<description><![CDATA[<table border='1' cellpadding='4' cellspacing='0'><tr><td><b>OBJECTID</b></td><td>441</td></tr></table>]]></description>
<Point>
<coordinates>-118.50732347299999,40.13714607700007,0</coordinates>
</Point>
</Placemark>
<Placemark>
<name>445</name>
<styleUrl>#style_ff0000ff_9527121</styleUrl>
<description><![CDATA[<table border='1' cellpadding='4' cellspacing='0'><tr><td><b>OBJECTID</b></td><td>445</td></tr></table>]]></description>
<Point>
<coordinates>-118.54204969999995,40.11777898100007,0</coordinates>
</Point>
</Placemark>
<Placemark>
<name>446</name>
<styleUrl>#style_ff0000ff_9527121</styleUrl>
<description><![CDATA[<table border='1' cellpadding='4' cellspacing='0'><tr><td><b>OBJECTID</b></td><td>446</td></tr></table>]]></description>
<Point>
<coordinates>-118.54772748899995,40.114560195000024,0</coordinates>
</Point>
</Placemark>
<Placemark>
<name>453</name>
<styleUrl>#style_ff0000ff_9527121</styleUrl>
<description><![CDATA[<table border='1' cellpadding='4' cellspacing='0'><tr><td><b>OBJECTID</b></td><td>453</td></tr></table>]]></description>
<Point>
<coordinates>-119.73941506799997,39.528242929000044,0</coordinates>
</Point>
</Placemark>
<Placemark>
<name>457</name>
<styleUrl>#style_ff0000ff_9527121</styleUrl>
<description><![CDATA[<table border='1' cellpadding='4' cellspacing='0'><tr><td><b>OBJECTID</b></td><td>457</td></tr></table>]]></description>
<Point>
<coordinates>-119.73945572599996,39.52496723100006,0</coordinates>
</Point>
</Placemark>
<Placemark>
<name>458</name>
<styleUrl>#style_ff0000ff_9527121</styleUrl>
<description><![CDATA[<table border='1' cellpadding='4' cellspacing='0'><tr><td><b>OBJECTID</b></td><td>458</td></tr></table>]]></description>
<Point>
<coordinates>-119.74183890699999,39.52148548200006,0</coordinates>
</Point>
</Placemark>
<Placemark>
<name>465</name>
<styleUrl>#style_ff0000ff_9527121</styleUrl>
<description><![CDATA[<table border='1' cellpadding='4' cellspacing='0'><tr><td><b>OBJECTID</b></td><td>465</td></tr></table>]]></description>
<Point>
<coordinates>-119.61875047499996,38.81926177300005,0</coordinates>
</Point>
</Placemark>
<Placemark>
<name>466</name>
<styleUrl>#style_ff0000ff_9527121</styleUrl>
<description><![CDATA[<table border='1' cellpadding='4' cellspacing='0'><tr><td><b>OBJECTID</b></td><td>466</td></tr></table>]]></description>
<Point>
<coordinates>-119.64966661799997,38.851166066000076,0</coordinates>
</Point>
</Placemark>
<Placemark>
<name>470</name>
<styleUrl>#style_ff0000ff_9527121</styleUrl>
<description><![CDATA[<table border='1' cellpadding='4' cellspacing='0'><tr><td><b>OBJECTID</b></td><td>470</td></tr></table>]]></description>
<Point>
<coordinates>-119.65360256899999,38.85274190600006,0</coordinates>
</Point>
</Placemark>
<Placemark>
<name>471</name>
<styleUrl>#style_ff0000ff_9527121</styleUrl>
<description><![CDATA[<table border='1' cellpadding='4' cellspacing='0'><tr><td><b>OBJECTID</b></td><td>471</td></tr></table>]]></description>
<Point>
<coordinates>-119.70519248899996,38.903889925000044,0</coordinates>
</Point>
</Placemark>
<Placemark>
<name>474</name>
<styleUrl>#style_ff0000ff_9527121</styleUrl>
<description><![CDATA[<table border='1' cellpadding='4' cellspacing='0'><tr><td><b>OBJECTID</b></td><td>474</td></tr></table>]]></description>
<Point>
<coordinates>-119.71258001399997,38.91316507600004,0</coordinates>
</Point>
</Placemark>
<Placemark>
<name>475</name>
<styleUrl>#style_ff0000ff_9527121</styleUrl>
<description><![CDATA[<table border='1' cellpadding='4' cellspacing='0'><tr><td><b>OBJECTID</b></td><td>475</td></tr></table>]]></description>
<Point>
<coordinates>-119.713987224,38.91385783700008,0</coordinates>
</Point>
</Placemark>
<Placemark>
<name>478</name>
<styleUrl>#style_ff0000ff_9527121</styleUrl>
<description><![CDATA[<table border='1' cellpadding='4' cellspacing='0'><tr><td><b>OBJECTID</b></td><td>478</td></tr></table>]]></description>
<Point>
<coordinates>-119.77895550799997,38.90116689600006,0</coordinates>
</Point>
</Placemark>
<Placemark>
<name>479</name>
<styleUrl>#style_ff0000ff_9527121</styleUrl>
<description><![CDATA[<table border='1' cellpadding='4' cellspacing='0'><tr><td><b>OBJECTID</b></td><td>479</td></tr></table>]]></description>
<Point>
<coordinates>-118.36865286799997,40.26930055400004,0</coordinates>
</Point>
</Placemark>
<Placemark>
<name>483</name>
<styleUrl>#style_ff0000ff_9527121</styleUrl>
<description><![CDATA[<table border='1' cellpadding='4' cellspacing='0'><tr><td><b>OBJECTID</b></td><td>483</td></tr></table>]]></description>
<Point>
<coordinates>-119.75286726499996,39.543628660000024,0</coordinates>
</Point>
</Placemark>
<Placemark>
<name>484</name>
<styleUrl>#style_ff0000ff_9527121</styleUrl>
<description><![CDATA[<table border='1' cellpadding='4' cellspacing='0'><tr><td><b>OBJECTID</b></td><td>484</td></tr></table>]]></description>
<Point>
<coordinates>-119.75252290899999,39.54855304900008,0</coordinates>
</Point>
</Placemark>
<Placemark>
<name>485</name>
<styleUrl>#style_ff0000ff_9527121</styleUrl>
<description><![CDATA[<table border='1' cellpadding='4' cellspacing='0'><tr><td><b>OBJECTID</b></td><td>485</td></tr></table>]]></description>
<Point>
<coordinates>-119.752485606,39.54836179400007,0</coordinates>
</Point>
</Placemark>
<Placemark>
<name>488</name>
<styleUrl>#style_ff0000ff_9527121</styleUrl>
<description><![CDATA[<table border='1' cellpadding='4' cellspacing='0'><tr><td><b>OBJECTID</b></td><td>488</td></tr></table>]]></description>
<Point>
<coordinates>-119.73179889099998,39.60804415600006,0</coordinates>
</Point>
</Placemark>
<Placemark>
<name>496</name>
<styleUrl>#style_ff0000ff_9527121</styleUrl>
<description><![CDATA[<table border='1' cellpadding='4' cellspacing='0'><tr><td><b>OBJECTID</b></td><td>496</td></tr></table>]]></description>
<Point>
<coordinates>-119.71810526999997,39.63012988300005,0</coordinates>
</Point>
</Placemark>
<Placemark>
<name>498</name>
<styleUrl>#style_ff0000ff_9527121</styleUrl>
<description><![CDATA[<table border='1' cellpadding='4' cellspacing='0'><tr><td><b>OBJECTID</b></td><td>498</td></tr></table>]]></description>
<Point>
<coordinates>-119.71622083299997,39.63247341700003,0</coordinates>
</Point>
</Placemark>
<Placemark>
<name>499</name>
<styleUrl>#style_ff0000ff_9527121</styleUrl>
<description><![CDATA[<table border='1' cellpadding='4' cellspacing='0'><tr><td><b>OBJECTID</b></td><td>499</td></tr></table>]]></description>
<Point>
<coordinates>-119.71531386399994,39.63366453900005,0</coordinates>
</Point>
</Placemark>
<Placemark>
<name>500</name>
<styleUrl>#style_ff0000ff_9527121</styleUrl>
<description><![CDATA[<table border='1' cellpadding='4' cellspacing='0'><tr><td><b>OBJECTID</b></td><td>500</td></tr></table>]]></description>
<Point>
<coordinates>-119.71456916899996,39.63456745000008,0</coordinates>
</Point>
</Placemark>
<Placemark>
<name>501</name>
<styleUrl>#style_ff0000ff_9527121</styleUrl>
<description><![CDATA[<table border='1' cellpadding='4' cellspacing='0'><tr><td><b>OBJECTID</b></td><td>501</td></tr></table>]]></description>
<Point>
<coordinates>-119.71425278999999,39.63497589200006,0</coordinates>
</Point>
</Placemark>
<Placemark>
<name>502</name>
<styleUrl>#style_ff0000ff_9527121</styleUrl>
<description><![CDATA[<table border='1' cellpadding='4' cellspacing='0'><tr><td><b>OBJECTID</b></td><td>502</td></tr></table>]]></description>
<Point>
<coordinates>-119.71358358799995,39.63560207300003,0</coordinates>
</Point>
</Placemark>
<Placemark>
<name>505</name>
<styleUrl>#style_ff0000ff_9527121</styleUrl>
<description><![CDATA[<table border='1' cellpadding='4' cellspacing='0'><tr><td><b>OBJECTID</b></td><td>505</td></tr></table>]]></description>
<Point>
<coordinates>-119.71358169399997,39.635693669000034,0</coordinates>
</Point>
</Placemark>
<Placemark>
<name>509</name>
<styleUrl>#style_ff0000ff_9527121</styleUrl>
<description><![CDATA[<table border='1' cellpadding='4' cellspacing='0'><tr><td><b>OBJECTID</b></td><td>509</td></tr></table>]]></description>
<Point>
<coordinates>-119.71362362499997,39.63577856200004,0</coordinates>
</Point>
</Placemark>
<Placemark>
<name>510</name>
<styleUrl>#style_ff0000ff_9527121</styleUrl>
<description><![CDATA[<table border='1' cellpadding='4' cellspacing='0'><tr><td><b>OBJECTID</b></td><td>510</td></tr></table>]]></description>
<Point>
<coordinates>-119.71339561199994,39.636046013000055,0</coordinates>
</Point>
</Placemark>
<Placemark>
<name>519</name>
<styleUrl>#style_ff0000ff_9527121</styleUrl>
<description><![CDATA[<table border='1' cellpadding='4' cellspacing='0'><tr><td><b>OBJECTID</b></td><td>519</td></tr></table>]]></description>
<Point>
<coordinates>-119.79937210699995,39.49741465400007,0</coordinates>
</Point>
</Placemark>
<Placemark>
<name>529</name>
<styleUrl>#style_ff0000ff_9527121</styleUrl>
<description><![CDATA[<table border='1' cellpadding='4' cellspacing='0'><tr><td><b>OBJECTID</b></td><td>529</td></tr></table>]]></description>
<Point>
<coordinates>-119.80862582599997,39.51658909300005,0</coordinates>
</Point>
</Placemark>
<Placemark>
<name>539</name>
<styleUrl>#style_ff0000ff_9527121</styleUrl>
<description><![CDATA[<table border='1' cellpadding='4' cellspacing='0'><tr><td><b>OBJECTID</b></td><td>539</td></tr></table>]]></description>
<Point>
<coordinates>-119.82746155499996,39.572331709000025,0</coordinates>
</Point>
</Placemark>
<Placemark>
<name>545</name>
<styleUrl>#style_ff0000ff_9527121</styleUrl>
<description><![CDATA[<table border='1' cellpadding='4' cellspacing='0'><tr><td><b>OBJECTID</b></td><td>545</td></tr></table>]]></description>
<Point>
<coordinates>-119.77984935199999,39.45832443300003,0</coordinates>
</Point>
</Placemark>
<Placemark>
<name>547</name>
<styleUrl>#style_ff0000ff_9527121</styleUrl>
<description><![CDATA[<table border='1' cellpadding='4' cellspacing='0'><tr><td><b>OBJECTID</b></td><td>547</td></tr></table>]]></description>
<Point>
<coordinates>-119.77154795099995,39.44243385400006,0</coordinates>
</Point>
</Placemark>
<Placemark>
<name>548</name>
<styleUrl>#style_ff0000ff_9527121</styleUrl>
<description><![CDATA[<table border='1' cellpadding='4' cellspacing='0'><tr><td><b>OBJECTID</b></td><td>548</td></tr></table>]]></description>
<Point>
<coordinates>-119.78955951999995,39.52779438300007,0</coordinates>
</Point>
</Placemark>
<Placemark>
<name>551</name>
<styleUrl>#style_ff0000ff_9527121</styleUrl>
<description><![CDATA[<table border='1' cellpadding='4' cellspacing='0'><tr><td><b>OBJECTID</b></td><td>551</td></tr></table>]]></description>
<Point>
<coordinates>-119.78883472999996,39.52100579300003,0</coordinates>
</Point>
</Placemark>
<Placemark>
<name>552</name>
<styleUrl>#style_ff0000ff_9527121</styleUrl>
<description><![CDATA[<table border='1' cellpadding='4' cellspacing='0'><tr><td><b>OBJECTID</b></td><td>552</td></tr></table>]]></description>
<Point>
<coordinates>-119.78894751299998,39.52059849400007,0</coordinates>
</Point>
</Placemark>
<Placemark>
<name>557</name>
<styleUrl>#style_ff0000ff_9527121</styleUrl>
<description><![CDATA[<table border='1' cellpadding='4' cellspacing='0'><tr><td><b>OBJECTID</b></td><td>557</td></tr></table>]]></description>
<Point>
<coordinates>-119.78932867099996,39.49658843800006,0</coordinates>
</Point>
</Placemark>
<Placemark>
<name>561</name>
<styleUrl>#style_ff0000ff_9527121</styleUrl>
<description><![CDATA[<table border='1' cellpadding='4' cellspacing='0'><tr><td><b>OBJECTID</b></td><td>561</td></tr></table>]]></description>
<Point>
<coordinates>-119.78881831399997,39.488378168000054,0</coordinates>
</Point>
</Placemark>
<Placemark>
<name>563</name>
<styleUrl>#style_ff0000ff_9527121</styleUrl>
<description><![CDATA[<table border='1' cellpadding='4' cellspacing='0'><tr><td><b>OBJECTID</b></td><td>563</td></tr></table>]]></description>
<Point>
<coordinates>-119.78076569099994,39.545129571000075,0</coordinates>
</Point>
</Placemark>
<Placemark>
<name>564</name>
<styleUrl>#style_ff0000ff_9527121</styleUrl>
<description><![CDATA[<table border='1' cellpadding='4' cellspacing='0'><tr><td><b>OBJECTID</b></td><td>564</td></tr></table>]]></description>
<Point>
<coordinates>-119.78137257799995,39.53483354900004,0</coordinates>
</Point>
</Placemark>
<Placemark>
<name>578</name>
<styleUrl>#style_ff0000ff_9527121</styleUrl>
<description><![CDATA[<table border='1' cellpadding='4' cellspacing='0'><tr><td><b>OBJECTID</b></td><td>578</td></tr></table>]]></description>
<Point>
<coordinates>-118.37657899999999,40.256876000000034,0</coordinates>
</Point>
</Placemark>
<Placemark>
<name>582</name>
<styleUrl>#style_ff0000ff_9527121</styleUrl>
<description><![CDATA[<table border='1' cellpadding='4' cellspacing='0'><tr><td><b>OBJECTID</b></td><td>582</td></tr></table>]]></description>
<Point>
<coordinates>-119.81536512099996,39.52954319000003,0</coordinates>
</Point>
</Placemark>
<Placemark>
<name>584</name>
<styleUrl>#style_ff0000ff_9527121</styleUrl>
<description><![CDATA[<table border='1' cellpadding='4' cellspacing='0'><tr><td><b>OBJECTID</b></td><td>584</td></tr></table>]]></description>
<Point>
<coordinates>-119.83401062799999,39.52434353500007,0</coordinates>
</Point>
</Placemark>
<Placemark>
<name>1396</name>
<styleUrl>#style_ff0000ff_9527121</styleUrl>
<description><![CDATA[<table border='1' cellpadding='4' cellspacing='0'><tr><td><b>OBJECTID</b></td><td>1396</td></tr></table>]]></description>
<Point>
<coordinates>-119.77844858599997,39.079703805000065,0</coordinates>
</Point>
</Placemark>
<Placemark>
<name>1397</name>
<styleUrl>#style_ff0000ff_9527121</styleUrl>
<description><![CDATA[<table border='1' cellpadding='4' cellspacing='0'><tr><td><b>OBJECTID</b></td><td>1397</td></tr></table>]]></description>
<Point>
<coordinates>-119.77839582099995,39.074379531000034,0</coordinates>
</Point>
</Placemark>
<Placemark>
<name>1400</name>
<styleUrl>#style_ff0000ff_9527121</styleUrl>
<description><![CDATA[<table border='1' cellpadding='4' cellspacing='0'><tr><td><b>OBJECTID</b></td><td>1400</td></tr></table>]]></description>
<Point>
<coordinates>-119.70298011399996,38.89972567600006,0</coordinates>
</Point>
</Placemark>
<Placemark>
<name>1404</name>
<styleUrl>#style_ff0000ff_9527121</styleUrl>
<description><![CDATA[<table border='1' cellpadding='4' cellspacing='0'><tr><td><b>OBJECTID</b></td><td>1404</td></tr></table>]]></description>
<Point>
<coordinates>-119.23369569799996,39.54736320300003,0</coordinates>
</Point>
</Placemark>
<Placemark>
<name>1796</name>
<styleUrl>#style_ff0000ff_9527121</styleUrl>
<description><![CDATA[<table border='1' cellpadding='4' cellspacing='0'><tr><td><b>OBJECTID</b></td><td>1796</td></tr></table>]]></description>
<Point>
<coordinates>-118.80441795299998,38.916644699000074,0</coordinates>
</Point>
</Placemark>
<Placemark>
<name>1797</name>
<styleUrl>#style_ff0000ff_9527121</styleUrl>
<description><![CDATA[<table border='1' cellpadding='4' cellspacing='0'><tr><td><b>OBJECTID</b></td><td>1797</td></tr></table>]]></description>
<Point>
<coordinates>-118.80840489899998,38.93317522600006,0</coordinates>
</Point>
</Placemark>
<Placemark>
<name>1799</name>
<styleUrl>#style_ff0000ff_9527121</styleUrl>
<description><![CDATA[<table border='1' cellpadding='4' cellspacing='0'><tr><td><b>OBJECTID</b></td><td>1799</td></tr></table>]]></description>
<Point>
<coordinates>-118.80886199799994,38.93483100800006,0</coordinates>
</Point>
</Placemark>
<Placemark>
<name>1801</name>
<styleUrl>#style_ff0000ff_9527121</styleUrl>
<description><![CDATA[<table border='1' cellpadding='4' cellspacing='0'><tr><td><b>OBJECTID</b></td><td>1801</td></tr></table>]]></description>
<Point>
<coordinates>-118.80925824099995,38.93650637500008,0</coordinates>
</Point>
</Placemark>
<Placemark>
<name>2593</name>
<styleUrl>#style_ff0000ff_9527121</styleUrl>
<description><![CDATA[<table border='1' cellpadding='4' cellspacing='0'><tr><td><b>OBJECTID</b></td><td>2593</td></tr></table>]]></description>
<Point>
<coordinates>-118.44443415199999,40.195436295000036,0</coordinates>
</Point>
</Placemark>
<Placemark>
<name>2993</name>
<styleUrl>#style_ff0000ff_9527121</styleUrl>
<description><![CDATA[<table border='1' cellpadding='4' cellspacing='0'><tr><td><b>OBJECTID</b></td><td>2993</td></tr></table>]]></description>
<Point>
<coordinates>-119.71649166599997,39.52764166700007,0</coordinates>
</Point>
</Placemark>
<Placemark>
<name>3393</name>
<styleUrl>#style_ff0000ff_9527121</styleUrl>
<description><![CDATA[<table border='1' cellpadding='4' cellspacing='0'><tr><td><b>OBJECTID</b></td><td>3393</td></tr></table>]]></description>
<Point>
<coordinates>-119.82711749299995,39.52907812400008,0</coordinates>
</Point>
</Placemark>
<Placemark>
<name>4193</name>
<styleUrl>#style_ff0000ff_9527121</styleUrl>
<description><![CDATA[<table border='1' cellpadding='4' cellspacing='0'><tr><td><b>OBJECTID</b></td><td>4193</td></tr></table>]]></description>
<Point>
<coordinates>-119.62943016599996,39.22289515400007,0</coordinates>
</Point>
</Placemark>
<Placemark>
<name>4194</name>
<styleUrl>#style_ff0000ff_9527121</styleUrl>
<description><![CDATA[<table border='1' cellpadding='4' cellspacing='0'><tr><td><b>OBJECTID</b></td><td>4194</td></tr></table>]]></description>
<Point>
<coordinates>-119.620950446,39.22197104900005,0</coordinates>
</Point>
</Placemark>
<Placemark>
<name>4198</name>
<styleUrl>#style_ff0000ff_9527121</styleUrl>
<description><![CDATA[<table border='1' cellpadding='4' cellspacing='0'><tr><td><b>OBJECTID</b></td><td>4198</td></tr></table>]]></description>
<Point>
<coordinates>-119.64932116499995,39.22032414100005,0</coordinates>
</Point>
</Placemark>
<Placemark>
<name>4199</name>
<styleUrl>#style_ff0000ff_9527121</styleUrl>
<description><![CDATA[<table border='1' cellpadding='4' cellspacing='0'><tr><td><b>OBJECTID</b></td><td>4199</td></tr></table>]]></description>
<Point>
<coordinates>-119.66172915599998,39.21614735700007,0</coordinates>
</Point>
</Placemark>
<Placemark>
<name>4994</name>
<styleUrl>#style_ff0000ff_9527121</styleUrl>
<description><![CDATA[<table border='1' cellpadding='4' cellspacing='0'><tr><td><b>OBJECTID</b></td><td>4994</td></tr></table>]]></description>
<Point>
<coordinates>-119.58941618399996,39.23562982100003,0</coordinates>
</Point>
</Placemark>
<Placemark>
<name>5395</name>
<styleUrl>#style_ff0000ff_9527121</styleUrl>
<description><![CDATA[<table border='1' cellpadding='4' cellspacing='0'><tr><td><b>OBJECTID</b></td><td>5395</td></tr></table>]]></description>
<Point>
<coordinates>-119.52638030999998,39.29618972700007,0</coordinates>
</Point>
</Placemark>
<Placemark>
<name>5396</name>
<styleUrl>#style_ff0000ff_9527121</styleUrl>
<description><![CDATA[<table border='1' cellpadding='4' cellspacing='0'><tr><td><b>OBJECTID</b></td><td>5396</td></tr></table>]]></description>
<Point>
<coordinates>-119.52217900499994,39.298637986000074,0</coordinates>
</Point>
</Placemark>
<Placemark>
<name>5794</name>
<styleUrl>#style_ff0000ff_9527121</styleUrl>
<description><![CDATA[<table border='1' cellpadding='4' cellspacing='0'><tr><td><b>OBJECTID</b></td><td>5794</td></tr></table>]]></description>
<Point>
<coordinates>-119.44880991299999,39.334755004000044,0</coordinates>
</Point>
</Placemark>
<Placemark>
<name>6193</name>
<styleUrl>#style_ff0000ff_9527121</styleUrl>
<description><![CDATA[<table border='1' cellpadding='4' cellspacing='0'><tr><td><b>OBJECTID</b></td><td>6193</td></tr></table>]]></description>
<Point>
<coordinates>-119.50328813599998,39.30961434200003,0</coordinates>
</Point>
</Placemark>
<Placemark>
<name>6195</name>
<styleUrl>#style_ff0000ff_9527121</styleUrl>
<description><![CDATA[<table border='1' cellpadding='4' cellspacing='0'><tr><td><b>OBJECTID</b></td><td>6195</td></tr></table>]]></description>
<Point>
<coordinates>-119.26939924299995,39.40034756800003,0</coordinates>
</Point>
</Placemark>
<Placemark>
<name>6199</name>
<styleUrl>#style_ff0000ff_9527121</styleUrl>
<description><![CDATA[<table border='1' cellpadding='4' cellspacing='0'><tr><td><b>OBJECTID</b></td><td>6199</td></tr></table>]]></description>
<Point>
<coordinates>-119.30514590799999,39.38723593700007,0</coordinates>
</Point>
</Placemark>
<Placemark>
<name>6202</name>
<styleUrl>#style_ff0000ff_9527121</styleUrl>
<description><![CDATA[<table border='1' cellpadding='4' cellspacing='0'><tr><td><b>OBJECTID</b></td><td>6202</td></tr></table>]]></description>
<Point>
<coordinates>-119.37071533999995,39.36347696900003,0</coordinates>
</Point>
</Placemark>
<Placemark>
<name>6206</name>
<styleUrl>#style_ff0000ff_9527121</styleUrl>
<description><![CDATA[<table border='1' cellpadding='4' cellspacing='0'><tr><td><b>OBJECTID</b></td><td>6206</td></tr></table>]]></description>
<Point>
<coordinates>-119.50504225499998,39.30976677600006,0</coordinates>
</Point>
</Placemark>
<Placemark>
<name>6213</name>
<styleUrl>#style_ff0000ff_9527121</styleUrl>
<description><![CDATA[<table border='1' cellpadding='4' cellspacing='0'><tr><td><b>OBJECTID</b></td><td>6213</td></tr></table>]]></description>
<Point>
<coordinates>-119.45307934199997,39.33196093600003,0</coordinates>
</Point>
</Placemark>
<Placemark>
<name>6597</name>
<styleUrl>#style_ff0000ff_9527121</styleUrl>
<description><![CDATA[<table border='1' cellpadding='4' cellspacing='0'><tr><td><b>OBJECTID</b></td><td>6597</td></tr></table>]]></description>
<Point>
<coordinates>-119.27845362399995,39.396360353000034,0</coordinates>
</Point>
</Placemark>
<Placemark>
<name>6993</name>
<styleUrl>#style_ff0000ff_9527121</styleUrl>
<description><![CDATA[<table border='1' cellpadding='4' cellspacing='0'><tr><td><b>OBJECTID</b></td><td>6993</td></tr></table>]]></description>
<Point>
<coordinates>-119.60245351499998,39.22478785800007,0</coordinates>
</Point>
</Placemark>
<Placemark>
<name>7393</name>
<styleUrl>#style_ff0000ff_9527121</styleUrl>
<description><![CDATA[<table border='1' cellpadding='4' cellspacing='0'><tr><td><b>OBJECTID</b></td><td>7393</td></tr></table>]]></description>
<Point>
<coordinates>-119.79974140599995,39.11526550100007,0</coordinates>
</Point>
</Placemark>
<Placemark>
<name>1</name>
<styleUrl>#style_ff0000ff_9527121</styleUrl>
<description><![CDATA[<table border='1' cellpadding='4' cellspacing='0'><tr><td><b>OBJECTID</b></td><td>1</td></tr></table>]]></description>
<Point>
<coordinates>-119.76599121099997,39.527526855000076,0</coordinates>
</Point>
</Placemark>
<Placemark>
<name>4</name>
<styleUrl>#style_ff0000ff_9527121</styleUrl>
<description><![CDATA[<table border='1' cellpadding='4' cellspacing='0'><tr><td><b>OBJECTID</b></td><td>4</td></tr></table>]]></description>
<Point>
<coordinates>-119.78680419899996,39.54528808600003,0</coordinates>
</Point>
</Placemark>
<Placemark>
<name>7</name>
<styleUrl>#style_ff0000ff_9527121</styleUrl>
<description><![CDATA[<table border='1' cellpadding='4' cellspacing='0'><tr><td><b>OBJECTID</b></td><td>7</td></tr></table>]]></description>
<Point>
<coordinates>-119.75512695299994,39.52789306600005,0</coordinates>
</Point>
</Placemark>
<Placemark>
<name>9</name>
<styleUrl>#style_ff0000ff_9527121</styleUrl>
<description><![CDATA[<table border='1' cellpadding='4' cellspacing='0'><tr><td><b>OBJECTID</b></td><td>9</td></tr></table>]]></description>
<Point>
<coordinates>-119.76770019499997,39.52789306600005,0</coordinates>
</Point>
</Placemark>
<Placemark>
<name>15</name>
<styleUrl>#style_ff0000ff_9527121</styleUrl>
<description><![CDATA[<table border='1' cellpadding='4' cellspacing='0'><tr><td><b>OBJECTID</b></td><td>15</td></tr></table>]]></description>
<Point>
<coordinates>-119.24920654299996,39.589721680000025,0</coordinates>
</Point>
</Placemark>
<Placemark>
<name>22</name>
<styleUrl>#style_ff0000ff_9527121</styleUrl>
<description><![CDATA[<table border='1' cellpadding='4' cellspacing='0'><tr><td><b>OBJECTID</b></td><td>22</td></tr></table>]]></description>
<Point>
<coordinates>-119.696289063,39.524902344000054,0</coordinates>
</Point>
</Placemark>
<Placemark>
<name>29</name>
<styleUrl>#style_ff0000ff_9527121</styleUrl>
<description><![CDATA[<table border='1' cellpadding='4' cellspacing='0'><tr><td><b>OBJECTID</b></td><td>29</td></tr></table>]]></description>
<Point>
<coordinates>-119.65148925799997,39.219482422000056,0</coordinates>
</Point>
</Placemark>
<Placemark>
<name>30</name>
<styleUrl>#style_ff0000ff_9527121</styleUrl>
<description><![CDATA[<table border='1' cellpadding='4' cellspacing='0'><tr><td><b>OBJECTID</b></td><td>30</td></tr></table>]]></description>
<Point>
<coordinates>-119.24987792999997,39.58947753900003,0</coordinates>
</Point>
</Placemark>
<Placemark>
<name>31</name>
<styleUrl>#style_ff0000ff_9527121</styleUrl>
<description><![CDATA[<table border='1' cellpadding='4' cellspacing='0'><tr><td><b>OBJECTID</b></td><td>31</td></tr></table>]]></description>
<Point>
<coordinates>-119.78332519499997,39.52789306600005,0</coordinates>
</Point>
</Placemark>
<Placemark>
<name>32</name>
<styleUrl>#style_ff0000ff_9527121</styleUrl>
<description><![CDATA[<table border='1' cellpadding='4' cellspacing='0'><tr><td><b>OBJECTID</b></td><td>32</td></tr></table>]]></description>
<Point>
<coordinates>-119.78360336599997,39.460376876000055,0</coordinates>
</Point>
</Placemark>
<Placemark>
<name>37</name>
<styleUrl>#style_ff0000ff_9527121</styleUrl>
<description><![CDATA[<table border='1' cellpadding='4' cellspacing='0'><tr><td><b>OBJECTID</b></td><td>37</td></tr></table>]]></description>
<Point>
<coordinates>-119.18139648399995,38.99969482400007,0</coordinates>
</Point>
</Placemark>
<Placemark>
<name>43</name>
<styleUrl>#style_ff0000ff_9527121</styleUrl>
<description><![CDATA[<table border='1' cellpadding='4' cellspacing='0'><tr><td><b>OBJECTID</b></td><td>43</td></tr></table>]]></description>
<Point>
<coordinates>-119.99719238299997,39.49609375000006,0</coordinates>
</Point>
</Placemark>
<Placemark>
<name>46</name>
<styleUrl>#style_ff0000ff_9527121</styleUrl>
<description><![CDATA[<table border='1' cellpadding='4' cellspacing='0'><tr><td><b>OBJECTID</b></td><td>46</td></tr></table>]]></description>
<Point>
<coordinates>-119.78527831999997,39.52032470700004,0</coordinates>
</Point>
</Placemark>
<Placemark>
<name>52</name>
<styleUrl>#style_ff0000ff_9527121</styleUrl>
<description><![CDATA[<table border='1' cellpadding='4' cellspacing='0'><tr><td><b>OBJECTID</b></td><td>52</td></tr></table>]]></description>
<Point>
<coordinates>-119.87939453099995,39.618103027000075,0</coordinates>
</Point>
</Placemark>
<Placemark>
<name>58</name>
<styleUrl>#style_ff0000ff_9527121</styleUrl>
<description><![CDATA[<table border='1' cellpadding='4' cellspacing='0'><tr><td><b>OBJECTID</b></td><td>58</td></tr></table>]]></description>
<Point>
<coordinates>-118.80810546899994,38.93231201200007,0</coordinates>
</Point>
</Placemark>
<Placemark>
<name>60</name>
<styleUrl>#style_ff0000ff_9527121</styleUrl>
<description><![CDATA[<table border='1' cellpadding='4' cellspacing='0'><tr><td><b>OBJECTID</b></td><td>60</td></tr></table>]]></description>
<Point>
<coordinates>-118.51940917999997,40.129089355000076,0</coordinates>
</Point>
</Placemark>
<Placemark>
<name>64</name>
<styleUrl>#style_ff0000ff_9527121</styleUrl>
<description><![CDATA[<table border='1' cellpadding='4' cellspacing='0'><tr><td><b>OBJECTID</b></td><td>64</td></tr></table>]]></description>
<Point>
<coordinates>-118.87890624999994,39.48748779300007,0</coordinates>
</Point>
</Placemark>
<Placemark>
<name>65</name>
<styleUrl>#style_ff0000ff_9527121</styleUrl>
<description><![CDATA[<table border='1' cellpadding='4' cellspacing='0'><tr><td><b>OBJECTID</b></td><td>65</td></tr></table>]]></description>
<Point>
<coordinates>-118.87622070299994,39.48748779300007,0</coordinates>
</Point>
</Placemark>
<Placemark>
<name>67</name>
<styleUrl>#style_ff0000ff_9527121</styleUrl>
<description><![CDATA[<table border='1' cellpadding='4' cellspacing='0'><tr><td><b>OBJECTID</b></td><td>67</td></tr></table>]]></description>
<Point>
<coordinates>-118.479492188,40.17169189500004,0</coordinates>
</Point>
</Placemark>
<Placemark>
<name>70</name>
<styleUrl>#style_ff0000ff_9527121</styleUrl>
<description><![CDATA[<table border='1' cellpadding='4' cellspacing='0'><tr><td><b>OBJECTID</b></td><td>70</td></tr></table>]]></description>
<Point>
<coordinates>-119.78332519499997,39.54528808600003,0</coordinates>
</Point>
</Placemark>
<Placemark>
<name>72</name>
<styleUrl>#style_ff0000ff_9527121</styleUrl>
<description><![CDATA[<table border='1' cellpadding='4' cellspacing='0'><tr><td><b>OBJECTID</b></td><td>72</td></tr></table>]]></description>
<Point>
<coordinates>-119.78582763699995,39.48889160200008,0</coordinates>
</Point>
</Placemark>
<Placemark>
<name>73</name>
<styleUrl>#style_ff0000ff_9527121</styleUrl>
<description><![CDATA[<table border='1' cellpadding='4' cellspacing='0'><tr><td><b>OBJECTID</b></td><td>73</td></tr></table>]]></description>
<Point>
<coordinates>-118.50268554699994,40.14288330100004,0</coordinates>
</Point>
</Placemark>
<Placemark>
<name>77</name>
<styleUrl>#style_ff0000ff_9527121</styleUrl>
<description><![CDATA[<table border='1' cellpadding='4' cellspacing='0'><tr><td><b>OBJECTID</b></td><td>77</td></tr></table>]]></description>
<Point>
<coordinates>-118.87514632899996,39.48736503200007,0</coordinates>
</Point>
</Placemark>
<Placemark>
<name>78</name>
<styleUrl>#style_ff0000ff_9527121</styleUrl>
<description><![CDATA[<table border='1' cellpadding='4' cellspacing='0'><tr><td><b>OBJECTID</b></td><td>78</td></tr></table>]]></description>
<Point>
<coordinates>-119.30609130899995,39.61608886700003,0</coordinates>
</Point>
</Placemark>
<Placemark>
<name>79</name>
<styleUrl>#style_ff0000ff_9527121</styleUrl>
<description><![CDATA[<table border='1' cellpadding='4' cellspacing='0'><tr><td><b>OBJECTID</b></td><td>79</td></tr></table>]]></description>
<Point>
<coordinates>-119.79791259799998,39.536071777000075,0</coordinates>
</Point>
</Placemark>
<Placemark>
<name>82</name>
<styleUrl>#style_ff0000ff_9527121</styleUrl>
<description><![CDATA[<table border='1' cellpadding='4' cellspacing='0'><tr><td><b>OBJECTID</b></td><td>82</td></tr></table>]]></description>
<Point>
<coordinates>-119.16491699199997,38.99407959000007,0</coordinates>
</Point>
</Placemark>
<Placemark>
<name>88</name>
<styleUrl>#style_ff0000ff_9527121</styleUrl>
<description><![CDATA[<table border='1' cellpadding='4' cellspacing='0'><tr><td><b>OBJECTID</b></td><td>88</td></tr></table>]]></description>
<Point>
<coordinates>-119.19500732399996,39.59851074200003,0</coordinates>
</Point>
</Placemark>
<Placemark>
<name>92</name>
<styleUrl>#style_ff0000ff_9527121</styleUrl>
<description><![CDATA[<table border='1' cellpadding='4' cellspacing='0'><tr><td><b>OBJECTID</b></td><td>92</td></tr></table>]]></description>
<Point>
<coordinates>-119.72009277299998,39.181518555000025,0</coordinates>
</Point>
</Placemark>
<Placemark>
<name>93</name>
<styleUrl>#style_ff0000ff_9527121</styleUrl>
<description><![CDATA[<table border='1' cellpadding='4' cellspacing='0'><tr><td><b>OBJECTID</b></td><td>93</td></tr></table>]]></description>
<Point>
<coordinates>-118.80279540999999,38.911071777000075,0</coordinates>
</Point>
</Placemark>
<Placemark>
<name>97</name>
<styleUrl>#style_ff0000ff_9527121</styleUrl>
<description><![CDATA[<table border='1' cellpadding='4' cellspacing='0'><tr><td><b>OBJECTID</b></td><td>97</td></tr></table>]]></description>
<Point>
<coordinates>-118.491210938,40.15832519500003,0</coordinates>
</Point>
</Placemark>
<Placemark>
<name>98</name>
<styleUrl>#style_ff0000ff_9527121</styleUrl>
<description><![CDATA[<table border='1' cellpadding='4' cellspacing='0'><tr><td><b>OBJECTID</b></td><td>98</td></tr></table>]]></description>
<Point>
<coordinates>-119.76782137099997,39.535125074000064,0</coordinates>
</Point>
</Placemark>
<Placemark>
<name>105</name>
<styleUrl>#style_ff0000ff_9527121</styleUrl>
<description><![CDATA[<table border='1' cellpadding='4' cellspacing='0'><tr><td><b>OBJECTID</b></td><td>105</td></tr></table>]]></description>
<Point>
<coordinates>-119.54119872999996,39.56329345700004,0</coordinates>
</Point>
</Placemark>
<Placemark>
<name>109</name>
<styleUrl>#style_ff0000ff_9527121</styleUrl>
<description><![CDATA[<table border='1' cellpadding='4' cellspacing='0'><tr><td><b>OBJECTID</b></td><td>109</td></tr></table>]]></description>
<Point>
<coordinates>-119.22229003899997,39.61389160200008,0</coordinates>
</Point>
</Placemark>
<Placemark>
<name>110</name>
<styleUrl>#style_ff0000ff_9527121</styleUrl>
<description><![CDATA[<table border='1' cellpadding='4' cellspacing='0'><tr><td><b>OBJECTID</b></td><td>110</td></tr></table>]]></description>
<Point>
<coordinates>-118.44031519599997,40.19501493100006,0</coordinates>
</Point>
</Placemark>
<Placemark>
<name>116</name>
<styleUrl>#style_ff0000ff_9527121</styleUrl>
<description><![CDATA[<table border='1' cellpadding='4' cellspacing='0'><tr><td><b>OBJECTID</b></td><td>116</td></tr></table>]]></description>
<Point>
<coordinates>-118.84802246099997,39.48571777300003,0</coordinates>
</Point>
</Placemark>
<Placemark>
<name>117</name>
<styleUrl>#style_ff0000ff_9527121</styleUrl>
<description><![CDATA[<table border='1' cellpadding='4' cellspacing='0'><tr><td><b>OBJECTID</b></td><td>117</td></tr></table>]]></description>
<Point>
<coordinates>-119.26928710899995,39.61590576200007,0</coordinates>
</Point>
</Placemark>
<Placemark>
<name>118</name>
<styleUrl>#style_ff0000ff_9527121</styleUrl>
<description><![CDATA[<table border='1' cellpadding='4' cellspacing='0'><tr><td><b>OBJECTID</b></td><td>118</td></tr></table>]]></description>
<Point>
<coordinates>-119.14312744099999,39.591674805000025,0</coordinates>
</Point>
</Placemark>
<Placemark>
<name>119</name>
<styleUrl>#style_ff0000ff_9527121</styleUrl>
<description><![CDATA[<table border='1' cellpadding='4' cellspacing='0'><tr><td><b>OBJECTID</b></td><td>119</td></tr></table>]]></description>
<Point>
<coordinates>-118.77239990199996,39.49652099600007,0</coordinates>
</Point>
</Placemark>
<Placemark>
<name>120</name>
<styleUrl>#style_ff0000ff_9527121</styleUrl>
<description><![CDATA[<table border='1' cellpadding='4' cellspacing='0'><tr><td><b>OBJECTID</b></td><td>120</td></tr></table>]]></description>
<Point>
<coordinates>-119.77020263699995,39.533081055000025,0</coordinates>
</Point>
</Placemark>
<Placemark>
<name>122</name>
<styleUrl>#style_ff0000ff_9527121</styleUrl>
<description><![CDATA[<table border='1' cellpadding='4' cellspacing='0'><tr><td><b>OBJECTID</b></td><td>122</td></tr></table>]]></description>
<Point>
<coordinates>-119.30297851599994,39.617919922000056,0</coordinates>
</Point>
</Placemark>
<Placemark>
<name>123</name>
<styleUrl>#style_ff0000ff_9527121</styleUrl>
<description><![CDATA[<table border='1' cellpadding='4' cellspacing='0'><tr><td><b>OBJECTID</b></td><td>123</td></tr></table>]]></description>
<Point>
<coordinates>-119.66346621499997,39.21557979000005,0</coordinates>
</Point>
</Placemark>
<Placemark>
<name>126</name>
<styleUrl>#style_ff0000ff_9527121</styleUrl>
<description><![CDATA[<table border='1' cellpadding='4' cellspacing='0'><tr><td><b>OBJECTID</b></td><td>126</td></tr></table>]]></description>
<Point>
<coordinates>-118.84149169899996,39.485290527000075,0</coordinates>
</Point>
</Placemark>
<Placemark>
<name>128</name>
<styleUrl>#style_ff0000ff_9527121</styleUrl>
<description><![CDATA[<table border='1' cellpadding='4' cellspacing='0'><tr><td><b>OBJECTID</b></td><td>128</td></tr></table>]]></description>
<Point>
<coordinates>-119.86907958999996,39.51989746100003,0</coordinates>
</Point>
</Placemark>
<Placemark>
<name>134</name>
<styleUrl>#style_ff0000ff_9527121</styleUrl>
<description><![CDATA[<table border='1' cellpadding='4' cellspacing='0'><tr><td><b>OBJECTID</b></td><td>134</td></tr></table>]]></description>
<Point>
<coordinates>-119.65197753899997,39.21868896500007,0</coordinates>
</Point>
</Placemark>
<Placemark>
<name>136</name>
<styleUrl>#style_ff0000ff_9527121</styleUrl>
<description><![CDATA[<table border='1' cellpadding='4' cellspacing='0'><tr><td><b>OBJECTID</b></td><td>136</td></tr></table>]]></description>
<Point>
<coordinates>-119.05120849599996,39.02410888700007,0</coordinates>
</Point>
</Placemark>
<Placemark>
<name>138</name>
<styleUrl>#style_ff0000ff_9527121</styleUrl>
<description><![CDATA[<table border='1' cellpadding='4' cellspacing='0'><tr><td><b>OBJECTID</b></td><td>138</td></tr></table>]]></description>
<Point>
<coordinates>-118.94549560499996,39.51110839800003,0</coordinates>
</Point>
</Placemark>
<Placemark>
<name>140</name>
<styleUrl>#style_ff0000ff_9527121</styleUrl>
<description><![CDATA[<table border='1' cellpadding='4' cellspacing='0'><tr><td><b>OBJECTID</b></td><td>140</td></tr></table>]]></description>
<Point>
<coordinates>-119.25561523399995,39.61450195300006,0</coordinates>
</Point>
</Placemark>
<Placemark>
<name>142</name>
<styleUrl>#style_ff0000ff_9527121</styleUrl>
<description><![CDATA[<table border='1' cellpadding='4' cellspacing='0'><tr><td><b>OBJECTID</b></td><td>142</td></tr></table>]]></description>
<Point>
<coordinates>-118.41497802699996,40.216674805000025,0</coordinates>
</Point>
</Placemark>
<Placemark>
<name>144</name>
<styleUrl>#style_ff0000ff_9527121</styleUrl>
<description><![CDATA[<table border='1' cellpadding='4' cellspacing='0'><tr><td><b>OBJECTID</b></td><td>144</td></tr></table>]]></description>
<Point>
<coordinates>-119.76518754999995,39.535367661000066,0</coordinates>
</Point>
</Placemark>
<Placemark>
<name>145</name>
<styleUrl>#style_ff0000ff_9527121</styleUrl>
<description><![CDATA[<table border='1' cellpadding='4' cellspacing='0'><tr><td><b>OBJECTID</b></td><td>145</td></tr></table>]]></description>
<Point>
<coordinates>-119.18139648399995,38.994873047000056,0</coordinates>
</Point>
</Placemark>
<Placemark>
<name>150</name>
<styleUrl>#style_ff0000ff_9527121</styleUrl>
<description><![CDATA[<table border='1' cellpadding='4' cellspacing='0'><tr><td><b>OBJECTID</b></td><td>150</td></tr></table>]]></description>
<Point>
<coordinates>-119.70031738299997,39.52508544900007,0</coordinates>
</Point>
</Placemark>
<Placemark>
<name>151</name>
<styleUrl>#style_ff0000ff_9527121</styleUrl>
<description><![CDATA[<table border='1' cellpadding='4' cellspacing='0'><tr><td><b>OBJECTID</b></td><td>151</td></tr></table>]]></description>
<Point>
<coordinates>-118.18231201199995,38.507690430000025,0</coordinates>
</Point>
</Placemark>
<Placemark>
<name>158</name>
<styleUrl>#style_ff0000ff_9527121</styleUrl>
<description><![CDATA[<table border='1' cellpadding='4' cellspacing='0'><tr><td><b>OBJECTID</b></td><td>158</td></tr></table>]]></description>
<Point>
<coordinates>-119.77520947,39.53583047500007,0</coordinates>
</Point>
</Placemark>
<Placemark>
<name>161</name>
<styleUrl>#style_ff0000ff_9527121</styleUrl>
<description><![CDATA[<table border='1' cellpadding='4' cellspacing='0'><tr><td><b>OBJECTID</b></td><td>161</td></tr></table>]]></description>
<Point>
<coordinates>-119.282226563,39.61907959000007,0</coordinates>
</Point>
</Placemark>
<Placemark>
<name>163</name>
<styleUrl>#style_ff0000ff_9527121</styleUrl>
<description><![CDATA[<table border='1' cellpadding='4' cellspacing='0'><tr><td><b>OBJECTID</b></td><td>163</td></tr></table>]]></description>
<Point>
<coordinates>-119.77069091799996,39.12347412100007,0</coordinates>
</Point>
</Placemark>
<Placemark>
<name>164</name>
<styleUrl>#style_ff0000ff_9527121</styleUrl>
<description><![CDATA[<table border='1' cellpadding='4' cellspacing='0'><tr><td><b>OBJECTID</b></td><td>164</td></tr></table>]]></description>
<Point>
<coordinates>-119.22570800799997,39.415527344000054,0</coordinates>
</Point>
</Placemark>
<Placemark>
<name>165</name>
<styleUrl>#style_ff0000ff_9527121</styleUrl>
<description><![CDATA[<table border='1' cellpadding='4' cellspacing='0'><tr><td><b>OBJECTID</b></td><td>165</td></tr></table>]]></description>
<Point>
<coordinates>-118.66210937499994,38.55328369100005,0</coordinates>
</Point>
</Placemark>
<Placemark>
<name>172</name>
<styleUrl>#style_ff0000ff_9527121</styleUrl>
<description><![CDATA[<table border='1' cellpadding='4' cellspacing='0'><tr><td><b>OBJECTID</b></td><td>172</td></tr></table>]]></description>
<Point>
<coordinates>-119.87158203099995,39.61749267600004,0</coordinates>
</Point>
</Placemark>
<Placemark>
<name>178</name>
<styleUrl>#style_ff0000ff_9527121</styleUrl>
<description><![CDATA[<table border='1' cellpadding='4' cellspacing='0'><tr><td><b>OBJECTID</b></td><td>178</td></tr></table>]]></description>
<Point>
<coordinates>-119.79089355499997,39.47808837900004,0</coordinates>
</Point>
</Placemark>
<Placemark>
<name>179</name>
<styleUrl>#style_ff0000ff_9527121</styleUrl>
<description><![CDATA[<table border='1' cellpadding='4' cellspacing='0'><tr><td><b>OBJECTID</b></td><td>179</td></tr></table>]]></description>
<Point>
<coordinates>-119.83032226599994,39.52850341800007,0</coordinates>
</Point>
</Placemark>
<Placemark>
<name>184</name>
<styleUrl>#style_ff0000ff_9527121</styleUrl>
<description><![CDATA[<table border='1' cellpadding='4' cellspacing='0'><tr><td><b>OBJECTID</b></td><td>184</td></tr></table>]]></description>
<Point>
<coordinates>-118.81219482399996,39.47912597700008,0</coordinates>
</Point>
</Placemark>
<Placemark>
<name>189</name>
<styleUrl>#style_ff0000ff_9527121</styleUrl>
<description><![CDATA[<table border='1' cellpadding='4' cellspacing='0'><tr><td><b>OBJECTID</b></td><td>189</td></tr></table>]]></description>
<Point>
<coordinates>-119.86608886699997,39.61547851600005,0</coordinates>
</Point>
</Placemark>
<Placemark>
<name>190</name>
<styleUrl>#style_ff0000ff_9527121</styleUrl>
<description><![CDATA[<table border='1' cellpadding='4' cellspacing='0'><tr><td><b>OBJECTID</b></td><td>190</td></tr></table>]]></description>
<Point>
<coordinates>-119.24438476599994,39.575500488000046,0</coordinates>
</Point>
</Placemark>
<Placemark>
<name>195</name>
<styleUrl>#style_ff0000ff_9527121</styleUrl>
<description><![CDATA[<table border='1' cellpadding='4' cellspacing='0'><tr><td><b>OBJECTID</b></td><td>195</td></tr></table>]]></description>
<Point>
<coordinates>-119.77880859399994,39.53472900400004,0</coordinates>
</Point>
</Placemark>
<Placemark>
<name>196</name>
<styleUrl>#style_ff0000ff_9527121</styleUrl>
<description><![CDATA[<table border='1' cellpadding='4' cellspacing='0'><tr><td><b>OBJECTID</b></td><td>196</td></tr></table>]]></description>
<Point>
<coordinates>-119.99462890599995,39.50988769500003,0</coordinates>
</Point>
</Placemark>
<Placemark>
<name>198</name>
<styleUrl>#style_ff0000ff_9527121</styleUrl>
<description><![CDATA[<table border='1' cellpadding='4' cellspacing='0'><tr><td><b>OBJECTID</b></td><td>198</td></tr></table>]]></description>
<Point>
<coordinates>-119.92687988299997,39.51348877000004,0</coordinates>
</Point>
</Placemark>
<Placemark>
<name>200</name>
<styleUrl>#style_ff0000ff_9527121</styleUrl>
<description><![CDATA[<table border='1' cellpadding='4' cellspacing='0'><tr><td><b>OBJECTID</b></td><td>200</td></tr></table>]]></description>
<Point>
<coordinates>-119.78820800799997,39.11309814500004,0</coordinates>
</Point>
</Placemark>
<Placemark>
<name>203</name>
<styleUrl>#style_ff0000ff_9527121</styleUrl>
<description><![CDATA[<table border='1' cellpadding='4' cellspacing='0'><tr><td><b>OBJECTID</b></td><td>203</td></tr></table>]]></description>
<Point>
<coordinates>-119.72619628899997,39.17968750000006,0</coordinates>
</Point>
</Placemark>
<Placemark>
<name>206</name>
<styleUrl>#style_ff0000ff_9527121</styleUrl>
<description><![CDATA[<table border='1' cellpadding='4' cellspacing='0'><tr><td><b>OBJECTID</b></td><td>206</td></tr></table>]]></description>
<Point>
<coordinates>-119.65417480499997,39.218078613000046,0</coordinates>
</Point>
</Placemark>
<Placemark>
<name>208</name>
<styleUrl>#style_ff0000ff_9527121</styleUrl>
<description><![CDATA[<table border='1' cellpadding='4' cellspacing='0'><tr><td><b>OBJECTID</b></td><td>208</td></tr></table>]]></description>
<Point>
<coordinates>-118.44201660199997,40.19451904300007,0</coordinates>
</Point>
</Placemark>
<Placemark>
<name>213</name>
<styleUrl>#style_ff0000ff_9527121</styleUrl>
<description><![CDATA[<table border='1' cellpadding='4' cellspacing='0'><tr><td><b>OBJECTID</b></td><td>213</td></tr></table>]]></description>
<Point>
<coordinates>-119.67650163199994,39.21215555800006,0</coordinates>
</Point>
</Placemark>
<Placemark>
<name>214</name>
<styleUrl>#style_ff0000ff_9527121</styleUrl>
<description><![CDATA[<table border='1' cellpadding='4' cellspacing='0'><tr><td><b>OBJECTID</b></td><td>214</td></tr></table>]]></description>
<Point>
<coordinates>-118.80480956999997,39.47772216800007,0</coordinates>
</Point>
</Placemark>
<Placemark>
<name>215</name>
<styleUrl>#style_ff0000ff_9527121</styleUrl>
<description><![CDATA[<table border='1' cellpadding='4' cellspacing='0'><tr><td><b>OBJECTID</b></td><td>215</td></tr></table>]]></description>
<Point>
<coordinates>-119.27429199199997,39.616516113000046,0</coordinates>
</Point>
</Placemark>
<Placemark>
<name>216</name>
<styleUrl>#style_ff0000ff_9527121</styleUrl>
<description><![CDATA[<table border='1' cellpadding='4' cellspacing='0'><tr><td><b>OBJECTID</b></td><td>216</td></tr></table>]]></description>
<Point>
<coordinates>-119.78649902299998,39.466674805000025,0</coordinates>
</Point>
</Placemark>
<Placemark>
<name>221</name>
<styleUrl>#style_ff0000ff_9527121</styleUrl>
<description><![CDATA[<table border='1' cellpadding='4' cellspacing='0'><tr><td><b>OBJECTID</b></td><td>221</td></tr></table>]]></description>
<Point>
<coordinates>-119.645507813,39.51367187500006,0</coordinates>
</Point>
</Placemark>
<Placemark>
<name>223</name>
<styleUrl>#style_ff0000ff_9527121</styleUrl>
<description><![CDATA[<table border='1' cellpadding='4' cellspacing='0'><tr><td><b>OBJECTID</b></td><td>223</td></tr></table>]]></description>
<Point>
<coordinates>-118.90166273499995,39.498596477000035,0</coordinates>
</Point>
</Placemark>
<Placemark>
<name>225</name>
<styleUrl>#style_ff0000ff_9527121</styleUrl>
<description><![CDATA[<table border='1' cellpadding='4' cellspacing='0'><tr><td><b>OBJECTID</b></td><td>225</td></tr></table>]]></description>
<Point>
<coordinates>-119.26867675799997,39.61730957000003,0</coordinates>
</Point>
</Placemark>
<Placemark>
<name>227</name>
<styleUrl>#style_ff0000ff_9527121</styleUrl>
<description><![CDATA[<table border='1' cellpadding='4' cellspacing='0'><tr><td><b>OBJECTID</b></td><td>227</td></tr></table>]]></description>
<Point>
<coordinates>-119.70928955099998,39.528076172000056,0</coordinates>
</Point>
</Placemark>
<Placemark>
<name>228</name>
<styleUrl>#style_ff0000ff_9527121</styleUrl>
<description><![CDATA[<table border='1' cellpadding='4' cellspacing='0'><tr><td><b>OBJECTID</b></td><td>228</td></tr></table>]]></description>
<Point>
<coordinates>-119.28308105499997,39.61767578100006,0</coordinates>
</Point>
</Placemark>
<Placemark>
<name>230</name>
<styleUrl>#style_ff0000ff_9527121</styleUrl>
<description><![CDATA[<table border='1' cellpadding='4' cellspacing='0'><tr><td><b>OBJECTID</b></td><td>230</td></tr></table>]]></description>
<Point>
<coordinates>-119.14648437499994,39.59210205100004,0</coordinates>
</Point>
</Placemark>
<Placemark>
<name>232</name>
<styleUrl>#style_ff0000ff_9527121</styleUrl>
<description><![CDATA[<table border='1' cellpadding='4' cellspacing='0'><tr><td><b>OBJECTID</b></td><td>232</td></tr></table>]]></description>
<Point>
<coordinates>-119.77630615199996,39.534118652000075,0</coordinates>
</Point>
</Placemark>
<Placemark>
<name>237</name>
<styleUrl>#style_ff0000ff_9527121</styleUrl>
<description><![CDATA[<table border='1' cellpadding='4' cellspacing='0'><tr><td><b>OBJECTID</b></td><td>237</td></tr></table>]]></description>
<Point>
<coordinates>-118.89739990199996,39.49591064500004,0</coordinates>
</Point>
</Placemark>
<Placemark>
<name>239</name>
<styleUrl>#style_ff0000ff_9527121</styleUrl>
<description><![CDATA[<table border='1' cellpadding='4' cellspacing='0'><tr><td><b>OBJECTID</b></td><td>239</td></tr></table>]]></description>
<Point>
<coordinates>-119.20739746099997,39.61968994100005,0</coordinates>
</Point>
</Placemark>
<Placemark>
<name>241</name>
<styleUrl>#style_ff0000ff_9527121</styleUrl>
<description><![CDATA[<table border='1' cellpadding='4' cellspacing='0'><tr><td><b>OBJECTID</b></td><td>241</td></tr></table>]]></description>
<Point>
<coordinates>-119.83331298799999,39.52691650400004,0</coordinates>
</Point>
</Placemark>
<Placemark>
<name>245</name>
<styleUrl>#style_ff0000ff_9527121</styleUrl>
<description><![CDATA[<table border='1' cellpadding='4' cellspacing='0'><tr><td><b>OBJECTID</b></td><td>245</td></tr></table>]]></description>
<Point>
<coordinates>-119.25299072299998,39.61450195300006,0</coordinates>
</Point>
</Placemark>
<Placemark>
<name>251</name>
<styleUrl>#style_ff0000ff_9527121</styleUrl>
<description><![CDATA[<table border='1' cellpadding='4' cellspacing='0'><tr><td><b>OBJECTID</b></td><td>251</td></tr></table>]]></description>
<Point>
<coordinates>-119.66790771499996,39.21411132800006,0</coordinates>
</Point>
</Placemark>
<Placemark>
<name>261</name>
<styleUrl>#style_ff0000ff_9527121</styleUrl>
<description><![CDATA[<table border='1' cellpadding='4' cellspacing='0'><tr><td><b>OBJECTID</b></td><td>261</td></tr></table>]]></description>
<Point>
<coordinates>-119.59869384799998,39.541076660000044,0</coordinates>
</Point>
</Placemark>
<Placemark>
<name>266</name>
<styleUrl>#style_ff0000ff_9527121</styleUrl>
<description><![CDATA[<table border='1' cellpadding='4' cellspacing='0'><tr><td><b>OBJECTID</b></td><td>266</td></tr></table>]]></description>
<Point>
<coordinates>-119.95031738299997,39.51251220700004,0</coordinates>
</Point>
</Placemark>
<Placemark>
<name>276</name>
<styleUrl>#style_ff0000ff_9527121</styleUrl>
<description><![CDATA[<table border='1' cellpadding='4' cellspacing='0'><tr><td><b>OBJECTID</b></td><td>276</td></tr></table>]]></description>
<Point>
<coordinates>-119.86010742199994,39.52447509800004,0</coordinates>
</Point>
</Placemark>
<Placemark>
<name>279</name>
<styleUrl>#style_ff0000ff_9527121</styleUrl>
<description><![CDATA[<table border='1' cellpadding='4' cellspacing='0'><tr><td><b>OBJECTID</b></td><td>279</td></tr></table>]]></description>
<Point>
<coordinates>-119.59820556599999,39.54168701200007,0</coordinates>
</Point>
</Placemark>
<Placemark>
<name>283</name>
<styleUrl>#style_ff0000ff_9527121</styleUrl>
<description><![CDATA[<table border='1' cellpadding='4' cellspacing='0'><tr><td><b>OBJECTID</b></td><td>283</td></tr></table>]]></description>
<Point>
<coordinates>-118.32940673799999,40.320495605000076,0</coordinates>
</Point>
</Placemark>
<Placemark>
<name>287</name>
<styleUrl>#style_ff0000ff_9527121</styleUrl>
<description><![CDATA[<table border='1' cellpadding='4' cellspacing='0'><tr><td><b>OBJECTID</b></td><td>287</td></tr></table>]]></description>
<Point>
<coordinates>-119.22680664099994,39.61431884800004,0</coordinates>
</Point>
</Placemark>
<Placemark>
<name>296</name>
<styleUrl>#style_ff0000ff_9527121</styleUrl>
<description><![CDATA[<table border='1' cellpadding='4' cellspacing='0'><tr><td><b>OBJECTID</b></td><td>296</td></tr></table>]]></description>
<Point>
<coordinates>-118.803710938,38.91571044900007,0</coordinates>
</Point>
</Placemark>
<Placemark>
<name>300</name>
<styleUrl>#style_ff0000ff_9527121</styleUrl>
<description><![CDATA[<table border='1' cellpadding='4' cellspacing='0'><tr><td><b>OBJECTID</b></td><td>300</td></tr></table>]]></description>
<Point>
<coordinates>-119.80601129899998,39.56967053000005,0</coordinates>
</Point>
</Placemark>
<Placemark>
<name>301</name>
<styleUrl>#style_ff0000ff_9527121</styleUrl>
<description><![CDATA[<table border='1' cellpadding='4' cellspacing='0'><tr><td><b>OBJECTID</b></td><td>301</td></tr></table>]]></description>
<Point>
<coordinates>-118.28527831999997,40.45391845700004,0</coordinates>
</Point>
</Placemark>
<Placemark>
<name>322</name>
<styleUrl>#style_ff0000ff_9527121</styleUrl>
<description><![CDATA[<table border='1' cellpadding='4' cellspacing='0'><tr><td><b>OBJECTID</b></td><td>322</td></tr></table>]]></description>
<Point>
<coordinates>-118.52178955099998,40.12969970700004,0</coordinates>
</Point>
</Placemark>
<Placemark>
<name>325</name>
<styleUrl>#style_ff0000ff_9527121</styleUrl>
<description><![CDATA[<table border='1' cellpadding='4' cellspacing='0'><tr><td><b>OBJECTID</b></td><td>325</td></tr></table>]]></description>
<Point>
<coordinates>-119.78387451199995,39.52990722700008,0</coordinates>
</Point>
</Placemark>
<Placemark>
<name>327</name>
<styleUrl>#style_ff0000ff_9527121</styleUrl>
<description><![CDATA[<table border='1' cellpadding='4' cellspacing='0'><tr><td><b>OBJECTID</b></td><td>327</td></tr></table>]]></description>
<Point>
<coordinates>-119.87219238299997,39.518493652000075,0</coordinates>
</Point>
</Placemark>
<Placemark>
<name>333</name>
<styleUrl>#style_ff0000ff_9527121</styleUrl>
<description><![CDATA[<table border='1' cellpadding='4' cellspacing='0'><tr><td><b>OBJECTID</b></td><td>333</td></tr></table>]]></description>
<Point>
<coordinates>-119.69743468799999,39.52599084000008,0</coordinates>
</Point>
</Placemark>
<Placemark>
<name>335</name>
<styleUrl>#style_ff0000ff_9527121</styleUrl>
<description><![CDATA[<table border='1' cellpadding='4' cellspacing='0'><tr><td><b>OBJECTID</b></td><td>335</td></tr></table>]]></description>
<Point>
<coordinates>-119.82273779099995,39.58660846200007,0</coordinates>
</Point>
</Placemark>
<Placemark>
<name>342</name>
<styleUrl>#style_ff0000ff_9527121</styleUrl>
<description><![CDATA[<table border='1' cellpadding='4' cellspacing='0'><tr><td><b>OBJECTID</b></td><td>342</td></tr></table>]]></description>
<Point>
<coordinates>-119.798815693,39.52729074900003,0</coordinates>
</Point>
</Placemark>
<Placemark>
<name>346</name>
<styleUrl>#style_ff0000ff_9527121</styleUrl>
<description><![CDATA[<table border='1' cellpadding='4' cellspacing='0'><tr><td><b>OBJECTID</b></td><td>346</td></tr></table>]]></description>
<Point>
<coordinates>-119.82593910799994,39.52545533000006,0</coordinates>
</Point>
</Placemark>
<Placemark>
<name>347</name>
<styleUrl>#style_ff0000ff_9527121</styleUrl>
<description><![CDATA[<table border='1' cellpadding='4' cellspacing='0'><tr><td><b>OBJECTID</b></td><td>347</td></tr></table>]]></description>
<Point>
<coordinates>-119.82965090099998,39.52855415500005,0</coordinates>
</Point>
</Placemark>
<Placemark>
<name>348</name>
<styleUrl>#style_ff0000ff_9527121</styleUrl>
<description><![CDATA[<table border='1' cellpadding='4' cellspacing='0'><tr><td><b>OBJECTID</b></td><td>348</td></tr></table>]]></description>
<Point>
<coordinates>-119.80365994499999,39.52730323800006,0</coordinates>
</Point>
</Placemark>
<Placemark>
<name>357</name>
<styleUrl>#style_ff0000ff_9527121</styleUrl>
<description><![CDATA[<table border='1' cellpadding='4' cellspacing='0'><tr><td><b>OBJECTID</b></td><td>357</td></tr></table>]]></description>
<Point>
<coordinates>-119.79226992499997,39.48230868700006,0</coordinates>
</Point>
</Placemark>
<Placemark>
<name>358</name>
<styleUrl>#style_ff0000ff_9527121</styleUrl>
<description><![CDATA[<table border='1' cellpadding='4' cellspacing='0'><tr><td><b>OBJECTID</b></td><td>358</td></tr></table>]]></description>
<Point>
<coordinates>-119.78120093299998,39.46007965300004,0</coordinates>
</Point>
</Placemark>
<Placemark>
<name>360</name>
<styleUrl>#style_ff0000ff_9527121</styleUrl>
<description><![CDATA[<table border='1' cellpadding='4' cellspacing='0'><tr><td><b>OBJECTID</b></td><td>360</td></tr></table>]]></description>
<Point>
<coordinates>-119.74410620399999,39.40246913900006,0</coordinates>
</Point>
</Placemark>
<Placemark>
<name>361</name>
<styleUrl>#style_ff0000ff_9527121</styleUrl>
<description><![CDATA[<table border='1' cellpadding='4' cellspacing='0'><tr><td><b>OBJECTID</b></td><td>361</td></tr></table>]]></description>
<Point>
<coordinates>-119.74330219599995,39.39573250800004,0</coordinates>
</Point>
</Placemark>
<Placemark>
<name>363</name>
<styleUrl>#style_ff0000ff_9527121</styleUrl>
<description><![CDATA[<table border='1' cellpadding='4' cellspacing='0'><tr><td><b>OBJECTID</b></td><td>363</td></tr></table>]]></description>
<Point>
<coordinates>-119.74147737299995,39.39140734800003,0</coordinates>
</Point>
</Placemark>
<Placemark>
<name>364</name>
<styleUrl>#style_ff0000ff_9527121</styleUrl>
<description><![CDATA[<table border='1' cellpadding='4' cellspacing='0'><tr><td><b>OBJECTID</b></td><td>364</td></tr></table>]]></description>
<Point>
<coordinates>-119.74153066799994,39.38916857900006,0</coordinates>
</Point>
</Placemark>
<Placemark>
<name>365</name>
<styleUrl>#style_ff0000ff_9527121</styleUrl>
<description><![CDATA[<table border='1' cellpadding='4' cellspacing='0'><tr><td><b>OBJECTID</b></td><td>365</td></tr></table>]]></description>
<Point>
<coordinates>-119.74077602699998,39.38861852400004,0</coordinates>
</Point>
</Placemark>
<Placemark>
<name>368</name>
<styleUrl>#style_ff0000ff_9527121</styleUrl>
<description><![CDATA[<table border='1' cellpadding='4' cellspacing='0'><tr><td><b>OBJECTID</b></td><td>368</td></tr></table>]]></description>
<Point>
<coordinates>-119.74006743599995,39.38336602900006,0</coordinates>
</Point>
</Placemark>
<Placemark>
<name>371</name>
<styleUrl>#style_ff0000ff_9527121</styleUrl>
<description><![CDATA[<table border='1' cellpadding='4' cellspacing='0'><tr><td><b>OBJECTID</b></td><td>371</td></tr></table>]]></description>
<Point>
<coordinates>-119.74211820999994,39.38012669700004,0</coordinates>
</Point>
</Placemark>
<Placemark>
<name>373</name>
<styleUrl>#style_ff0000ff_9527121</styleUrl>
<description><![CDATA[<table border='1' cellpadding='4' cellspacing='0'><tr><td><b>OBJECTID</b></td><td>373</td></tr></table>]]></description>
<Point>
<coordinates>-119.74515910899999,39.37486217800006,0</coordinates>
</Point>
</Placemark>
<Placemark>
<name>381</name>
<styleUrl>#style_ff0000ff_9527121</styleUrl>
<description><![CDATA[<table border='1' cellpadding='4' cellspacing='0'><tr><td><b>OBJECTID</b></td><td>381</td></tr></table>]]></description>
<Point>
<coordinates>-119.75946523299996,39.42274661600004,0</coordinates>
</Point>
</Placemark>
<Placemark>
<name>384</name>
<styleUrl>#style_ff0000ff_9527121</styleUrl>
<description><![CDATA[<table border='1' cellpadding='4' cellspacing='0'><tr><td><b>OBJECTID</b></td><td>384</td></tr></table>]]></description>
<Point>
<coordinates>-119.76398426799994,39.42976303900008,0</coordinates>
</Point>
</Placemark>
<Placemark>
<name>385</name>
<styleUrl>#style_ff0000ff_9527121</styleUrl>
<description><![CDATA[<table border='1' cellpadding='4' cellspacing='0'><tr><td><b>OBJECTID</b></td><td>385</td></tr></table>]]></description>
<Point>
<coordinates>-119.764109728,39.429938519000075,0</coordinates>
</Point>
</Placemark>
<Placemark>
<name>392</name>
<styleUrl>#style_ff0000ff_9527121</styleUrl>
<description><![CDATA[<table border='1' cellpadding='4' cellspacing='0'><tr><td><b>OBJECTID</b></td><td>392</td></tr></table>]]></description>
<Point>
<coordinates>-119.7710846,39.44059487100003,0</coordinates>
</Point>
</Placemark>
<Placemark>
<name>393</name>
<styleUrl>#style_ff0000ff_9527121</styleUrl>
<description><![CDATA[<table border='1' cellpadding='4' cellspacing='0'><tr><td><b>OBJECTID</b></td><td>393</td></tr></table>]]></description>
<Point>
<coordinates>-118.77234159699998,39.110909624000044,0</coordinates>
</Point>
</Placemark>
<Placemark>
<name>394</name>
<styleUrl>#style_ff0000ff_9527121</styleUrl>
<description><![CDATA[<table border='1' cellpadding='4' cellspacing='0'><tr><td><b>OBJECTID</b></td><td>394</td></tr></table>]]></description>
<Point>
<coordinates>-118.80773501499999,38.978352081000025,0</coordinates>
</Point>
</Placemark>
<Placemark>
<name>396</name>
<styleUrl>#style_ff0000ff_9527121</styleUrl>
<description><![CDATA[<table border='1' cellpadding='4' cellspacing='0'><tr><td><b>OBJECTID</b></td><td>396</td></tr></table>]]></description>
<Point>
<coordinates>-118.80974013399998,38.963054982000074,0</coordinates>
</Point>
</Placemark>
<Placemark>
<name>397</name>
<styleUrl>#style_ff0000ff_9527121</styleUrl>
<description><![CDATA[<table border='1' cellpadding='4' cellspacing='0'><tr><td><b>OBJECTID</b></td><td>397</td></tr></table>]]></description>
<Point>
<coordinates>-118.80978504099994,38.95704834500003,0</coordinates>
</Point>
</Placemark>
<Placemark>
<name>398</name>
<styleUrl>#style_ff0000ff_9527121</styleUrl>
<description><![CDATA[<table border='1' cellpadding='4' cellspacing='0'><tr><td><b>OBJECTID</b></td><td>398</td></tr></table>]]></description>
<Point>
<coordinates>-118.80989385799995,38.958344185000044,0</coordinates>
</Point>
</Placemark>
<Placemark>
<name>403</name>
<styleUrl>#style_ff0000ff_9527121</styleUrl>
<description><![CDATA[<table border='1' cellpadding='4' cellspacing='0'><tr><td><b>OBJECTID</b></td><td>403</td></tr></table>]]></description>
<Point>
<coordinates>-119.96770730299994,39.51228509600003,0</coordinates>
</Point>
</Placemark>
<Placemark>
<name>404</name>
<styleUrl>#style_ff0000ff_9527121</styleUrl>
<description><![CDATA[<table border='1' cellpadding='4' cellspacing='0'><tr><td><b>OBJECTID</b></td><td>404</td></tr></table>]]></description>
<Point>
<coordinates>-120.00012664099995,39.50442184800005,0</coordinates>
</Point>
</Placemark>
<Placemark>
<name>407</name>
<styleUrl>#style_ff0000ff_9527121</styleUrl>
<description><![CDATA[<table border='1' cellpadding='4' cellspacing='0'><tr><td><b>OBJECTID</b></td><td>407</td></tr></table>]]></description>
<Point>
<coordinates>-119.78494719999998,39.54523351300003,0</coordinates>
</Point>
</Placemark>
<Placemark>
<name>409</name>
<styleUrl>#style_ff0000ff_9527121</styleUrl>
<description><![CDATA[<table border='1' cellpadding='4' cellspacing='0'><tr><td><b>OBJECTID</b></td><td>409</td></tr></table>]]></description>
<Point>
<coordinates>-119.872516814,39.61684026900008,0</coordinates>
</Point>
</Placemark>
<Placemark>
<name>412</name>
<styleUrl>#style_ff0000ff_9527121</styleUrl>
<description><![CDATA[<table border='1' cellpadding='4' cellspacing='0'><tr><td><b>OBJECTID</b></td><td>412</td></tr></table>]]></description>
<Point>
<coordinates>-119.84486879199994,39.60620107400007,0</coordinates>
</Point>
</Placemark>
<Placemark>
<name>414</name>
<styleUrl>#style_ff0000ff_9527121</styleUrl>
<description><![CDATA[<table border='1' cellpadding='4' cellspacing='0'><tr><td><b>OBJECTID</b></td><td>414</td></tr></table>]]></description>
<Point>
<coordinates>-119.84486879199994,39.60620107400007,0</coordinates>
</Point>
</Placemark>
<Placemark>
<name>425</name>
<styleUrl>#style_ff0000ff_9527121</styleUrl>
<description><![CDATA[<table border='1' cellpadding='4' cellspacing='0'><tr><td><b>OBJECTID</b></td><td>425</td></tr></table>]]></description>
<Point>
<coordinates>-119.26481770699996,39.61388368200005,0</coordinates>
</Point>
</Placemark>
<Placemark>
<name>427</name>
<styleUrl>#style_ff0000ff_9527121</styleUrl>
<description><![CDATA[<table border='1' cellpadding='4' cellspacing='0'><tr><td><b>OBJECTID</b></td><td>427</td></tr></table>]]></description>
<Point>
<coordinates>-119.20832841099997,39.59953461500004,0</coordinates>
</Point>
</Placemark>
<Placemark>
<name>431</name>
<styleUrl>#style_ff0000ff_9527121</styleUrl>
<description><![CDATA[<table border='1' cellpadding='4' cellspacing='0'><tr><td><b>OBJECTID</b></td><td>431</td></tr></table>]]></description>
<Point>
<coordinates>-118.60984365499996,38.52490992000003,0</coordinates>
</Point>
</Placemark>
<Placemark>
<name>444</name>
<styleUrl>#style_ff0000ff_9527121</styleUrl>
<description><![CDATA[<table border='1' cellpadding='4' cellspacing='0'><tr><td><b>OBJECTID</b></td><td>444</td></tr></table>]]></description>
<Point>
<coordinates>-118.51029394199998,40.137159577000034,0</coordinates>
</Point>
</Placemark>
<Placemark>
<name>447</name>
<styleUrl>#style_ff0000ff_9527121</styleUrl>
<description><![CDATA[<table border='1' cellpadding='4' cellspacing='0'><tr><td><b>OBJECTID</b></td><td>447</td></tr></table>]]></description>
<Point>
<coordinates>-118.54968603599997,40.11338845900008,0</coordinates>
</Point>
</Placemark>
<Placemark>
<name>449</name>
<styleUrl>#style_ff0000ff_9527121</styleUrl>
<description><![CDATA[<table border='1' cellpadding='4' cellspacing='0'><tr><td><b>OBJECTID</b></td><td>449</td></tr></table>]]></description>
<Point>
<coordinates>-118.88052177599997,39.487733227000035,0</coordinates>
</Point>
</Placemark>
<Placemark>
<name>450</name>
<styleUrl>#style_ff0000ff_9527121</styleUrl>
<description><![CDATA[<table border='1' cellpadding='4' cellspacing='0'><tr><td><b>OBJECTID</b></td><td>450</td></tr></table>]]></description>
<Point>
<coordinates>-118.93645177299999,39.51149264900005,0</coordinates>
</Point>
</Placemark>
<Placemark>
<name>452</name>
<styleUrl>#style_ff0000ff_9527121</styleUrl>
<description><![CDATA[<table border='1' cellpadding='4' cellspacing='0'><tr><td><b>OBJECTID</b></td><td>452</td></tr></table>]]></description>
<Point>
<coordinates>-119.74010323999994,39.52877527600003,0</coordinates>
</Point>
</Placemark>
<Placemark>
<name>455</name>
<styleUrl>#style_ff0000ff_9527121</styleUrl>
<description><![CDATA[<table border='1' cellpadding='4' cellspacing='0'><tr><td><b>OBJECTID</b></td><td>455</td></tr></table>]]></description>
<Point>
<coordinates>-119.74059598999997,39.52730050400004,0</coordinates>
</Point>
</Placemark>
<Placemark>
<name>456</name>
<styleUrl>#style_ff0000ff_9527121</styleUrl>
<description><![CDATA[<table border='1' cellpadding='4' cellspacing='0'><tr><td><b>OBJECTID</b></td><td>456</td></tr></table>]]></description>
<Point>
<coordinates>-119.73999033299998,39.52587931000005,0</coordinates>
</Point>
</Placemark>
<Placemark>
<name>463</name>
<styleUrl>#style_ff0000ff_9527121</styleUrl>
<description><![CDATA[<table border='1' cellpadding='4' cellspacing='0'><tr><td><b>OBJECTID</b></td><td>463</td></tr></table>]]></description>
<Point>
<coordinates>-119.61604164399995,38.816747314000054,0</coordinates>
</Point>
</Placemark>
<Placemark>
<name>464</name>
<styleUrl>#style_ff0000ff_9527121</styleUrl>
<description><![CDATA[<table border='1' cellpadding='4' cellspacing='0'><tr><td><b>OBJECTID</b></td><td>464</td></tr></table>]]></description>
<Point>
<coordinates>-119.61727604699996,38.81805396300007,0</coordinates>
</Point>
</Placemark>
<Placemark>
<name>480</name>
<styleUrl>#style_ff0000ff_9527121</styleUrl>
<description><![CDATA[<table border='1' cellpadding='4' cellspacing='0'><tr><td><b>OBJECTID</b></td><td>480</td></tr></table>]]></description>
<Point>
<coordinates>-119.70349554599994,39.53416985500007,0</coordinates>
</Point>
</Placemark>
<Placemark>
<name>482</name>
<styleUrl>#style_ff0000ff_9527121</styleUrl>
<description><![CDATA[<table border='1' cellpadding='4' cellspacing='0'><tr><td><b>OBJECTID</b></td><td>482</td></tr></table>]]></description>
<Point>
<coordinates>-119.82162609299996,39.548460230000046,0</coordinates>
</Point>
</Placemark>
<Placemark>
<name>486</name>
<styleUrl>#style_ff0000ff_9527121</styleUrl>
<description><![CDATA[<table border='1' cellpadding='4' cellspacing='0'><tr><td><b>OBJECTID</b></td><td>486</td></tr></table>]]></description>
<Point>
<coordinates>-119.75287196999994,39.54988437900005,0</coordinates>
</Point>
</Placemark>
<Placemark>
<name>487</name>
<styleUrl>#style_ff0000ff_9527121</styleUrl>
<description><![CDATA[<table border='1' cellpadding='4' cellspacing='0'><tr><td><b>OBJECTID</b></td><td>487</td></tr></table>]]></description>
<Point>
<coordinates>-119.75251530099996,39.54914359500003,0</coordinates>
</Point>
</Placemark>
<Placemark>
<name>495</name>
<styleUrl>#style_ff0000ff_9527121</styleUrl>
<description><![CDATA[<table border='1' cellpadding='4' cellspacing='0'><tr><td><b>OBJECTID</b></td><td>495</td></tr></table>]]></description>
<Point>
<coordinates>-119.71874340399995,39.629340669000044,0</coordinates>
</Point>
</Placemark>
<Placemark>
<name>506</name>
<styleUrl>#style_ff0000ff_9527121</styleUrl>
<description><![CDATA[<table border='1' cellpadding='4' cellspacing='0'><tr><td><b>OBJECTID</b></td><td>506</td></tr></table>]]></description>
<Point>
<coordinates>-119.71357555699996,39.63573537100007,0</coordinates>
</Point>
</Placemark>
<Placemark>
<name>508</name>
<styleUrl>#style_ff0000ff_9527121</styleUrl>
<description><![CDATA[<table border='1' cellpadding='4' cellspacing='0'><tr><td><b>OBJECTID</b></td><td>508</td></tr></table>]]></description>
<Point>
<coordinates>-119.71359523199999,39.635766637000074,0</coordinates>
</Point>
</Placemark>
<Placemark>
<name>511</name>
<styleUrl>#style_ff0000ff_9527121</styleUrl>
<description><![CDATA[<table border='1' cellpadding='4' cellspacing='0'><tr><td><b>OBJECTID</b></td><td>511</td></tr></table>]]></description>
<Point>
<coordinates>-119.70630545499995,39.65088858100006,0</coordinates>
</Point>
</Placemark>
<Placemark>
<name>514</name>
<styleUrl>#style_ff0000ff_9527121</styleUrl>
<description><![CDATA[<table border='1' cellpadding='4' cellspacing='0'><tr><td><b>OBJECTID</b></td><td>514</td></tr></table>]]></description>
<Point>
<coordinates>-119.79657992699998,39.49260856200004,0</coordinates>
</Point>
</Placemark>
<Placemark>
<name>515</name>
<styleUrl>#style_ff0000ff_9527121</styleUrl>
<description><![CDATA[<table border='1' cellpadding='4' cellspacing='0'><tr><td><b>OBJECTID</b></td><td>515</td></tr></table>]]></description>
<Point>
<coordinates>-119.79746773899996,39.49420235000008,0</coordinates>
</Point>
</Placemark>
<Placemark>
<name>516</name>
<styleUrl>#style_ff0000ff_9527121</styleUrl>
<description><![CDATA[<table border='1' cellpadding='4' cellspacing='0'><tr><td><b>OBJECTID</b></td><td>516</td></tr></table>]]></description>
<Point>
<coordinates>-119.79760184899999,39.49465357200006,0</coordinates>
</Point>
</Placemark>
<Placemark>
<name>517</name>
<styleUrl>#style_ff0000ff_9527121</styleUrl>
<description><![CDATA[<table border='1' cellpadding='4' cellspacing='0'><tr><td><b>OBJECTID</b></td><td>517</td></tr></table>]]></description>
<Point>
<coordinates>-119.79792907799998,39.49549598300007,0</coordinates>
</Point>
</Placemark>
<Placemark>
<name>520</name>
<styleUrl>#style_ff0000ff_9527121</styleUrl>
<description><![CDATA[<table border='1' cellpadding='4' cellspacing='0'><tr><td><b>OBJECTID</b></td><td>520</td></tr></table>]]></description>
<Point>
<coordinates>-119.80310842399996,39.50497291700003,0</coordinates>
</Point>
</Placemark>
<Placemark>
<name>526</name>
<styleUrl>#style_ff0000ff_9527121</styleUrl>
<description><![CDATA[<table border='1' cellpadding='4' cellspacing='0'><tr><td><b>OBJECTID</b></td><td>526</td></tr></table>]]></description>
<Point>
<coordinates>-119.80788553699995,39.515045480000026,0</coordinates>
</Point>
</Placemark>
<Placemark>
<name>527</name>
<styleUrl>#style_ff0000ff_9527121</styleUrl>
<description><![CDATA[<table border='1' cellpadding='4' cellspacing='0'><tr><td><b>OBJECTID</b></td><td>527</td></tr></table>]]></description>
<Point>
<coordinates>-119.80797673199999,39.51592488800003,0</coordinates>
</Point>
</Placemark>
<Placemark>
<name>531</name>
<styleUrl>#style_ff0000ff_9527121</styleUrl>
<description><![CDATA[<table border='1' cellpadding='4' cellspacing='0'><tr><td><b>OBJECTID</b></td><td>531</td></tr></table>]]></description>
<Point>
<coordinates>-119.82461798999998,39.56455234100008,0</coordinates>
</Point>
</Placemark>
<Placemark>
<name>532</name>
<styleUrl>#style_ff0000ff_9527121</styleUrl>
<description><![CDATA[<table border='1' cellpadding='4' cellspacing='0'><tr><td><b>OBJECTID</b></td><td>532</td></tr></table>]]></description>
<Point>
<coordinates>-119.824033268,39.566392601000075,0</coordinates>
</Point>
</Placemark>
<Placemark>
<name>535</name>
<styleUrl>#style_ff0000ff_9527121</styleUrl>
<description><![CDATA[<table border='1' cellpadding='4' cellspacing='0'><tr><td><b>OBJECTID</b></td><td>535</td></tr></table>]]></description>
<Point>
<coordinates>-119.82406164099996,39.566868647000035,0</coordinates>
</Point>
</Placemark>
<Placemark>
<name>538</name>
<styleUrl>#style_ff0000ff_9527121</styleUrl>
<description><![CDATA[<table border='1' cellpadding='4' cellspacing='0'><tr><td><b>OBJECTID</b></td><td>538</td></tr></table>]]></description>
<Point>
<coordinates>-119.82657117299999,39.571712896000065,0</coordinates>
</Point>
</Placemark>
<Placemark>
<name>542</name>
<styleUrl>#style_ff0000ff_9527121</styleUrl>
<description><![CDATA[<table border='1' cellpadding='4' cellspacing='0'><tr><td><b>OBJECTID</b></td><td>542</td></tr></table>]]></description>
<Point>
<coordinates>-119.82746321999997,39.58568248600005,0</coordinates>
</Point>
</Placemark>
<Placemark>
<name>546</name>
<styleUrl>#style_ff0000ff_9527121</styleUrl>
<description><![CDATA[<table border='1' cellpadding='4' cellspacing='0'><tr><td><b>OBJECTID</b></td><td>546</td></tr></table>]]></description>
<Point>
<coordinates>-119.77950760599998,39.45636253400005,0</coordinates>
</Point>
</Placemark>
<Placemark>
<name>549</name>
<styleUrl>#style_ff0000ff_9527121</styleUrl>
<description><![CDATA[<table border='1' cellpadding='4' cellspacing='0'><tr><td><b>OBJECTID</b></td><td>549</td></tr></table>]]></description>
<Point>
<coordinates>-119.78938688399995,39.522704858000054,0</coordinates>
</Point>
</Placemark>
<Placemark>
<name>553</name>
<styleUrl>#style_ff0000ff_9527121</styleUrl>
<description><![CDATA[<table border='1' cellpadding='4' cellspacing='0'><tr><td><b>OBJECTID</b></td><td>553</td></tr></table>]]></description>
<Point>
<coordinates>-119.78942242499994,39.51924109300006,0</coordinates>
</Point>
</Placemark>
<Placemark>
<name>554</name>
<styleUrl>#style_ff0000ff_9527121</styleUrl>
<description><![CDATA[<table border='1' cellpadding='4' cellspacing='0'><tr><td><b>OBJECTID</b></td><td>554</td></tr></table>]]></description>
<Point>
<coordinates>-119.78891162199994,39.51807527900007,0</coordinates>
</Point>
</Placemark>
<Placemark>
<name>555</name>
<styleUrl>#style_ff0000ff_9527121</styleUrl>
<description><![CDATA[<table border='1' cellpadding='4' cellspacing='0'><tr><td><b>OBJECTID</b></td><td>555</td></tr></table>]]></description>
<Point>
<coordinates>-119.78889407999998,39.51455184100007,0</coordinates>
</Point>
</Placemark>
<Placemark>
<name>560</name>
<styleUrl>#style_ff0000ff_9527121</styleUrl>
<description><![CDATA[<table border='1' cellpadding='4' cellspacing='0'><tr><td><b>OBJECTID</b></td><td>560</td></tr></table>]]></description>
<Point>
<coordinates>-119.78953356599999,39.492102454000076,0</coordinates>
</Point>
</Placemark>
<Placemark>
<name>562</name>
<styleUrl>#style_ff0000ff_9527121</styleUrl>
<description><![CDATA[<table border='1' cellpadding='4' cellspacing='0'><tr><td><b>OBJECTID</b></td><td>562</td></tr></table>]]></description>
<Point>
<coordinates>-119.77122338699996,39.54563750800003,0</coordinates>
</Point>
</Placemark>
<Placemark>
<name>565</name>
<styleUrl>#style_ff0000ff_9527121</styleUrl>
<description><![CDATA[<table border='1' cellpadding='4' cellspacing='0'><tr><td><b>OBJECTID</b></td><td>565</td></tr></table>]]></description>
<Point>
<coordinates>-119.78329024799996,39.53449943800007,0</coordinates>
</Point>
</Placemark>
<Placemark>
<name>566</name>
<styleUrl>#style_ff0000ff_9527121</styleUrl>
<description><![CDATA[<table border='1' cellpadding='4' cellspacing='0'><tr><td><b>OBJECTID</b></td><td>566</td></tr></table>]]></description>
<Point>
<coordinates>-119.78826543299999,39.533579090000046,0</coordinates>
</Point>
</Placemark>
<Placemark>
<name>570</name>
<styleUrl>#style_ff0000ff_9527121</styleUrl>
<description><![CDATA[<table border='1' cellpadding='4' cellspacing='0'><tr><td><b>OBJECTID</b></td><td>570</td></tr></table>]]></description>
<Point>
<coordinates>-119.80661504899996,39.53123902300007,0</coordinates>
</Point>
</Placemark>
<Placemark>
<name>580</name>
<styleUrl>#style_ff0000ff_9527121</styleUrl>
<description><![CDATA[<table border='1' cellpadding='4' cellspacing='0'><tr><td><b>OBJECTID</b></td><td>580</td></tr></table>]]></description>
<Point>
<coordinates>-118.44403499999999,40.19395600000007,0</coordinates>
</Point>
</Placemark>
<Placemark>
<name>581</name>
<styleUrl>#style_ff0000ff_9527121</styleUrl>
<description><![CDATA[<table border='1' cellpadding='4' cellspacing='0'><tr><td><b>OBJECTID</b></td><td>581</td></tr></table>]]></description>
<Point>
<coordinates>-118.44612699999999,40.193309000000056,0</coordinates>
</Point>
</Placemark>
<Placemark>
<name>583</name>
<styleUrl>#style_ff0000ff_9527121</styleUrl>
<description><![CDATA[<table border='1' cellpadding='4' cellspacing='0'><tr><td><b>OBJECTID</b></td><td>583</td></tr></table>]]></description>
<Point>
<coordinates>-119.825264388,39.527937628000075,0</coordinates>
</Point>
</Placemark>
<Placemark>
<name>586</name>
<styleUrl>#style_ff0000ff_9527121</styleUrl>
<description><![CDATA[<table border='1' cellpadding='4' cellspacing='0'><tr><td><b>OBJECTID</b></td><td>586</td></tr></table>]]></description>
<Point>
<coordinates>-119.85306900599994,39.51398845800003,0</coordinates>
</Point>
</Placemark>
<Placemark>
<name>588</name>
<styleUrl>#style_ff0000ff_9527121</styleUrl>
<description><![CDATA[<table border='1' cellpadding='4' cellspacing='0'><tr><td><b>OBJECTID</b></td><td>588</td></tr></table>]]></description>
<Point>
<coordinates>-119.90071197599997,39.508736645000056,0</coordinates>
</Point>
</Placemark>
<Placemark>
<name>593</name>
<styleUrl>#style_ff0000ff_9527121</styleUrl>
<description><![CDATA[<table border='1' cellpadding='4' cellspacing='0'><tr><td><b>OBJECTID</b></td><td>593</td></tr></table>]]></description>
<Point>
<coordinates>-119.84321177899994,39.48814752000004,0</coordinates>
</Point>
</Placemark>
<Placemark>
<name>1395</name>
<styleUrl>#style_ff0000ff_9527121</styleUrl>
<description><![CDATA[<table border='1' cellpadding='4' cellspacing='0'><tr><td><b>OBJECTID</b></td><td>1395</td></tr></table>]]></description>
<Point>
<coordinates>-119.77844243699997,39.080403518000026,0</coordinates>
</Point>
</Placemark>
<Placemark>
<name>1399</name>
<styleUrl>#style_ff0000ff_9527121</styleUrl>
<description><![CDATA[<table border='1' cellpadding='4' cellspacing='0'><tr><td><b>OBJECTID</b></td><td>1399</td></tr></table>]]></description>
<Point>
<coordinates>-119.70723162399997,38.906545823000044,0</coordinates>
</Point>
</Placemark>
<Placemark>
<name>1401</name>
<styleUrl>#style_ff0000ff_9527121</styleUrl>
<description><![CDATA[<table border='1' cellpadding='4' cellspacing='0'><tr><td><b>OBJECTID</b></td><td>1401</td></tr></table>]]></description>
<Point>
<coordinates>-119.18179496199997,39.144596343000046,0</coordinates>
</Point>
</Placemark>
<Placemark>
<name>1402</name>
<styleUrl>#style_ff0000ff_9527121</styleUrl>
<description><![CDATA[<table border='1' cellpadding='4' cellspacing='0'><tr><td><b>OBJECTID</b></td><td>1402</td></tr></table>]]></description>
<Point>
<coordinates>-119.23267335399999,39.543407857000034,0</coordinates>
</Point>
</Placemark>
<Placemark>
<name>1793</name>
<styleUrl>#style_ff0000ff_9527121</styleUrl>
<description><![CDATA[<table border='1' cellpadding='4' cellspacing='0'><tr><td><b>OBJECTID</b></td><td>1793</td></tr></table>]]></description>
<Point>
<coordinates>-118.78149884999999,39.453044205000026,0</coordinates>
</Point>
</Placemark>
<Placemark>
<name>1794</name>
<styleUrl>#style_ff0000ff_9527121</styleUrl>
<description><![CDATA[<table border='1' cellpadding='4' cellspacing='0'><tr><td><b>OBJECTID</b></td><td>1794</td></tr></table>]]></description>
<Point>
<coordinates>-118.66969093399996,38.55769025400008,0</coordinates>
</Point>
</Placemark>
<Placemark>
<name>1795</name>
<styleUrl>#style_ff0000ff_9527121</styleUrl>
<description><![CDATA[<table border='1' cellpadding='4' cellspacing='0'><tr><td><b>OBJECTID</b></td><td>1795</td></tr></table>]]></description>
<Point>
<coordinates>-118.79916086799994,38.89542329400007,0</coordinates>
</Point>
</Placemark>
<Placemark>
<name>1802</name>
<styleUrl>#style_ff0000ff_9527121</styleUrl>
<description><![CDATA[<table border='1' cellpadding='4' cellspacing='0'><tr><td><b>OBJECTID</b></td><td>1802</td></tr></table>]]></description>
<Point>
<coordinates>-118.80996325799998,38.940080187000035,0</coordinates>
</Point>
</Placemark>
<Placemark>
<name>1803</name>
<styleUrl>#style_ff0000ff_9527121</styleUrl>
<description><![CDATA[<table border='1' cellpadding='4' cellspacing='0'><tr><td><b>OBJECTID</b></td><td>1803</td></tr></table>]]></description>
<Point>
<coordinates>-118.809997797,38.94025994100008,0</coordinates>
</Point>
</Placemark>
<Placemark>
<name>3793</name>
<styleUrl>#style_ff0000ff_9527121</styleUrl>
<description><![CDATA[<table border='1' cellpadding='4' cellspacing='0'><tr><td><b>OBJECTID</b></td><td>3793</td></tr></table>]]></description>
<Point>
<coordinates>-118.61492510599999,38.52436132500003,0</coordinates>
</Point>
</Placemark>
<Placemark>
<name>4196</name>
<styleUrl>#style_ff0000ff_9527121</styleUrl>
<description><![CDATA[<table border='1' cellpadding='4' cellspacing='0'><tr><td><b>OBJECTID</b></td><td>4196</td></tr></table>]]></description>
<Point>
<coordinates>-119.61243251499997,39.22173425100004,0</coordinates>
</Point>
</Placemark>
<Placemark>
<name>4995</name>
<styleUrl>#style_ff0000ff_9527121</styleUrl>
<description><![CDATA[<table border='1' cellpadding='4' cellspacing='0'><tr><td><b>OBJECTID</b></td><td>4995</td></tr></table>]]></description>
<Point>
<coordinates>-119.58900161899999,39.23673187900005,0</coordinates>
</Point>
</Placemark>
<Placemark>
<name>5393</name>
<styleUrl>#style_ff0000ff_9527121</styleUrl>
<description><![CDATA[<table border='1' cellpadding='4' cellspacing='0'><tr><td><b>OBJECTID</b></td><td>5393</td></tr></table>]]></description>
<Point>
<coordinates>-119.55882278499996,39.27799147700006,0</coordinates>
</Point>
</Placemark>
<Placemark>
<name>5394</name>
<styleUrl>#style_ff0000ff_9527121</styleUrl>
<description><![CDATA[<table border='1' cellpadding='4' cellspacing='0'><tr><td><b>OBJECTID</b></td><td>5394</td></tr></table>]]></description>
<Point>
<coordinates>-119.54218528299998,39.287036974000046,0</coordinates>
</Point>
</Placemark>
<Placemark>
<name>5397</name>
<styleUrl>#style_ff0000ff_9527121</styleUrl>
<description><![CDATA[<table border='1' cellpadding='4' cellspacing='0'><tr><td><b>OBJECTID</b></td><td>5397</td></tr></table>]]></description>
<Point>
<coordinates>-119.52228362699998,39.299499421000064,0</coordinates>
</Point>
</Placemark>
<Placemark>
<name>6197</name>
<styleUrl>#style_ff0000ff_9527121</styleUrl>
<description><![CDATA[<table border='1' cellpadding='4' cellspacing='0'><tr><td><b>OBJECTID</b></td><td>6197</td></tr></table>]]></description>
<Point>
<coordinates>-119.27469132299996,39.398364926000056,0</coordinates>
</Point>
</Placemark>
<Placemark>
<name>6200</name>
<styleUrl>#style_ff0000ff_9527121</styleUrl>
<description><![CDATA[<table border='1' cellpadding='4' cellspacing='0'><tr><td><b>OBJECTID</b></td><td>6200</td></tr></table>]]></description>
<Point>
<coordinates>-119.31105118799996,39.38626179100004,0</coordinates>
</Point>
</Placemark>
<Placemark>
<name>6204</name>
<styleUrl>#style_ff0000ff_9527121</styleUrl>
<description><![CDATA[<table border='1' cellpadding='4' cellspacing='0'><tr><td><b>OBJECTID</b></td><td>6204</td></tr></table>]]></description>
<Point>
<coordinates>-119.37827881299995,39.36039873400006,0</coordinates>
</Point>
</Placemark>
<Placemark>
<name>6209</name>
<styleUrl>#style_ff0000ff_9527121</styleUrl>
<description><![CDATA[<table border='1' cellpadding='4' cellspacing='0'><tr><td><b>OBJECTID</b></td><td>6209</td></tr></table>]]></description>
<Point>
<coordinates>-119.51011798099995,39.306825538000055,0</coordinates>
</Point>
</Placemark>
<Placemark>
<name>6210</name>
<styleUrl>#style_ff0000ff_9527121</styleUrl>
<description><![CDATA[<table border='1' cellpadding='4' cellspacing='0'><tr><td><b>OBJECTID</b></td><td>6210</td></tr></table>]]></description>
<Point>
<coordinates>-119.50452307199998,39.308914489000074,0</coordinates>
</Point>
</Placemark>
<Placemark>
<name>6593</name>
<styleUrl>#style_ff0000ff_9527121</styleUrl>
<description><![CDATA[<table border='1' cellpadding='4' cellspacing='0'><tr><td><b>OBJECTID</b></td><td>6593</td></tr></table>]]></description>
<Point>
<coordinates>-119.44896583999997,39.33466483900003,0</coordinates>
</Point>
</Placemark>
<Placemark>
<name>6595</name>
<styleUrl>#style_ff0000ff_9527121</styleUrl>
<description><![CDATA[<table border='1' cellpadding='4' cellspacing='0'><tr><td><b>OBJECTID</b></td><td>6595</td></tr></table>]]></description>
<Point>
<coordinates>-119.29204351899995,39.39109384900007,0</coordinates>
</Point>
</Placemark>
<Placemark>
<name>6600</name>
<styleUrl>#style_ff0000ff_9527121</styleUrl>
<description><![CDATA[<table border='1' cellpadding='4' cellspacing='0'><tr><td><b>OBJECTID</b></td><td>6600</td></tr></table>]]></description>
<Point>
<coordinates>-119.27017648799995,39.39935292400003,0</coordinates>
</Point>
</Placemark>
<Placemark>
<name>3</name>
<styleUrl>#style_ff0000ff_9527121</styleUrl>
<description><![CDATA[<table border='1' cellpadding='4' cellspacing='0'><tr><td><b>OBJECTID</b></td><td>3</td></tr></table>]]></description>
<Point>
<coordinates>-119.74230956999997,39.52728271500007,0</coordinates>
</Point>
</Placemark>
<Placemark>
<name>5</name>
<styleUrl>#style_ff0000ff_9527121</styleUrl>
<description><![CDATA[<table border='1' cellpadding='4' cellspacing='0'><tr><td><b>OBJECTID</b></td><td>5</td></tr></table>]]></description>
<Point>
<coordinates>-119.74920654299996,39.527526855000076,0</coordinates>
</Point>
</Placemark>
<Placemark>
<name>10</name>
<styleUrl>#style_ff0000ff_9527121</styleUrl>
<description><![CDATA[<table border='1' cellpadding='4' cellspacing='0'><tr><td><b>OBJECTID</b></td><td>10</td></tr></table>]]></description>
<Point>
<coordinates>-119.77062988299997,39.52789306600005,0</coordinates>
</Point>
</Placemark>
<Placemark>
<name>11</name>
<styleUrl>#style_ff0000ff_9527121</styleUrl>
<description><![CDATA[<table border='1' cellpadding='4' cellspacing='0'><tr><td><b>OBJECTID</b></td><td>11</td></tr></table>]]></description>
<Point>
<coordinates>-119.79168701199995,39.52770996100003,0</coordinates>
</Point>
</Placemark>
<Placemark>
<name>14</name>
<styleUrl>#style_ff0000ff_9527121</styleUrl>
<description><![CDATA[<table border='1' cellpadding='4' cellspacing='0'><tr><td><b>OBJECTID</b></td><td>14</td></tr></table>]]></description>
<Point>
<coordinates>-119.05041503899997,39.02447509800004,0</coordinates>
</Point>
</Placemark>
<Placemark>
<name>16</name>
<styleUrl>#style_ff0000ff_9527121</styleUrl>
<description><![CDATA[<table border='1' cellpadding='4' cellspacing='0'><tr><td><b>OBJECTID</b></td><td>16</td></tr></table>]]></description>
<Point>
<coordinates>-118.52337646499996,40.12670898400006,0</coordinates>
</Point>
</Placemark>
<Placemark>
<name>17</name>
<styleUrl>#style_ff0000ff_9527121</styleUrl>
<description><![CDATA[<table border='1' cellpadding='4' cellspacing='0'><tr><td><b>OBJECTID</b></td><td>17</td></tr></table>]]></description>
<Point>
<coordinates>-118.29620361299999,40.40728759800004,0</coordinates>
</Point>
</Placemark>
<Placemark>
<name>19</name>
<styleUrl>#style_ff0000ff_9527121</styleUrl>
<description><![CDATA[<table border='1' cellpadding='4' cellspacing='0'><tr><td><b>OBJECTID</b></td><td>19</td></tr></table>]]></description>
<Point>
<coordinates>-119.78289794899996,39.50207519500003,0</coordinates>
</Point>
</Placemark>
<Placemark>
<name>23</name>
<styleUrl>#style_ff0000ff_9527121</styleUrl>
<description><![CDATA[<table border='1' cellpadding='4' cellspacing='0'><tr><td><b>OBJECTID</b></td><td>23</td></tr></table>]]></description>
<Point>
<coordinates>-119.23291015599995,39.54449462900004,0</coordinates>
</Point>
</Placemark>
<Placemark>
<name>25</name>
<styleUrl>#style_ff0000ff_9527121</styleUrl>
<description><![CDATA[<table border='1' cellpadding='4' cellspacing='0'><tr><td><b>OBJECTID</b></td><td>25</td></tr></table>]]></description>
<Point>
<coordinates>-119.30480956999997,39.61608886700003,0</coordinates>
</Point>
</Placemark>
<Placemark>
<name>26</name>
<styleUrl>#style_ff0000ff_9527121</styleUrl>
<description><![CDATA[<table border='1' cellpadding='4' cellspacing='0'><tr><td><b>OBJECTID</b></td><td>26</td></tr></table>]]></description>
<Point>
<coordinates>-119.73052978499999,39.177917480000076,0</coordinates>
</Point>
</Placemark>
<Placemark>
<name>38</name>
<styleUrl>#style_ff0000ff_9527121</styleUrl>
<description><![CDATA[<table border='1' cellpadding='4' cellspacing='0'><tr><td><b>OBJECTID</b></td><td>38</td></tr></table>]]></description>
<Point>
<coordinates>-118.77618408199999,39.486511230000076,0</coordinates>
</Point>
</Placemark>
<Placemark>
<name>42</name>
<styleUrl>#style_ff0000ff_9527121</styleUrl>
<description><![CDATA[<table border='1' cellpadding='4' cellspacing='0'><tr><td><b>OBJECTID</b></td><td>42</td></tr></table>]]></description>
<Point>
<coordinates>-118.60388183599997,38.524902344000054,0</coordinates>
</Point>
</Placemark>
<Placemark>
<name>45</name>
<styleUrl>#style_ff0000ff_9527121</styleUrl>
<description><![CDATA[<table border='1' cellpadding='4' cellspacing='0'><tr><td><b>OBJECTID</b></td><td>45</td></tr></table>]]></description>
<Point>
<coordinates>-118.28583908099995,40.45055296600003,0</coordinates>
</Point>
</Placemark>
<Placemark>
<name>50</name>
<styleUrl>#style_ff0000ff_9527121</styleUrl>
<description><![CDATA[<table border='1' cellpadding='4' cellspacing='0'><tr><td><b>OBJECTID</b></td><td>50</td></tr></table>]]></description>
<Point>
<coordinates>-119.18139648399995,39.07031250000006,0</coordinates>
</Point>
</Placemark>
<Placemark>
<name>54</name>
<styleUrl>#style_ff0000ff_9527121</styleUrl>
<description><![CDATA[<table border='1' cellpadding='4' cellspacing='0'><tr><td><b>OBJECTID</b></td><td>54</td></tr></table>]]></description>
<Point>
<coordinates>-119.24139404299996,39.61431884800004,0</coordinates>
</Point>
</Placemark>
<Placemark>
<name>57</name>
<styleUrl>#style_ff0000ff_9527121</styleUrl>
<description><![CDATA[<table border='1' cellpadding='4' cellspacing='0'><tr><td><b>OBJECTID</b></td><td>57</td></tr></table>]]></description>
<Point>
<coordinates>-119.90069580099998,39.51330566400003,0</coordinates>
</Point>
</Placemark>
<Placemark>
<name>61</name>
<styleUrl>#style_ff0000ff_9527121</styleUrl>
<description><![CDATA[<table border='1' cellpadding='4' cellspacing='0'><tr><td><b>OBJECTID</b></td><td>61</td></tr></table>]]></description>
<Point>
<coordinates>-119.19152831999997,39.161071777000075,0</coordinates>
</Point>
</Placemark>
<Placemark>
<name>66</name>
<styleUrl>#style_ff0000ff_9527121</styleUrl>
<description><![CDATA[<table border='1' cellpadding='4' cellspacing='0'><tr><td><b>OBJECTID</b></td><td>66</td></tr></table>]]></description>
<Point>
<coordinates>-119.90209960899995,39.51312255900007,0</coordinates>
</Point>
</Placemark>
<Placemark>
<name>69</name>
<styleUrl>#style_ff0000ff_9527121</styleUrl>
<description><![CDATA[<table border='1' cellpadding='4' cellspacing='0'><tr><td><b>OBJECTID</b></td><td>69</td></tr></table>]]></description>
<Point>
<coordinates>-119.77960205099998,39.510498047000056,0</coordinates>
</Point>
</Placemark>
<Placemark>
<name>74</name>
<styleUrl>#style_ff0000ff_9527121</styleUrl>
<description><![CDATA[<table border='1' cellpadding='4' cellspacing='0'><tr><td><b>OBJECTID</b></td><td>74</td></tr></table>]]></description>
<Point>
<coordinates>-119.77080766499995,39.535391050000044,0</coordinates>
</Point>
</Placemark>
<Placemark>
<name>76</name>
<styleUrl>#style_ff0000ff_9527121</styleUrl>
<description><![CDATA[<table border='1' cellpadding='4' cellspacing='0'><tr><td><b>OBJECTID</b></td><td>76</td></tr></table>]]></description>
<Point>
<coordinates>-119.76452636699997,39.53332519500003,0</coordinates>
</Point>
</Placemark>
<Placemark>
<name>81</name>
<styleUrl>#style_ff0000ff_9527121</styleUrl>
<description><![CDATA[<table border='1' cellpadding='4' cellspacing='0'><tr><td><b>OBJECTID</b></td><td>81</td></tr></table>]]></description>
<Point>
<coordinates>-118.28479003899997,40.459899902000075,0</coordinates>
</Point>
</Placemark>
<Placemark>
<name>84</name>
<styleUrl>#style_ff0000ff_9527121</styleUrl>
<description><![CDATA[<table border='1' cellpadding='4' cellspacing='0'><tr><td><b>OBJECTID</b></td><td>84</td></tr></table>]]></description>
<Point>
<coordinates>-119.18200683599997,38.99468994100005,0</coordinates>
</Point>
</Placemark>
<Placemark>
<name>85</name>
<styleUrl>#style_ff0000ff_9527121</styleUrl>
<description><![CDATA[<table border='1' cellpadding='4' cellspacing='0'><tr><td><b>OBJECTID</b></td><td>85</td></tr></table>]]></description>
<Point>
<coordinates>-119.99761962899998,39.49749755900007,0</coordinates>
</Point>
</Placemark>
<Placemark>
<name>87</name>
<styleUrl>#style_ff0000ff_9527121</styleUrl>
<description><![CDATA[<table border='1' cellpadding='4' cellspacing='0'><tr><td><b>OBJECTID</b></td><td>87</td></tr></table>]]></description>
<Point>
<coordinates>-119.78149414099994,39.515502930000025,0</coordinates>
</Point>
</Placemark>
<Placemark>
<name>89</name>
<styleUrl>#style_ff0000ff_9527121</styleUrl>
<description><![CDATA[<table border='1' cellpadding='4' cellspacing='0'><tr><td><b>OBJECTID</b></td><td>89</td></tr></table>]]></description>
<Point>
<coordinates>-119.76151376899998,39.535216226000045,0</coordinates>
</Point>
</Placemark>
<Placemark>
<name>90</name>
<styleUrl>#style_ff0000ff_9527121</styleUrl>
<description><![CDATA[<table border='1' cellpadding='4' cellspacing='0'><tr><td><b>OBJECTID</b></td><td>90</td></tr></table>]]></description>
<Point>
<coordinates>-118.32849121099997,40.32171630900007,0</coordinates>
</Point>
</Placemark>
<Placemark>
<name>91</name>
<styleUrl>#style_ff0000ff_9527121</styleUrl>
<description><![CDATA[<table border='1' cellpadding='4' cellspacing='0'><tr><td><b>OBJECTID</b></td><td>91</td></tr></table>]]></description>
<Point>
<coordinates>-119.78601074199997,39.11328125000006,0</coordinates>
</Point>
</Placemark>
<Placemark>
<name>94</name>
<styleUrl>#style_ff0000ff_9527121</styleUrl>
<description><![CDATA[<table border='1' cellpadding='4' cellspacing='0'><tr><td><b>OBJECTID</b></td><td>94</td></tr></table>]]></description>
<Point>
<coordinates>-119.70538330099998,39.526672363000046,0</coordinates>
</Point>
</Placemark>
<Placemark>
<name>95</name>
<styleUrl>#style_ff0000ff_9527121</styleUrl>
<description><![CDATA[<table border='1' cellpadding='4' cellspacing='0'><tr><td><b>OBJECTID</b></td><td>95</td></tr></table>]]></description>
<Point>
<coordinates>-119.87518310499996,39.618103027000075,0</coordinates>
</Point>
</Placemark>
<Placemark>
<name>101</name>
<styleUrl>#style_ff0000ff_9527121</styleUrl>
<description><![CDATA[<table border='1' cellpadding='4' cellspacing='0'><tr><td><b>OBJECTID</b></td><td>101</td></tr></table>]]></description>
<Point>
<coordinates>-118.80731201199995,39.47827148400006,0</coordinates>
</Point>
</Placemark>
<Placemark>
<name>113</name>
<styleUrl>#style_ff0000ff_9527121</styleUrl>
<description><![CDATA[<table border='1' cellpadding='4' cellspacing='0'><tr><td><b>OBJECTID</b></td><td>113</td></tr></table>]]></description>
<Point>
<coordinates>-119.78790283199999,39.53070068400007,0</coordinates>
</Point>
</Placemark>
<Placemark>
<name>114</name>
<styleUrl>#style_ff0000ff_9527121</styleUrl>
<description><![CDATA[<table border='1' cellpadding='4' cellspacing='0'><tr><td><b>OBJECTID</b></td><td>114</td></tr></table>]]></description>
<Point>
<coordinates>-119.30249023399995,39.61627197300004,0</coordinates>
</Point>
</Placemark>
<Placemark>
<name>121</name>
<styleUrl>#style_ff0000ff_9527121</styleUrl>
<description><![CDATA[<table border='1' cellpadding='4' cellspacing='0'><tr><td><b>OBJECTID</b></td><td>121</td></tr></table>]]></description>
<Point>
<coordinates>-118.85028076199995,39.485290527000075,0</coordinates>
</Point>
</Placemark>
<Placemark>
<name>125</name>
<styleUrl>#style_ff0000ff_9527121</styleUrl>
<description><![CDATA[<table border='1' cellpadding='4' cellspacing='0'><tr><td><b>OBJECTID</b></td><td>125</td></tr></table>]]></description>
<Point>
<coordinates>-119.99670410199997,39.49468994100005,0</coordinates>
</Point>
</Placemark>
<Placemark>
<name>127</name>
<styleUrl>#style_ff0000ff_9527121</styleUrl>
<description><![CDATA[<table border='1' cellpadding='4' cellspacing='0'><tr><td><b>OBJECTID</b></td><td>127</td></tr></table>]]></description>
<Point>
<coordinates>-119.65008544899996,39.21911621100003,0</coordinates>
</Point>
</Placemark>
<Placemark>
<name>131</name>
<styleUrl>#style_ff0000ff_9527121</styleUrl>
<description><![CDATA[<table border='1' cellpadding='4' cellspacing='0'><tr><td><b>OBJECTID</b></td><td>131</td></tr></table>]]></description>
<Point>
<coordinates>-119.78448486299999,39.11389160200008,0</coordinates>
</Point>
</Placemark>
<Placemark>
<name>132</name>
<styleUrl>#style_ff0000ff_9527121</styleUrl>
<description><![CDATA[<table border='1' cellpadding='4' cellspacing='0'><tr><td><b>OBJECTID</b></td><td>132</td></tr></table>]]></description>
<Point>
<coordinates>-119.78540039099994,39.52990722700008,0</coordinates>
</Point>
</Placemark>
<Placemark>
<name>133</name>
<styleUrl>#style_ff0000ff_9527121</styleUrl>
<description><![CDATA[<table border='1' cellpadding='4' cellspacing='0'><tr><td><b>OBJECTID</b></td><td>133</td></tr></table>]]></description>
<Point>
<coordinates>-119.73699951199995,39.17608642600004,0</coordinates>
</Point>
</Placemark>
<Placemark>
<name>139</name>
<styleUrl>#style_ff0000ff_9527121</styleUrl>
<description><![CDATA[<table border='1' cellpadding='4' cellspacing='0'><tr><td><b>OBJECTID</b></td><td>139</td></tr></table>]]></description>
<Point>
<coordinates>-118.50622339399996,40.13971515700007,0</coordinates>
</Point>
</Placemark>
<Placemark>
<name>143</name>
<styleUrl>#style_ff0000ff_9527121</styleUrl>
<description><![CDATA[<table border='1' cellpadding='4' cellspacing='0'><tr><td><b>OBJECTID</b></td><td>143</td></tr></table>]]></description>
<Point>
<coordinates>-118.44061279299996,40.19671630900007,0</coordinates>
</Point>
</Placemark>
<Placemark>
<name>148</name>
<styleUrl>#style_ff0000ff_9527121</styleUrl>
<description><![CDATA[<table border='1' cellpadding='4' cellspacing='0'><tr><td><b>OBJECTID</b></td><td>148</td></tr></table>]]></description>
<Point>
<coordinates>-119.73950195299994,39.53247070300006,0</coordinates>
</Point>
</Placemark>
<Placemark>
<name>153</name>
<styleUrl>#style_ff0000ff_9527121</styleUrl>
<description><![CDATA[<table border='1' cellpadding='4' cellspacing='0'><tr><td><b>OBJECTID</b></td><td>153</td></tr></table>]]></description>
<Point>
<coordinates>-119.78088378899997,39.53570556600005,0</coordinates>
</Point>
</Placemark>
<Placemark>
<name>154</name>
<styleUrl>#style_ff0000ff_9527121</styleUrl>
<description><![CDATA[<table border='1' cellpadding='4' cellspacing='0'><tr><td><b>OBJECTID</b></td><td>154</td></tr></table>]]></description>
<Point>
<coordinates>-119.71429443399995,39.52728271500007,0</coordinates>
</Point>
</Placemark>
<Placemark>
<name>156</name>
<styleUrl>#style_ff0000ff_9527121</styleUrl>
<description><![CDATA[<table border='1' cellpadding='4' cellspacing='0'><tr><td><b>OBJECTID</b></td><td>156</td></tr></table>]]></description>
<Point>
<coordinates>-118.43890380899995,40.197326660000044,0</coordinates>
</Point>
</Placemark>
<Placemark>
<name>168</name>
<styleUrl>#style_ff0000ff_9527121</styleUrl>
<description><![CDATA[<table border='1' cellpadding='4' cellspacing='0'><tr><td><b>OBJECTID</b></td><td>168</td></tr></table>]]></description>
<Point>
<coordinates>-118.86163729399999,39.48569707200005,0</coordinates>
</Point>
</Placemark>
<Placemark>
<name>175</name>
<styleUrl>#style_ff0000ff_9527121</styleUrl>
<description><![CDATA[<table border='1' cellpadding='4' cellspacing='0'><tr><td><b>OBJECTID</b></td><td>175</td></tr></table>]]></description>
<Point>
<coordinates>-119.78246969199995,39.53661634600007,0</coordinates>
</Point>
</Placemark>
<Placemark>
<name>177</name>
<styleUrl>#style_ff0000ff_9527121</styleUrl>
<description><![CDATA[<table border='1' cellpadding='4' cellspacing='0'><tr><td><b>OBJECTID</b></td><td>177</td></tr></table>]]></description>
<Point>
<coordinates>-118.44268798799999,40.19592285200008,0</coordinates>
</Point>
</Placemark>
<Placemark>
<name>182</name>
<styleUrl>#style_ff0000ff_9527121</styleUrl>
<description><![CDATA[<table border='1' cellpadding='4' cellspacing='0'><tr><td><b>OBJECTID</b></td><td>182</td></tr></table>]]></description>
<Point>
<coordinates>-118.45489501999998,40.19067382800006,0</coordinates>
</Point>
</Placemark>
<Placemark>
<name>185</name>
<styleUrl>#style_ff0000ff_9527121</styleUrl>
<description><![CDATA[<table border='1' cellpadding='4' cellspacing='0'><tr><td><b>OBJECTID</b></td><td>185</td></tr></table>]]></description>
<Point>
<coordinates>-119.74862712399994,39.53498920100003,0</coordinates>
</Point>
</Placemark>
<Placemark>
<name>186</name>
<styleUrl>#style_ff0000ff_9527121</styleUrl>
<description><![CDATA[<table border='1' cellpadding='4' cellspacing='0'><tr><td><b>OBJECTID</b></td><td>186</td></tr></table>]]></description>
<Point>
<coordinates>-118.65631103499999,38.550292969000054,0</coordinates>
</Point>
</Placemark>
<Placemark>
<name>193</name>
<styleUrl>#style_ff0000ff_9527121</styleUrl>
<description><![CDATA[<table border='1' cellpadding='4' cellspacing='0'><tr><td><b>OBJECTID</b></td><td>193</td></tr></table>]]></description>
<Point>
<coordinates>-118.17616972199994,38.50342778700008,0</coordinates>
</Point>
</Placemark>
<Placemark>
<name>197</name>
<styleUrl>#style_ff0000ff_9527121</styleUrl>
<description><![CDATA[<table border='1' cellpadding='4' cellspacing='0'><tr><td><b>OBJECTID</b></td><td>197</td></tr></table>]]></description>
<Point>
<coordinates>-119.04919433599997,39.02508544900007,0</coordinates>
</Point>
</Placemark>
<Placemark>
<name>199</name>
<styleUrl>#style_ff0000ff_9527121</styleUrl>
<description><![CDATA[<table border='1' cellpadding='4' cellspacing='0'><tr><td><b>OBJECTID</b></td><td>199</td></tr></table>]]></description>
<Point>
<coordinates>-118.01849365199996,39.29168701200007,0</coordinates>
</Point>
</Placemark>
<Placemark>
<name>202</name>
<styleUrl>#style_ff0000ff_9527121</styleUrl>
<description><![CDATA[<table border='1' cellpadding='4' cellspacing='0'><tr><td><b>OBJECTID</b></td><td>202</td></tr></table>]]></description>
<Point>
<coordinates>-118.81935127199995,39.48079506000005,0</coordinates>
</Point>
</Placemark>
<Placemark>
<name>205</name>
<styleUrl>#style_ff0000ff_9527121</styleUrl>
<description><![CDATA[<table border='1' cellpadding='4' cellspacing='0'><tr><td><b>OBJECTID</b></td><td>205</td></tr></table>]]></description>
<Point>
<coordinates>-118.80310058599997,38.91290283200004,0</coordinates>
</Point>
</Placemark>
<Placemark>
<name>207</name>
<styleUrl>#style_ff0000ff_9527121</styleUrl>
<description><![CDATA[<table border='1' cellpadding='4' cellspacing='0'><tr><td><b>OBJECTID</b></td><td>207</td></tr></table>]]></description>
<Point>
<coordinates>-118.52191162099996,40.12750244100005,0</coordinates>
</Point>
</Placemark>
<Placemark>
<name>210</name>
<styleUrl>#style_ff0000ff_9527121</styleUrl>
<description><![CDATA[<table border='1' cellpadding='4' cellspacing='0'><tr><td><b>OBJECTID</b></td><td>210</td></tr></table>]]></description>
<Point>
<coordinates>-118.51397705099998,40.13250732400007,0</coordinates>
</Point>
</Placemark>
<Placemark>
<name>211</name>
<styleUrl>#style_ff0000ff_9527121</styleUrl>
<description><![CDATA[<table border='1' cellpadding='4' cellspacing='0'><tr><td><b>OBJECTID</b></td><td>211</td></tr></table>]]></description>
<Point>
<coordinates>-119.79638671899994,39.53692627000004,0</coordinates>
</Point>
</Placemark>
<Placemark>
<name>219</name>
<styleUrl>#style_ff0000ff_9527121</styleUrl>
<description><![CDATA[<table border='1' cellpadding='4' cellspacing='0'><tr><td><b>OBJECTID</b></td><td>219</td></tr></table>]]></description>
<Point>
<coordinates>-119.83068847699997,39.593078613000046,0</coordinates>
</Point>
</Placemark>
<Placemark>
<name>220</name>
<styleUrl>#style_ff0000ff_9527121</styleUrl>
<description><![CDATA[<table border='1' cellpadding='4' cellspacing='0'><tr><td><b>OBJECTID</b></td><td>220</td></tr></table>]]></description>
<Point>
<coordinates>-118.75531005899995,38.64312744100005,0</coordinates>
</Point>
</Placemark>
<Placemark>
<name>222</name>
<styleUrl>#style_ff0000ff_9527121</styleUrl>
<description><![CDATA[<table border='1' cellpadding='4' cellspacing='0'><tr><td><b>OBJECTID</b></td><td>222</td></tr></table>]]></description>
<Point>
<coordinates>-119.86431884799998,39.615112305000025,0</coordinates>
</Point>
</Placemark>
<Placemark>
<name>229</name>
<styleUrl>#style_ff0000ff_9527121</styleUrl>
<description><![CDATA[<table border='1' cellpadding='4' cellspacing='0'><tr><td><b>OBJECTID</b></td><td>229</td></tr></table>]]></description>
<Point>
<coordinates>-119.78558349599996,39.53710937500006,0</coordinates>
</Point>
</Placemark>
<Placemark>
<name>235</name>
<styleUrl>#style_ff0000ff_9527121</styleUrl>
<description><![CDATA[<table border='1' cellpadding='4' cellspacing='0'><tr><td><b>OBJECTID</b></td><td>235</td></tr></table>]]></description>
<Point>
<coordinates>-119.69531249999994,39.19152832000003,0</coordinates>
</Point>
</Placemark>
<Placemark>
<name>238</name>
<styleUrl>#style_ff0000ff_9527121</styleUrl>
<description><![CDATA[<table border='1' cellpadding='4' cellspacing='0'><tr><td><b>OBJECTID</b></td><td>238</td></tr></table>]]></description>
<Point>
<coordinates>-119.20562744099999,39.423706055000025,0</coordinates>
</Point>
</Placemark>
<Placemark>
<name>244</name>
<styleUrl>#style_ff0000ff_9527121</styleUrl>
<description><![CDATA[<table border='1' cellpadding='4' cellspacing='0'><tr><td><b>OBJECTID</b></td><td>244</td></tr></table>]]></description>
<Point>
<coordinates>-119.28009033199999,39.61730957000003,0</coordinates>
</Point>
</Placemark>
<Placemark>
<name>249</name>
<styleUrl>#style_ff0000ff_9527121</styleUrl>
<description><![CDATA[<table border='1' cellpadding='4' cellspacing='0'><tr><td><b>OBJECTID</b></td><td>249</td></tr></table>]]></description>
<Point>
<coordinates>-118.90081787099996,39.49871826200007,0</coordinates>
</Point>
</Placemark>
<Placemark>
<name>250</name>
<styleUrl>#style_ff0000ff_9527121</styleUrl>
<description><![CDATA[<table border='1' cellpadding='4' cellspacing='0'><tr><td><b>OBJECTID</b></td><td>250</td></tr></table>]]></description>
<Point>
<coordinates>-118.51647949199997,40.13110351600005,0</coordinates>
</Point>
</Placemark>
<Placemark>
<name>254</name>
<styleUrl>#style_ff0000ff_9527121</styleUrl>
<description><![CDATA[<table border='1' cellpadding='4' cellspacing='0'><tr><td><b>OBJECTID</b></td><td>254</td></tr></table>]]></description>
<Point>
<coordinates>-119.75830078099995,39.42828369100005,0</coordinates>
</Point>
</Placemark>
<Placemark>
<name>255</name>
<styleUrl>#style_ff0000ff_9527121</styleUrl>
<description><![CDATA[<table border='1' cellpadding='4' cellspacing='0'><tr><td><b>OBJECTID</b></td><td>255</td></tr></table>]]></description>
<Point>
<coordinates>-119.829101563,39.529479980000076,0</coordinates>
</Point>
</Placemark>
<Placemark>
<name>256</name>
<styleUrl>#style_ff0000ff_9527121</styleUrl>
<description><![CDATA[<table border='1' cellpadding='4' cellspacing='0'><tr><td><b>OBJECTID</b></td><td>256</td></tr></table>]]></description>
<Point>
<coordinates>-118.80261230499997,38.91027832000003,0</coordinates>
</Point>
</Placemark>
<Placemark>
<name>257</name>
<styleUrl>#style_ff0000ff_9527121</styleUrl>
<description><![CDATA[<table border='1' cellpadding='4' cellspacing='0'><tr><td><b>OBJECTID</b></td><td>257</td></tr></table>]]></description>
<Point>
<coordinates>-119.73010253899997,39.529479980000076,0</coordinates>
</Point>
</Placemark>
<Placemark>
<name>267</name>
<styleUrl>#style_ff0000ff_9527121</styleUrl>
<description><![CDATA[<table border='1' cellpadding='4' cellspacing='0'><tr><td><b>OBJECTID</b></td><td>267</td></tr></table>]]></description>
<Point>
<coordinates>-119.24920654299996,39.61450195300006,0</coordinates>
</Point>
</Placemark>
<Placemark>
<name>268</name>
<styleUrl>#style_ff0000ff_9527121</styleUrl>
<description><![CDATA[<table border='1' cellpadding='4' cellspacing='0'><tr><td><b>OBJECTID</b></td><td>268</td></tr></table>]]></description>
<Point>
<coordinates>-119.78021240199996,39.45349121100003,0</coordinates>
</Point>
</Placemark>
<Placemark>
<name>273</name>
<styleUrl>#style_ff0000ff_9527121</styleUrl>
<description><![CDATA[<table border='1' cellpadding='4' cellspacing='0'><tr><td><b>OBJECTID</b></td><td>273</td></tr></table>]]></description>
<Point>
<coordinates>-119.23150634799998,39.60430908200004,0</coordinates>
</Point>
</Placemark>
<Placemark>
<name>277</name>
<styleUrl>#style_ff0000ff_9527121</styleUrl>
<description><![CDATA[<table border='1' cellpadding='4' cellspacing='0'><tr><td><b>OBJECTID</b></td><td>277</td></tr></table>]]></description>
<Point>
<coordinates>-118.627929688,38.534484863000046,0</coordinates>
</Point>
</Placemark>
<Placemark>
<name>281</name>
<styleUrl>#style_ff0000ff_9527121</styleUrl>
<description><![CDATA[<table border='1' cellpadding='4' cellspacing='0'><tr><td><b>OBJECTID</b></td><td>281</td></tr></table>]]></description>
<Point>
<coordinates>-118.93341064499998,39.51007080100004,0</coordinates>
</Point>
</Placemark>
<Placemark>
<name>282</name>
<styleUrl>#style_ff0000ff_9527121</styleUrl>
<description><![CDATA[<table border='1' cellpadding='4' cellspacing='0'><tr><td><b>OBJECTID</b></td><td>282</td></tr></table>]]></description>
<Point>
<coordinates>-119.219726563,39.60931396500007,0</coordinates>
</Point>
</Placemark>
<Placemark>
<name>284</name>
<styleUrl>#style_ff0000ff_9527121</styleUrl>
<description><![CDATA[<table border='1' cellpadding='4' cellspacing='0'><tr><td><b>OBJECTID</b></td><td>284</td></tr></table>]]></description>
<Point>
<coordinates>-118.32659912099996,40.324096680000025,0</coordinates>
</Point>
</Placemark>
<Placemark>
<name>285</name>
<styleUrl>#style_ff0000ff_9527121</styleUrl>
<description><![CDATA[<table border='1' cellpadding='4' cellspacing='0'><tr><td><b>OBJECTID</b></td><td>285</td></tr></table>]]></description>
<Point>
<coordinates>-119.87469482399996,39.51770019500003,0</coordinates>
</Point>
</Placemark>
<Placemark>
<name>286</name>
<styleUrl>#style_ff0000ff_9527121</styleUrl>
<description><![CDATA[<table border='1' cellpadding='4' cellspacing='0'><tr><td><b>OBJECTID</b></td><td>286</td></tr></table>]]></description>
<Point>
<coordinates>-118.83801269499997,39.48571777300003,0</coordinates>
</Point>
</Placemark>
<Placemark>
<name>290</name>
<styleUrl>#style_ff0000ff_9527121</styleUrl>
<description><![CDATA[<table border='1' cellpadding='4' cellspacing='0'><tr><td><b>OBJECTID</b></td><td>290</td></tr></table>]]></description>
<Point>
<coordinates>-119.58967605199996,39.23533963300008,0</coordinates>
</Point>
</Placemark>
<Placemark>
<name>293</name>
<styleUrl>#style_ff0000ff_9527121</styleUrl>
<description><![CDATA[<table border='1' cellpadding='4' cellspacing='0'><tr><td><b>OBJECTID</b></td><td>293</td></tr></table>]]></description>
<Point>
<coordinates>-119.78601074199997,39.53491210900006,0</coordinates>
</Point>
</Placemark>
<Placemark>
<name>297</name>
<styleUrl>#style_ff0000ff_9527121</styleUrl>
<description><![CDATA[<table border='1' cellpadding='4' cellspacing='0'><tr><td><b>OBJECTID</b></td><td>297</td></tr></table>]]></description>
<Point>
<coordinates>-119.82568359399994,39.588073730000076,0</coordinates>
</Point>
</Placemark>
<Placemark>
<name>304</name>
<styleUrl>#style_ff0000ff_9527121</styleUrl>
<description><![CDATA[<table border='1' cellpadding='4' cellspacing='0'><tr><td><b>OBJECTID</b></td><td>304</td></tr></table>]]></description>
<Point>
<coordinates>-119.79010009799998,39.53552246100003,0</coordinates>
</Point>
</Placemark>
<Placemark>
<name>305</name>
<styleUrl>#style_ff0000ff_9527121</styleUrl>
<description><![CDATA[<table border='1' cellpadding='4' cellspacing='0'><tr><td><b>OBJECTID</b></td><td>305</td></tr></table>]]></description>
<Point>
<coordinates>-119.18957519499997,39.59790039100005,0</coordinates>
</Point>
</Placemark>
<Placemark>
<name>306</name>
<styleUrl>#style_ff0000ff_9527121</styleUrl>
<description><![CDATA[<table border='1' cellpadding='4' cellspacing='0'><tr><td><b>OBJECTID</b></td><td>306</td></tr></table>]]></description>
<Point>
<coordinates>-119.77459716799996,39.44769287100007,0</coordinates>
</Point>
</Placemark>
<Placemark>
<name>307</name>
<styleUrl>#style_ff0000ff_9527121</styleUrl>
<description><![CDATA[<table border='1' cellpadding='4' cellspacing='0'><tr><td><b>OBJECTID</b></td><td>307</td></tr></table>]]></description>
<Point>
<coordinates>-119.23089599599996,39.61492919900007,0</coordinates>
</Point>
</Placemark>
<Placemark>
<name>308</name>
<styleUrl>#style_ff0000ff_9527121</styleUrl>
<description><![CDATA[<table border='1' cellpadding='4' cellspacing='0'><tr><td><b>OBJECTID</b></td><td>308</td></tr></table>]]></description>
<Point>
<coordinates>-119.74591064499998,39.17309570300006,0</coordinates>
</Point>
</Placemark>
<Placemark>
<name>309</name>
<styleUrl>#style_ff0000ff_9527121</styleUrl>
<description><![CDATA[<table border='1' cellpadding='4' cellspacing='0'><tr><td><b>OBJECTID</b></td><td>309</td></tr></table>]]></description>
<Point>
<coordinates>-119.78588867199994,39.47070312500006,0</coordinates>
</Point>
</Placemark>
<Placemark>
<name>313</name>
<styleUrl>#style_ff0000ff_9527121</styleUrl>
<description><![CDATA[<table border='1' cellpadding='4' cellspacing='0'><tr><td><b>OBJECTID</b></td><td>313</td></tr></table>]]></description>
<Point>
<coordinates>-119.78619384799998,39.48608398400006,0</coordinates>
</Point>
</Placemark>
<Placemark>
<name>314</name>
<styleUrl>#style_ff0000ff_9527121</styleUrl>
<description><![CDATA[<table border='1' cellpadding='4' cellspacing='0'><tr><td><b>OBJECTID</b></td><td>314</td></tr></table>]]></description>
<Point>
<coordinates>-119.69778102199996,38.89021023400005,0</coordinates>
</Point>
</Placemark>
<Placemark>
<name>319</name>
<styleUrl>#style_ff0000ff_9527121</styleUrl>
<description><![CDATA[<table border='1' cellpadding='4' cellspacing='0'><tr><td><b>OBJECTID</b></td><td>319</td></tr></table>]]></description>
<Point>
<coordinates>-118.51348876999998,40.135681152000075,0</coordinates>
</Point>
</Placemark>
<Placemark>
<name>321</name>
<styleUrl>#style_ff0000ff_9527121</styleUrl>
<description><![CDATA[<table border='1' cellpadding='4' cellspacing='0'><tr><td><b>OBJECTID</b></td><td>321</td></tr></table>]]></description>
<Point>
<coordinates>-118.81640624999994,39.48010253900003,0</coordinates>
</Point>
</Placemark>
<Placemark>
<name>324</name>
<styleUrl>#style_ff0000ff_9527121</styleUrl>
<description><![CDATA[<table border='1' cellpadding='4' cellspacing='0'><tr><td><b>OBJECTID</b></td><td>324</td></tr></table>]]></description>
<Point>
<coordinates>-119.76629638699995,39.53167724600007,0</coordinates>
</Point>
</Placemark>
<Placemark>
<name>328</name>
<styleUrl>#style_ff0000ff_9527121</styleUrl>
<description><![CDATA[<table border='1' cellpadding='4' cellspacing='0'><tr><td><b>OBJECTID</b></td><td>328</td></tr></table>]]></description>
<Point>
<coordinates>-119.79608154299996,39.536071777000075,0</coordinates>
</Point>
</Placemark>
<Placemark>
<name>336</name>
<styleUrl>#style_ff0000ff_9527121</styleUrl>
<description><![CDATA[<table border='1' cellpadding='4' cellspacing='0'><tr><td><b>OBJECTID</b></td><td>336</td></tr></table>]]></description>
<Point>
<coordinates>-118.43860166499996,40.19555598200003,0</coordinates>
</Point>
</Placemark>
<Placemark>
<name>338</name>
<styleUrl>#style_ff0000ff_9527121</styleUrl>
<description><![CDATA[<table border='1' cellpadding='4' cellspacing='0'><tr><td><b>OBJECTID</b></td><td>338</td></tr></table>]]></description>
<Point>
<coordinates>-119.08622274199996,39.56753600400003,0</coordinates>
</Point>
</Placemark>
<Placemark>
<name>345</name>
<styleUrl>#style_ff0000ff_9527121</styleUrl>
<description><![CDATA[<table border='1' cellpadding='4' cellspacing='0'><tr><td><b>OBJECTID</b></td><td>345</td></tr></table>]]></description>
<Point>
<coordinates>-119.82610051099999,39.525109590000056,0</coordinates>
</Point>
</Placemark>
<Placemark>
<name>349</name>
<styleUrl>#style_ff0000ff_9527121</styleUrl>
<description><![CDATA[<table border='1' cellpadding='4' cellspacing='0'><tr><td><b>OBJECTID</b></td><td>349</td></tr></table>]]></description>
<Point>
<coordinates>-119.80317288299995,39.52715055200008,0</coordinates>
</Point>
</Placemark>
<Placemark>
<name>350</name>
<styleUrl>#style_ff0000ff_9527121</styleUrl>
<description><![CDATA[<table border='1' cellpadding='4' cellspacing='0'><tr><td><b>OBJECTID</b></td><td>350</td></tr></table>]]></description>
<Point>
<coordinates>-119.80253871999997,39.52748696500004,0</coordinates>
</Point>
</Placemark>
<Placemark>
<name>351</name>
<styleUrl>#style_ff0000ff_9527121</styleUrl>
<description><![CDATA[<table border='1' cellpadding='4' cellspacing='0'><tr><td><b>OBJECTID</b></td><td>351</td></tr></table>]]></description>
<Point>
<coordinates>-119.79974153599994,39.52728978400006,0</coordinates>
</Point>
</Placemark>
<Placemark>
<name>353</name>
<styleUrl>#style_ff0000ff_9527121</styleUrl>
<description><![CDATA[<table border='1' cellpadding='4' cellspacing='0'><tr><td><b>OBJECTID</b></td><td>353</td></tr></table>]]></description>
<Point>
<coordinates>-119.79691649799997,39.49131591500003,0</coordinates>
</Point>
</Placemark>
<Placemark>
<name>355</name>
<styleUrl>#style_ff0000ff_9527121</styleUrl>
<description><![CDATA[<table border='1' cellpadding='4' cellspacing='0'><tr><td><b>OBJECTID</b></td><td>355</td></tr></table>]]></description>
<Point>
<coordinates>-119.792566309,39.48364551700007,0</coordinates>
</Point>
</Placemark>
<Placemark>
<name>359</name>
<styleUrl>#style_ff0000ff_9527121</styleUrl>
<description><![CDATA[<table border='1' cellpadding='4' cellspacing='0'><tr><td><b>OBJECTID</b></td><td>359</td></tr></table>]]></description>
<Point>
<coordinates>-119.74504310499998,39.40181295800005,0</coordinates>
</Point>
</Placemark>
<Placemark>
<name>362</name>
<styleUrl>#style_ff0000ff_9527121</styleUrl>
<description><![CDATA[<table border='1' cellpadding='4' cellspacing='0'><tr><td><b>OBJECTID</b></td><td>362</td></tr></table>]]></description>
<Point>
<coordinates>-119.74177391099994,39.39263837000004,0</coordinates>
</Point>
</Placemark>
<Placemark>
<name>366</name>
<styleUrl>#style_ff0000ff_9527121</styleUrl>
<description><![CDATA[<table border='1' cellpadding='4' cellspacing='0'><tr><td><b>OBJECTID</b></td><td>366</td></tr></table>]]></description>
<Point>
<coordinates>-119.74120352699998,39.38759044400007,0</coordinates>
</Point>
</Placemark>
<Placemark>
<name>367</name>
<styleUrl>#style_ff0000ff_9527121</styleUrl>
<description><![CDATA[<table border='1' cellpadding='4' cellspacing='0'><tr><td><b>OBJECTID</b></td><td>367</td></tr></table>]]></description>
<Point>
<coordinates>-119.74034164299997,39.386946730000034,0</coordinates>
</Point>
</Placemark>
<Placemark>
<name>369</name>
<styleUrl>#style_ff0000ff_9527121</styleUrl>
<description><![CDATA[<table border='1' cellpadding='4' cellspacing='0'><tr><td><b>OBJECTID</b></td><td>369</td></tr></table>]]></description>
<Point>
<coordinates>-119.74086027799996,39.383572435000076,0</coordinates>
</Point>
</Placemark>
<Placemark>
<name>370</name>
<styleUrl>#style_ff0000ff_9527121</styleUrl>
<description><![CDATA[<table border='1' cellpadding='4' cellspacing='0'><tr><td><b>OBJECTID</b></td><td>370</td></tr></table>]]></description>
<Point>
<coordinates>-119.74143683199998,39.38197833800007,0</coordinates>
</Point>
</Placemark>
<Placemark>
<name>375</name>
<styleUrl>#style_ff0000ff_9527121</styleUrl>
<description><![CDATA[<table border='1' cellpadding='4' cellspacing='0'><tr><td><b>OBJECTID</b></td><td>375</td></tr></table>]]></description>
<Point>
<coordinates>-119.80792393099995,39.326934649000066,0</coordinates>
</Point>
</Placemark>
<Placemark>
<name>376</name>
<styleUrl>#style_ff0000ff_9527121</styleUrl>
<description><![CDATA[<table border='1' cellpadding='4' cellspacing='0'><tr><td><b>OBJECTID</b></td><td>376</td></tr></table>]]></description>
<Point>
<coordinates>-119.81090798699995,39.32542564000005,0</coordinates>
</Point>
</Placemark>
<Placemark>
<name>377</name>
<styleUrl>#style_ff0000ff_9527121</styleUrl>
<description><![CDATA[<table border='1' cellpadding='4' cellspacing='0'><tr><td><b>OBJECTID</b></td><td>377</td></tr></table>]]></description>
<Point>
<coordinates>-119.81263943699997,39.32442389700003,0</coordinates>
</Point>
</Placemark>
<Placemark>
<name>378</name>
<styleUrl>#style_ff0000ff_9527121</styleUrl>
<description><![CDATA[<table border='1' cellpadding='4' cellspacing='0'><tr><td><b>OBJECTID</b></td><td>378</td></tr></table>]]></description>
<Point>
<coordinates>-119.81854216699998,39.319149123000045,0</coordinates>
</Point>
</Placemark>
<Placemark>
<name>379</name>
<styleUrl>#style_ff0000ff_9527121</styleUrl>
<description><![CDATA[<table border='1' cellpadding='4' cellspacing='0'><tr><td><b>OBJECTID</b></td><td>379</td></tr></table>]]></description>
<Point>
<coordinates>-119.75184412899995,39.411062653000045,0</coordinates>
</Point>
</Placemark>
<Placemark>
<name>386</name>
<styleUrl>#style_ff0000ff_9527121</styleUrl>
<description><![CDATA[<table border='1' cellpadding='4' cellspacing='0'><tr><td><b>OBJECTID</b></td><td>386</td></tr></table>]]></description>
<Point>
<coordinates>-119.76441673399995,39.43158176700007,0</coordinates>
</Point>
</Placemark>
<Placemark>
<name>387</name>
<styleUrl>#style_ff0000ff_9527121</styleUrl>
<description><![CDATA[<table border='1' cellpadding='4' cellspacing='0'><tr><td><b>OBJECTID</b></td><td>387</td></tr></table>]]></description>
<Point>
<coordinates>-119.76518605099994,39.43167064100004,0</coordinates>
</Point>
</Placemark>
<Placemark>
<name>388</name>
<styleUrl>#style_ff0000ff_9527121</styleUrl>
<description><![CDATA[<table border='1' cellpadding='4' cellspacing='0'><tr><td><b>OBJECTID</b></td><td>388</td></tr></table>]]></description>
<Point>
<coordinates>-119.76523403799996,39.43281004100004,0</coordinates>
</Point>
</Placemark>
<Placemark>
<name>401</name>
<styleUrl>#style_ff0000ff_9527121</styleUrl>
<description><![CDATA[<table border='1' cellpadding='4' cellspacing='0'><tr><td><b>OBJECTID</b></td><td>401</td></tr></table>]]></description>
<Point>
<coordinates>-118.81037632599998,38.950905404000025,0</coordinates>
</Point>
</Placemark>
<Placemark>
<name>402</name>
<styleUrl>#style_ff0000ff_9527121</styleUrl>
<description><![CDATA[<table border='1' cellpadding='4' cellspacing='0'><tr><td><b>OBJECTID</b></td><td>402</td></tr></table>]]></description>
<Point>
<coordinates>-118.81062426999995,38.95022322600005,0</coordinates>
</Point>
</Placemark>
<Placemark>
<name>408</name>
<styleUrl>#style_ff0000ff_9527121</styleUrl>
<description><![CDATA[<table border='1' cellpadding='4' cellspacing='0'><tr><td><b>OBJECTID</b></td><td>408</td></tr></table>]]></description>
<Point>
<coordinates>-119.80320958599998,39.567735990000074,0</coordinates>
</Point>
</Placemark>
<Placemark>
<name>413</name>
<styleUrl>#style_ff0000ff_9527121</styleUrl>
<description><![CDATA[<table border='1' cellpadding='4' cellspacing='0'><tr><td><b>OBJECTID</b></td><td>413</td></tr></table>]]></description>
<Point>
<coordinates>-119.84486879199994,39.60620107400007,0</coordinates>
</Point>
</Placemark>
<Placemark>
<name>416</name>
<styleUrl>#style_ff0000ff_9527121</styleUrl>
<description><![CDATA[<table border='1' cellpadding='4' cellspacing='0'><tr><td><b>OBJECTID</b></td><td>416</td></tr></table>]]></description>
<Point>
<coordinates>-119.79176241699997,39.55856187200004,0</coordinates>
</Point>
</Placemark>
<Placemark>
<name>417</name>
<styleUrl>#style_ff0000ff_9527121</styleUrl>
<description><![CDATA[<table border='1' cellpadding='4' cellspacing='0'><tr><td><b>OBJECTID</b></td><td>417</td></tr></table>]]></description>
<Point>
<coordinates>-119.75558069299996,39.40246082600004,0</coordinates>
</Point>
</Placemark>
<Placemark>
<name>418</name>
<styleUrl>#style_ff0000ff_9527121</styleUrl>
<description><![CDATA[<table border='1' cellpadding='4' cellspacing='0'><tr><td><b>OBJECTID</b></td><td>418</td></tr></table>]]></description>
<Point>
<coordinates>-119.78241382599998,39.519599312000025,0</coordinates>
</Point>
</Placemark>
<Placemark>
<name>419</name>
<styleUrl>#style_ff0000ff_9527121</styleUrl>
<description><![CDATA[<table border='1' cellpadding='4' cellspacing='0'><tr><td><b>OBJECTID</b></td><td>419</td></tr></table>]]></description>
<Point>
<coordinates>-119.78295622599995,39.52276907600003,0</coordinates>
</Point>
</Placemark>
<Placemark>
<name>421</name>
<styleUrl>#style_ff0000ff_9527121</styleUrl>
<description><![CDATA[<table border='1' cellpadding='4' cellspacing='0'><tr><td><b>OBJECTID</b></td><td>421</td></tr></table>]]></description>
<Point>
<coordinates>-119.78189771899997,39.527165299000046,0</coordinates>
</Point>
</Placemark>
<Placemark>
<name>422</name>
<styleUrl>#style_ff0000ff_9527121</styleUrl>
<description><![CDATA[<table border='1' cellpadding='4' cellspacing='0'><tr><td><b>OBJECTID</b></td><td>422</td></tr></table>]]></description>
<Point>
<coordinates>-119.78543205799997,39.534394183000074,0</coordinates>
</Point>
</Placemark>
<Placemark>
<name>430</name>
<styleUrl>#style_ff0000ff_9527121</styleUrl>
<description><![CDATA[<table border='1' cellpadding='4' cellspacing='0'><tr><td><b>OBJECTID</b></td><td>430</td></tr></table>]]></description>
<Point>
<coordinates>-118.77243579199995,39.475012063000065,0</coordinates>
</Point>
</Placemark>
<Placemark>
<name>433</name>
<styleUrl>#style_ff0000ff_9527121</styleUrl>
<description><![CDATA[<table border='1' cellpadding='4' cellspacing='0'><tr><td><b>OBJECTID</b></td><td>433</td></tr></table>]]></description>
<Point>
<coordinates>-118.61146962999999,38.524726385000065,0</coordinates>
</Point>
</Placemark>
<Placemark>
<name>435</name>
<styleUrl>#style_ff0000ff_9527121</styleUrl>
<description><![CDATA[<table border='1' cellpadding='4' cellspacing='0'><tr><td><b>OBJECTID</b></td><td>435</td></tr></table>]]></description>
<Point>
<coordinates>-118.62754361199995,38.534336934000066,0</coordinates>
</Point>
</Placemark>
<Placemark>
<name>438</name>
<styleUrl>#style_ff0000ff_9527121</styleUrl>
<description><![CDATA[<table border='1' cellpadding='4' cellspacing='0'><tr><td><b>OBJECTID</b></td><td>438</td></tr></table>]]></description>
<Point>
<coordinates>-118.53036484799998,40.12280133500008,0</coordinates>
</Point>
</Placemark>
<Placemark>
<name>443</name>
<styleUrl>#style_ff0000ff_9527121</styleUrl>
<description><![CDATA[<table border='1' cellpadding='4' cellspacing='0'><tr><td><b>OBJECTID</b></td><td>443</td></tr></table>]]></description>
<Point>
<coordinates>-118.50410780099998,40.14156215700007,0</coordinates>
</Point>
</Placemark>
<Placemark>
<name>448</name>
<styleUrl>#style_ff0000ff_9527121</styleUrl>
<description><![CDATA[<table border='1' cellpadding='4' cellspacing='0'><tr><td><b>OBJECTID</b></td><td>448</td></tr></table>]]></description>
<Point>
<coordinates>-118.55186171999998,40.11206012900004,0</coordinates>
</Point>
</Placemark>
<Placemark>
<name>451</name>
<styleUrl>#style_ff0000ff_9527121</styleUrl>
<description><![CDATA[<table border='1' cellpadding='4' cellspacing='0'><tr><td><b>OBJECTID</b></td><td>451</td></tr></table>]]></description>
<Point>
<coordinates>-118.47823818599994,40.17135031300006,0</coordinates>
</Point>
</Placemark>
<Placemark>
<name>454</name>
<styleUrl>#style_ff0000ff_9527121</styleUrl>
<description><![CDATA[<table border='1' cellpadding='4' cellspacing='0'><tr><td><b>OBJECTID</b></td><td>454</td></tr></table>]]></description>
<Point>
<coordinates>-119.73932586799998,39.52985831600006,0</coordinates>
</Point>
</Placemark>
<Placemark>
<name>459</name>
<styleUrl>#style_ff0000ff_9527121</styleUrl>
<description><![CDATA[<table border='1' cellpadding='4' cellspacing='0'><tr><td><b>OBJECTID</b></td><td>459</td></tr></table>]]></description>
<Point>
<coordinates>-119.73995617199995,39.51976921500005,0</coordinates>
</Point>
</Placemark>
<Placemark>
<name>460</name>
<styleUrl>#style_ff0000ff_9527121</styleUrl>
<description><![CDATA[<table border='1' cellpadding='4' cellspacing='0'><tr><td><b>OBJECTID</b></td><td>460</td></tr></table>]]></description>
<Point>
<coordinates>-119.74077269199995,39.519037782000055,0</coordinates>
</Point>
</Placemark>
<Placemark>
<name>461</name>
<styleUrl>#style_ff0000ff_9527121</styleUrl>
<description><![CDATA[<table border='1' cellpadding='4' cellspacing='0'><tr><td><b>OBJECTID</b></td><td>461</td></tr></table>]]></description>
<Point>
<coordinates>-119.61256845399998,38.81299503500003,0</coordinates>
</Point>
</Placemark>
<Placemark>
<name>462</name>
<styleUrl>#style_ff0000ff_9527121</styleUrl>
<description><![CDATA[<table border='1' cellpadding='4' cellspacing='0'><tr><td><b>OBJECTID</b></td><td>462</td></tr></table>]]></description>
<Point>
<coordinates>-119.61354125599996,38.814340937000054,0</coordinates>
</Point>
</Placemark>
<Placemark>
<name>473</name>
<styleUrl>#style_ff0000ff_9527121</styleUrl>
<description><![CDATA[<table border='1' cellpadding='4' cellspacing='0'><tr><td><b>OBJECTID</b></td><td>473</td></tr></table>]]></description>
<Point>
<coordinates>-119.70755721599994,38.907663085000024,0</coordinates>
</Point>
</Placemark>
<Placemark>
<name>477</name>
<styleUrl>#style_ff0000ff_9527121</styleUrl>
<description><![CDATA[<table border='1' cellpadding='4' cellspacing='0'><tr><td><b>OBJECTID</b></td><td>477</td></tr></table>]]></description>
<Point>
<coordinates>-119.77888960299998,38.864746111000045,0</coordinates>
</Point>
</Placemark>
<Placemark>
<name>481</name>
<styleUrl>#style_ff0000ff_9527121</styleUrl>
<description><![CDATA[<table border='1' cellpadding='4' cellspacing='0'><tr><td><b>OBJECTID</b></td><td>481</td></tr></table>]]></description>
<Point>
<coordinates>-119.70190382999999,39.52903108300006,0</coordinates>
</Point>
</Placemark>
<Placemark>
<name>489</name>
<styleUrl>#style_ff0000ff_9527121</styleUrl>
<description><![CDATA[<table border='1' cellpadding='4' cellspacing='0'><tr><td><b>OBJECTID</b></td><td>489</td></tr></table>]]></description>
<Point>
<coordinates>-119.73184621399997,39.60805547100006,0</coordinates>
</Point>
</Placemark>
<Placemark>
<name>491</name>
<styleUrl>#style_ff0000ff_9527121</styleUrl>
<description><![CDATA[<table border='1' cellpadding='4' cellspacing='0'><tr><td><b>OBJECTID</b></td><td>491</td></tr></table>]]></description>
<Point>
<coordinates>-119.73162102099997,39.608553175000054,0</coordinates>
</Point>
</Placemark>
<Placemark>
<name>492</name>
<styleUrl>#style_ff0000ff_9527121</styleUrl>
<description><![CDATA[<table border='1' cellpadding='4' cellspacing='0'><tr><td><b>OBJECTID</b></td><td>492</td></tr></table>]]></description>
<Point>
<coordinates>-119.73249935999996,39.608754959000066,0</coordinates>
</Point>
</Placemark>
<Placemark>
<name>493</name>
<styleUrl>#style_ff0000ff_9527121</styleUrl>
<description><![CDATA[<table border='1' cellpadding='4' cellspacing='0'><tr><td><b>OBJECTID</b></td><td>493</td></tr></table>]]></description>
<Point>
<coordinates>-119.72823225199994,39.61570511000008,0</coordinates>
</Point>
</Placemark>
<Placemark>
<name>494</name>
<styleUrl>#style_ff0000ff_9527121</styleUrl>
<description><![CDATA[<table border='1' cellpadding='4' cellspacing='0'><tr><td><b>OBJECTID</b></td><td>494</td></tr></table>]]></description>
<Point>
<coordinates>-119.72261873999997,39.62447899800003,0</coordinates>
</Point>
</Placemark>
<Placemark>
<name>497</name>
<styleUrl>#style_ff0000ff_9527121</styleUrl>
<description><![CDATA[<table border='1' cellpadding='4' cellspacing='0'><tr><td><b>OBJECTID</b></td><td>497</td></tr></table>]]></description>
<Point>
<coordinates>-119.71772026699995,39.63059297900003,0</coordinates>
</Point>
</Placemark>
<Placemark>
<name>503</name>
<styleUrl>#style_ff0000ff_9527121</styleUrl>
<description><![CDATA[<table border='1' cellpadding='4' cellspacing='0'><tr><td><b>OBJECTID</b></td><td>503</td></tr></table>]]></description>
<Point>
<coordinates>-119.71358414699995,39.63561955900008,0</coordinates>
</Point>
</Placemark>
<Placemark>
<name>504</name>
<styleUrl>#style_ff0000ff_9527121</styleUrl>
<description><![CDATA[<table border='1' cellpadding='4' cellspacing='0'><tr><td><b>OBJECTID</b></td><td>504</td></tr></table>]]></description>
<Point>
<coordinates>-119.71357555199995,39.635657354000045,0</coordinates>
</Point>
</Placemark>
<Placemark>
<name>507</name>
<styleUrl>#style_ff0000ff_9527121</styleUrl>
<description><![CDATA[<table border='1' cellpadding='4' cellspacing='0'><tr><td><b>OBJECTID</b></td><td>507</td></tr></table>]]></description>
<Point>
<coordinates>-119.71358321599996,39.63575583900007,0</coordinates>
</Point>
</Placemark>
<Placemark>
<name>513</name>
<styleUrl>#style_ff0000ff_9527121</styleUrl>
<description><![CDATA[<table border='1' cellpadding='4' cellspacing='0'><tr><td><b>OBJECTID</b></td><td>513</td></tr></table>]]></description>
<Point>
<coordinates>-119.70102101499998,39.67549031400006,0</coordinates>
</Point>
</Placemark>
<Placemark>
<name>522</name>
<styleUrl>#style_ff0000ff_9527121</styleUrl>
<description><![CDATA[<table border='1' cellpadding='4' cellspacing='0'><tr><td><b>OBJECTID</b></td><td>522</td></tr></table>]]></description>
<Point>
<coordinates>-119.80547413199997,39.50989403800003,0</coordinates>
</Point>
</Placemark>
<Placemark>
<name>523</name>
<styleUrl>#style_ff0000ff_9527121</styleUrl>
<description><![CDATA[<table border='1' cellpadding='4' cellspacing='0'><tr><td><b>OBJECTID</b></td><td>523</td></tr></table>]]></description>
<Point>
<coordinates>-119.80573440499995,39.511409782000044,0</coordinates>
</Point>
</Placemark>
<Placemark>
<name>530</name>
<styleUrl>#style_ff0000ff_9527121</styleUrl>
<description><![CDATA[<table border='1' cellpadding='4' cellspacing='0'><tr><td><b>OBJECTID</b></td><td>530</td></tr></table>]]></description>
<Point>
<coordinates>-119.81420314899998,39.53030626200007,0</coordinates>
</Point>
</Placemark>
<Placemark>
<name>533</name>
<styleUrl>#style_ff0000ff_9527121</styleUrl>
<description><![CDATA[<table border='1' cellpadding='4' cellspacing='0'><tr><td><b>OBJECTID</b></td><td>533</td></tr></table>]]></description>
<Point>
<coordinates>-119.824033268,39.56644222500006,0</coordinates>
</Point>
</Placemark>
<Placemark>
<name>536</name>
<styleUrl>#style_ff0000ff_9527121</styleUrl>
<description><![CDATA[<table border='1' cellpadding='4' cellspacing='0'><tr><td><b>OBJECTID</b></td><td>536</td></tr></table>]]></description>
<Point>
<coordinates>-119.82402545999997,39.566879922000055,0</coordinates>
</Point>
</Placemark>
<Placemark>
<name>540</name>
<styleUrl>#style_ff0000ff_9527121</styleUrl>
<description><![CDATA[<table border='1' cellpadding='4' cellspacing='0'><tr><td><b>OBJECTID</b></td><td>540</td></tr></table>]]></description>
<Point>
<coordinates>-119.83035947099995,39.58244739300005,0</coordinates>
</Point>
</Placemark>
<Placemark>
<name>541</name>
<styleUrl>#style_ff0000ff_9527121</styleUrl>
<description><![CDATA[<table border='1' cellpadding='4' cellspacing='0'><tr><td><b>OBJECTID</b></td><td>541</td></tr></table>]]></description>
<Point>
<coordinates>-119.82981007299998,39.583082217000026,0</coordinates>
</Point>
</Placemark>
<Placemark>
<name>544</name>
<styleUrl>#style_ff0000ff_9527121</styleUrl>
<description><![CDATA[<table border='1' cellpadding='4' cellspacing='0'><tr><td><b>OBJECTID</b></td><td>544</td></tr></table>]]></description>
<Point>
<coordinates>-119.78156475099996,39.46192032300007,0</coordinates>
</Point>
</Placemark>
<Placemark>
<name>550</name>
<styleUrl>#style_ff0000ff_9527121</styleUrl>
<description><![CDATA[<table border='1' cellpadding='4' cellspacing='0'><tr><td><b>OBJECTID</b></td><td>550</td></tr></table>]]></description>
<Point>
<coordinates>-119.78946213599994,39.52225495400006,0</coordinates>
</Point>
</Placemark>
<Placemark>
<name>558</name>
<styleUrl>#style_ff0000ff_9527121</styleUrl>
<description><![CDATA[<table border='1' cellpadding='4' cellspacing='0'><tr><td><b>OBJECTID</b></td><td>558</td></tr></table>]]></description>
<Point>
<coordinates>-119.78931319299994,39.49441831400003,0</coordinates>
</Point>
</Placemark>
<Placemark>
<name>559</name>
<styleUrl>#style_ff0000ff_9527121</styleUrl>
<description><![CDATA[<table border='1' cellpadding='4' cellspacing='0'><tr><td><b>OBJECTID</b></td><td>559</td></tr></table>]]></description>
<Point>
<coordinates>-119.78871689999994,39.494010815000024,0</coordinates>
</Point>
</Placemark>
<Placemark>
<name>567</name>
<styleUrl>#style_ff0000ff_9527121</styleUrl>
<description><![CDATA[<table border='1' cellpadding='4' cellspacing='0'><tr><td><b>OBJECTID</b></td><td>567</td></tr></table>]]></description>
<Point>
<coordinates>-119.79435621899995,39.53392775300006,0</coordinates>
</Point>
</Placemark>
<Placemark>
<name>568</name>
<styleUrl>#style_ff0000ff_9527121</styleUrl>
<description><![CDATA[<table border='1' cellpadding='4' cellspacing='0'><tr><td><b>OBJECTID</b></td><td>568</td></tr></table>]]></description>
<Point>
<coordinates>-119.79477334399996,39.53342114700007,0</coordinates>
</Point>
</Placemark>
<Placemark>
<name>569</name>
<styleUrl>#style_ff0000ff_9527121</styleUrl>
<description><![CDATA[<table border='1' cellpadding='4' cellspacing='0'><tr><td><b>OBJECTID</b></td><td>569</td></tr></table>]]></description>
<Point>
<coordinates>-119.800803197,39.532346475000054,0</coordinates>
</Point>
</Placemark>
<Placemark>
<name>572</name>
<styleUrl>#style_ff0000ff_9527121</styleUrl>
<description><![CDATA[<table border='1' cellpadding='4' cellspacing='0'><tr><td><b>OBJECTID</b></td><td>572</td></tr></table>]]></description>
<Point>
<coordinates>-119.808188815,39.53120635500005,0</coordinates>
</Point>
</Placemark>
<Placemark>
<name>573</name>
<styleUrl>#style_ff0000ff_9527121</styleUrl>
<description><![CDATA[<table border='1' cellpadding='4' cellspacing='0'><tr><td><b>OBJECTID</b></td><td>573</td></tr></table>]]></description>
<Point>
<coordinates>-118.36969199999999,40.26729900000004,0</coordinates>
</Point>
</Placemark>
<Placemark>
<name>574</name>
<styleUrl>#style_ff0000ff_9527121</styleUrl>
<description><![CDATA[<table border='1' cellpadding='4' cellspacing='0'><tr><td><b>OBJECTID</b></td><td>574</td></tr></table>]]></description>
<Point>
<coordinates>-118.37105499999996,40.26513500000004,0</coordinates>
</Point>
</Placemark>
<Placemark>
<name>575</name>
<styleUrl>#style_ff0000ff_9527121</styleUrl>
<description><![CDATA[<table border='1' cellpadding='4' cellspacing='0'><tr><td><b>OBJECTID</b></td><td>575</td></tr></table>]]></description>
<Point>
<coordinates>-118.37221799999998,40.263239000000056,0</coordinates>
</Point>
</Placemark>
<Placemark>
<name>576</name>
<styleUrl>#style_ff0000ff_9527121</styleUrl>
<description><![CDATA[<table border='1' cellpadding='4' cellspacing='0'><tr><td><b>OBJECTID</b></td><td>576</td></tr></table>]]></description>
<Point>
<coordinates>-118.373584,40.26106200000004,0</coordinates>
</Point>
</Placemark>
<Placemark>
<name>579</name>
<styleUrl>#style_ff0000ff_9527121</styleUrl>
<description><![CDATA[<table border='1' cellpadding='4' cellspacing='0'><tr><td><b>OBJECTID</b></td><td>579</td></tr></table>]]></description>
<Point>
<coordinates>-118.37829199999999,40.25506800000005,0</coordinates>
</Point>
</Placemark>
<Placemark>
<name>585</name>
<styleUrl>#style_ff0000ff_9527121</styleUrl>
<description><![CDATA[<table border='1' cellpadding='4' cellspacing='0'><tr><td><b>OBJECTID</b></td><td>585</td></tr></table>]]></description>
<Point>
<coordinates>-119.83472364399995,39.52411477600003,0</coordinates>
</Point>
</Placemark>
<Placemark>
<name>587</name>
<styleUrl>#style_ff0000ff_9527121</styleUrl>
<description><![CDATA[<table border='1' cellpadding='4' cellspacing='0'><tr><td><b>OBJECTID</b></td><td>587</td></tr></table>]]></description>
<Point>
<coordinates>-119.89460713999995,39.50888086700007,0</coordinates>
</Point>
</Placemark>
<Placemark>
<name>993</name>
<styleUrl>#style_ff0000ff_9527121</styleUrl>
<description><![CDATA[<table border='1' cellpadding='4' cellspacing='0'><tr><td><b>OBJECTID</b></td><td>993</td></tr></table>]]></description>
<Point>
<coordinates>-119.67049510299995,39.21404826600008,0</coordinates>
</Point>
</Placemark>
<Placemark>
<name>1393</name>
<styleUrl>#style_ff0000ff_9527121</styleUrl>
<description><![CDATA[<table border='1' cellpadding='4' cellspacing='0'><tr><td><b>OBJECTID</b></td><td>1393</td></tr></table>]]></description>
<Point>
<coordinates>-119.77618235099999,39.082511440000076,0</coordinates>
</Point>
</Placemark>
<Placemark>
<name>1394</name>
<styleUrl>#style_ff0000ff_9527121</styleUrl>
<description><![CDATA[<table border='1' cellpadding='4' cellspacing='0'><tr><td><b>OBJECTID</b></td><td>1394</td></tr></table>]]></description>
<Point>
<coordinates>-119.77643014899996,39.08126482100005,0</coordinates>
</Point>
</Placemark>
<Placemark>
<name>1398</name>
<styleUrl>#style_ff0000ff_9527121</styleUrl>
<description><![CDATA[<table border='1' cellpadding='4' cellspacing='0'><tr><td><b>OBJECTID</b></td><td>1398</td></tr></table>]]></description>
<Point>
<coordinates>-119.77926154799997,38.86153452100007,0</coordinates>
</Point>
</Placemark>
<Placemark>
<name>1403</name>
<styleUrl>#style_ff0000ff_9527121</styleUrl>
<description><![CDATA[<table border='1' cellpadding='4' cellspacing='0'><tr><td><b>OBJECTID</b></td><td>1403</td></tr></table>]]></description>
<Point>
<coordinates>-119.23304499499994,39.54474434000008,0</coordinates>
</Point>
</Placemark>
<Placemark>
<name>1798</name>
<styleUrl>#style_ff0000ff_9527121</styleUrl>
<description><![CDATA[<table border='1' cellpadding='4' cellspacing='0'><tr><td><b>OBJECTID</b></td><td>1798</td></tr></table>]]></description>
<Point>
<coordinates>-118.80864143599996,38.93403238700006,0</coordinates>
</Point>
</Placemark>
<Placemark>
<name>1800</name>
<styleUrl>#style_ff0000ff_9527121</styleUrl>
<description><![CDATA[<table border='1' cellpadding='4' cellspacing='0'><tr><td><b>OBJECTID</b></td><td>1800</td></tr></table>]]></description>
<Point>
<coordinates>-118.80908736599997,38.93571467600003,0</coordinates>
</Point>
</Placemark>
<Placemark>
<name>1804</name>
<styleUrl>#style_ff0000ff_9527121</styleUrl>
<description><![CDATA[<table border='1' cellpadding='4' cellspacing='0'><tr><td><b>OBJECTID</b></td><td>1804</td></tr></table>]]></description>
<Point>
<coordinates>-118.81484085999995,38.94147536600008,0</coordinates>
</Point>
</Placemark>
<Placemark>
<name>4195</name>
<styleUrl>#style_ff0000ff_9527121</styleUrl>
<description><![CDATA[<table border='1' cellpadding='4' cellspacing='0'><tr><td><b>OBJECTID</b></td><td>4195</td></tr></table>]]></description>
<Point>
<coordinates>-119.61790680899998,39.22179502900008,0</coordinates>
</Point>
</Placemark>
<Placemark>
<name>4593</name>
<styleUrl>#style_ff0000ff_9527121</styleUrl>
<description><![CDATA[<table border='1' cellpadding='4' cellspacing='0'><tr><td><b>OBJECTID</b></td><td>4593</td></tr></table>]]></description>
<Point>
<coordinates>-119.66338164599995,39.21563553500005,0</coordinates>
</Point>
</Placemark>
<Placemark>
<name>4993</name>
<styleUrl>#style_ff0000ff_9527121</styleUrl>
<description><![CDATA[<table border='1' cellpadding='4' cellspacing='0'><tr><td><b>OBJECTID</b></td><td>4993</td></tr></table>]]></description>
<Point>
<coordinates>-118.77139152399997,39.51990727400005,0</coordinates>
</Point>
</Placemark>
<Placemark>
<name>5398</name>
<styleUrl>#style_ff0000ff_9527121</styleUrl>
<description><![CDATA[<table border='1' cellpadding='4' cellspacing='0'><tr><td><b>OBJECTID</b></td><td>5398</td></tr></table>]]></description>
<Point>
<coordinates>-119.52180854099998,39.300183971000024,0</coordinates>
</Point>
</Placemark>
<Placemark>
<name>5400</name>
<styleUrl>#style_ff0000ff_9527121</styleUrl>
<description><![CDATA[<table border='1' cellpadding='4' cellspacing='0'><tr><td><b>OBJECTID</b></td><td>5400</td></tr></table>]]></description>
<Point>
<coordinates>-119.49049257599995,39.31804216000006,0</coordinates>
</Point>
</Placemark>
<Placemark>
<name>5793</name>
<styleUrl>#style_ff0000ff_9527121</styleUrl>
<description><![CDATA[<table border='1' cellpadding='4' cellspacing='0'><tr><td><b>OBJECTID</b></td><td>5793</td></tr></table>]]></description>
<Point>
<coordinates>-119.44920801599994,39.33456263700003,0</coordinates>
</Point>
</Placemark>
<Placemark>
<name>5795</name>
<styleUrl>#style_ff0000ff_9527121</styleUrl>
<description><![CDATA[<table border='1' cellpadding='4' cellspacing='0'><tr><td><b>OBJECTID</b></td><td>5795</td></tr></table>]]></description>
<Point>
<coordinates>-119.43523731399995,39.33842528400004,0</coordinates>
</Point>
</Placemark>
<Placemark>
<name>6194</name>
<styleUrl>#style_ff0000ff_9527121</styleUrl>
<description><![CDATA[<table border='1' cellpadding='4' cellspacing='0'><tr><td><b>OBJECTID</b></td><td>6194</td></tr></table>]]></description>
<Point>
<coordinates>-119.58942621899996,39.23582064000004,0</coordinates>
</Point>
</Placemark>
<Placemark>
<name>6196</name>
<styleUrl>#style_ff0000ff_9527121</styleUrl>
<description><![CDATA[<table border='1' cellpadding='4' cellspacing='0'><tr><td><b>OBJECTID</b></td><td>6196</td></tr></table>]]></description>
<Point>
<coordinates>-119.27413118999999,39.39858966300005,0</coordinates>
</Point>
</Placemark>
<Placemark>
<name>6198</name>
<styleUrl>#style_ff0000ff_9527121</styleUrl>
<description><![CDATA[<table border='1' cellpadding='4' cellspacing='0'><tr><td><b>OBJECTID</b></td><td>6198</td></tr></table>]]></description>
<Point>
<coordinates>-119.29787200799996,39.389877557000034,0</coordinates>
</Point>
</Placemark>
<Placemark>
<name>6205</name>
<styleUrl>#style_ff0000ff_9527121</styleUrl>
<description><![CDATA[<table border='1' cellpadding='4' cellspacing='0'><tr><td><b>OBJECTID</b></td><td>6205</td></tr></table>]]></description>
<Point>
<coordinates>-119.37966155599997,39.360157679000054,0</coordinates>
</Point>
</Placemark>
<Placemark>
<name>6207</name>
<styleUrl>#style_ff0000ff_9527121</styleUrl>
<description><![CDATA[<table border='1' cellpadding='4' cellspacing='0'><tr><td><b>OBJECTID</b></td><td>6207</td></tr></table>]]></description>
<Point>
<coordinates>-119.50774631399997,39.308181181000066,0</coordinates>
</Point>
</Placemark>
<Placemark>
<name>6208</name>
<styleUrl>#style_ff0000ff_9527121</styleUrl>
<description><![CDATA[<table border='1' cellpadding='4' cellspacing='0'><tr><td><b>OBJECTID</b></td><td>6208</td></tr></table>]]></description>
<Point>
<coordinates>-119.50962266099998,39.30706189600005,0</coordinates>
</Point>
</Placemark>
<Placemark>
<name>6211</name>
<styleUrl>#style_ff0000ff_9527121</styleUrl>
<description><![CDATA[<table border='1' cellpadding='4' cellspacing='0'><tr><td><b>OBJECTID</b></td><td>6211</td></tr></table>]]></description>
<Point>
<coordinates>-119.48913344299996,39.31800672000003,0</coordinates>
</Point>
</Placemark>
<Placemark>
<name>6212</name>
<styleUrl>#style_ff0000ff_9527121</styleUrl>
<description><![CDATA[<table border='1' cellpadding='4' cellspacing='0'><tr><td><b>OBJECTID</b></td><td>6212</td></tr></table>]]></description>
<Point>
<coordinates>-119.45328034999994,39.33181082500005,0</coordinates>
</Point>
</Placemark>
<Placemark>
<name>6596</name>
<styleUrl>#style_ff0000ff_9527121</styleUrl>
<description><![CDATA[<table border='1' cellpadding='4' cellspacing='0'><tr><td><b>OBJECTID</b></td><td>6596</td></tr></table>]]></description>
<Point>
<coordinates>-119.28369236699996,39.394459038000036,0</coordinates>
</Point>
</Placemark>
<Placemark>
<name>12</name>
<styleUrl>#style_ff0000ff_9527121</styleUrl>
<description><![CDATA[<table border='1' cellpadding='4' cellspacing='0'><tr><td><b>OBJECTID</b></td><td>12</td></tr></table>]]></description>
<Point>
<coordinates>-118.80871581999997,38.93267822300004,0</coordinates>
</Point>
</Placemark>
<Placemark>
<name>18</name>
<styleUrl>#style_ff0000ff_9527121</styleUrl>
<description><![CDATA[<table border='1' cellpadding='4' cellspacing='0'><tr><td><b>OBJECTID</b></td><td>18</td></tr></table>]]></description>
<Point>
<coordinates>-118.29779052699996,40.40032959000007,0</coordinates>
</Point>
</Placemark>
<Placemark>
<name>24</name>
<styleUrl>#style_ff0000ff_9527121</styleUrl>
<description><![CDATA[<table border='1' cellpadding='4' cellspacing='0'><tr><td><b>OBJECTID</b></td><td>24</td></tr></table>]]></description>
<Point>
<coordinates>-118.62701415999999,38.534118652000075,0</coordinates>
</Point>
</Placemark>
<Placemark>
<name>39</name>
<styleUrl>#style_ff0000ff_9527121</styleUrl>
<description><![CDATA[<table border='1' cellpadding='4' cellspacing='0'><tr><td><b>OBJECTID</b></td><td>39</td></tr></table>]]></description>
<Point>
<coordinates>-118.86297607399996,39.485290527000075,0</coordinates>
</Point>
</Placemark>
<Placemark>
<name>41</name>
<styleUrl>#style_ff0000ff_9527121</styleUrl>
<description><![CDATA[<table border='1' cellpadding='4' cellspacing='0'><tr><td><b>OBJECTID</b></td><td>41</td></tr></table>]]></description>
<Point>
<coordinates>-119.69632979499994,39.52561882900005,0</coordinates>
</Point>
</Placemark>
<Placemark>
<name>48</name>
<styleUrl>#style_ff0000ff_9527121</styleUrl>
<description><![CDATA[<table border='1' cellpadding='4' cellspacing='0'><tr><td><b>OBJECTID</b></td><td>48</td></tr></table>]]></description>
<Point>
<coordinates>-119.59197997999996,39.54492187500006,0</coordinates>
</Point>
</Placemark>
<Placemark>
<name>51</name>
<styleUrl>#style_ff0000ff_9527121</styleUrl>
<description><![CDATA[<table border='1' cellpadding='4' cellspacing='0'><tr><td><b>OBJECTID</b></td><td>51</td></tr></table>]]></description>
<Point>
<coordinates>-119.18029785199997,38.99389648400006,0</coordinates>
</Point>
</Placemark>
<Placemark>
<name>62</name>
<styleUrl>#style_ff0000ff_9527121</styleUrl>
<description><![CDATA[<table border='1' cellpadding='4' cellspacing='0'><tr><td><b>OBJECTID</b></td><td>62</td></tr></table>]]></description>
<Point>
<coordinates>-118.90710449199997,39.50189209000007,0</coordinates>
</Point>
</Placemark>
<Placemark>
<name>71</name>
<styleUrl>#style_ff0000ff_9527121</styleUrl>
<description><![CDATA[<table border='1' cellpadding='4' cellspacing='0'><tr><td><b>OBJECTID</b></td><td>71</td></tr></table>]]></description>
<Point>
<coordinates>-119.27899169899996,39.61889648400006,0</coordinates>
</Point>
</Placemark>
<Placemark>
<name>99</name>
<styleUrl>#style_ff0000ff_9527121</styleUrl>
<description><![CDATA[<table border='1' cellpadding='4' cellspacing='0'><tr><td><b>OBJECTID</b></td><td>99</td></tr></table>]]></description>
<Point>
<coordinates>-119.82940673799999,39.52911377000004,0</coordinates>
</Point>
</Placemark>
<Placemark>
<name>112</name>
<styleUrl>#style_ff0000ff_9527121</styleUrl>
<description><![CDATA[<table border='1' cellpadding='4' cellspacing='0'><tr><td><b>OBJECTID</b></td><td>112</td></tr></table>]]></description>
<Point>
<coordinates>-119.52258300799997,39.29949951200007,0</coordinates>
</Point>
</Placemark>
<Placemark>
<name>130</name>
<styleUrl>#style_ff0000ff_9527121</styleUrl>
<description><![CDATA[<table border='1' cellpadding='4' cellspacing='0'><tr><td><b>OBJECTID</b></td><td>130</td></tr></table>]]></description>
<Point>
<coordinates>-119.86792924099996,39.61570639000007,0</coordinates>
</Point>
</Placemark>
<Placemark>
<name>149</name>
<styleUrl>#style_ff0000ff_9527121</styleUrl>
<description><![CDATA[<table border='1' cellpadding='4' cellspacing='0'><tr><td><b>OBJECTID</b></td><td>149</td></tr></table>]]></description>
<Point>
<coordinates>-119.78558349599996,39.490295410000044,0</coordinates>
</Point>
</Placemark>
<Placemark>
<name>155</name>
<styleUrl>#style_ff0000ff_9527121</styleUrl>
<description><![CDATA[<table border='1' cellpadding='4' cellspacing='0'><tr><td><b>OBJECTID</b></td><td>155</td></tr></table>]]></description>
<Point>
<coordinates>-119.59298002699995,39.231918267000026,0</coordinates>
</Point>
</Placemark>
<Placemark>
<name>160</name>
<styleUrl>#style_ff0000ff_9527121</styleUrl>
<description><![CDATA[<table border='1' cellpadding='4' cellspacing='0'><tr><td><b>OBJECTID</b></td><td>160</td></tr></table>]]></description>
<Point>
<coordinates>-119.23217773399995,39.54132080100004,0</coordinates>
</Point>
</Placemark>
<Placemark>
<name>170</name>
<styleUrl>#style_ff0000ff_9527121</styleUrl>
<description><![CDATA[<table border='1' cellpadding='4' cellspacing='0'><tr><td><b>OBJECTID</b></td><td>170</td></tr></table>]]></description>
<Point>
<coordinates>-119.78887939499998,39.534301758000026,0</coordinates>
</Point>
</Placemark>
<Placemark>
<name>181</name>
<styleUrl>#style_ff0000ff_9527121</styleUrl>
<description><![CDATA[<table border='1' cellpadding='4' cellspacing='0'><tr><td><b>OBJECTID</b></td><td>181</td></tr></table>]]></description>
<Point>
<coordinates>-119.79107665999999,39.55828857400007,0</coordinates>
</Point>
</Placemark>
<Placemark>
<name>187</name>
<styleUrl>#style_ff0000ff_9527121</styleUrl>
<description><![CDATA[<table border='1' cellpadding='4' cellspacing='0'><tr><td><b>OBJECTID</b></td><td>187</td></tr></table>]]></description>
<Point>
<coordinates>-119.70770263699995,39.18750000000006,0</coordinates>
</Point>
</Placemark>
<Placemark>
<name>194</name>
<styleUrl>#style_ff0000ff_9527121</styleUrl>
<description><![CDATA[<table border='1' cellpadding='4' cellspacing='0'><tr><td><b>OBJECTID</b></td><td>194</td></tr></table>]]></description>
<Point>
<coordinates>-118.28509521499996,40.45629882800006,0</coordinates>
</Point>
</Placemark>
<Placemark>
<name>201</name>
<styleUrl>#style_ff0000ff_9527121</styleUrl>
<description><![CDATA[<table border='1' cellpadding='4' cellspacing='0'><tr><td><b>OBJECTID</b></td><td>201</td></tr></table>]]></description>
<Point>
<coordinates>-119.67309570299994,39.21252441400003,0</coordinates>
</Point>
</Placemark>
<Placemark>
<name>217</name>
<styleUrl>#style_ff0000ff_9527121</styleUrl>
<description><![CDATA[<table border='1' cellpadding='4' cellspacing='0'><tr><td><b>OBJECTID</b></td><td>217</td></tr></table>]]></description>
<Point>
<coordinates>-118.98889160199997,39.53570556600005,0</coordinates>
</Point>
</Placemark>
<Placemark>
<name>224</name>
<styleUrl>#style_ff0000ff_9527121</styleUrl>
<description><![CDATA[<table border='1' cellpadding='4' cellspacing='0'><tr><td><b>OBJECTID</b></td><td>224</td></tr></table>]]></description>
<Point>
<coordinates>-118.77332774599995,39.47501788200003,0</coordinates>
</Point>
</Placemark>
<Placemark>
<name>234</name>
<styleUrl>#style_ff0000ff_9527121</styleUrl>
<description><![CDATA[<table border='1' cellpadding='4' cellspacing='0'><tr><td><b>OBJECTID</b></td><td>234</td></tr></table>]]></description>
<Point>
<coordinates>-119.83117675799997,39.528076172000056,0</coordinates>
</Point>
</Placemark>
<Placemark>
<name>243</name>
<styleUrl>#style_ff0000ff_9527121</styleUrl>
<description><![CDATA[<table border='1' cellpadding='4' cellspacing='0'><tr><td><b>OBJECTID</b></td><td>243</td></tr></table>]]></description>
<Point>
<coordinates>-118.80297851599994,38.91192627000004,0</coordinates>
</Point>
</Placemark>
<Placemark>
<name>263</name>
<styleUrl>#style_ff0000ff_9527121</styleUrl>
<description><![CDATA[<table border='1' cellpadding='4' cellspacing='0'><tr><td><b>OBJECTID</b></td><td>263</td></tr></table>]]></description>
<Point>
<coordinates>-119.14831542999997,39.59228515600006,0</coordinates>
</Point>
</Placemark>
<Placemark>
<name>294</name>
<styleUrl>#style_ff0000ff_9527121</styleUrl>
<description><![CDATA[<table border='1' cellpadding='4' cellspacing='0'><tr><td><b>OBJECTID</b></td><td>294</td></tr></table>]]></description>
<Point>
<coordinates>-119.17968749999994,38.994323730000076,0</coordinates>
</Point>
</Placemark>
<Placemark>
<name>295</name>
<styleUrl>#style_ff0000ff_9527121</styleUrl>
<description><![CDATA[<table border='1' cellpadding='4' cellspacing='0'><tr><td><b>OBJECTID</b></td><td>295</td></tr></table>]]></description>
<Point>
<coordinates>-119.65289306599999,39.21911621100003,0</coordinates>
</Point>
</Placemark>
<Placemark>
<name>298</name>
<styleUrl>#style_ff0000ff_9527121</styleUrl>
<description><![CDATA[<table border='1' cellpadding='4' cellspacing='0'><tr><td><b>OBJECTID</b></td><td>298</td></tr></table>]]></description>
<Point>
<coordinates>-118.50860595699999,40.13812255900007,0</coordinates>
</Point>
</Placemark>
<Placemark>
<name>311</name>
<styleUrl>#style_ff0000ff_9527121</styleUrl>
<description><![CDATA[<table border='1' cellpadding='4' cellspacing='0'><tr><td><b>OBJECTID</b></td><td>311</td></tr></table>]]></description>
<Point>
<coordinates>-119.78289794899996,39.499328613000046,0</coordinates>
</Point>
</Placemark>
<Placemark>
<name>318</name>
<styleUrl>#style_ff0000ff_9527121</styleUrl>
<description><![CDATA[<table border='1' cellpadding='4' cellspacing='0'><tr><td><b>OBJECTID</b></td><td>318</td></tr></table>]]></description>
<Point>
<coordinates>-119.73699951199995,39.53192138700007,0</coordinates>
</Point>
</Placemark>
<Placemark>
<name>323</name>
<styleUrl>#style_ff0000ff_9527121</styleUrl>
<description><![CDATA[<table border='1' cellpadding='4' cellspacing='0'><tr><td><b>OBJECTID</b></td><td>323</td></tr></table>]]></description>
<Point>
<coordinates>-119.83770751999998,39.52691650400004,0</coordinates>
</Point>
</Placemark>
<Placemark>
<name>332</name>
<styleUrl>#style_ff0000ff_9527121</styleUrl>
<description><![CDATA[<table border='1' cellpadding='4' cellspacing='0'><tr><td><b>OBJECTID</b></td><td>332</td></tr></table>]]></description>
<Point>
<coordinates>-119.87310790999999,39.51812744100005,0</coordinates>
</Point>
</Placemark>
<Placemark>
<name>406</name>
<styleUrl>#style_ff0000ff_9527121</styleUrl>
<description><![CDATA[<table border='1' cellpadding='4' cellspacing='0'><tr><td><b>OBJECTID</b></td><td>406</td></tr></table>]]></description>
<Point>
<coordinates>-119.78220023799997,39.11517343300005,0</coordinates>
</Point>
</Placemark>
<Placemark>
<name>411</name>
<styleUrl>#style_ff0000ff_9527121</styleUrl>
<description><![CDATA[<table border='1' cellpadding='4' cellspacing='0'><tr><td><b>OBJECTID</b></td><td>411</td></tr></table>]]></description>
<Point>
<coordinates>-119.84751202099994,39.608136011000056,0</coordinates>
</Point>
</Placemark>
<Placemark>
<name>423</name>
<styleUrl>#style_ff0000ff_9527121</styleUrl>
<description><![CDATA[<table border='1' cellpadding='4' cellspacing='0'><tr><td><b>OBJECTID</b></td><td>423</td></tr></table>]]></description>
<Point>
<coordinates>-119.56666085399996,39.552782455000056,0</coordinates>
</Point>
</Placemark>
<Placemark>
<name>424</name>
<styleUrl>#style_ff0000ff_9527121</styleUrl>
<description><![CDATA[<table border='1' cellpadding='4' cellspacing='0'><tr><td><b>OBJECTID</b></td><td>424</td></tr></table>]]></description>
<Point>
<coordinates>-119.55937930799996,39.556324991000054,0</coordinates>
</Point>
</Placemark>
<Placemark>
<name>429</name>
<styleUrl>#style_ff0000ff_9527121</styleUrl>
<description><![CDATA[<table border='1' cellpadding='4' cellspacing='0'><tr><td><b>OBJECTID</b></td><td>429</td></tr></table>]]></description>
<Point>
<coordinates>-118.83288473599998,39.48410323100006,0</coordinates>
</Point>
</Placemark>
<Placemark>
<name>432</name>
<styleUrl>#style_ff0000ff_9527121</styleUrl>
<description><![CDATA[<table border='1' cellpadding='4' cellspacing='0'><tr><td><b>OBJECTID</b></td><td>432</td></tr></table>]]></description>
<Point>
<coordinates>-118.61142796799999,38.52473514900004,0</coordinates>
</Point>
</Placemark>
<Placemark>
<name>434</name>
<styleUrl>#style_ff0000ff_9527121</styleUrl>
<description><![CDATA[<table border='1' cellpadding='4' cellspacing='0'><tr><td><b>OBJECTID</b></td><td>434</td></tr></table>]]></description>
<Point>
<coordinates>-118.62741526599996,38.53427047400004,0</coordinates>
</Point>
</Placemark>
<Placemark>
<name>442</name>
<styleUrl>#style_ff0000ff_9527121</styleUrl>
<description><![CDATA[<table border='1' cellpadding='4' cellspacing='0'><tr><td><b>OBJECTID</b></td><td>442</td></tr></table>]]></description>
<Point>
<coordinates>-118.28492538399996,40.45822056500003,0</coordinates>
</Point>
</Placemark>
<Placemark>
<name>472</name>
<styleUrl>#style_ff0000ff_9527121</styleUrl>
<description><![CDATA[<table border='1' cellpadding='4' cellspacing='0'><tr><td><b>OBJECTID</b></td><td>472</td></tr></table>]]></description>
<Point>
<coordinates>-119.70588550999997,38.90393840200005,0</coordinates>
</Point>
</Placemark>
<Placemark>
<name>476</name>
<styleUrl>#style_ff0000ff_9527121</styleUrl>
<description><![CDATA[<table border='1' cellpadding='4' cellspacing='0'><tr><td><b>OBJECTID</b></td><td>476</td></tr></table>]]></description>
<Point>
<coordinates>-119.77883498599999,38.85229305900003,0</coordinates>
</Point>
</Placemark>
<Placemark>
<name>490</name>
<styleUrl>#style_ff0000ff_9527121</styleUrl>
<description><![CDATA[<table border='1' cellpadding='4' cellspacing='0'><tr><td><b>OBJECTID</b></td><td>490</td></tr></table>]]></description>
<Point>
<coordinates>-119.73190659299996,39.60807543900006,0</coordinates>
</Point>
</Placemark>
<Placemark>
<name>512</name>
<styleUrl>#style_ff0000ff_9527121</styleUrl>
<description><![CDATA[<table border='1' cellpadding='4' cellspacing='0'><tr><td><b>OBJECTID</b></td><td>512</td></tr></table>]]></description>
<Point>
<coordinates>-119.70628604199999,39.65088988100007,0</coordinates>
</Point>
</Placemark>
<Placemark>
<name>518</name>
<styleUrl>#style_ff0000ff_9527121</styleUrl>
<description><![CDATA[<table border='1' cellpadding='4' cellspacing='0'><tr><td><b>OBJECTID</b></td><td>518</td></tr></table>]]></description>
<Point>
<coordinates>-119.79857549099995,39.496632290000036,0</coordinates>
</Point>
</Placemark>
<Placemark>
<name>521</name>
<styleUrl>#style_ff0000ff_9527121</styleUrl>
<description><![CDATA[<table border='1' cellpadding='4' cellspacing='0'><tr><td><b>OBJECTID</b></td><td>521</td></tr></table>]]></description>
<Point>
<coordinates>-119.80373874299994,39.50726175700004,0</coordinates>
</Point>
</Placemark>
<Placemark>
<name>524</name>
<styleUrl>#style_ff0000ff_9527121</styleUrl>
<description><![CDATA[<table border='1' cellpadding='4' cellspacing='0'><tr><td><b>OBJECTID</b></td><td>524</td></tr></table>]]></description>
<Point>
<coordinates>-119.80597848599996,39.51207816900006,0</coordinates>
</Point>
</Placemark>
<Placemark>
<name>525</name>
<styleUrl>#style_ff0000ff_9527121</styleUrl>
<description><![CDATA[<table border='1' cellpadding='4' cellspacing='0'><tr><td><b>OBJECTID</b></td><td>525</td></tr></table>]]></description>
<Point>
<coordinates>-119.80752612099997,39.515124109000055,0</coordinates>
</Point>
</Placemark>
<Placemark>
<name>528</name>
<styleUrl>#style_ff0000ff_9527121</styleUrl>
<description><![CDATA[<table border='1' cellpadding='4' cellspacing='0'><tr><td><b>OBJECTID</b></td><td>528</td></tr></table>]]></description>
<Point>
<coordinates>-119.80839515599996,39.516752557000075,0</coordinates>
</Point>
</Placemark>
<Placemark>
<name>534</name>
<styleUrl>#style_ff0000ff_9527121</styleUrl>
<description><![CDATA[<table border='1' cellpadding='4' cellspacing='0'><tr><td><b>OBJECTID</b></td><td>534</td></tr></table>]]></description>
<Point>
<coordinates>-119.82405856199995,39.56683422800006,0</coordinates>
</Point>
</Placemark>
<Placemark>
<name>537</name>
<styleUrl>#style_ff0000ff_9527121</styleUrl>
<description><![CDATA[<table border='1' cellpadding='4' cellspacing='0'><tr><td><b>OBJECTID</b></td><td>537</td></tr></table>]]></description>
<Point>
<coordinates>-119.82626965099996,39.57076867600006,0</coordinates>
</Point>
</Placemark>
<Placemark>
<name>543</name>
<styleUrl>#style_ff0000ff_9527121</styleUrl>
<description><![CDATA[<table border='1' cellpadding='4' cellspacing='0'><tr><td><b>OBJECTID</b></td><td>543</td></tr></table>]]></description>
<Point>
<coordinates>-119.80867365299997,39.51742083000005,0</coordinates>
</Point>
</Placemark>
<Placemark>
<name>556</name>
<styleUrl>#style_ff0000ff_9527121</styleUrl>
<description><![CDATA[<table border='1' cellpadding='4' cellspacing='0'><tr><td><b>OBJECTID</b></td><td>556</td></tr></table>]]></description>
<Point>
<coordinates>-119.78899672499995,39.51246208200007,0</coordinates>
</Point>
</Placemark>
<Placemark>
<name>571</name>
<styleUrl>#style_ff0000ff_9527121</styleUrl>
<description><![CDATA[<table border='1' cellpadding='4' cellspacing='0'><tr><td><b>OBJECTID</b></td><td>571</td></tr></table>]]></description>
<Point>
<coordinates>-119.80709561699996,39.53149515000007,0</coordinates>
</Point>
</Placemark>
<Placemark>
<name>577</name>
<styleUrl>#style_ff0000ff_9527121</styleUrl>
<description><![CDATA[<table border='1' cellpadding='4' cellspacing='0'><tr><td><b>OBJECTID</b></td><td>577</td></tr></table>]]></description>
<Point>
<coordinates>-118.375115,40.25889300000006,0</coordinates>
</Point>
</Placemark>
<Placemark>
<name>589</name>
<styleUrl>#style_ff0000ff_9527121</styleUrl>
<description><![CDATA[<table border='1' cellpadding='4' cellspacing='0'><tr><td><b>OBJECTID</b></td><td>589</td></tr></table>]]></description>
<Point>
<coordinates>-118.29699544299996,40.403745497000045,0</coordinates>
</Point>
</Placemark>
<Placemark>
<name>591</name>
<styleUrl>#style_ff0000ff_9527121</styleUrl>
<description><![CDATA[<table border='1' cellpadding='4' cellspacing='0'><tr><td><b>OBJECTID</b></td><td>591</td></tr></table>]]></description>
<Point>
<coordinates>-118.76210818499999,39.47499397000007,0</coordinates>
</Point>
</Placemark>
<Placemark>
<name>5399</name>
<styleUrl>#style_ff0000ff_9527121</styleUrl>
<description><![CDATA[<table border='1' cellpadding='4' cellspacing='0'><tr><td><b>OBJECTID</b></td><td>5399</td></tr></table>]]></description>
<Point>
<coordinates>-119.51967392099999,39.300256096000055,0</coordinates>
</Point>
</Placemark>
<Placemark>
<name>6203</name>
<styleUrl>#style_ff0000ff_9527121</styleUrl>
<description><![CDATA[<table border='1' cellpadding='4' cellspacing='0'><tr><td><b>OBJECTID</b></td><td>6203</td></tr></table>]]></description>
<Point>
<coordinates>-119.37329191299995,39.36257572900007,0</coordinates>
</Point>
</Placemark>
<Placemark>
<name>6594</name>
<styleUrl>#style_ff0000ff_9527121</styleUrl>
<description><![CDATA[<table border='1' cellpadding='4' cellspacing='0'><tr><td><b>OBJECTID</b></td><td>6594</td></tr></table>]]></description>
<Point>
<coordinates>-119.36425490899995,39.36583623200005,0</coordinates>
</Point>
</Placemark>
<Placemark>
<name>329</name>
<styleUrl>#style_ff0000ff_9527121</styleUrl>
<description><![CDATA[<table border='1' cellpadding='4' cellspacing='0'><tr><td><b>OBJECTID</b></td><td>329</td></tr></table>]]></description>
<Point>
<coordinates>-119.909179688,39.51330566400003,0</coordinates>
</Point>
</Placemark>
</Document>
</kml>